serie,region,anio,valor
mpd2020-pib-per-capita-mapa-pre1820,ARG,1800,1484
mpd2020-pib-per-capita-mapa-pre1820,BEL,1,956
mpd2020-pib-per-capita-mapa-pre1820,BEL,1500,2338
mpd2020-pib-per-capita-mapa-pre1820,BEL,1550,2410
mpd2020-pib-per-capita-mapa-pre1820,BEL,1600,2533
mpd2020-pib-per-capita-mapa-pre1820,BEL,1650,2303
mpd2020-pib-per-capita-mapa-pre1820,BEL,1700,2192
mpd2020-pib-per-capita-mapa-pre1820,BEL,1750,2169
mpd2020-pib-per-capita-mapa-pre1820,BEL,1812,2358
mpd2020-pib-per-capita-mapa-pre1820,BRA,1800,867
mpd2020-pib-per-capita-mapa-pre1820,CHE,1,956
mpd2020-pib-per-capita-mapa-pre1820,CHL,1800,853
mpd2020-pib-per-capita-mapa-pre1820,CHL,1810,853
mpd2020-pib-per-capita-mapa-pre1820,CHL,1811,815
mpd2020-pib-per-capita-mapa-pre1820,CHL,1812,802
mpd2020-pib-per-capita-mapa-pre1820,CHL,1813,808
mpd2020-pib-per-capita-mapa-pre1820,CHL,1814,813
mpd2020-pib-per-capita-mapa-pre1820,CHL,1815,816
mpd2020-pib-per-capita-mapa-pre1820,CHL,1816,789
mpd2020-pib-per-capita-mapa-pre1820,CHL,1817,781
mpd2020-pib-per-capita-mapa-pre1820,CHL,1818,822
mpd2020-pib-per-capita-mapa-pre1820,CHL,1819,787
mpd2020-pib-per-capita-mapa-pre1820,CHN,1000,1225.107
mpd2020-pib-per-capita-mapa-pre1820,CHN,1090,1221.711
mpd2020-pib-per-capita-mapa-pre1820,CHN,1120,1180.959
mpd2020-pib-per-capita-mapa-pre1820,CHN,1400,1404.246
mpd2020-pib-per-capita-mapa-pre1820,CHN,1410,1414
mpd2020-pib-per-capita-mapa-pre1820,CHN,1420,1412
mpd2020-pib-per-capita-mapa-pre1820,CHN,1430,1498
mpd2020-pib-per-capita-mapa-pre1820,CHN,1440,1458
mpd2020-pib-per-capita-mapa-pre1820,CHN,1450,1375.38
mpd2020-pib-per-capita-mapa-pre1820,CHN,1460,1324
mpd2020-pib-per-capita-mapa-pre1820,CHN,1470,1341
mpd2020-pib-per-capita-mapa-pre1820,CHN,1480,1242
mpd2020-pib-per-capita-mapa-pre1820,CHN,1490,1189
mpd2020-pib-per-capita-mapa-pre1820,CHN,1500,1207.278
mpd2020-pib-per-capita-mapa-pre1820,CHN,1510,1274
mpd2020-pib-per-capita-mapa-pre1820,CHN,1520,1166
mpd2020-pib-per-capita-mapa-pre1820,CHN,1530,1187
mpd2020-pib-per-capita-mapa-pre1820,CHN,1540,1193
mpd2020-pib-per-capita-mapa-pre1820,CHN,1550,1195
mpd2020-pib-per-capita-mapa-pre1820,CHN,1560,1200
mpd2020-pib-per-capita-mapa-pre1820,CHN,1570,1237.842
mpd2020-pib-per-capita-mapa-pre1820,CHN,1580,1217
mpd2020-pib-per-capita-mapa-pre1820,CHN,1590,1217
mpd2020-pib-per-capita-mapa-pre1820,CHN,1600,1217.466
mpd2020-pib-per-capita-mapa-pre1820,CHN,1610,1282
mpd2020-pib-per-capita-mapa-pre1820,CHN,1620,1262
mpd2020-pib-per-capita-mapa-pre1820,CHN,1661,1330
mpd2020-pib-per-capita-mapa-pre1820,CHN,1685,1280
mpd2020-pib-per-capita-mapa-pre1820,CHN,1690,1413
mpd2020-pib-per-capita-mapa-pre1820,CHN,1700,1542.633
mpd2020-pib-per-capita-mapa-pre1820,CHN,1710,1406
mpd2020-pib-per-capita-mapa-pre1820,CHN,1720,1312
mpd2020-pib-per-capita-mapa-pre1820,CHN,1724,1170
mpd2020-pib-per-capita-mapa-pre1820,CHN,1730,1234
mpd2020-pib-per-capita-mapa-pre1820,CHN,1740,1158
mpd2020-pib-per-capita-mapa-pre1820,CHN,1750,1061.25
mpd2020-pib-per-capita-mapa-pre1820,CHN,1760,1022
mpd2020-pib-per-capita-mapa-pre1820,CHN,1766,991
mpd2020-pib-per-capita-mapa-pre1820,CHN,1770,998
mpd2020-pib-per-capita-mapa-pre1820,CHN,1780,981
mpd2020-pib-per-capita-mapa-pre1820,CHN,1790,955
mpd2020-pib-per-capita-mapa-pre1820,CHN,1800,926.259
mpd2020-pib-per-capita-mapa-pre1820,CHN,1810,901
mpd2020-pib-per-capita-mapa-pre1820,COL,1800,942
mpd2020-pib-per-capita-mapa-pre1820,CUB,1690,295
mpd2020-pib-per-capita-mapa-pre1820,CUB,1750,481
mpd2020-pib-per-capita-mapa-pre1820,CUB,1775,526
mpd2020-pib-per-capita-mapa-pre1820,CUB,1792,579
mpd2020-pib-per-capita-mapa-pre1820,DEU,1500,1827
mpd2020-pib-per-capita-mapa-pre1820,DEU,1600,1286
mpd2020-pib-per-capita-mapa-pre1820,DEU,1650,1511
mpd2020-pib-per-capita-mapa-pre1820,DEU,1700,1497
mpd2020-pib-per-capita-mapa-pre1820,DEU,1750,1674
mpd2020-pib-per-capita-mapa-pre1820,DEU,1800,1572
mpd2020-pib-per-capita-mapa-pre1820,EGY,1,1116
mpd2020-pib-per-capita-mapa-pre1820,EGY,730,1164
mpd2020-pib-per-capita-mapa-pre1820,EGY,1000,956
mpd2020-pib-per-capita-mapa-pre1820,EGY,1120,1052
mpd2020-pib-per-capita-mapa-pre1820,EGY,1280,1068
mpd2020-pib-per-capita-mapa-pre1820,EGY,1300,972
mpd2020-pib-per-capita-mapa-pre1820,EGY,1400,1164
mpd2020-pib-per-capita-mapa-pre1820,EGY,1500,1084
mpd2020-pib-per-capita-mapa-pre1820,ESP,1,886
mpd2020-pib-per-capita-mapa-pre1820,ESP,1285,1501.08
mpd2020-pib-per-capita-mapa-pre1820,ESP,1295,1518.95
mpd2020-pib-per-capita-mapa-pre1820,ESP,1305,1501.08
mpd2020-pib-per-capita-mapa-pre1820,ESP,1315,1483.21
mpd2020-pib-per-capita-mapa-pre1820,ESP,1325,1429.6
mpd2020-pib-per-capita-mapa-pre1820,ESP,1335,1572.56
mpd2020-pib-per-capita-mapa-pre1820,ESP,1345,1608.3
mpd2020-pib-per-capita-mapa-pre1820,ESP,1355,1465.34
mpd2020-pib-per-capita-mapa-pre1820,ESP,1365,1411.73
mpd2020-pib-per-capita-mapa-pre1820,ESP,1375,1286.64
mpd2020-pib-per-capita-mapa-pre1820,ESP,1385,1304.51
mpd2020-pib-per-capita-mapa-pre1820,ESP,1395,1358.12
mpd2020-pib-per-capita-mapa-pre1820,ESP,1404,1375.99
mpd2020-pib-per-capita-mapa-pre1820,ESP,1415,1375.99
mpd2020-pib-per-capita-mapa-pre1820,ESP,1425,1375.99
mpd2020-pib-per-capita-mapa-pre1820,ESP,1435,1411.73
mpd2020-pib-per-capita-mapa-pre1820,ESP,1445,1358.12
mpd2020-pib-per-capita-mapa-pre1820,ESP,1455,1393.86
mpd2020-pib-per-capita-mapa-pre1820,ESP,1465,1340.25
mpd2020-pib-per-capita-mapa-pre1820,ESP,1475,1304.51
mpd2020-pib-per-capita-mapa-pre1820,ESP,1485,1375.99
mpd2020-pib-per-capita-mapa-pre1820,ESP,1495,1411.73
mpd2020-pib-per-capita-mapa-pre1820,ESP,1505,1393.86
mpd2020-pib-per-capita-mapa-pre1820,ESP,1515,1447.47
mpd2020-pib-per-capita-mapa-pre1820,ESP,1525,1393.86
mpd2020-pib-per-capita-mapa-pre1820,ESP,1535,1465.34
mpd2020-pib-per-capita-mapa-pre1820,ESP,1545,1429.6
mpd2020-pib-per-capita-mapa-pre1820,ESP,1555,1518.95
mpd2020-pib-per-capita-mapa-pre1820,ESP,1565,1483.21
mpd2020-pib-per-capita-mapa-pre1820,ESP,1575,1554.69
mpd2020-pib-per-capita-mapa-pre1820,ESP,1585,1536.82
mpd2020-pib-per-capita-mapa-pre1820,ESP,1595,1554.69
mpd2020-pib-per-capita-mapa-pre1820,ESP,1605,1465.34
mpd2020-pib-per-capita-mapa-pre1820,ESP,1615,1447.47
mpd2020-pib-per-capita-mapa-pre1820,ESP,1625,1393.86
mpd2020-pib-per-capita-mapa-pre1820,ESP,1635,1375.99
mpd2020-pib-per-capita-mapa-pre1820,ESP,1645,1286.64
mpd2020-pib-per-capita-mapa-pre1820,ESP,1655,1411.73
mpd2020-pib-per-capita-mapa-pre1820,ESP,1665,1250.9
mpd2020-pib-per-capita-mapa-pre1820,ESP,1675,1286.64
mpd2020-pib-per-capita-mapa-pre1820,ESP,1685,1340.25
mpd2020-pib-per-capita-mapa-pre1820,ESP,1695,1375.99
mpd2020-pib-per-capita-mapa-pre1820,ESP,1705,1375.99
mpd2020-pib-per-capita-mapa-pre1820,ESP,1715,1358.12
mpd2020-pib-per-capita-mapa-pre1820,ESP,1725,1429.6
mpd2020-pib-per-capita-mapa-pre1820,ESP,1735,1358.12
mpd2020-pib-per-capita-mapa-pre1820,ESP,1745,1375.99
mpd2020-pib-per-capita-mapa-pre1820,ESP,1755,1429.6
mpd2020-pib-per-capita-mapa-pre1820,ESP,1765,1411.73
mpd2020-pib-per-capita-mapa-pre1820,ESP,1775,1447.47
mpd2020-pib-per-capita-mapa-pre1820,ESP,1785,1447.47
mpd2020-pib-per-capita-mapa-pre1820,ESP,1795,1518.95
mpd2020-pib-per-capita-mapa-pre1820,ESP,1805,1501.08
mpd2020-pib-per-capita-mapa-pre1820,ESP,1815,1536.82
mpd2020-pib-per-capita-mapa-pre1820,FIN,1600,1191
mpd2020-pib-per-capita-mapa-pre1820,FIN,1650,1246
mpd2020-pib-per-capita-mapa-pre1820,FIN,1700,1331
mpd2020-pib-per-capita-mapa-pre1820,FIN,1750,1486
mpd2020-pib-per-capita-mapa-pre1820,FIN,1800,1213
mpd2020-pib-per-capita-mapa-pre1820,FRA,1,956
mpd2020-pib-per-capita-mapa-pre1820,FRA,1280,1321
mpd2020-pib-per-capita-mapa-pre1820,FRA,1281,1288
mpd2020-pib-per-capita-mapa-pre1820,FRA,1282,1253
mpd2020-pib-per-capita-mapa-pre1820,FRA,1283,1237
mpd2020-pib-per-capita-mapa-pre1820,FRA,1284,1219
mpd2020-pib-per-capita-mapa-pre1820,FRA,1285,1253
mpd2020-pib-per-capita-mapa-pre1820,FRA,1286,1253
mpd2020-pib-per-capita-mapa-pre1820,FRA,1287,1270
mpd2020-pib-per-capita-mapa-pre1820,FRA,1288,1304
mpd2020-pib-per-capita-mapa-pre1820,FRA,1289,1321
mpd2020-pib-per-capita-mapa-pre1820,FRA,1290,1321
mpd2020-pib-per-capita-mapa-pre1820,FRA,1291,1321
mpd2020-pib-per-capita-mapa-pre1820,FRA,1292,1339
mpd2020-pib-per-capita-mapa-pre1820,FRA,1293,1355
mpd2020-pib-per-capita-mapa-pre1820,FRA,1294,1270
mpd2020-pib-per-capita-mapa-pre1820,FRA,1295,1219
mpd2020-pib-per-capita-mapa-pre1820,FRA,1296,1253
mpd2020-pib-per-capita-mapa-pre1820,FRA,1297,1288
mpd2020-pib-per-capita-mapa-pre1820,FRA,1298,1339
mpd2020-pib-per-capita-mapa-pre1820,FRA,1299,1388
mpd2020-pib-per-capita-mapa-pre1820,FRA,1300,1423
mpd2020-pib-per-capita-mapa-pre1820,FRA,1301,1457
mpd2020-pib-per-capita-mapa-pre1820,FRA,1302,1508
mpd2020-pib-per-capita-mapa-pre1820,FRA,1303,1541
mpd2020-pib-per-capita-mapa-pre1820,FRA,1304,1559
mpd2020-pib-per-capita-mapa-pre1820,FRA,1305,1610
mpd2020-pib-per-capita-mapa-pre1820,FRA,1306,1710
mpd2020-pib-per-capita-mapa-pre1820,FRA,1307,1745
mpd2020-pib-per-capita-mapa-pre1820,FRA,1308,1779
mpd2020-pib-per-capita-mapa-pre1820,FRA,1309,1795
mpd2020-pib-per-capita-mapa-pre1820,FRA,1310,1812
mpd2020-pib-per-capita-mapa-pre1820,FRA,1311,1795
mpd2020-pib-per-capita-mapa-pre1820,FRA,1312,1830
mpd2020-pib-per-capita-mapa-pre1820,FRA,1313,1761
mpd2020-pib-per-capita-mapa-pre1820,FRA,1314,1745
mpd2020-pib-per-capita-mapa-pre1820,FRA,1315,1694
mpd2020-pib-per-capita-mapa-pre1820,FRA,1316,1677
mpd2020-pib-per-capita-mapa-pre1820,FRA,1317,1694
mpd2020-pib-per-capita-mapa-pre1820,FRA,1318,1710
mpd2020-pib-per-capita-mapa-pre1820,FRA,1319,1710
mpd2020-pib-per-capita-mapa-pre1820,FRA,1320,1610
mpd2020-pib-per-capita-mapa-pre1820,FRA,1321,1610
mpd2020-pib-per-capita-mapa-pre1820,FRA,1322,1610
mpd2020-pib-per-capita-mapa-pre1820,FRA,1323,1643
mpd2020-pib-per-capita-mapa-pre1820,FRA,1324,1659
mpd2020-pib-per-capita-mapa-pre1820,FRA,1325,1728
mpd2020-pib-per-capita-mapa-pre1820,FRA,1326,1728
mpd2020-pib-per-capita-mapa-pre1820,FRA,1327,1694
mpd2020-pib-per-capita-mapa-pre1820,FRA,1328,1677
mpd2020-pib-per-capita-mapa-pre1820,FRA,1329,1643
mpd2020-pib-per-capita-mapa-pre1820,FRA,1330,1610
mpd2020-pib-per-capita-mapa-pre1820,FRA,1331,1575
mpd2020-pib-per-capita-mapa-pre1820,FRA,1332,1575
mpd2020-pib-per-capita-mapa-pre1820,FRA,1333,1592
mpd2020-pib-per-capita-mapa-pre1820,FRA,1334,1677
mpd2020-pib-per-capita-mapa-pre1820,FRA,1335,1694
mpd2020-pib-per-capita-mapa-pre1820,FRA,1336,1710
mpd2020-pib-per-capita-mapa-pre1820,FRA,1337,1745
mpd2020-pib-per-capita-mapa-pre1820,FRA,1338,1710
mpd2020-pib-per-capita-mapa-pre1820,FRA,1339,1694
mpd2020-pib-per-capita-mapa-pre1820,FRA,1340,1677
mpd2020-pib-per-capita-mapa-pre1820,FRA,1341,1677
mpd2020-pib-per-capita-mapa-pre1820,FRA,1342,1659
mpd2020-pib-per-capita-mapa-pre1820,FRA,1343,1677
mpd2020-pib-per-capita-mapa-pre1820,FRA,1344,1677
mpd2020-pib-per-capita-mapa-pre1820,FRA,1345,1677
mpd2020-pib-per-capita-mapa-pre1820,FRA,1346,1728
mpd2020-pib-per-capita-mapa-pre1820,FRA,1347,1795
mpd2020-pib-per-capita-mapa-pre1820,FRA,1348,1846
mpd2020-pib-per-capita-mapa-pre1820,FRA,1349,1846
mpd2020-pib-per-capita-mapa-pre1820,FRA,1350,1897
mpd2020-pib-per-capita-mapa-pre1820,FRA,1351,1897
mpd2020-pib-per-capita-mapa-pre1820,FRA,1352,1881
mpd2020-pib-per-capita-mapa-pre1820,FRA,1353,1881
mpd2020-pib-per-capita-mapa-pre1820,FRA,1354,1948
mpd2020-pib-per-capita-mapa-pre1820,FRA,1355,1948
mpd2020-pib-per-capita-mapa-pre1820,FRA,1356,1914
mpd2020-pib-per-capita-mapa-pre1820,FRA,1357,1897
mpd2020-pib-per-capita-mapa-pre1820,FRA,1358,1897
mpd2020-pib-per-capita-mapa-pre1820,FRA,1359,1863
mpd2020-pib-per-capita-mapa-pre1820,FRA,1360,1846
mpd2020-pib-per-capita-mapa-pre1820,FRA,1361,1846
mpd2020-pib-per-capita-mapa-pre1820,FRA,1362,1863
mpd2020-pib-per-capita-mapa-pre1820,FRA,1363,1863
mpd2020-pib-per-capita-mapa-pre1820,FRA,1364,1881
mpd2020-pib-per-capita-mapa-pre1820,FRA,1365,1881
mpd2020-pib-per-capita-mapa-pre1820,FRA,1366,1863
mpd2020-pib-per-capita-mapa-pre1820,FRA,1367,1863
mpd2020-pib-per-capita-mapa-pre1820,FRA,1368,1881
mpd2020-pib-per-capita-mapa-pre1820,FRA,1369,1897
mpd2020-pib-per-capita-mapa-pre1820,FRA,1370,1914
mpd2020-pib-per-capita-mapa-pre1820,FRA,1371,1897
mpd2020-pib-per-capita-mapa-pre1820,FRA,1372,1897
mpd2020-pib-per-capita-mapa-pre1820,FRA,1373,1881
mpd2020-pib-per-capita-mapa-pre1820,FRA,1374,1863
mpd2020-pib-per-capita-mapa-pre1820,FRA,1375,1863
mpd2020-pib-per-capita-mapa-pre1820,FRA,1376,1846
mpd2020-pib-per-capita-mapa-pre1820,FRA,1377,1830
mpd2020-pib-per-capita-mapa-pre1820,FRA,1378,1830
mpd2020-pib-per-capita-mapa-pre1820,FRA,1379,1830
mpd2020-pib-per-capita-mapa-pre1820,FRA,1380,1812
mpd2020-pib-per-capita-mapa-pre1820,FRA,1381,1795
mpd2020-pib-per-capita-mapa-pre1820,FRA,1382,1779
mpd2020-pib-per-capita-mapa-pre1820,FRA,1383,1761
mpd2020-pib-per-capita-mapa-pre1820,FRA,1384,1761
mpd2020-pib-per-capita-mapa-pre1820,FRA,1385,1761
mpd2020-pib-per-capita-mapa-pre1820,FRA,1386,1779
mpd2020-pib-per-capita-mapa-pre1820,FRA,1387,1795
mpd2020-pib-per-capita-mapa-pre1820,FRA,1388,1812
mpd2020-pib-per-capita-mapa-pre1820,FRA,1389,1846
mpd2020-pib-per-capita-mapa-pre1820,FRA,1390,1881
mpd2020-pib-per-capita-mapa-pre1820,FRA,1391,1881
mpd2020-pib-per-capita-mapa-pre1820,FRA,1392,1881
mpd2020-pib-per-capita-mapa-pre1820,FRA,1393,1863
mpd2020-pib-per-capita-mapa-pre1820,FRA,1394,1863
mpd2020-pib-per-capita-mapa-pre1820,FRA,1395,1846
mpd2020-pib-per-capita-mapa-pre1820,FRA,1396,1881
mpd2020-pib-per-capita-mapa-pre1820,FRA,1397,1863
mpd2020-pib-per-capita-mapa-pre1820,FRA,1398,1863
mpd2020-pib-per-capita-mapa-pre1820,FRA,1399,1846
mpd2020-pib-per-capita-mapa-pre1820,FRA,1400,1795
mpd2020-pib-per-capita-mapa-pre1820,FRA,1401,1779
mpd2020-pib-per-capita-mapa-pre1820,FRA,1402,1761
mpd2020-pib-per-capita-mapa-pre1820,FRA,1403,1745
mpd2020-pib-per-capita-mapa-pre1820,FRA,1404,1728
mpd2020-pib-per-capita-mapa-pre1820,FRA,1405,1745
mpd2020-pib-per-capita-mapa-pre1820,FRA,1406,1745
mpd2020-pib-per-capita-mapa-pre1820,FRA,1407,1761
mpd2020-pib-per-capita-mapa-pre1820,FRA,1408,1761
mpd2020-pib-per-capita-mapa-pre1820,FRA,1409,1761
mpd2020-pib-per-capita-mapa-pre1820,FRA,1410,1761
mpd2020-pib-per-capita-mapa-pre1820,FRA,1411,1761
mpd2020-pib-per-capita-mapa-pre1820,FRA,1412,1745
mpd2020-pib-per-capita-mapa-pre1820,FRA,1413,1745
mpd2020-pib-per-capita-mapa-pre1820,FRA,1414,1745
mpd2020-pib-per-capita-mapa-pre1820,FRA,1415,1745
mpd2020-pib-per-capita-mapa-pre1820,FRA,1416,1745
mpd2020-pib-per-capita-mapa-pre1820,FRA,1417,1728
mpd2020-pib-per-capita-mapa-pre1820,FRA,1418,1728
mpd2020-pib-per-capita-mapa-pre1820,FRA,1419,1728
mpd2020-pib-per-capita-mapa-pre1820,FRA,1420,1728
mpd2020-pib-per-capita-mapa-pre1820,FRA,1421,1728
mpd2020-pib-per-capita-mapa-pre1820,FRA,1422,1745
mpd2020-pib-per-capita-mapa-pre1820,FRA,1423,1745
mpd2020-pib-per-capita-mapa-pre1820,FRA,1424,1745
mpd2020-pib-per-capita-mapa-pre1820,FRA,1425,1745
mpd2020-pib-per-capita-mapa-pre1820,FRA,1426,1761
mpd2020-pib-per-capita-mapa-pre1820,FRA,1427,1745
mpd2020-pib-per-capita-mapa-pre1820,FRA,1428,1761
mpd2020-pib-per-capita-mapa-pre1820,FRA,1429,1761
mpd2020-pib-per-capita-mapa-pre1820,FRA,1430,1761
mpd2020-pib-per-capita-mapa-pre1820,FRA,1431,1779
mpd2020-pib-per-capita-mapa-pre1820,FRA,1432,1779
mpd2020-pib-per-capita-mapa-pre1820,FRA,1433,1779
mpd2020-pib-per-capita-mapa-pre1820,FRA,1434,1779
mpd2020-pib-per-capita-mapa-pre1820,FRA,1435,1779
mpd2020-pib-per-capita-mapa-pre1820,FRA,1436,1779
mpd2020-pib-per-capita-mapa-pre1820,FRA,1437,1795
mpd2020-pib-per-capita-mapa-pre1820,FRA,1438,1795
mpd2020-pib-per-capita-mapa-pre1820,FRA,1439,1795
mpd2020-pib-per-capita-mapa-pre1820,FRA,1440,1795
mpd2020-pib-per-capita-mapa-pre1820,FRA,1441,1795
mpd2020-pib-per-capita-mapa-pre1820,FRA,1442,1795
mpd2020-pib-per-capita-mapa-pre1820,FRA,1443,1812
mpd2020-pib-per-capita-mapa-pre1820,FRA,1444,1812
mpd2020-pib-per-capita-mapa-pre1820,FRA,1445,1812
mpd2020-pib-per-capita-mapa-pre1820,FRA,1446,1812
mpd2020-pib-per-capita-mapa-pre1820,FRA,1447,1830
mpd2020-pib-per-capita-mapa-pre1820,FRA,1448,1812
mpd2020-pib-per-capita-mapa-pre1820,FRA,1449,1812
mpd2020-pib-per-capita-mapa-pre1820,FRA,1450,1812
mpd2020-pib-per-capita-mapa-pre1820,FRA,1451,1812
mpd2020-pib-per-capita-mapa-pre1820,FRA,1452,1795
mpd2020-pib-per-capita-mapa-pre1820,FRA,1453,1812
mpd2020-pib-per-capita-mapa-pre1820,FRA,1454,1795
mpd2020-pib-per-capita-mapa-pre1820,FRA,1455,1795
mpd2020-pib-per-capita-mapa-pre1820,FRA,1456,1779
mpd2020-pib-per-capita-mapa-pre1820,FRA,1457,1779
mpd2020-pib-per-capita-mapa-pre1820,FRA,1458,1761
mpd2020-pib-per-capita-mapa-pre1820,FRA,1459,1761
mpd2020-pib-per-capita-mapa-pre1820,FRA,1460,1745
mpd2020-pib-per-capita-mapa-pre1820,FRA,1461,1728
mpd2020-pib-per-capita-mapa-pre1820,FRA,1462,1728
mpd2020-pib-per-capita-mapa-pre1820,FRA,1463,1710
mpd2020-pib-per-capita-mapa-pre1820,FRA,1464,1710
mpd2020-pib-per-capita-mapa-pre1820,FRA,1465,1710
mpd2020-pib-per-capita-mapa-pre1820,FRA,1466,1710
mpd2020-pib-per-capita-mapa-pre1820,FRA,1467,1710
mpd2020-pib-per-capita-mapa-pre1820,FRA,1468,1710
mpd2020-pib-per-capita-mapa-pre1820,FRA,1469,1728
mpd2020-pib-per-capita-mapa-pre1820,FRA,1470,1728
mpd2020-pib-per-capita-mapa-pre1820,FRA,1471,1745
mpd2020-pib-per-capita-mapa-pre1820,FRA,1472,1779
mpd2020-pib-per-capita-mapa-pre1820,FRA,1473,1779
mpd2020-pib-per-capita-mapa-pre1820,FRA,1474,1761
mpd2020-pib-per-capita-mapa-pre1820,FRA,1475,1745
mpd2020-pib-per-capita-mapa-pre1820,FRA,1476,1710
mpd2020-pib-per-capita-mapa-pre1820,FRA,1477,1677
mpd2020-pib-per-capita-mapa-pre1820,FRA,1478,1677
mpd2020-pib-per-capita-mapa-pre1820,FRA,1479,1659
mpd2020-pib-per-capita-mapa-pre1820,FRA,1480,1677
mpd2020-pib-per-capita-mapa-pre1820,FRA,1481,1677
mpd2020-pib-per-capita-mapa-pre1820,FRA,1482,1710
mpd2020-pib-per-capita-mapa-pre1820,FRA,1483,1710
mpd2020-pib-per-capita-mapa-pre1820,FRA,1484,1728
mpd2020-pib-per-capita-mapa-pre1820,FRA,1485,1728
mpd2020-pib-per-capita-mapa-pre1820,FRA,1486,1728
mpd2020-pib-per-capita-mapa-pre1820,FRA,1487,1745
mpd2020-pib-per-capita-mapa-pre1820,FRA,1488,1745
mpd2020-pib-per-capita-mapa-pre1820,FRA,1489,1745
mpd2020-pib-per-capita-mapa-pre1820,FRA,1490,1745
mpd2020-pib-per-capita-mapa-pre1820,FRA,1491,1745
mpd2020-pib-per-capita-mapa-pre1820,FRA,1492,1745
mpd2020-pib-per-capita-mapa-pre1820,FRA,1493,1745
mpd2020-pib-per-capita-mapa-pre1820,FRA,1494,1728
mpd2020-pib-per-capita-mapa-pre1820,FRA,1495,1728
mpd2020-pib-per-capita-mapa-pre1820,FRA,1496,1728
mpd2020-pib-per-capita-mapa-pre1820,FRA,1497,1728
mpd2020-pib-per-capita-mapa-pre1820,FRA,1498,1728
mpd2020-pib-per-capita-mapa-pre1820,FRA,1499,1710
mpd2020-pib-per-capita-mapa-pre1820,FRA,1500,1694
mpd2020-pib-per-capita-mapa-pre1820,FRA,1501,1710
mpd2020-pib-per-capita-mapa-pre1820,FRA,1502,1694
mpd2020-pib-per-capita-mapa-pre1820,FRA,1503,1677
mpd2020-pib-per-capita-mapa-pre1820,FRA,1504,1677
mpd2020-pib-per-capita-mapa-pre1820,FRA,1505,1677
mpd2020-pib-per-capita-mapa-pre1820,FRA,1506,1659
mpd2020-pib-per-capita-mapa-pre1820,FRA,1507,1659
mpd2020-pib-per-capita-mapa-pre1820,FRA,1508,1677
mpd2020-pib-per-capita-mapa-pre1820,FRA,1509,1659
mpd2020-pib-per-capita-mapa-pre1820,FRA,1510,1659
mpd2020-pib-per-capita-mapa-pre1820,FRA,1511,1659
mpd2020-pib-per-capita-mapa-pre1820,FRA,1512,1659
mpd2020-pib-per-capita-mapa-pre1820,FRA,1513,1643
mpd2020-pib-per-capita-mapa-pre1820,FRA,1514,1643
mpd2020-pib-per-capita-mapa-pre1820,FRA,1515,1643
mpd2020-pib-per-capita-mapa-pre1820,FRA,1516,1643
mpd2020-pib-per-capita-mapa-pre1820,FRA,1517,1626
mpd2020-pib-per-capita-mapa-pre1820,FRA,1518,1643
mpd2020-pib-per-capita-mapa-pre1820,FRA,1519,1643
mpd2020-pib-per-capita-mapa-pre1820,FRA,1520,1643
mpd2020-pib-per-capita-mapa-pre1820,FRA,1521,1643
mpd2020-pib-per-capita-mapa-pre1820,FRA,1522,1643
mpd2020-pib-per-capita-mapa-pre1820,FRA,1523,1643
mpd2020-pib-per-capita-mapa-pre1820,FRA,1524,1643
mpd2020-pib-per-capita-mapa-pre1820,FRA,1525,1643
mpd2020-pib-per-capita-mapa-pre1820,FRA,1526,1643
mpd2020-pib-per-capita-mapa-pre1820,FRA,1527,1643
mpd2020-pib-per-capita-mapa-pre1820,FRA,1528,1643
mpd2020-pib-per-capita-mapa-pre1820,FRA,1529,1643
mpd2020-pib-per-capita-mapa-pre1820,FRA,1530,1643
mpd2020-pib-per-capita-mapa-pre1820,FRA,1531,1643
mpd2020-pib-per-capita-mapa-pre1820,FRA,1532,1643
mpd2020-pib-per-capita-mapa-pre1820,FRA,1533,1643
mpd2020-pib-per-capita-mapa-pre1820,FRA,1534,1643
mpd2020-pib-per-capita-mapa-pre1820,FRA,1535,1643
mpd2020-pib-per-capita-mapa-pre1820,FRA,1536,1643
mpd2020-pib-per-capita-mapa-pre1820,FRA,1537,1643
mpd2020-pib-per-capita-mapa-pre1820,FRA,1538,1610
mpd2020-pib-per-capita-mapa-pre1820,FRA,1539,1592
mpd2020-pib-per-capita-mapa-pre1820,FRA,1540,1592
mpd2020-pib-per-capita-mapa-pre1820,FRA,1541,1575
mpd2020-pib-per-capita-mapa-pre1820,FRA,1542,1575
mpd2020-pib-per-capita-mapa-pre1820,FRA,1543,1575
mpd2020-pib-per-capita-mapa-pre1820,FRA,1544,1575
mpd2020-pib-per-capita-mapa-pre1820,FRA,1545,1559
mpd2020-pib-per-capita-mapa-pre1820,FRA,1546,1559
mpd2020-pib-per-capita-mapa-pre1820,FRA,1547,1559
mpd2020-pib-per-capita-mapa-pre1820,FRA,1548,1541
mpd2020-pib-per-capita-mapa-pre1820,FRA,1549,1508
mpd2020-pib-per-capita-mapa-pre1820,FRA,1550,1490
mpd2020-pib-per-capita-mapa-pre1820,FRA,1551,1474
mpd2020-pib-per-capita-mapa-pre1820,FRA,1552,1457
mpd2020-pib-per-capita-mapa-pre1820,FRA,1553,1457
mpd2020-pib-per-capita-mapa-pre1820,FRA,1554,1457
mpd2020-pib-per-capita-mapa-pre1820,FRA,1555,1439
mpd2020-pib-per-capita-mapa-pre1820,FRA,1556,1439
mpd2020-pib-per-capita-mapa-pre1820,FRA,1557,1439
mpd2020-pib-per-capita-mapa-pre1820,FRA,1558,1439
mpd2020-pib-per-capita-mapa-pre1820,FRA,1559,1439
mpd2020-pib-per-capita-mapa-pre1820,FRA,1560,1439
mpd2020-pib-per-capita-mapa-pre1820,FRA,1561,1457
mpd2020-pib-per-capita-mapa-pre1820,FRA,1562,1457
mpd2020-pib-per-capita-mapa-pre1820,FRA,1563,1474
mpd2020-pib-per-capita-mapa-pre1820,FRA,1564,1474
mpd2020-pib-per-capita-mapa-pre1820,FRA,1565,1474
mpd2020-pib-per-capita-mapa-pre1820,FRA,1566,1474
mpd2020-pib-per-capita-mapa-pre1820,FRA,1567,1457
mpd2020-pib-per-capita-mapa-pre1820,FRA,1568,1457
mpd2020-pib-per-capita-mapa-pre1820,FRA,1569,1474
mpd2020-pib-per-capita-mapa-pre1820,FRA,1570,1490
mpd2020-pib-per-capita-mapa-pre1820,FRA,1571,1508
mpd2020-pib-per-capita-mapa-pre1820,FRA,1572,1524
mpd2020-pib-per-capita-mapa-pre1820,FRA,1573,1508
mpd2020-pib-per-capita-mapa-pre1820,FRA,1574,1541
mpd2020-pib-per-capita-mapa-pre1820,FRA,1575,1541
mpd2020-pib-per-capita-mapa-pre1820,FRA,1576,1541
mpd2020-pib-per-capita-mapa-pre1820,FRA,1577,1541
mpd2020-pib-per-capita-mapa-pre1820,FRA,1578,1541
mpd2020-pib-per-capita-mapa-pre1820,FRA,1579,1524
mpd2020-pib-per-capita-mapa-pre1820,FRA,1580,1524
mpd2020-pib-per-capita-mapa-pre1820,FRA,1581,1524
mpd2020-pib-per-capita-mapa-pre1820,FRA,1582,1541
mpd2020-pib-per-capita-mapa-pre1820,FRA,1583,1524
mpd2020-pib-per-capita-mapa-pre1820,FRA,1584,1559
mpd2020-pib-per-capita-mapa-pre1820,FRA,1585,1559
mpd2020-pib-per-capita-mapa-pre1820,FRA,1586,1559
mpd2020-pib-per-capita-mapa-pre1820,FRA,1587,1559
mpd2020-pib-per-capita-mapa-pre1820,FRA,1588,1575
mpd2020-pib-per-capita-mapa-pre1820,FRA,1589,1559
mpd2020-pib-per-capita-mapa-pre1820,FRA,1590,1559
mpd2020-pib-per-capita-mapa-pre1820,FRA,1591,1575
mpd2020-pib-per-capita-mapa-pre1820,FRA,1592,1575
mpd2020-pib-per-capita-mapa-pre1820,FRA,1593,1592
mpd2020-pib-per-capita-mapa-pre1820,FRA,1594,1626
mpd2020-pib-per-capita-mapa-pre1820,FRA,1595,1643
mpd2020-pib-per-capita-mapa-pre1820,FRA,1596,1626
mpd2020-pib-per-capita-mapa-pre1820,FRA,1597,1626
mpd2020-pib-per-capita-mapa-pre1820,FRA,1598,1626
mpd2020-pib-per-capita-mapa-pre1820,FRA,1599,1610
mpd2020-pib-per-capita-mapa-pre1820,FRA,1600,1610
mpd2020-pib-per-capita-mapa-pre1820,FRA,1601,1626
mpd2020-pib-per-capita-mapa-pre1820,FRA,1602,1626
mpd2020-pib-per-capita-mapa-pre1820,FRA,1603,1626
mpd2020-pib-per-capita-mapa-pre1820,FRA,1604,1610
mpd2020-pib-per-capita-mapa-pre1820,FRA,1605,1610
mpd2020-pib-per-capita-mapa-pre1820,FRA,1606,1626
mpd2020-pib-per-capita-mapa-pre1820,FRA,1607,1626
mpd2020-pib-per-capita-mapa-pre1820,FRA,1608,1626
mpd2020-pib-per-capita-mapa-pre1820,FRA,1609,1626
mpd2020-pib-per-capita-mapa-pre1820,FRA,1610,1626
mpd2020-pib-per-capita-mapa-pre1820,FRA,1611,1643
mpd2020-pib-per-capita-mapa-pre1820,FRA,1612,1643
mpd2020-pib-per-capita-mapa-pre1820,FRA,1613,1643
mpd2020-pib-per-capita-mapa-pre1820,FRA,1614,1643
mpd2020-pib-per-capita-mapa-pre1820,FRA,1615,1643
mpd2020-pib-per-capita-mapa-pre1820,FRA,1616,1643
mpd2020-pib-per-capita-mapa-pre1820,FRA,1617,1643
mpd2020-pib-per-capita-mapa-pre1820,FRA,1618,1643
mpd2020-pib-per-capita-mapa-pre1820,FRA,1619,1643
mpd2020-pib-per-capita-mapa-pre1820,FRA,1620,1643
mpd2020-pib-per-capita-mapa-pre1820,FRA,1621,1643
mpd2020-pib-per-capita-mapa-pre1820,FRA,1622,1643
mpd2020-pib-per-capita-mapa-pre1820,FRA,1623,1643
mpd2020-pib-per-capita-mapa-pre1820,FRA,1624,1643
mpd2020-pib-per-capita-mapa-pre1820,FRA,1625,1643
mpd2020-pib-per-capita-mapa-pre1820,FRA,1626,1643
mpd2020-pib-per-capita-mapa-pre1820,FRA,1627,1643
mpd2020-pib-per-capita-mapa-pre1820,FRA,1628,1643
mpd2020-pib-per-capita-mapa-pre1820,FRA,1629,1643
mpd2020-pib-per-capita-mapa-pre1820,FRA,1630,1643
mpd2020-pib-per-capita-mapa-pre1820,FRA,1631,1643
mpd2020-pib-per-capita-mapa-pre1820,FRA,1632,1643
mpd2020-pib-per-capita-mapa-pre1820,FRA,1633,1659
mpd2020-pib-per-capita-mapa-pre1820,FRA,1634,1659
mpd2020-pib-per-capita-mapa-pre1820,FRA,1635,1659
mpd2020-pib-per-capita-mapa-pre1820,FRA,1636,1659
mpd2020-pib-per-capita-mapa-pre1820,FRA,1637,1659
mpd2020-pib-per-capita-mapa-pre1820,FRA,1638,1659
mpd2020-pib-per-capita-mapa-pre1820,FRA,1639,1659
mpd2020-pib-per-capita-mapa-pre1820,FRA,1640,1659
mpd2020-pib-per-capita-mapa-pre1820,FRA,1641,1659
mpd2020-pib-per-capita-mapa-pre1820,FRA,1642,1694
mpd2020-pib-per-capita-mapa-pre1820,FRA,1643,1728
mpd2020-pib-per-capita-mapa-pre1820,FRA,1644,1745
mpd2020-pib-per-capita-mapa-pre1820,FRA,1645,1745
mpd2020-pib-per-capita-mapa-pre1820,FRA,1646,1745
mpd2020-pib-per-capita-mapa-pre1820,FRA,1647,1710
mpd2020-pib-per-capita-mapa-pre1820,FRA,1648,1677
mpd2020-pib-per-capita-mapa-pre1820,FRA,1649,1659
mpd2020-pib-per-capita-mapa-pre1820,FRA,1650,1659
mpd2020-pib-per-capita-mapa-pre1820,FRA,1651,1659
mpd2020-pib-per-capita-mapa-pre1820,FRA,1652,1659
mpd2020-pib-per-capita-mapa-pre1820,FRA,1653,1659
mpd2020-pib-per-capita-mapa-pre1820,FRA,1654,1659
mpd2020-pib-per-capita-mapa-pre1820,FRA,1655,1659
mpd2020-pib-per-capita-mapa-pre1820,FRA,1656,1677
mpd2020-pib-per-capita-mapa-pre1820,FRA,1657,1677
mpd2020-pib-per-capita-mapa-pre1820,FRA,1658,1677
mpd2020-pib-per-capita-mapa-pre1820,FRA,1659,1677
mpd2020-pib-per-capita-mapa-pre1820,FRA,1660,1677
mpd2020-pib-per-capita-mapa-pre1820,FRA,1661,1677
mpd2020-pib-per-capita-mapa-pre1820,FRA,1662,1694
mpd2020-pib-per-capita-mapa-pre1820,FRA,1663,1710
mpd2020-pib-per-capita-mapa-pre1820,FRA,1664,1710
mpd2020-pib-per-capita-mapa-pre1820,FRA,1665,1728
mpd2020-pib-per-capita-mapa-pre1820,FRA,1666,1728
mpd2020-pib-per-capita-mapa-pre1820,FRA,1667,1728
mpd2020-pib-per-capita-mapa-pre1820,FRA,1668,1745
mpd2020-pib-per-capita-mapa-pre1820,FRA,1669,1745
mpd2020-pib-per-capita-mapa-pre1820,FRA,1670,1745
mpd2020-pib-per-capita-mapa-pre1820,FRA,1671,1745
mpd2020-pib-per-capita-mapa-pre1820,FRA,1672,1745
mpd2020-pib-per-capita-mapa-pre1820,FRA,1673,1745
mpd2020-pib-per-capita-mapa-pre1820,FRA,1674,1745
mpd2020-pib-per-capita-mapa-pre1820,FRA,1675,1745
mpd2020-pib-per-capita-mapa-pre1820,FRA,1676,1745
mpd2020-pib-per-capita-mapa-pre1820,FRA,1677,1745
mpd2020-pib-per-capita-mapa-pre1820,FRA,1678,1728
mpd2020-pib-per-capita-mapa-pre1820,FRA,1679,1710
mpd2020-pib-per-capita-mapa-pre1820,FRA,1680,1694
mpd2020-pib-per-capita-mapa-pre1820,FRA,1681,1694
mpd2020-pib-per-capita-mapa-pre1820,FRA,1682,1694
mpd2020-pib-per-capita-mapa-pre1820,FRA,1683,1694
mpd2020-pib-per-capita-mapa-pre1820,FRA,1684,1710
mpd2020-pib-per-capita-mapa-pre1820,FRA,1685,1710
mpd2020-pib-per-capita-mapa-pre1820,FRA,1686,1710
mpd2020-pib-per-capita-mapa-pre1820,FRA,1687,1710
mpd2020-pib-per-capita-mapa-pre1820,FRA,1688,1710
mpd2020-pib-per-capita-mapa-pre1820,FRA,1689,1710
mpd2020-pib-per-capita-mapa-pre1820,FRA,1690,1710
mpd2020-pib-per-capita-mapa-pre1820,FRA,1691,1710
mpd2020-pib-per-capita-mapa-pre1820,FRA,1692,1710
mpd2020-pib-per-capita-mapa-pre1820,FRA,1693,1710
mpd2020-pib-per-capita-mapa-pre1820,FRA,1694,1694
mpd2020-pib-per-capita-mapa-pre1820,FRA,1695,1694
mpd2020-pib-per-capita-mapa-pre1820,FRA,1696,1694
mpd2020-pib-per-capita-mapa-pre1820,FRA,1697,1677
mpd2020-pib-per-capita-mapa-pre1820,FRA,1698,1677
mpd2020-pib-per-capita-mapa-pre1820,FRA,1699,1677
mpd2020-pib-per-capita-mapa-pre1820,FRA,1700,1694
mpd2020-pib-per-capita-mapa-pre1820,FRA,1701,1610
mpd2020-pib-per-capita-mapa-pre1820,FRA,1702,1610
mpd2020-pib-per-capita-mapa-pre1820,FRA,1703,1610
mpd2020-pib-per-capita-mapa-pre1820,FRA,1704,1610
mpd2020-pib-per-capita-mapa-pre1820,FRA,1705,1592
mpd2020-pib-per-capita-mapa-pre1820,FRA,1706,1610
mpd2020-pib-per-capita-mapa-pre1820,FRA,1707,1610
mpd2020-pib-per-capita-mapa-pre1820,FRA,1708,1610
mpd2020-pib-per-capita-mapa-pre1820,FRA,1709,1626
mpd2020-pib-per-capita-mapa-pre1820,FRA,1710,1643
mpd2020-pib-per-capita-mapa-pre1820,FRA,1711,1643
mpd2020-pib-per-capita-mapa-pre1820,FRA,1712,1659
mpd2020-pib-per-capita-mapa-pre1820,FRA,1713,1659
mpd2020-pib-per-capita-mapa-pre1820,FRA,1714,1659
mpd2020-pib-per-capita-mapa-pre1820,FRA,1715,1659
mpd2020-pib-per-capita-mapa-pre1820,FRA,1716,1659
mpd2020-pib-per-capita-mapa-pre1820,FRA,1717,1677
mpd2020-pib-per-capita-mapa-pre1820,FRA,1718,1694
mpd2020-pib-per-capita-mapa-pre1820,FRA,1719,1710
mpd2020-pib-per-capita-mapa-pre1820,FRA,1720,1728
mpd2020-pib-per-capita-mapa-pre1820,FRA,1721,1745
mpd2020-pib-per-capita-mapa-pre1820,FRA,1722,1745
mpd2020-pib-per-capita-mapa-pre1820,FRA,1723,1728
mpd2020-pib-per-capita-mapa-pre1820,FRA,1724,1710
mpd2020-pib-per-capita-mapa-pre1820,FRA,1725,1710
mpd2020-pib-per-capita-mapa-pre1820,FRA,1726,1710
mpd2020-pib-per-capita-mapa-pre1820,FRA,1727,1710
mpd2020-pib-per-capita-mapa-pre1820,FRA,1728,1710
mpd2020-pib-per-capita-mapa-pre1820,FRA,1729,1728
mpd2020-pib-per-capita-mapa-pre1820,FRA,1730,1728
mpd2020-pib-per-capita-mapa-pre1820,FRA,1731,1728
mpd2020-pib-per-capita-mapa-pre1820,FRA,1732,1728
mpd2020-pib-per-capita-mapa-pre1820,FRA,1733,1728
mpd2020-pib-per-capita-mapa-pre1820,FRA,1734,1728
mpd2020-pib-per-capita-mapa-pre1820,FRA,1735,1710
mpd2020-pib-per-capita-mapa-pre1820,FRA,1736,1710
mpd2020-pib-per-capita-mapa-pre1820,FRA,1737,1694
mpd2020-pib-per-capita-mapa-pre1820,FRA,1738,1677
mpd2020-pib-per-capita-mapa-pre1820,FRA,1739,1677
mpd2020-pib-per-capita-mapa-pre1820,FRA,1740,1659
mpd2020-pib-per-capita-mapa-pre1820,FRA,1741,1659
mpd2020-pib-per-capita-mapa-pre1820,FRA,1742,1659
mpd2020-pib-per-capita-mapa-pre1820,FRA,1743,1659
mpd2020-pib-per-capita-mapa-pre1820,FRA,1744,1659
mpd2020-pib-per-capita-mapa-pre1820,FRA,1745,1677
mpd2020-pib-per-capita-mapa-pre1820,FRA,1746,1677
mpd2020-pib-per-capita-mapa-pre1820,FRA,1747,1677
mpd2020-pib-per-capita-mapa-pre1820,FRA,1748,1677
mpd2020-pib-per-capita-mapa-pre1820,FRA,1749,1677
mpd2020-pib-per-capita-mapa-pre1820,FRA,1750,1677
mpd2020-pib-per-capita-mapa-pre1820,FRA,1751,1659
mpd2020-pib-per-capita-mapa-pre1820,FRA,1752,1659
mpd2020-pib-per-capita-mapa-pre1820,FRA,1753,1659
mpd2020-pib-per-capita-mapa-pre1820,FRA,1754,1659
mpd2020-pib-per-capita-mapa-pre1820,FRA,1755,1659
mpd2020-pib-per-capita-mapa-pre1820,FRA,1756,1659
mpd2020-pib-per-capita-mapa-pre1820,FRA,1757,1643
mpd2020-pib-per-capita-mapa-pre1820,FRA,1758,1643
mpd2020-pib-per-capita-mapa-pre1820,FRA,1759,1643
mpd2020-pib-per-capita-mapa-pre1820,FRA,1760,1643
mpd2020-pib-per-capita-mapa-pre1820,FRA,1761,1659
mpd2020-pib-per-capita-mapa-pre1820,FRA,1762,1677
mpd2020-pib-per-capita-mapa-pre1820,FRA,1763,1677
mpd2020-pib-per-capita-mapa-pre1820,FRA,1764,1694
mpd2020-pib-per-capita-mapa-pre1820,FRA,1765,1710
mpd2020-pib-per-capita-mapa-pre1820,FRA,1766,1710
mpd2020-pib-per-capita-mapa-pre1820,FRA,1767,1710
mpd2020-pib-per-capita-mapa-pre1820,FRA,1768,1694
mpd2020-pib-per-capita-mapa-pre1820,FRA,1769,1694
mpd2020-pib-per-capita-mapa-pre1820,FRA,1770,1694
mpd2020-pib-per-capita-mapa-pre1820,FRA,1771,1694
mpd2020-pib-per-capita-mapa-pre1820,FRA,1772,1694
mpd2020-pib-per-capita-mapa-pre1820,FRA,1773,1710
mpd2020-pib-per-capita-mapa-pre1820,FRA,1774,1710
mpd2020-pib-per-capita-mapa-pre1820,FRA,1775,1710
mpd2020-pib-per-capita-mapa-pre1820,FRA,1776,1728
mpd2020-pib-per-capita-mapa-pre1820,FRA,1777,1728
mpd2020-pib-per-capita-mapa-pre1820,FRA,1778,1710
mpd2020-pib-per-capita-mapa-pre1820,FRA,1779,1710
mpd2020-pib-per-capita-mapa-pre1820,FRA,1780,1710
mpd2020-pib-per-capita-mapa-pre1820,FRA,1781,1728
mpd2020-pib-per-capita-mapa-pre1820,FRA,1782,1728
mpd2020-pib-per-capita-mapa-pre1820,FRA,1783,1779
mpd2020-pib-per-capita-mapa-pre1820,FRA,1784,1795
mpd2020-pib-per-capita-mapa-pre1820,FRA,1785,1779
mpd2020-pib-per-capita-mapa-pre1820,FRA,1786,1761
mpd2020-pib-per-capita-mapa-pre1820,FRA,1787,1863
mpd2020-pib-per-capita-mapa-pre1820,FRA,1788,1812
mpd2020-pib-per-capita-mapa-pre1820,FRA,1789,1779
mpd2020-pib-per-capita-mapa-pre1820,GBR,1000,1151
mpd2020-pib-per-capita-mapa-pre1820,GBR,1252,1320
mpd2020-pib-per-capita-mapa-pre1820,GBR,1253,1328
mpd2020-pib-per-capita-mapa-pre1820,GBR,1254,1317
mpd2020-pib-per-capita-mapa-pre1820,GBR,1255,1285
mpd2020-pib-per-capita-mapa-pre1820,GBR,1256,1255
mpd2020-pib-per-capita-mapa-pre1820,GBR,1257,1240
mpd2020-pib-per-capita-mapa-pre1820,GBR,1258,1418
mpd2020-pib-per-capita-mapa-pre1820,GBR,1259,1191
mpd2020-pib-per-capita-mapa-pre1820,GBR,1260,1292
mpd2020-pib-per-capita-mapa-pre1820,GBR,1261,1286
mpd2020-pib-per-capita-mapa-pre1820,GBR,1262,1219
mpd2020-pib-per-capita-mapa-pre1820,GBR,1263,1205
mpd2020-pib-per-capita-mapa-pre1820,GBR,1264,1182
mpd2020-pib-per-capita-mapa-pre1820,GBR,1265,1185
mpd2020-pib-per-capita-mapa-pre1820,GBR,1266,1401
mpd2020-pib-per-capita-mapa-pre1820,GBR,1267,1313
mpd2020-pib-per-capita-mapa-pre1820,GBR,1268,1211
mpd2020-pib-per-capita-mapa-pre1820,GBR,1269,1225
mpd2020-pib-per-capita-mapa-pre1820,GBR,1270,1192
mpd2020-pib-per-capita-mapa-pre1820,GBR,1271,1177
mpd2020-pib-per-capita-mapa-pre1820,GBR,1272,1220
mpd2020-pib-per-capita-mapa-pre1820,GBR,1273,1149
mpd2020-pib-per-capita-mapa-pre1820,GBR,1274,1143
mpd2020-pib-per-capita-mapa-pre1820,GBR,1275,1304
mpd2020-pib-per-capita-mapa-pre1820,GBR,1276,1146
mpd2020-pib-per-capita-mapa-pre1820,GBR,1277,1222
mpd2020-pib-per-capita-mapa-pre1820,GBR,1278,1265
mpd2020-pib-per-capita-mapa-pre1820,GBR,1279,1048
mpd2020-pib-per-capita-mapa-pre1820,GBR,1280,1058
mpd2020-pib-per-capita-mapa-pre1820,GBR,1281,1118
mpd2020-pib-per-capita-mapa-pre1820,GBR,1282,1078
mpd2020-pib-per-capita-mapa-pre1820,GBR,1283,1019
mpd2020-pib-per-capita-mapa-pre1820,GBR,1284,1048
mpd2020-pib-per-capita-mapa-pre1820,GBR,1285,1055
mpd2020-pib-per-capita-mapa-pre1820,GBR,1286,1034
mpd2020-pib-per-capita-mapa-pre1820,GBR,1287,1125
mpd2020-pib-per-capita-mapa-pre1820,GBR,1288,1085
mpd2020-pib-per-capita-mapa-pre1820,GBR,1289,995
mpd2020-pib-per-capita-mapa-pre1820,GBR,1290,1004
mpd2020-pib-per-capita-mapa-pre1820,GBR,1291,1006
mpd2020-pib-per-capita-mapa-pre1820,GBR,1292,1060
mpd2020-pib-per-capita-mapa-pre1820,GBR,1293,1086
mpd2020-pib-per-capita-mapa-pre1820,GBR,1294,1078
mpd2020-pib-per-capita-mapa-pre1820,GBR,1295,1155
mpd2020-pib-per-capita-mapa-pre1820,GBR,1296,1202
mpd2020-pib-per-capita-mapa-pre1820,GBR,1297,1151
mpd2020-pib-per-capita-mapa-pre1820,GBR,1298,1211
mpd2020-pib-per-capita-mapa-pre1820,GBR,1299,1167
mpd2020-pib-per-capita-mapa-pre1820,GBR,1300,1159
mpd2020-pib-per-capita-mapa-pre1820,GBR,1301,1168
mpd2020-pib-per-capita-mapa-pre1820,GBR,1302,1199
mpd2020-pib-per-capita-mapa-pre1820,GBR,1303,1249
mpd2020-pib-per-capita-mapa-pre1820,GBR,1304,1130
mpd2020-pib-per-capita-mapa-pre1820,GBR,1305,1162
mpd2020-pib-per-capita-mapa-pre1820,GBR,1306,1129
mpd2020-pib-per-capita-mapa-pre1820,GBR,1307,1184
mpd2020-pib-per-capita-mapa-pre1820,GBR,1308,1199
mpd2020-pib-per-capita-mapa-pre1820,GBR,1309,1229
mpd2020-pib-per-capita-mapa-pre1820,GBR,1310,1213
mpd2020-pib-per-capita-mapa-pre1820,GBR,1311,1257
mpd2020-pib-per-capita-mapa-pre1820,GBR,1312,1224
mpd2020-pib-per-capita-mapa-pre1820,GBR,1313,1246
mpd2020-pib-per-capita-mapa-pre1820,GBR,1314,1247
mpd2020-pib-per-capita-mapa-pre1820,GBR,1315,1121
mpd2020-pib-per-capita-mapa-pre1820,GBR,1316,1072
mpd2020-pib-per-capita-mapa-pre1820,GBR,1317,1136
mpd2020-pib-per-capita-mapa-pre1820,GBR,1318,1270
mpd2020-pib-per-capita-mapa-pre1820,GBR,1319,1292
mpd2020-pib-per-capita-mapa-pre1820,GBR,1320,1266
mpd2020-pib-per-capita-mapa-pre1820,GBR,1321,1085
mpd2020-pib-per-capita-mapa-pre1820,GBR,1322,1156
mpd2020-pib-per-capita-mapa-pre1820,GBR,1323,1215
mpd2020-pib-per-capita-mapa-pre1820,GBR,1324,1122
mpd2020-pib-per-capita-mapa-pre1820,GBR,1325,1230
mpd2020-pib-per-capita-mapa-pre1820,GBR,1326,1245
mpd2020-pib-per-capita-mapa-pre1820,GBR,1327,1222
mpd2020-pib-per-capita-mapa-pre1820,GBR,1328,1135
mpd2020-pib-per-capita-mapa-pre1820,GBR,1329,1193
mpd2020-pib-per-capita-mapa-pre1820,GBR,1330,1161
mpd2020-pib-per-capita-mapa-pre1820,GBR,1331,1106
mpd2020-pib-per-capita-mapa-pre1820,GBR,1332,1163
mpd2020-pib-per-capita-mapa-pre1820,GBR,1333,1197
mpd2020-pib-per-capita-mapa-pre1820,GBR,1334,1156
mpd2020-pib-per-capita-mapa-pre1820,GBR,1335,1107
mpd2020-pib-per-capita-mapa-pre1820,GBR,1336,1159
mpd2020-pib-per-capita-mapa-pre1820,GBR,1337,1283
mpd2020-pib-per-capita-mapa-pre1820,GBR,1338,1307
mpd2020-pib-per-capita-mapa-pre1820,GBR,1339,1066
mpd2020-pib-per-capita-mapa-pre1820,GBR,1340,1194
mpd2020-pib-per-capita-mapa-pre1820,GBR,1341,1205
mpd2020-pib-per-capita-mapa-pre1820,GBR,1342,1261
mpd2020-pib-per-capita-mapa-pre1820,GBR,1343,1225
mpd2020-pib-per-capita-mapa-pre1820,GBR,1344,1307
mpd2020-pib-per-capita-mapa-pre1820,GBR,1345,1216
mpd2020-pib-per-capita-mapa-pre1820,GBR,1346,1155
mpd2020-pib-per-capita-mapa-pre1820,GBR,1347,1199
mpd2020-pib-per-capita-mapa-pre1820,GBR,1348,1229
mpd2020-pib-per-capita-mapa-pre1820,GBR,1349,1154
mpd2020-pib-per-capita-mapa-pre1820,GBR,1350,1314
mpd2020-pib-per-capita-mapa-pre1820,GBR,1351,1519
mpd2020-pib-per-capita-mapa-pre1820,GBR,1352,1574
mpd2020-pib-per-capita-mapa-pre1820,GBR,1353,1579
mpd2020-pib-per-capita-mapa-pre1820,GBR,1354,1512
mpd2020-pib-per-capita-mapa-pre1820,GBR,1355,1559
mpd2020-pib-per-capita-mapa-pre1820,GBR,1356,1537
mpd2020-pib-per-capita-mapa-pre1820,GBR,1357,1567
mpd2020-pib-per-capita-mapa-pre1820,GBR,1358,1575
mpd2020-pib-per-capita-mapa-pre1820,GBR,1359,1592
mpd2020-pib-per-capita-mapa-pre1820,GBR,1360,1581
mpd2020-pib-per-capita-mapa-pre1820,GBR,1361,1526
mpd2020-pib-per-capita-mapa-pre1820,GBR,1362,1486
mpd2020-pib-per-capita-mapa-pre1820,GBR,1363,1443
mpd2020-pib-per-capita-mapa-pre1820,GBR,1364,1603
mpd2020-pib-per-capita-mapa-pre1820,GBR,1365,1531
mpd2020-pib-per-capita-mapa-pre1820,GBR,1366,1578
mpd2020-pib-per-capita-mapa-pre1820,GBR,1367,1481
mpd2020-pib-per-capita-mapa-pre1820,GBR,1368,1471
mpd2020-pib-per-capita-mapa-pre1820,GBR,1369,1373
mpd2020-pib-per-capita-mapa-pre1820,GBR,1370,1539
mpd2020-pib-per-capita-mapa-pre1820,GBR,1371,1489
mpd2020-pib-per-capita-mapa-pre1820,GBR,1372,1347
mpd2020-pib-per-capita-mapa-pre1820,GBR,1373,1458
mpd2020-pib-per-capita-mapa-pre1820,GBR,1374,1341
mpd2020-pib-per-capita-mapa-pre1820,GBR,1375,1294
mpd2020-pib-per-capita-mapa-pre1820,GBR,1376,1495
mpd2020-pib-per-capita-mapa-pre1820,GBR,1377,1539
mpd2020-pib-per-capita-mapa-pre1820,GBR,1378,1523
mpd2020-pib-per-capita-mapa-pre1820,GBR,1379,1398
mpd2020-pib-per-capita-mapa-pre1820,GBR,1380,1462
mpd2020-pib-per-capita-mapa-pre1820,GBR,1381,1500
mpd2020-pib-per-capita-mapa-pre1820,GBR,1382,1553
mpd2020-pib-per-capita-mapa-pre1820,GBR,1383,1485
mpd2020-pib-per-capita-mapa-pre1820,GBR,1384,1680
mpd2020-pib-per-capita-mapa-pre1820,GBR,1385,1532
mpd2020-pib-per-capita-mapa-pre1820,GBR,1386,1714
mpd2020-pib-per-capita-mapa-pre1820,GBR,1387,1728
mpd2020-pib-per-capita-mapa-pre1820,GBR,1388,1599
mpd2020-pib-per-capita-mapa-pre1820,GBR,1389,1656
mpd2020-pib-per-capita-mapa-pre1820,GBR,1390,1554
mpd2020-pib-per-capita-mapa-pre1820,GBR,1391,1743
mpd2020-pib-per-capita-mapa-pre1820,GBR,1392,1967
mpd2020-pib-per-capita-mapa-pre1820,GBR,1393,1630
mpd2020-pib-per-capita-mapa-pre1820,GBR,1394,1795
mpd2020-pib-per-capita-mapa-pre1820,GBR,1395,1723
mpd2020-pib-per-capita-mapa-pre1820,GBR,1396,1738
mpd2020-pib-per-capita-mapa-pre1820,GBR,1397,1705
mpd2020-pib-per-capita-mapa-pre1820,GBR,1398,1830
mpd2020-pib-per-capita-mapa-pre1820,GBR,1399,1762
mpd2020-pib-per-capita-mapa-pre1820,GBR,1400,1717
mpd2020-pib-per-capita-mapa-pre1820,GBR,1401,1696
mpd2020-pib-per-capita-mapa-pre1820,GBR,1402,1742
mpd2020-pib-per-capita-mapa-pre1820,GBR,1403,1770
mpd2020-pib-per-capita-mapa-pre1820,GBR,1404,1801
mpd2020-pib-per-capita-mapa-pre1820,GBR,1405,1805
mpd2020-pib-per-capita-mapa-pre1820,GBR,1406,1674
mpd2020-pib-per-capita-mapa-pre1820,GBR,1407,1677
mpd2020-pib-per-capita-mapa-pre1820,GBR,1408,1552
mpd2020-pib-per-capita-mapa-pre1820,GBR,1409,1607
mpd2020-pib-per-capita-mapa-pre1820,GBR,1410,1708
mpd2020-pib-per-capita-mapa-pre1820,GBR,1411,1673
mpd2020-pib-per-capita-mapa-pre1820,GBR,1412,1635
mpd2020-pib-per-capita-mapa-pre1820,GBR,1413,1483
mpd2020-pib-per-capita-mapa-pre1820,GBR,1414,1686
mpd2020-pib-per-capita-mapa-pre1820,GBR,1415,1726
mpd2020-pib-per-capita-mapa-pre1820,GBR,1416,1665
mpd2020-pib-per-capita-mapa-pre1820,GBR,1417,1821
mpd2020-pib-per-capita-mapa-pre1820,GBR,1418,1729
mpd2020-pib-per-capita-mapa-pre1820,GBR,1419,1821
mpd2020-pib-per-capita-mapa-pre1820,GBR,1420,1778
mpd2020-pib-per-capita-mapa-pre1820,GBR,1421,1661
mpd2020-pib-per-capita-mapa-pre1820,GBR,1422,1716
mpd2020-pib-per-capita-mapa-pre1820,GBR,1423,1812
mpd2020-pib-per-capita-mapa-pre1820,GBR,1424,1827
mpd2020-pib-per-capita-mapa-pre1820,GBR,1425,1765
mpd2020-pib-per-capita-mapa-pre1820,GBR,1426,1712
mpd2020-pib-per-capita-mapa-pre1820,GBR,1427,1668
mpd2020-pib-per-capita-mapa-pre1820,GBR,1428,1567
mpd2020-pib-per-capita-mapa-pre1820,GBR,1429,1622
mpd2020-pib-per-capita-mapa-pre1820,GBR,1430,1669
mpd2020-pib-per-capita-mapa-pre1820,GBR,1431,1681
mpd2020-pib-per-capita-mapa-pre1820,GBR,1432,1664
mpd2020-pib-per-capita-mapa-pre1820,GBR,1433,1717
mpd2020-pib-per-capita-mapa-pre1820,GBR,1434,1823
mpd2020-pib-per-capita-mapa-pre1820,GBR,1435,1623
mpd2020-pib-per-capita-mapa-pre1820,GBR,1436,1515
mpd2020-pib-per-capita-mapa-pre1820,GBR,1437,1457
mpd2020-pib-per-capita-mapa-pre1820,GBR,1438,1533
mpd2020-pib-per-capita-mapa-pre1820,GBR,1439,1605
mpd2020-pib-per-capita-mapa-pre1820,GBR,1440,1623
mpd2020-pib-per-capita-mapa-pre1820,GBR,1441,1438
mpd2020-pib-per-capita-mapa-pre1820,GBR,1442,1492
mpd2020-pib-per-capita-mapa-pre1820,GBR,1443,1808
mpd2020-pib-per-capita-mapa-pre1820,GBR,1444,1810
mpd2020-pib-per-capita-mapa-pre1820,GBR,1445,1564
mpd2020-pib-per-capita-mapa-pre1820,GBR,1446,1667
mpd2020-pib-per-capita-mapa-pre1820,GBR,1447,1711
mpd2020-pib-per-capita-mapa-pre1820,GBR,1448,1772
mpd2020-pib-per-capita-mapa-pre1820,GBR,1449,1629
mpd2020-pib-per-capita-mapa-pre1820,GBR,1450,1683
mpd2020-pib-per-capita-mapa-pre1820,GBR,1451,1685
mpd2020-pib-per-capita-mapa-pre1820,GBR,1452,1663
mpd2020-pib-per-capita-mapa-pre1820,GBR,1453,1676
mpd2020-pib-per-capita-mapa-pre1820,GBR,1454,1677
mpd2020-pib-per-capita-mapa-pre1820,GBR,1455,1663
mpd2020-pib-per-capita-mapa-pre1820,GBR,1456,1680
mpd2020-pib-per-capita-mapa-pre1820,GBR,1457,1536
mpd2020-pib-per-capita-mapa-pre1820,GBR,1458,1625
mpd2020-pib-per-capita-mapa-pre1820,GBR,1459,1599
mpd2020-pib-per-capita-mapa-pre1820,GBR,1460,1598
mpd2020-pib-per-capita-mapa-pre1820,GBR,1461,1603
mpd2020-pib-per-capita-mapa-pre1820,GBR,1462,1752
mpd2020-pib-per-capita-mapa-pre1820,GBR,1463,1772
mpd2020-pib-per-capita-mapa-pre1820,GBR,1464,1615
mpd2020-pib-per-capita-mapa-pre1820,GBR,1465,1567
mpd2020-pib-per-capita-mapa-pre1820,GBR,1466,1554
mpd2020-pib-per-capita-mapa-pre1820,GBR,1467,1600
mpd2020-pib-per-capita-mapa-pre1820,GBR,1468,1669
mpd2020-pib-per-capita-mapa-pre1820,GBR,1469,1645
mpd2020-pib-per-capita-mapa-pre1820,GBR,1470,1597
mpd2020-pib-per-capita-mapa-pre1820,GBR,1471,1525
mpd2020-pib-per-capita-mapa-pre1820,GBR,1472,1575
mpd2020-pib-per-capita-mapa-pre1820,GBR,1473,1560
mpd2020-pib-per-capita-mapa-pre1820,GBR,1474,1642
mpd2020-pib-per-capita-mapa-pre1820,GBR,1475,1592
mpd2020-pib-per-capita-mapa-pre1820,GBR,1476,1475
mpd2020-pib-per-capita-mapa-pre1820,GBR,1477,1541
mpd2020-pib-per-capita-mapa-pre1820,GBR,1478,1583
mpd2020-pib-per-capita-mapa-pre1820,GBR,1479,1672
mpd2020-pib-per-capita-mapa-pre1820,GBR,1480,1718
mpd2020-pib-per-capita-mapa-pre1820,GBR,1481,1640
mpd2020-pib-per-capita-mapa-pre1820,GBR,1482,1566
mpd2020-pib-per-capita-mapa-pre1820,GBR,1483,1641
mpd2020-pib-per-capita-mapa-pre1820,GBR,1484,1623
mpd2020-pib-per-capita-mapa-pre1820,GBR,1485,1532
mpd2020-pib-per-capita-mapa-pre1820,GBR,1486,1696
mpd2020-pib-per-capita-mapa-pre1820,GBR,1487,1548
mpd2020-pib-per-capita-mapa-pre1820,GBR,1488,1579
mpd2020-pib-per-capita-mapa-pre1820,GBR,1489,1612
mpd2020-pib-per-capita-mapa-pre1820,GBR,1490,1620
mpd2020-pib-per-capita-mapa-pre1820,GBR,1491,1632
mpd2020-pib-per-capita-mapa-pre1820,GBR,1492,1649
mpd2020-pib-per-capita-mapa-pre1820,GBR,1493,1620
mpd2020-pib-per-capita-mapa-pre1820,GBR,1494,1695
mpd2020-pib-per-capita-mapa-pre1820,GBR,1495,1659
mpd2020-pib-per-capita-mapa-pre1820,GBR,1496,1605
mpd2020-pib-per-capita-mapa-pre1820,GBR,1497,1710
mpd2020-pib-per-capita-mapa-pre1820,GBR,1498,1724
mpd2020-pib-per-capita-mapa-pre1820,GBR,1499,1728
mpd2020-pib-per-capita-mapa-pre1820,GBR,1500,1697
mpd2020-pib-per-capita-mapa-pre1820,GBR,1501,1633
mpd2020-pib-per-capita-mapa-pre1820,GBR,1502,1689
mpd2020-pib-per-capita-mapa-pre1820,GBR,1503,1757
mpd2020-pib-per-capita-mapa-pre1820,GBR,1504,1758
mpd2020-pib-per-capita-mapa-pre1820,GBR,1505,1773
mpd2020-pib-per-capita-mapa-pre1820,GBR,1506,1776
mpd2020-pib-per-capita-mapa-pre1820,GBR,1507,1740
mpd2020-pib-per-capita-mapa-pre1820,GBR,1508,1760
mpd2020-pib-per-capita-mapa-pre1820,GBR,1509,1837
mpd2020-pib-per-capita-mapa-pre1820,GBR,1510,1768
mpd2020-pib-per-capita-mapa-pre1820,GBR,1511,1799
mpd2020-pib-per-capita-mapa-pre1820,GBR,1512,1715
mpd2020-pib-per-capita-mapa-pre1820,GBR,1513,1785
mpd2020-pib-per-capita-mapa-pre1820,GBR,1514,1777
mpd2020-pib-per-capita-mapa-pre1820,GBR,1515,1820
mpd2020-pib-per-capita-mapa-pre1820,GBR,1516,1800
mpd2020-pib-per-capita-mapa-pre1820,GBR,1517,1800
mpd2020-pib-per-capita-mapa-pre1820,GBR,1518,1805
mpd2020-pib-per-capita-mapa-pre1820,GBR,1519,1784
mpd2020-pib-per-capita-mapa-pre1820,GBR,1520,1755
mpd2020-pib-per-capita-mapa-pre1820,GBR,1521,1791
mpd2020-pib-per-capita-mapa-pre1820,GBR,1522,1818
mpd2020-pib-per-capita-mapa-pre1820,GBR,1523,1847
mpd2020-pib-per-capita-mapa-pre1820,GBR,1524,1866
mpd2020-pib-per-capita-mapa-pre1820,GBR,1525,1848
mpd2020-pib-per-capita-mapa-pre1820,GBR,1526,1852
mpd2020-pib-per-capita-mapa-pre1820,GBR,1527,1713
mpd2020-pib-per-capita-mapa-pre1820,GBR,1528,1722
mpd2020-pib-per-capita-mapa-pre1820,GBR,1529,1741
mpd2020-pib-per-capita-mapa-pre1820,GBR,1530,1755
mpd2020-pib-per-capita-mapa-pre1820,GBR,1531,1689
mpd2020-pib-per-capita-mapa-pre1820,GBR,1532,1741
mpd2020-pib-per-capita-mapa-pre1820,GBR,1533,1725
mpd2020-pib-per-capita-mapa-pre1820,GBR,1534,1795
mpd2020-pib-per-capita-mapa-pre1820,GBR,1535,1665
mpd2020-pib-per-capita-mapa-pre1820,GBR,1536,1639
mpd2020-pib-per-capita-mapa-pre1820,GBR,1537,1758
mpd2020-pib-per-capita-mapa-pre1820,GBR,1538,1657
mpd2020-pib-per-capita-mapa-pre1820,GBR,1539,1780
mpd2020-pib-per-capita-mapa-pre1820,GBR,1540,1713
mpd2020-pib-per-capita-mapa-pre1820,GBR,1541,1659
mpd2020-pib-per-capita-mapa-pre1820,GBR,1542,1711
mpd2020-pib-per-capita-mapa-pre1820,GBR,1543,1649
mpd2020-pib-per-capita-mapa-pre1820,GBR,1544,1734
mpd2020-pib-per-capita-mapa-pre1820,GBR,1545,1680
mpd2020-pib-per-capita-mapa-pre1820,GBR,1546,1705
mpd2020-pib-per-capita-mapa-pre1820,GBR,1547,1841
mpd2020-pib-per-capita-mapa-pre1820,GBR,1548,1755
mpd2020-pib-per-capita-mapa-pre1820,GBR,1549,1678
mpd2020-pib-per-capita-mapa-pre1820,GBR,1550,1654
mpd2020-pib-per-capita-mapa-pre1820,GBR,1551,1604
mpd2020-pib-per-capita-mapa-pre1820,GBR,1552,1528
mpd2020-pib-per-capita-mapa-pre1820,GBR,1553,1781
mpd2020-pib-per-capita-mapa-pre1820,GBR,1554,1616
mpd2020-pib-per-capita-mapa-pre1820,GBR,1555,1599
mpd2020-pib-per-capita-mapa-pre1820,GBR,1556,1295
mpd2020-pib-per-capita-mapa-pre1820,GBR,1557,1419
mpd2020-pib-per-capita-mapa-pre1820,GBR,1558,1843
mpd2020-pib-per-capita-mapa-pre1820,GBR,1559,1744
mpd2020-pib-per-capita-mapa-pre1820,GBR,1560,1753
mpd2020-pib-per-capita-mapa-pre1820,GBR,1561,1778
mpd2020-pib-per-capita-mapa-pre1820,GBR,1562,1762
mpd2020-pib-per-capita-mapa-pre1820,GBR,1563,1913
mpd2020-pib-per-capita-mapa-pre1820,GBR,1564,1843
mpd2020-pib-per-capita-mapa-pre1820,GBR,1565,1839
mpd2020-pib-per-capita-mapa-pre1820,GBR,1566,2056
mpd2020-pib-per-capita-mapa-pre1820,GBR,1567,1920
mpd2020-pib-per-capita-mapa-pre1820,GBR,1568,1911
mpd2020-pib-per-capita-mapa-pre1820,GBR,1569,1895
mpd2020-pib-per-capita-mapa-pre1820,GBR,1570,1737
mpd2020-pib-per-capita-mapa-pre1820,GBR,1571,1737
mpd2020-pib-per-capita-mapa-pre1820,GBR,1572,1675
mpd2020-pib-per-capita-mapa-pre1820,GBR,1573,1914
mpd2020-pib-per-capita-mapa-pre1820,GBR,1574,1689
mpd2020-pib-per-capita-mapa-pre1820,GBR,1575,1876
mpd2020-pib-per-capita-mapa-pre1820,GBR,1576,1929
mpd2020-pib-per-capita-mapa-pre1820,GBR,1577,1630
mpd2020-pib-per-capita-mapa-pre1820,GBR,1578,1854
mpd2020-pib-per-capita-mapa-pre1820,GBR,1579,1820
mpd2020-pib-per-capita-mapa-pre1820,GBR,1580,1716
mpd2020-pib-per-capita-mapa-pre1820,GBR,1581,1654
mpd2020-pib-per-capita-mapa-pre1820,GBR,1582,1476
mpd2020-pib-per-capita-mapa-pre1820,GBR,1583,1661
mpd2020-pib-per-capita-mapa-pre1820,GBR,1584,1597
mpd2020-pib-per-capita-mapa-pre1820,GBR,1585,1396
mpd2020-pib-per-capita-mapa-pre1820,GBR,1586,1356
mpd2020-pib-per-capita-mapa-pre1820,GBR,1587,1502
mpd2020-pib-per-capita-mapa-pre1820,GBR,1588,1690
mpd2020-pib-per-capita-mapa-pre1820,GBR,1589,1474
mpd2020-pib-per-capita-mapa-pre1820,GBR,1590,1558
mpd2020-pib-per-capita-mapa-pre1820,GBR,1591,1568
mpd2020-pib-per-capita-mapa-pre1820,GBR,1592,1692
mpd2020-pib-per-capita-mapa-pre1820,GBR,1593,1792
mpd2020-pib-per-capita-mapa-pre1820,GBR,1594,1454
mpd2020-pib-per-capita-mapa-pre1820,GBR,1595,1453
mpd2020-pib-per-capita-mapa-pre1820,GBR,1596,1379
mpd2020-pib-per-capita-mapa-pre1820,GBR,1597,1316
mpd2020-pib-per-capita-mapa-pre1820,GBR,1598,1569
mpd2020-pib-per-capita-mapa-pre1820,GBR,1599,1788
mpd2020-pib-per-capita-mapa-pre1820,GBR,1600,1691
mpd2020-pib-per-capita-mapa-pre1820,GBR,1601,1671
mpd2020-pib-per-capita-mapa-pre1820,GBR,1602,1751
mpd2020-pib-per-capita-mapa-pre1820,GBR,1603,1849
mpd2020-pib-per-capita-mapa-pre1820,GBR,1604,1967
mpd2020-pib-per-capita-mapa-pre1820,GBR,1605,1752
mpd2020-pib-per-capita-mapa-pre1820,GBR,1606,1831
mpd2020-pib-per-capita-mapa-pre1820,GBR,1607,1660
mpd2020-pib-per-capita-mapa-pre1820,GBR,1608,1571
mpd2020-pib-per-capita-mapa-pre1820,GBR,1609,1812
mpd2020-pib-per-capita-mapa-pre1820,GBR,1610,1919
mpd2020-pib-per-capita-mapa-pre1820,GBR,1611,1757
mpd2020-pib-per-capita-mapa-pre1820,GBR,1612,1675
mpd2020-pib-per-capita-mapa-pre1820,GBR,1613,1612
mpd2020-pib-per-capita-mapa-pre1820,GBR,1614,1555
mpd2020-pib-per-capita-mapa-pre1820,GBR,1615,1681
mpd2020-pib-per-capita-mapa-pre1820,GBR,1616,1586
mpd2020-pib-per-capita-mapa-pre1820,GBR,1617,1749
mpd2020-pib-per-capita-mapa-pre1820,GBR,1618,1740
mpd2020-pib-per-capita-mapa-pre1820,GBR,1619,1586
mpd2020-pib-per-capita-mapa-pre1820,GBR,1620,1842
mpd2020-pib-per-capita-mapa-pre1820,GBR,1621,1832
mpd2020-pib-per-capita-mapa-pre1820,GBR,1622,1581
mpd2020-pib-per-capita-mapa-pre1820,GBR,1623,1568
mpd2020-pib-per-capita-mapa-pre1820,GBR,1624,1781
mpd2020-pib-per-capita-mapa-pre1820,GBR,1625,1798
mpd2020-pib-per-capita-mapa-pre1820,GBR,1626,1730
mpd2020-pib-per-capita-mapa-pre1820,GBR,1627,1733
mpd2020-pib-per-capita-mapa-pre1820,GBR,1628,1947
mpd2020-pib-per-capita-mapa-pre1820,GBR,1629,1430
mpd2020-pib-per-capita-mapa-pre1820,GBR,1630,1416
mpd2020-pib-per-capita-mapa-pre1820,GBR,1631,1451
mpd2020-pib-per-capita-mapa-pre1820,GBR,1632,1630
mpd2020-pib-per-capita-mapa-pre1820,GBR,1633,1501
mpd2020-pib-per-capita-mapa-pre1820,GBR,1634,1519
mpd2020-pib-per-capita-mapa-pre1820,GBR,1635,1571
mpd2020-pib-per-capita-mapa-pre1820,GBR,1636,1526
mpd2020-pib-per-capita-mapa-pre1820,GBR,1637,1476
mpd2020-pib-per-capita-mapa-pre1820,GBR,1638,1624
mpd2020-pib-per-capita-mapa-pre1820,GBR,1639,1640
mpd2020-pib-per-capita-mapa-pre1820,GBR,1640,1683
mpd2020-pib-per-capita-mapa-pre1820,GBR,1641,1499
mpd2020-pib-per-capita-mapa-pre1820,GBR,1642,1635
mpd2020-pib-per-capita-mapa-pre1820,GBR,1643,1725
mpd2020-pib-per-capita-mapa-pre1820,GBR,1644,1745
mpd2020-pib-per-capita-mapa-pre1820,GBR,1645,1511
mpd2020-pib-per-capita-mapa-pre1820,GBR,1646,1524
mpd2020-pib-per-capita-mapa-pre1820,GBR,1647,1515
mpd2020-pib-per-capita-mapa-pre1820,GBR,1648,1535
mpd2020-pib-per-capita-mapa-pre1820,GBR,1649,1508
mpd2020-pib-per-capita-mapa-pre1820,GBR,1650,1446
mpd2020-pib-per-capita-mapa-pre1820,GBR,1651,1527
mpd2020-pib-per-capita-mapa-pre1820,GBR,1652,1720
mpd2020-pib-per-capita-mapa-pre1820,GBR,1653,1920
mpd2020-pib-per-capita-mapa-pre1820,GBR,1654,1903
mpd2020-pib-per-capita-mapa-pre1820,GBR,1655,1982
mpd2020-pib-per-capita-mapa-pre1820,GBR,1656,1835
mpd2020-pib-per-capita-mapa-pre1820,GBR,1657,1727
mpd2020-pib-per-capita-mapa-pre1820,GBR,1658,1702
mpd2020-pib-per-capita-mapa-pre1820,GBR,1659,1441
mpd2020-pib-per-capita-mapa-pre1820,GBR,1660,1578
mpd2020-pib-per-capita-mapa-pre1820,GBR,1661,1610
mpd2020-pib-per-capita-mapa-pre1820,GBR,1662,1664
mpd2020-pib-per-capita-mapa-pre1820,GBR,1663,1959
mpd2020-pib-per-capita-mapa-pre1820,GBR,1664,1828
mpd2020-pib-per-capita-mapa-pre1820,GBR,1665,1907
mpd2020-pib-per-capita-mapa-pre1820,GBR,1666,2135
mpd2020-pib-per-capita-mapa-pre1820,GBR,1667,2196
mpd2020-pib-per-capita-mapa-pre1820,GBR,1668,1940
mpd2020-pib-per-capita-mapa-pre1820,GBR,1669,1991
mpd2020-pib-per-capita-mapa-pre1820,GBR,1670,1934
mpd2020-pib-per-capita-mapa-pre1820,GBR,1671,1873
mpd2020-pib-per-capita-mapa-pre1820,GBR,1672,1860
mpd2020-pib-per-capita-mapa-pre1820,GBR,1673,1897
mpd2020-pib-per-capita-mapa-pre1820,GBR,1674,1806
mpd2020-pib-per-capita-mapa-pre1820,GBR,1675,1853
mpd2020-pib-per-capita-mapa-pre1820,GBR,1676,2191
mpd2020-pib-per-capita-mapa-pre1820,GBR,1677,2029
mpd2020-pib-per-capita-mapa-pre1820,GBR,1678,2103
mpd2020-pib-per-capita-mapa-pre1820,GBR,1679,1963
mpd2020-pib-per-capita-mapa-pre1820,GBR,1680,2209
mpd2020-pib-per-capita-mapa-pre1820,GBR,1681,2004
mpd2020-pib-per-capita-mapa-pre1820,GBR,1682,2150
mpd2020-pib-per-capita-mapa-pre1820,GBR,1683,2323
mpd2020-pib-per-capita-mapa-pre1820,GBR,1684,1946
mpd2020-pib-per-capita-mapa-pre1820,GBR,1685,2110
mpd2020-pib-per-capita-mapa-pre1820,GBR,1686,1949
mpd2020-pib-per-capita-mapa-pre1820,GBR,1687,2169
mpd2020-pib-per-capita-mapa-pre1820,GBR,1688,2333
mpd2020-pib-per-capita-mapa-pre1820,GBR,1689,2233
mpd2020-pib-per-capita-mapa-pre1820,GBR,1690,2386
mpd2020-pib-per-capita-mapa-pre1820,GBR,1691,2400
mpd2020-pib-per-capita-mapa-pre1820,GBR,1692,2595
mpd2020-pib-per-capita-mapa-pre1820,GBR,1693,2197
mpd2020-pib-per-capita-mapa-pre1820,GBR,1694,2616
mpd2020-pib-per-capita-mapa-pre1820,GBR,1695,2502
mpd2020-pib-per-capita-mapa-pre1820,GBR,1696,2392
mpd2020-pib-per-capita-mapa-pre1820,GBR,1697,2361
mpd2020-pib-per-capita-mapa-pre1820,GBR,1698,2417
mpd2020-pib-per-capita-mapa-pre1820,GBR,1699,2324
mpd2020-pib-per-capita-mapa-pre1820,GBR,1700,2412
mpd2020-pib-per-capita-mapa-pre1820,GBR,1701,2613
mpd2020-pib-per-capita-mapa-pre1820,GBR,1702,2526
mpd2020-pib-per-capita-mapa-pre1820,GBR,1703,2345
mpd2020-pib-per-capita-mapa-pre1820,GBR,1704,2778
mpd2020-pib-per-capita-mapa-pre1820,GBR,1705,2630
mpd2020-pib-per-capita-mapa-pre1820,GBR,1706,2220
mpd2020-pib-per-capita-mapa-pre1820,GBR,1707,2485
mpd2020-pib-per-capita-mapa-pre1820,GBR,1708,2636
mpd2020-pib-per-capita-mapa-pre1820,GBR,1709,2278
mpd2020-pib-per-capita-mapa-pre1820,GBR,1710,2066
mpd2020-pib-per-capita-mapa-pre1820,GBR,1711,2255
mpd2020-pib-per-capita-mapa-pre1820,GBR,1712,2257
mpd2020-pib-per-capita-mapa-pre1820,GBR,1713,2157
mpd2020-pib-per-capita-mapa-pre1820,GBR,1714,2364
mpd2020-pib-per-capita-mapa-pre1820,GBR,1715,2294
mpd2020-pib-per-capita-mapa-pre1820,GBR,1716,2367
mpd2020-pib-per-capita-mapa-pre1820,GBR,1717,2483
mpd2020-pib-per-capita-mapa-pre1820,GBR,1718,2606
mpd2020-pib-per-capita-mapa-pre1820,GBR,1719,2542
mpd2020-pib-per-capita-mapa-pre1820,GBR,1720,2715
mpd2020-pib-per-capita-mapa-pre1820,GBR,1721,2611
mpd2020-pib-per-capita-mapa-pre1820,GBR,1722,2636
mpd2020-pib-per-capita-mapa-pre1820,GBR,1723,2563
mpd2020-pib-per-capita-mapa-pre1820,GBR,1724,2528
mpd2020-pib-per-capita-mapa-pre1820,GBR,1725,2585
mpd2020-pib-per-capita-mapa-pre1820,GBR,1726,2483
mpd2020-pib-per-capita-mapa-pre1820,GBR,1727,2455
mpd2020-pib-per-capita-mapa-pre1820,GBR,1728,2554
mpd2020-pib-per-capita-mapa-pre1820,GBR,1729,2452
mpd2020-pib-per-capita-mapa-pre1820,GBR,1730,2538
mpd2020-pib-per-capita-mapa-pre1820,GBR,1731,2499
mpd2020-pib-per-capita-mapa-pre1820,GBR,1732,2654
mpd2020-pib-per-capita-mapa-pre1820,GBR,1733,2699
mpd2020-pib-per-capita-mapa-pre1820,GBR,1734,2662
mpd2020-pib-per-capita-mapa-pre1820,GBR,1735,2576
mpd2020-pib-per-capita-mapa-pre1820,GBR,1736,2745
mpd2020-pib-per-capita-mapa-pre1820,GBR,1737,2582
mpd2020-pib-per-capita-mapa-pre1820,GBR,1738,2619
mpd2020-pib-per-capita-mapa-pre1820,GBR,1739,2584
mpd2020-pib-per-capita-mapa-pre1820,GBR,1740,2526
mpd2020-pib-per-capita-mapa-pre1820,GBR,1741,2595
mpd2020-pib-per-capita-mapa-pre1820,GBR,1742,2683
mpd2020-pib-per-capita-mapa-pre1820,GBR,1743,2621
mpd2020-pib-per-capita-mapa-pre1820,GBR,1744,2565
mpd2020-pib-per-capita-mapa-pre1820,GBR,1745,2577
mpd2020-pib-per-capita-mapa-pre1820,GBR,1746,2641
mpd2020-pib-per-capita-mapa-pre1820,GBR,1747,2750
mpd2020-pib-per-capita-mapa-pre1820,GBR,1748,2713
mpd2020-pib-per-capita-mapa-pre1820,GBR,1749,2681
mpd2020-pib-per-capita-mapa-pre1820,GBR,1750,2702
mpd2020-pib-per-capita-mapa-pre1820,GBR,1751,2627
mpd2020-pib-per-capita-mapa-pre1820,GBR,1752,2738
mpd2020-pib-per-capita-mapa-pre1820,GBR,1753,2743
mpd2020-pib-per-capita-mapa-pre1820,GBR,1754,2648
mpd2020-pib-per-capita-mapa-pre1820,GBR,1755,2710
mpd2020-pib-per-capita-mapa-pre1820,GBR,1756,2643
mpd2020-pib-per-capita-mapa-pre1820,GBR,1757,2783
mpd2020-pib-per-capita-mapa-pre1820,GBR,1758,2815
mpd2020-pib-per-capita-mapa-pre1820,GBR,1759,2850
mpd2020-pib-per-capita-mapa-pre1820,GBR,1760,2915
mpd2020-pib-per-capita-mapa-pre1820,GBR,1761,3011
mpd2020-pib-per-capita-mapa-pre1820,GBR,1762,2917
mpd2020-pib-per-capita-mapa-pre1820,GBR,1763,2914
mpd2020-pib-per-capita-mapa-pre1820,GBR,1764,2898
mpd2020-pib-per-capita-mapa-pre1820,GBR,1765,2853
mpd2020-pib-per-capita-mapa-pre1820,GBR,1766,2879
mpd2020-pib-per-capita-mapa-pre1820,GBR,1767,2891
mpd2020-pib-per-capita-mapa-pre1820,GBR,1768,2911
mpd2020-pib-per-capita-mapa-pre1820,GBR,1769,3056
mpd2020-pib-per-capita-mapa-pre1820,GBR,1770,2952
mpd2020-pib-per-capita-mapa-pre1820,GBR,1771,2989
mpd2020-pib-per-capita-mapa-pre1820,GBR,1772,2890
mpd2020-pib-per-capita-mapa-pre1820,GBR,1773,2920
mpd2020-pib-per-capita-mapa-pre1820,GBR,1774,2834
mpd2020-pib-per-capita-mapa-pre1820,GBR,1775,2895
mpd2020-pib-per-capita-mapa-pre1820,GBR,1776,2962
mpd2020-pib-per-capita-mapa-pre1820,GBR,1777,3017
mpd2020-pib-per-capita-mapa-pre1820,GBR,1778,2966
mpd2020-pib-per-capita-mapa-pre1820,GBR,1779,2931
mpd2020-pib-per-capita-mapa-pre1820,GBR,1780,3049
mpd2020-pib-per-capita-mapa-pre1820,GBR,1781,3102
mpd2020-pib-per-capita-mapa-pre1820,GBR,1782,3048
mpd2020-pib-per-capita-mapa-pre1820,GBR,1783,3027
mpd2020-pib-per-capita-mapa-pre1820,GBR,1784,3009
mpd2020-pib-per-capita-mapa-pre1820,GBR,1785,2962
mpd2020-pib-per-capita-mapa-pre1820,GBR,1786,2981
mpd2020-pib-per-capita-mapa-pre1820,GBR,1787,2898
mpd2020-pib-per-capita-mapa-pre1820,GBR,1788,2861
mpd2020-pib-per-capita-mapa-pre1820,GBR,1789,2888
mpd2020-pib-per-capita-mapa-pre1820,GBR,1790,3072
mpd2020-pib-per-capita-mapa-pre1820,GBR,1791,3046
mpd2020-pib-per-capita-mapa-pre1820,GBR,1792,3134
mpd2020-pib-per-capita-mapa-pre1820,GBR,1793,3051
mpd2020-pib-per-capita-mapa-pre1820,GBR,1794,2925
mpd2020-pib-per-capita-mapa-pre1820,GBR,1795,3207
mpd2020-pib-per-capita-mapa-pre1820,GBR,1796,3233
mpd2020-pib-per-capita-mapa-pre1820,GBR,1797,3167
mpd2020-pib-per-capita-mapa-pre1820,GBR,1798,3161
mpd2020-pib-per-capita-mapa-pre1820,GBR,1799,3207
mpd2020-pib-per-capita-mapa-pre1820,GBR,1800,3343
mpd2020-pib-per-capita-mapa-pre1820,GBR,1801,3351
mpd2020-pib-per-capita-mapa-pre1820,GBR,1802,3360
mpd2020-pib-per-capita-mapa-pre1820,GBR,1803,3252
mpd2020-pib-per-capita-mapa-pre1820,GBR,1804,3204
mpd2020-pib-per-capita-mapa-pre1820,GBR,1805,3347
mpd2020-pib-per-capita-mapa-pre1820,GBR,1806,3287
mpd2020-pib-per-capita-mapa-pre1820,GBR,1807,3454
mpd2020-pib-per-capita-mapa-pre1820,GBR,1808,3250
mpd2020-pib-per-capita-mapa-pre1820,GBR,1809,3309
mpd2020-pib-per-capita-mapa-pre1820,GBR,1810,3478
mpd2020-pib-per-capita-mapa-pre1820,GBR,1811,3397
mpd2020-pib-per-capita-mapa-pre1820,GBR,1812,3207
mpd2020-pib-per-capita-mapa-pre1820,GBR,1813,3328
mpd2020-pib-per-capita-mapa-pre1820,GBR,1814,3204
mpd2020-pib-per-capita-mapa-pre1820,GBR,1815,3489
mpd2020-pib-per-capita-mapa-pre1820,GBR,1816,3250
mpd2020-pib-per-capita-mapa-pre1820,GBR,1817,3253
mpd2020-pib-per-capita-mapa-pre1820,GBR,1818,3201
mpd2020-pib-per-capita-mapa-pre1820,GBR,1819,3103
mpd2020-pib-per-capita-mapa-pre1820,GRC,1,1275
mpd2020-pib-per-capita-mapa-pre1820,IDN,1815,795
mpd2020-pib-per-capita-mapa-pre1820,IDN,1816,862
mpd2020-pib-per-capita-mapa-pre1820,IDN,1817,851
mpd2020-pib-per-capita-mapa-pre1820,IDN,1818,834
mpd2020-pib-per-capita-mapa-pre1820,IDN,1819,835
mpd2020-pib-per-capita-mapa-pre1820,IND,1600,1264
mpd2020-pib-per-capita-mapa-pre1820,IND,1650,1189
mpd2020-pib-per-capita-mapa-pre1820,IND,1700,1162
mpd2020-pib-per-capita-mapa-pre1820,IND,1750,1068
mpd2020-pib-per-capita-mapa-pre1820,IND,1801,1033
mpd2020-pib-per-capita-mapa-pre1820,IND,1811,983
mpd2020-pib-per-capita-mapa-pre1820,IRN,1,1116
mpd2020-pib-per-capita-mapa-pre1820,IRQ,1,1116
mpd2020-pib-per-capita-mapa-pre1820,IRQ,730,1466
mpd2020-pib-per-capita-mapa-pre1820,IRQ,1000,1307
mpd2020-pib-per-capita-mapa-pre1820,IRQ,1120,1084
mpd2020-pib-per-capita-mapa-pre1820,ISR,1,1116
mpd2020-pib-per-capita-mapa-pre1820,ITA,1,1407
mpd2020-pib-per-capita-mapa-pre1820,ITA,1310,2857.082
mpd2020-pib-per-capita-mapa-pre1820,ITA,1311,2749.5574
mpd2020-pib-per-capita-mapa-pre1820,ITA,1312,2787.959
mpd2020-pib-per-capita-mapa-pre1820,ITA,1313,2787.959
mpd2020-pib-per-capita-mapa-pre1820,ITA,1314,2841.7213
mpd2020-pib-per-capita-mapa-pre1820,ITA,1315,2926.2049
mpd2020-pib-per-capita-mapa-pre1820,ITA,1316,2926.2049
mpd2020-pib-per-capita-mapa-pre1820,ITA,1317,2811
mpd2020-pib-per-capita-mapa-pre1820,ITA,1318,2811
mpd2020-pib-per-capita-mapa-pre1820,ITA,1319,2864.7623
mpd2020-pib-per-capita-mapa-pre1820,ITA,1320,2787.959
mpd2020-pib-per-capita-mapa-pre1820,ITA,1321,2818.6803
mpd2020-pib-per-capita-mapa-pre1820,ITA,1322,2672.7541
mpd2020-pib-per-capita-mapa-pre1820,ITA,1323,2588.2705
mpd2020-pib-per-capita-mapa-pre1820,ITA,1324,2649.7131
mpd2020-pib-per-capita-mapa-pre1820,ITA,1325,2734.1967
mpd2020-pib-per-capita-mapa-pre1820,ITA,1326,2757.2377
mpd2020-pib-per-capita-mapa-pre1820,ITA,1327,2688.1148
mpd2020-pib-per-capita-mapa-pre1820,ITA,1328,2618.9918
mpd2020-pib-per-capita-mapa-pre1820,ITA,1329,2473.0656
mpd2020-pib-per-capita-mapa-pre1820,ITA,1330,2488.4262
mpd2020-pib-per-capita-mapa-pre1820,ITA,1331,2672.7541
mpd2020-pib-per-capita-mapa-pre1820,ITA,1332,2741.877
mpd2020-pib-per-capita-mapa-pre1820,ITA,1333,2618.9918
mpd2020-pib-per-capita-mapa-pre1820,ITA,1334,2588.2705
mpd2020-pib-per-capita-mapa-pre1820,ITA,1335,2572.9098
mpd2020-pib-per-capita-mapa-pre1820,ITA,1336,2642.0328
mpd2020-pib-per-capita-mapa-pre1820,ITA,1337,2711.1557
mpd2020-pib-per-capita-mapa-pre1820,ITA,1338,2665.0738
mpd2020-pib-per-capita-mapa-pre1820,ITA,1339,2549.8689
mpd2020-pib-per-capita-mapa-pre1820,ITA,1340,2642.0328
mpd2020-pib-per-capita-mapa-pre1820,ITA,1341,2787.959
mpd2020-pib-per-capita-mapa-pre1820,ITA,1342,2680.4344
mpd2020-pib-per-capita-mapa-pre1820,ITA,1343,2450.0246
mpd2020-pib-per-capita-mapa-pre1820,ITA,1344,2450.0246
mpd2020-pib-per-capita-mapa-pre1820,ITA,1345,2511.4672
mpd2020-pib-per-capita-mapa-pre1820,ITA,1346,2388.582
mpd2020-pib-per-capita-mapa-pre1820,ITA,1347,2450.0246
mpd2020-pib-per-capita-mapa-pre1820,ITA,1348,2672.7541
mpd2020-pib-per-capita-mapa-pre1820,ITA,1349,2634.3525
mpd2020-pib-per-capita-mapa-pre1820,ITA,1350,2972.2869
mpd2020-pib-per-capita-mapa-pre1820,ITA,1351,2734.1967
mpd2020-pib-per-capita-mapa-pre1820,ITA,1352,2511.4672
mpd2020-pib-per-capita-mapa-pre1820,ITA,1353,2634.3525
mpd2020-pib-per-capita-mapa-pre1820,ITA,1354,2780.2787
mpd2020-pib-per-capita-mapa-pre1820,ITA,1355,2841.7213
mpd2020-pib-per-capita-mapa-pre1820,ITA,1356,2910.8443
mpd2020-pib-per-capita-mapa-pre1820,ITA,1357,2933.8852
mpd2020-pib-per-capita-mapa-pre1820,ITA,1358,3026.0492
mpd2020-pib-per-capita-mapa-pre1820,ITA,1359,2795.6393
mpd2020-pib-per-capita-mapa-pre1820,ITA,1360,2880.123
mpd2020-pib-per-capita-mapa-pre1820,ITA,1361,3195.0164
mpd2020-pib-per-capita-mapa-pre1820,ITA,1362,3241.0984
mpd2020-pib-per-capita-mapa-pre1820,ITA,1363,3072.1311
mpd2020-pib-per-capita-mapa-pre1820,ITA,1364,3179.6557
mpd2020-pib-per-capita-mapa-pre1820,ITA,1365,3271.8197
mpd2020-pib-per-capita-mapa-pre1820,ITA,1366,3064.4508
mpd2020-pib-per-capita-mapa-pre1820,ITA,1367,3156.6148
mpd2020-pib-per-capita-mapa-pre1820,ITA,1368,2726.5164
mpd2020-pib-per-capita-mapa-pre1820,ITA,1369,2757.2377
mpd2020-pib-per-capita-mapa-pre1820,ITA,1370,2096.7295
mpd2020-pib-per-capita-mapa-pre1820,ITA,1371,2242.6557
mpd2020-pib-per-capita-mapa-pre1820,ITA,1372,2388.582
mpd2020-pib-per-capita-mapa-pre1820,ITA,1373,2480.7459
mpd2020-pib-per-capita-mapa-pre1820,ITA,1374,2073.6885
mpd2020-pib-per-capita-mapa-pre1820,ITA,1375,2849.4016
mpd2020-pib-per-capita-mapa-pre1820,ITA,1376,2557.5492
mpd2020-pib-per-capita-mapa-pre1820,ITA,1377,2649.7131
mpd2020-pib-per-capita-mapa-pre1820,ITA,1378,2450.0246
mpd2020-pib-per-capita-mapa-pre1820,ITA,1379,2373.2213
mpd2020-pib-per-capita-mapa-pre1820,ITA,1380,2949.2459
mpd2020-pib-per-capita-mapa-pre1820,ITA,1381,2795.6393
mpd2020-pib-per-capita-mapa-pre1820,ITA,1382,2841.7213
mpd2020-pib-per-capita-mapa-pre1820,ITA,1383,2657.3934
mpd2020-pib-per-capita-mapa-pre1820,ITA,1384,2642.0328
mpd2020-pib-per-capita-mapa-pre1820,ITA,1385,2703.4754
mpd2020-pib-per-capita-mapa-pre1820,ITA,1386,2680.4344
mpd2020-pib-per-capita-mapa-pre1820,ITA,1387,2926.2049
mpd2020-pib-per-capita-mapa-pre1820,ITA,1388,2626.6721
mpd2020-pib-per-capita-mapa-pre1820,ITA,1389,2511.4672
mpd2020-pib-per-capita-mapa-pre1820,ITA,1390,2572.9098
mpd2020-pib-per-capita-mapa-pre1820,ITA,1391,2595.9508
mpd2020-pib-per-capita-mapa-pre1820,ITA,1392,2488.4262
mpd2020-pib-per-capita-mapa-pre1820,ITA,1393,2711.1557
mpd2020-pib-per-capita-mapa-pre1820,ITA,1394,3033.7295
mpd2020-pib-per-capita-mapa-pre1820,ITA,1395,2941.5656
mpd2020-pib-per-capita-mapa-pre1820,ITA,1396,2849.4016
mpd2020-pib-per-capita-mapa-pre1820,ITA,1397,2826.3607
mpd2020-pib-per-capita-mapa-pre1820,ITA,1398,2764.918
mpd2020-pib-per-capita-mapa-pre1820,ITA,1399,2803.3197
mpd2020-pib-per-capita-mapa-pre1820,ITA,1400,3087.4918
mpd2020-pib-per-capita-mapa-pre1820,ITA,1401,3118.2131
mpd2020-pib-per-capita-mapa-pre1820,ITA,1402,3026.0492
mpd2020-pib-per-capita-mapa-pre1820,ITA,1403,3325.582
mpd2020-pib-per-capita-mapa-pre1820,ITA,1404,3241.0984
mpd2020-pib-per-capita-mapa-pre1820,ITA,1405,2933.8852
mpd2020-pib-per-capita-mapa-pre1820,ITA,1406,2995.3279
mpd2020-pib-per-capita-mapa-pre1820,ITA,1407,2895.4836
mpd2020-pib-per-capita-mapa-pre1820,ITA,1408,2857.082
mpd2020-pib-per-capita-mapa-pre1820,ITA,1409,2880.123
mpd2020-pib-per-capita-mapa-pre1820,ITA,1410,3148.9344
mpd2020-pib-per-capita-mapa-pre1820,ITA,1411,2841.7213
mpd2020-pib-per-capita-mapa-pre1820,ITA,1412,2665.0738
mpd2020-pib-per-capita-mapa-pre1820,ITA,1413,3694.2377
mpd2020-pib-per-capita-mapa-pre1820,ITA,1414,3425.4262
mpd2020-pib-per-capita-mapa-pre1820,ITA,1415,3118.2131
mpd2020-pib-per-capita-mapa-pre1820,ITA,1416,2857.082
mpd2020-pib-per-capita-mapa-pre1820,ITA,1417,2956.9262
mpd2020-pib-per-capita-mapa-pre1820,ITA,1418,3271.8197
mpd2020-pib-per-capita-mapa-pre1820,ITA,1419,3141.2541
mpd2020-pib-per-capita-mapa-pre1820,ITA,1420,2933.8852
mpd2020-pib-per-capita-mapa-pre1820,ITA,1421,3187.3361
mpd2020-pib-per-capita-mapa-pre1820,ITA,1422,3548.3115
mpd2020-pib-per-capita-mapa-pre1820,ITA,1423,3440.7869
mpd2020-pib-per-capita-mapa-pre1820,ITA,1424,3602.0738
mpd2020-pib-per-capita-mapa-pre1820,ITA,1425,3317.9016
mpd2020-pib-per-capita-mapa-pre1820,ITA,1426,3241.0984
mpd2020-pib-per-capita-mapa-pre1820,ITA,1427,3287.1803
mpd2020-pib-per-capita-mapa-pre1820,ITA,1428,3648.1557
mpd2020-pib-per-capita-mapa-pre1820,ITA,1429,3632.7951
mpd2020-pib-per-capita-mapa-pre1820,ITA,1430,3433.1066
mpd2020-pib-per-capita-mapa-pre1820,ITA,1431,3010.6885
mpd2020-pib-per-capita-mapa-pre1820,ITA,1432,2849.4016
mpd2020-pib-per-capita-mapa-pre1820,ITA,1433,3256.459
mpd2020-pib-per-capita-mapa-pre1820,ITA,1434,3325.582
mpd2020-pib-per-capita-mapa-pre1820,ITA,1435,3271.8197
mpd2020-pib-per-capita-mapa-pre1820,ITA,1436,3087.4918
mpd2020-pib-per-capita-mapa-pre1820,ITA,1437,3287.1803
mpd2020-pib-per-capita-mapa-pre1820,ITA,1438,3279.5
mpd2020-pib-per-capita-mapa-pre1820,ITA,1439,2979.9672
mpd2020-pib-per-capita-mapa-pre1820,ITA,1440,2979.9672
mpd2020-pib-per-capita-mapa-pre1820,ITA,1441,2964.6066
mpd2020-pib-per-capita-mapa-pre1820,ITA,1442,2741.877
mpd2020-pib-per-capita-mapa-pre1820,ITA,1443,3287.1803
mpd2020-pib-per-capita-mapa-pre1820,ITA,1444,3110.5328
mpd2020-pib-per-capita-mapa-pre1820,ITA,1445,3287.1803
mpd2020-pib-per-capita-mapa-pre1820,ITA,1446,3195.0164
mpd2020-pib-per-capita-mapa-pre1820,ITA,1447,3609.7541
mpd2020-pib-per-capita-mapa-pre1820,ITA,1448,3486.8689
mpd2020-pib-per-capita-mapa-pre1820,ITA,1449,3494.5492
mpd2020-pib-per-capita-mapa-pre1820,ITA,1450,3218.0574
mpd2020-pib-per-capita-mapa-pre1820,ITA,1451,3210.377
mpd2020-pib-per-capita-mapa-pre1820,ITA,1452,3325.582
mpd2020-pib-per-capita-mapa-pre1820,ITA,1453,3325.582
mpd2020-pib-per-capita-mapa-pre1820,ITA,1454,3248.7787
mpd2020-pib-per-capita-mapa-pre1820,ITA,1455,3079.8115
mpd2020-pib-per-capita-mapa-pre1820,ITA,1456,2926.2049
mpd2020-pib-per-capita-mapa-pre1820,ITA,1457,2903.1639
mpd2020-pib-per-capita-mapa-pre1820,ITA,1458,3317.9016
mpd2020-pib-per-capita-mapa-pre1820,ITA,1459,3494.5492
mpd2020-pib-per-capita-mapa-pre1820,ITA,1460,3663.5164
mpd2020-pib-per-capita-mapa-pre1820,ITA,1461,3663.5164
mpd2020-pib-per-capita-mapa-pre1820,ITA,1462,3502.2295
mpd2020-pib-per-capita-mapa-pre1820,ITA,1463,3356.3033
mpd2020-pib-per-capita-mapa-pre1820,ITA,1464,2956.9262
mpd2020-pib-per-capita-mapa-pre1820,ITA,1465,2933.8852
mpd2020-pib-per-capita-mapa-pre1820,ITA,1466,2933.8852
mpd2020-pib-per-capita-mapa-pre1820,ITA,1467,2987.6475
mpd2020-pib-per-capita-mapa-pre1820,ITA,1468,3141.2541
mpd2020-pib-per-capita-mapa-pre1820,ITA,1469,3187.3361
mpd2020-pib-per-capita-mapa-pre1820,ITA,1470,3387.0246
mpd2020-pib-per-capita-mapa-pre1820,ITA,1471,3333.2623
mpd2020-pib-per-capita-mapa-pre1820,ITA,1472,3148.9344
mpd2020-pib-per-capita-mapa-pre1820,ITA,1473,2880.123
mpd2020-pib-per-capita-mapa-pre1820,ITA,1474,2811
mpd2020-pib-per-capita-mapa-pre1820,ITA,1475,2849.4016
mpd2020-pib-per-capita-mapa-pre1820,ITA,1476,2757.2377
mpd2020-pib-per-capita-mapa-pre1820,ITA,1477,2811
mpd2020-pib-per-capita-mapa-pre1820,ITA,1478,2964.6066
mpd2020-pib-per-capita-mapa-pre1820,ITA,1479,2895.4836
mpd2020-pib-per-capita-mapa-pre1820,ITA,1480,2933.8852
mpd2020-pib-per-capita-mapa-pre1820,ITA,1481,2926.2049
mpd2020-pib-per-capita-mapa-pre1820,ITA,1482,2680.4344
mpd2020-pib-per-capita-mapa-pre1820,ITA,1483,2572.9098
mpd2020-pib-per-capita-mapa-pre1820,ITA,1484,2741.877
mpd2020-pib-per-capita-mapa-pre1820,ITA,1485,2941.5656
mpd2020-pib-per-capita-mapa-pre1820,ITA,1486,2818.6803
mpd2020-pib-per-capita-mapa-pre1820,ITA,1487,2787.959
mpd2020-pib-per-capita-mapa-pre1820,ITA,1488,2818.6803
mpd2020-pib-per-capita-mapa-pre1820,ITA,1489,2903.1639
mpd2020-pib-per-capita-mapa-pre1820,ITA,1490,2795.6393
mpd2020-pib-per-capita-mapa-pre1820,ITA,1491,2872.4426
mpd2020-pib-per-capita-mapa-pre1820,ITA,1492,2979.9672
mpd2020-pib-per-capita-mapa-pre1820,ITA,1493,2910.8443
mpd2020-pib-per-capita-mapa-pre1820,ITA,1494,2718.8361
mpd2020-pib-per-capita-mapa-pre1820,ITA,1495,2718.8361
mpd2020-pib-per-capita-mapa-pre1820,ITA,1496,2480.7459
mpd2020-pib-per-capita-mapa-pre1820,ITA,1497,2542.1885
mpd2020-pib-per-capita-mapa-pre1820,ITA,1498,2695.7951
mpd2020-pib-per-capita-mapa-pre1820,ITA,1499,2734.1967
mpd2020-pib-per-capita-mapa-pre1820,ITA,1500,2703.4754
mpd2020-pib-per-capita-mapa-pre1820,ITA,1501,2595.9508
mpd2020-pib-per-capita-mapa-pre1820,ITA,1502,2557.5492
mpd2020-pib-per-capita-mapa-pre1820,ITA,1503,2580.5902
mpd2020-pib-per-capita-mapa-pre1820,ITA,1504,2434.6639
mpd2020-pib-per-capita-mapa-pre1820,ITA,1505,2634.3525
mpd2020-pib-per-capita-mapa-pre1820,ITA,1506,2887.8033
mpd2020-pib-per-capita-mapa-pre1820,ITA,1507,2864.7623
mpd2020-pib-per-capita-mapa-pre1820,ITA,1508,2979.9672
mpd2020-pib-per-capita-mapa-pre1820,ITA,1509,2995.3279
mpd2020-pib-per-capita-mapa-pre1820,ITA,1510,3072.1311
mpd2020-pib-per-capita-mapa-pre1820,ITA,1511,2872.4426
mpd2020-pib-per-capita-mapa-pre1820,ITA,1512,2926.2049
mpd2020-pib-per-capita-mapa-pre1820,ITA,1513,3010.6885
mpd2020-pib-per-capita-mapa-pre1820,ITA,1514,2926.2049
mpd2020-pib-per-capita-mapa-pre1820,ITA,1515,2849.4016
mpd2020-pib-per-capita-mapa-pre1820,ITA,1516,2895.4836
mpd2020-pib-per-capita-mapa-pre1820,ITA,1517,3079.8115
mpd2020-pib-per-capita-mapa-pre1820,ITA,1518,3102.8525
mpd2020-pib-per-capita-mapa-pre1820,ITA,1519,3010.6885
mpd2020-pib-per-capita-mapa-pre1820,ITA,1520,2887.8033
mpd2020-pib-per-capita-mapa-pre1820,ITA,1521,2665.0738
mpd2020-pib-per-capita-mapa-pre1820,ITA,1522,2634.3525
mpd2020-pib-per-capita-mapa-pre1820,ITA,1523,2680.4344
mpd2020-pib-per-capita-mapa-pre1820,ITA,1524,3010.6885
mpd2020-pib-per-capita-mapa-pre1820,ITA,1525,2995.3279
mpd2020-pib-per-capita-mapa-pre1820,ITA,1526,2711.1557
mpd2020-pib-per-capita-mapa-pre1820,ITA,1527,2488.4262
mpd2020-pib-per-capita-mapa-pre1820,ITA,1528,2457.7049
mpd2020-pib-per-capita-mapa-pre1820,ITA,1529,2603.6311
mpd2020-pib-per-capita-mapa-pre1820,ITA,1530,2465.3852
mpd2020-pib-per-capita-mapa-pre1820,ITA,1531,2542.1885
mpd2020-pib-per-capita-mapa-pre1820,ITA,1532,2534.5082
mpd2020-pib-per-capita-mapa-pre1820,ITA,1533,2503.7869
mpd2020-pib-per-capita-mapa-pre1820,ITA,1534,2864.7623
mpd2020-pib-per-capita-mapa-pre1820,ITA,1535,2964.6066
mpd2020-pib-per-capita-mapa-pre1820,ITA,1536,2880.123
mpd2020-pib-per-capita-mapa-pre1820,ITA,1537,2933.8852
mpd2020-pib-per-capita-mapa-pre1820,ITA,1538,2665.0738
mpd2020-pib-per-capita-mapa-pre1820,ITA,1539,2442.3443
mpd2020-pib-per-capita-mapa-pre1820,ITA,1540,2549.8689
mpd2020-pib-per-capita-mapa-pre1820,ITA,1541,2834.041
mpd2020-pib-per-capita-mapa-pre1820,ITA,1542,2864.7623
mpd2020-pib-per-capita-mapa-pre1820,ITA,1543,2734.1967
mpd2020-pib-per-capita-mapa-pre1820,ITA,1544,2757.2377
mpd2020-pib-per-capita-mapa-pre1820,ITA,1545,2703.4754
mpd2020-pib-per-capita-mapa-pre1820,ITA,1546,2872.4426
mpd2020-pib-per-capita-mapa-pre1820,ITA,1547,2557.5492
mpd2020-pib-per-capita-mapa-pre1820,ITA,1548,2565.2295
mpd2020-pib-per-capita-mapa-pre1820,ITA,1549,2695.7951
mpd2020-pib-per-capita-mapa-pre1820,ITA,1550,2526.8279
mpd2020-pib-per-capita-mapa-pre1820,ITA,1551,2618.9918
mpd2020-pib-per-capita-mapa-pre1820,ITA,1552,2826.3607
mpd2020-pib-per-capita-mapa-pre1820,ITA,1553,2711.1557
mpd2020-pib-per-capita-mapa-pre1820,ITA,1554,2419.3033
mpd2020-pib-per-capita-mapa-pre1820,ITA,1555,2373.2213
mpd2020-pib-per-capita-mapa-pre1820,ITA,1556,2480.7459
mpd2020-pib-per-capita-mapa-pre1820,ITA,1557,2403.9426
mpd2020-pib-per-capita-mapa-pre1820,ITA,1558,2457.7049
mpd2020-pib-per-capita-mapa-pre1820,ITA,1559,2411.623
mpd2020-pib-per-capita-mapa-pre1820,ITA,1560,2519.1475
mpd2020-pib-per-capita-mapa-pre1820,ITA,1561,2534.5082
mpd2020-pib-per-capita-mapa-pre1820,ITA,1562,2365.541
mpd2020-pib-per-capita-mapa-pre1820,ITA,1563,2634.3525
mpd2020-pib-per-capita-mapa-pre1820,ITA,1564,2503.7869
mpd2020-pib-per-capita-mapa-pre1820,ITA,1565,2534.5082
mpd2020-pib-per-capita-mapa-pre1820,ITA,1566,2572.9098
mpd2020-pib-per-capita-mapa-pre1820,ITA,1567,2734.1967
mpd2020-pib-per-capita-mapa-pre1820,ITA,1568,2588.2705
mpd2020-pib-per-capita-mapa-pre1820,ITA,1569,2419.3033
mpd2020-pib-per-capita-mapa-pre1820,ITA,1570,2572.9098
mpd2020-pib-per-capita-mapa-pre1820,ITA,1571,2511.4672
mpd2020-pib-per-capita-mapa-pre1820,ITA,1572,2542.1885
mpd2020-pib-per-capita-mapa-pre1820,ITA,1573,2634.3525
mpd2020-pib-per-capita-mapa-pre1820,ITA,1574,2618.9918
mpd2020-pib-per-capita-mapa-pre1820,ITA,1575,2542.1885
mpd2020-pib-per-capita-mapa-pre1820,ITA,1576,2626.6721
mpd2020-pib-per-capita-mapa-pre1820,ITA,1577,2588.2705
mpd2020-pib-per-capita-mapa-pre1820,ITA,1578,2542.1885
mpd2020-pib-per-capita-mapa-pre1820,ITA,1579,2442.3443
mpd2020-pib-per-capita-mapa-pre1820,ITA,1580,2457.7049
mpd2020-pib-per-capita-mapa-pre1820,ITA,1581,2519.1475
mpd2020-pib-per-capita-mapa-pre1820,ITA,1582,2526.8279
mpd2020-pib-per-capita-mapa-pre1820,ITA,1583,2572.9098
mpd2020-pib-per-capita-mapa-pre1820,ITA,1584,2526.8279
mpd2020-pib-per-capita-mapa-pre1820,ITA,1585,2480.7459
mpd2020-pib-per-capita-mapa-pre1820,ITA,1586,2496.1066
mpd2020-pib-per-capita-mapa-pre1820,ITA,1587,2534.5082
mpd2020-pib-per-capita-mapa-pre1820,ITA,1588,2542.1885
mpd2020-pib-per-capita-mapa-pre1820,ITA,1589,2480.7459
mpd2020-pib-per-capita-mapa-pre1820,ITA,1590,2396.2623
mpd2020-pib-per-capita-mapa-pre1820,ITA,1591,2327.1393
mpd2020-pib-per-capita-mapa-pre1820,ITA,1592,2350.1803
mpd2020-pib-per-capita-mapa-pre1820,ITA,1593,2465.3852
mpd2020-pib-per-capita-mapa-pre1820,ITA,1594,2403.9426
mpd2020-pib-per-capita-mapa-pre1820,ITA,1595,2396.2623
mpd2020-pib-per-capita-mapa-pre1820,ITA,1596,2273.377
mpd2020-pib-per-capita-mapa-pre1820,ITA,1597,2327.1393
mpd2020-pib-per-capita-mapa-pre1820,ITA,1598,2396.2623
mpd2020-pib-per-capita-mapa-pre1820,ITA,1599,2496.1066
mpd2020-pib-per-capita-mapa-pre1820,ITA,1600,2403.9426
mpd2020-pib-per-capita-mapa-pre1820,ITA,1601,2304.0984
mpd2020-pib-per-capita-mapa-pre1820,ITA,1602,2319.459
mpd2020-pib-per-capita-mapa-pre1820,ITA,1603,2426.9836
mpd2020-pib-per-capita-mapa-pre1820,ITA,1604,2350.1803
mpd2020-pib-per-capita-mapa-pre1820,ITA,1605,2373.2213
mpd2020-pib-per-capita-mapa-pre1820,ITA,1606,2296.418
mpd2020-pib-per-capita-mapa-pre1820,ITA,1607,2311.7787
mpd2020-pib-per-capita-mapa-pre1820,ITA,1608,2388.582
mpd2020-pib-per-capita-mapa-pre1820,ITA,1609,2496.1066
mpd2020-pib-per-capita-mapa-pre1820,ITA,1610,2565.2295
mpd2020-pib-per-capita-mapa-pre1820,ITA,1611,2534.5082
mpd2020-pib-per-capita-mapa-pre1820,ITA,1612,2496.1066
mpd2020-pib-per-capita-mapa-pre1820,ITA,1613,2480.7459
mpd2020-pib-per-capita-mapa-pre1820,ITA,1614,2511.4672
mpd2020-pib-per-capita-mapa-pre1820,ITA,1615,2465.3852
mpd2020-pib-per-capita-mapa-pre1820,ITA,1616,2557.5492
mpd2020-pib-per-capita-mapa-pre1820,ITA,1617,2511.4672
mpd2020-pib-per-capita-mapa-pre1820,ITA,1618,2426.9836
mpd2020-pib-per-capita-mapa-pre1820,ITA,1619,2450.0246
mpd2020-pib-per-capita-mapa-pre1820,ITA,1620,2519.1475
mpd2020-pib-per-capita-mapa-pre1820,ITA,1621,2626.6721
mpd2020-pib-per-capita-mapa-pre1820,ITA,1622,2588.2705
mpd2020-pib-per-capita-mapa-pre1820,ITA,1623,2580.5902
mpd2020-pib-per-capita-mapa-pre1820,ITA,1624,2603.6311
mpd2020-pib-per-capita-mapa-pre1820,ITA,1625,2688.1148
mpd2020-pib-per-capita-mapa-pre1820,ITA,1626,2642.0328
mpd2020-pib-per-capita-mapa-pre1820,ITA,1627,2542.1885
mpd2020-pib-per-capita-mapa-pre1820,ITA,1628,2442.3443
mpd2020-pib-per-capita-mapa-pre1820,ITA,1629,2403.9426
mpd2020-pib-per-capita-mapa-pre1820,ITA,1630,2557.5492
mpd2020-pib-per-capita-mapa-pre1820,ITA,1631,2703.4754
mpd2020-pib-per-capita-mapa-pre1820,ITA,1632,2857.082
mpd2020-pib-per-capita-mapa-pre1820,ITA,1633,2849.4016
mpd2020-pib-per-capita-mapa-pre1820,ITA,1634,2895.4836
mpd2020-pib-per-capita-mapa-pre1820,ITA,1635,2595.9508
mpd2020-pib-per-capita-mapa-pre1820,ITA,1636,2657.3934
mpd2020-pib-per-capita-mapa-pre1820,ITA,1637,2757.2377
mpd2020-pib-per-capita-mapa-pre1820,ITA,1638,2880.123
mpd2020-pib-per-capita-mapa-pre1820,ITA,1639,2880.123
mpd2020-pib-per-capita-mapa-pre1820,ITA,1640,2941.5656
mpd2020-pib-per-capita-mapa-pre1820,ITA,1641,3003.0082
mpd2020-pib-per-capita-mapa-pre1820,ITA,1642,2818.6803
mpd2020-pib-per-capita-mapa-pre1820,ITA,1643,2657.3934
mpd2020-pib-per-capita-mapa-pre1820,ITA,1644,2665.0738
mpd2020-pib-per-capita-mapa-pre1820,ITA,1645,2757.2377
mpd2020-pib-per-capita-mapa-pre1820,ITA,1646,2787.959
mpd2020-pib-per-capita-mapa-pre1820,ITA,1647,2657.3934
mpd2020-pib-per-capita-mapa-pre1820,ITA,1648,2542.1885
mpd2020-pib-per-capita-mapa-pre1820,ITA,1649,2488.4262
mpd2020-pib-per-capita-mapa-pre1820,ITA,1650,2465.3852
mpd2020-pib-per-capita-mapa-pre1820,ITA,1651,2718.8361
mpd2020-pib-per-capita-mapa-pre1820,ITA,1652,2741.877
mpd2020-pib-per-capita-mapa-pre1820,ITA,1653,2711.1557
mpd2020-pib-per-capita-mapa-pre1820,ITA,1654,2741.877
mpd2020-pib-per-capita-mapa-pre1820,ITA,1655,2749.5574
mpd2020-pib-per-capita-mapa-pre1820,ITA,1656,2672.7541
mpd2020-pib-per-capita-mapa-pre1820,ITA,1657,2595.9508
mpd2020-pib-per-capita-mapa-pre1820,ITA,1658,2572.9098
mpd2020-pib-per-capita-mapa-pre1820,ITA,1659,2572.9098
mpd2020-pib-per-capita-mapa-pre1820,ITA,1660,2618.9918
mpd2020-pib-per-capita-mapa-pre1820,ITA,1661,2672.7541
mpd2020-pib-per-capita-mapa-pre1820,ITA,1662,2695.7951
mpd2020-pib-per-capita-mapa-pre1820,ITA,1663,2688.1148
mpd2020-pib-per-capita-mapa-pre1820,ITA,1664,2680.4344
mpd2020-pib-per-capita-mapa-pre1820,ITA,1665,2711.1557
mpd2020-pib-per-capita-mapa-pre1820,ITA,1666,2787.959
mpd2020-pib-per-capita-mapa-pre1820,ITA,1667,2795.6393
mpd2020-pib-per-capita-mapa-pre1820,ITA,1668,2764.918
mpd2020-pib-per-capita-mapa-pre1820,ITA,1669,2672.7541
mpd2020-pib-per-capita-mapa-pre1820,ITA,1670,2634.3525
mpd2020-pib-per-capita-mapa-pre1820,ITA,1671,2672.7541
mpd2020-pib-per-capita-mapa-pre1820,ITA,1672,2695.7951
mpd2020-pib-per-capita-mapa-pre1820,ITA,1673,2711.1557
mpd2020-pib-per-capita-mapa-pre1820,ITA,1674,2688.1148
mpd2020-pib-per-capita-mapa-pre1820,ITA,1675,2542.1885
mpd2020-pib-per-capita-mapa-pre1820,ITA,1676,2565.2295
mpd2020-pib-per-capita-mapa-pre1820,ITA,1677,2473.0656
mpd2020-pib-per-capita-mapa-pre1820,ITA,1678,2473.0656
mpd2020-pib-per-capita-mapa-pre1820,ITA,1679,2526.8279
mpd2020-pib-per-capita-mapa-pre1820,ITA,1680,2534.5082
mpd2020-pib-per-capita-mapa-pre1820,ITA,1681,2603.6311
mpd2020-pib-per-capita-mapa-pre1820,ITA,1682,2634.3525
mpd2020-pib-per-capita-mapa-pre1820,ITA,1683,2657.3934
mpd2020-pib-per-capita-mapa-pre1820,ITA,1684,2572.9098
mpd2020-pib-per-capita-mapa-pre1820,ITA,1685,2457.7049
mpd2020-pib-per-capita-mapa-pre1820,ITA,1686,2526.8279
mpd2020-pib-per-capita-mapa-pre1820,ITA,1687,2657.3934
mpd2020-pib-per-capita-mapa-pre1820,ITA,1688,2634.3525
mpd2020-pib-per-capita-mapa-pre1820,ITA,1689,2626.6721
mpd2020-pib-per-capita-mapa-pre1820,ITA,1690,2473.0656
mpd2020-pib-per-capita-mapa-pre1820,ITA,1691,2480.7459
mpd2020-pib-per-capita-mapa-pre1820,ITA,1692,2542.1885
mpd2020-pib-per-capita-mapa-pre1820,ITA,1693,2511.4672
mpd2020-pib-per-capita-mapa-pre1820,ITA,1694,2419.3033
mpd2020-pib-per-capita-mapa-pre1820,ITA,1695,2388.582
mpd2020-pib-per-capita-mapa-pre1820,ITA,1696,2396.2623
mpd2020-pib-per-capita-mapa-pre1820,ITA,1697,2426.9836
mpd2020-pib-per-capita-mapa-pre1820,ITA,1698,2503.7869
mpd2020-pib-per-capita-mapa-pre1820,ITA,1699,2526.8279
mpd2020-pib-per-capita-mapa-pre1820,ITA,1700,2603.6311
mpd2020-pib-per-capita-mapa-pre1820,ITA,1701,2580.5902
mpd2020-pib-per-capita-mapa-pre1820,ITA,1702,2565.2295
mpd2020-pib-per-capita-mapa-pre1820,ITA,1703,2595.9508
mpd2020-pib-per-capita-mapa-pre1820,ITA,1704,2611.3115
mpd2020-pib-per-capita-mapa-pre1820,ITA,1705,2618.9918
mpd2020-pib-per-capita-mapa-pre1820,ITA,1706,2588.2705
mpd2020-pib-per-capita-mapa-pre1820,ITA,1707,2665.0738
mpd2020-pib-per-capita-mapa-pre1820,ITA,1708,2657.3934
mpd2020-pib-per-capita-mapa-pre1820,ITA,1709,2511.4672
mpd2020-pib-per-capita-mapa-pre1820,ITA,1710,2665.0738
mpd2020-pib-per-capita-mapa-pre1820,ITA,1711,2803.3197
mpd2020-pib-per-capita-mapa-pre1820,ITA,1712,2834.041
mpd2020-pib-per-capita-mapa-pre1820,ITA,1713,2834.041
mpd2020-pib-per-capita-mapa-pre1820,ITA,1714,2872.4426
mpd2020-pib-per-capita-mapa-pre1820,ITA,1715,2818.6803
mpd2020-pib-per-capita-mapa-pre1820,ITA,1716,2811
mpd2020-pib-per-capita-mapa-pre1820,ITA,1717,2834.041
mpd2020-pib-per-capita-mapa-pre1820,ITA,1718,2811
mpd2020-pib-per-capita-mapa-pre1820,ITA,1719,2887.8033
mpd2020-pib-per-capita-mapa-pre1820,ITA,1720,3033.7295
mpd2020-pib-per-capita-mapa-pre1820,ITA,1721,2995.3279
mpd2020-pib-per-capita-mapa-pre1820,ITA,1722,2972.2869
mpd2020-pib-per-capita-mapa-pre1820,ITA,1723,3079.8115
mpd2020-pib-per-capita-mapa-pre1820,ITA,1724,3148.9344
mpd2020-pib-per-capita-mapa-pre1820,ITA,1725,3010.6885
mpd2020-pib-per-capita-mapa-pre1820,ITA,1726,2949.2459
mpd2020-pib-per-capita-mapa-pre1820,ITA,1727,3010.6885
mpd2020-pib-per-capita-mapa-pre1820,ITA,1728,3026.0492
mpd2020-pib-per-capita-mapa-pre1820,ITA,1729,3033.7295
mpd2020-pib-per-capita-mapa-pre1820,ITA,1730,2979.9672
mpd2020-pib-per-capita-mapa-pre1820,ITA,1731,2880.123
mpd2020-pib-per-capita-mapa-pre1820,ITA,1732,2910.8443
mpd2020-pib-per-capita-mapa-pre1820,ITA,1733,2726.5164
mpd2020-pib-per-capita-mapa-pre1820,ITA,1734,2626.6721
mpd2020-pib-per-capita-mapa-pre1820,ITA,1735,2665.0738
mpd2020-pib-per-capita-mapa-pre1820,ITA,1736,2726.5164
mpd2020-pib-per-capita-mapa-pre1820,ITA,1737,2818.6803
mpd2020-pib-per-capita-mapa-pre1820,ITA,1738,2841.7213
mpd2020-pib-per-capita-mapa-pre1820,ITA,1739,2849.4016
mpd2020-pib-per-capita-mapa-pre1820,ITA,1740,2772.5984
mpd2020-pib-per-capita-mapa-pre1820,ITA,1741,2734.1967
mpd2020-pib-per-capita-mapa-pre1820,ITA,1742,2803.3197
mpd2020-pib-per-capita-mapa-pre1820,ITA,1743,2780.2787
mpd2020-pib-per-capita-mapa-pre1820,ITA,1744,2787.959
mpd2020-pib-per-capita-mapa-pre1820,ITA,1745,2772.5984
mpd2020-pib-per-capita-mapa-pre1820,ITA,1746,2672.7541
mpd2020-pib-per-capita-mapa-pre1820,ITA,1747,2626.6721
mpd2020-pib-per-capita-mapa-pre1820,ITA,1748,2649.7131
mpd2020-pib-per-capita-mapa-pre1820,ITA,1749,2726.5164
mpd2020-pib-per-capita-mapa-pre1820,ITA,1750,2703.4754
mpd2020-pib-per-capita-mapa-pre1820,ITA,1751,2695.7951
mpd2020-pib-per-capita-mapa-pre1820,ITA,1752,2757.2377
mpd2020-pib-per-capita-mapa-pre1820,ITA,1753,2895.4836
mpd2020-pib-per-capita-mapa-pre1820,ITA,1754,2895.4836
mpd2020-pib-per-capita-mapa-pre1820,ITA,1755,2826.3607
mpd2020-pib-per-capita-mapa-pre1820,ITA,1756,2787.959
mpd2020-pib-per-capita-mapa-pre1820,ITA,1757,2787.959
mpd2020-pib-per-capita-mapa-pre1820,ITA,1758,2811
mpd2020-pib-per-capita-mapa-pre1820,ITA,1759,2803.3197
mpd2020-pib-per-capita-mapa-pre1820,ITA,1760,2857.082
mpd2020-pib-per-capita-mapa-pre1820,ITA,1761,2887.8033
mpd2020-pib-per-capita-mapa-pre1820,ITA,1762,2903.1639
mpd2020-pib-per-capita-mapa-pre1820,ITA,1763,2849.4016
mpd2020-pib-per-capita-mapa-pre1820,ITA,1764,2787.959
mpd2020-pib-per-capita-mapa-pre1820,ITA,1765,2734.1967
mpd2020-pib-per-capita-mapa-pre1820,ITA,1766,2634.3525
mpd2020-pib-per-capita-mapa-pre1820,ITA,1767,2680.4344
mpd2020-pib-per-capita-mapa-pre1820,ITA,1768,2726.5164
mpd2020-pib-per-capita-mapa-pre1820,ITA,1769,2757.2377
mpd2020-pib-per-capita-mapa-pre1820,ITA,1770,2626.6721
mpd2020-pib-per-capita-mapa-pre1820,ITA,1771,2603.6311
mpd2020-pib-per-capita-mapa-pre1820,ITA,1772,2526.8279
mpd2020-pib-per-capita-mapa-pre1820,ITA,1773,2542.1885
mpd2020-pib-per-capita-mapa-pre1820,ITA,1774,2503.7869
mpd2020-pib-per-capita-mapa-pre1820,ITA,1775,2473.0656
mpd2020-pib-per-capita-mapa-pre1820,ITA,1776,2588.2705
mpd2020-pib-per-capita-mapa-pre1820,ITA,1777,2511.4672
mpd2020-pib-per-capita-mapa-pre1820,ITA,1778,2450.0246
mpd2020-pib-per-capita-mapa-pre1820,ITA,1779,2557.5492
mpd2020-pib-per-capita-mapa-pre1820,ITA,1780,2657.3934
mpd2020-pib-per-capita-mapa-pre1820,ITA,1781,2588.2705
mpd2020-pib-per-capita-mapa-pre1820,ITA,1782,2549.8689
mpd2020-pib-per-capita-mapa-pre1820,ITA,1783,2519.1475
mpd2020-pib-per-capita-mapa-pre1820,ITA,1784,2511.4672
mpd2020-pib-per-capita-mapa-pre1820,ITA,1785,2542.1885
mpd2020-pib-per-capita-mapa-pre1820,ITA,1786,2572.9098
mpd2020-pib-per-capita-mapa-pre1820,ITA,1787,2503.7869
mpd2020-pib-per-capita-mapa-pre1820,ITA,1788,2557.5492
mpd2020-pib-per-capita-mapa-pre1820,ITA,1789,2549.8689
mpd2020-pib-per-capita-mapa-pre1820,ITA,1790,2426.9836
mpd2020-pib-per-capita-mapa-pre1820,ITA,1791,2473.0656
mpd2020-pib-per-capita-mapa-pre1820,ITA,1792,2488.4262
mpd2020-pib-per-capita-mapa-pre1820,ITA,1793,2411.623
mpd2020-pib-per-capita-mapa-pre1820,ITA,1794,2442.3443
mpd2020-pib-per-capita-mapa-pre1820,ITA,1795,2511.4672
mpd2020-pib-per-capita-mapa-pre1820,ITA,1796,2519.1475
mpd2020-pib-per-capita-mapa-pre1820,ITA,1797,2549.8689
mpd2020-pib-per-capita-mapa-pre1820,ITA,1798,2603.6311
mpd2020-pib-per-capita-mapa-pre1820,ITA,1799,2526.8279
mpd2020-pib-per-capita-mapa-pre1820,ITA,1800,2403.9426
mpd2020-pib-per-capita-mapa-pre1820,ITA,1801,2373.2213
mpd2020-pib-per-capita-mapa-pre1820,ITA,1802,2450.0246
mpd2020-pib-per-capita-mapa-pre1820,ITA,1803,2519.1475
mpd2020-pib-per-capita-mapa-pre1820,ITA,1804,2626.6721
mpd2020-pib-per-capita-mapa-pre1820,ITA,1805,2542.1885
mpd2020-pib-per-capita-mapa-pre1820,ITA,1806,2603.6311
mpd2020-pib-per-capita-mapa-pre1820,ITA,1807,2611.3115
mpd2020-pib-per-capita-mapa-pre1820,ITA,1808,2757.2377
mpd2020-pib-per-capita-mapa-pre1820,ITA,1809,2772.5984
mpd2020-pib-per-capita-mapa-pre1820,ITA,1810,2557.5492
mpd2020-pib-per-capita-mapa-pre1820,ITA,1811,2473.0656
mpd2020-pib-per-capita-mapa-pre1820,ITA,1812,2526.8279
mpd2020-pib-per-capita-mapa-pre1820,ITA,1813,2595.9508
mpd2020-pib-per-capita-mapa-pre1820,ITA,1814,2626.6721
mpd2020-pib-per-capita-mapa-pre1820,ITA,1815,2511.4672
mpd2020-pib-per-capita-mapa-pre1820,ITA,1816,2473.0656
mpd2020-pib-per-capita-mapa-pre1820,ITA,1817,2496.1066
mpd2020-pib-per-capita-mapa-pre1820,ITA,1818,2688.1148
mpd2020-pib-per-capita-mapa-pre1820,ITA,1819,2665.0738
mpd2020-pib-per-capita-mapa-pre1820,JOR,1,1116
mpd2020-pib-per-capita-mapa-pre1820,JPN,730,597.84
mpd2020-pib-per-capita-mapa-pre1820,JPN,1000,1009.65
mpd2020-pib-per-capita-mapa-pre1820,JPN,1120,926.97
mpd2020-pib-per-capita-mapa-pre1820,JPN,1280,841.11
mpd2020-pib-per-capita-mapa-pre1820,JPN,1450,866.55
mpd2020-pib-per-capita-mapa-pre1820,JPN,1600,1061
mpd2020-pib-per-capita-mapa-pre1820,JPN,1700,1073
mpd2020-pib-per-capita-mapa-pre1820,JPN,1721,1073.25
mpd2020-pib-per-capita-mapa-pre1820,JPN,1750,953
mpd2020-pib-per-capita-mapa-pre1820,JPN,1800,1317
mpd2020-pib-per-capita-mapa-pre1820,JPN,1804,1316.52
mpd2020-pib-per-capita-mapa-pre1820,MEX,1550,574
mpd2020-pib-per-capita-mapa-pre1820,MEX,1570,606
mpd2020-pib-per-capita-mapa-pre1820,MEX,1595,746
mpd2020-pib-per-capita-mapa-pre1820,MEX,1596,752
mpd2020-pib-per-capita-mapa-pre1820,MEX,1597,740
mpd2020-pib-per-capita-mapa-pre1820,MEX,1598,741
mpd2020-pib-per-capita-mapa-pre1820,MEX,1599,767
mpd2020-pib-per-capita-mapa-pre1820,MEX,1600,799
mpd2020-pib-per-capita-mapa-pre1820,MEX,1601,811
mpd2020-pib-per-capita-mapa-pre1820,MEX,1602,821
mpd2020-pib-per-capita-mapa-pre1820,MEX,1603,835
mpd2020-pib-per-capita-mapa-pre1820,MEX,1604,853
mpd2020-pib-per-capita-mapa-pre1820,MEX,1605,867
mpd2020-pib-per-capita-mapa-pre1820,MEX,1606,891
mpd2020-pib-per-capita-mapa-pre1820,MEX,1607,907
mpd2020-pib-per-capita-mapa-pre1820,MEX,1608,936
mpd2020-pib-per-capita-mapa-pre1820,MEX,1609,964
mpd2020-pib-per-capita-mapa-pre1820,MEX,1610,976
mpd2020-pib-per-capita-mapa-pre1820,MEX,1611,979
mpd2020-pib-per-capita-mapa-pre1820,MEX,1612,1003
mpd2020-pib-per-capita-mapa-pre1820,MEX,1613,1009
mpd2020-pib-per-capita-mapa-pre1820,MEX,1614,1004
mpd2020-pib-per-capita-mapa-pre1820,MEX,1615,999
mpd2020-pib-per-capita-mapa-pre1820,MEX,1616,993
mpd2020-pib-per-capita-mapa-pre1820,MEX,1617,996
mpd2020-pib-per-capita-mapa-pre1820,MEX,1618,1001
mpd2020-pib-per-capita-mapa-pre1820,MEX,1619,987
mpd2020-pib-per-capita-mapa-pre1820,MEX,1620,1003
mpd2020-pib-per-capita-mapa-pre1820,MEX,1621,1014
mpd2020-pib-per-capita-mapa-pre1820,MEX,1622,1023
mpd2020-pib-per-capita-mapa-pre1820,MEX,1623,1022
mpd2020-pib-per-capita-mapa-pre1820,MEX,1624,1015
mpd2020-pib-per-capita-mapa-pre1820,MEX,1625,1022
mpd2020-pib-per-capita-mapa-pre1820,MEX,1626,1050
mpd2020-pib-per-capita-mapa-pre1820,MEX,1627,1079
mpd2020-pib-per-capita-mapa-pre1820,MEX,1628,1078
mpd2020-pib-per-capita-mapa-pre1820,MEX,1629,1089
mpd2020-pib-per-capita-mapa-pre1820,MEX,1630,1121
mpd2020-pib-per-capita-mapa-pre1820,MEX,1631,1121
mpd2020-pib-per-capita-mapa-pre1820,MEX,1632,1117
mpd2020-pib-per-capita-mapa-pre1820,MEX,1633,1119
mpd2020-pib-per-capita-mapa-pre1820,MEX,1634,1117
mpd2020-pib-per-capita-mapa-pre1820,MEX,1635,1137
mpd2020-pib-per-capita-mapa-pre1820,MEX,1636,1152
mpd2020-pib-per-capita-mapa-pre1820,MEX,1637,1129
mpd2020-pib-per-capita-mapa-pre1820,MEX,1638,1098
mpd2020-pib-per-capita-mapa-pre1820,MEX,1639,1092
mpd2020-pib-per-capita-mapa-pre1820,MEX,1640,1090
mpd2020-pib-per-capita-mapa-pre1820,MEX,1641,1090
mpd2020-pib-per-capita-mapa-pre1820,MEX,1642,1092
mpd2020-pib-per-capita-mapa-pre1820,MEX,1643,1090
mpd2020-pib-per-capita-mapa-pre1820,MEX,1644,1087
mpd2020-pib-per-capita-mapa-pre1820,MEX,1645,1081
mpd2020-pib-per-capita-mapa-pre1820,MEX,1646,1078
mpd2020-pib-per-capita-mapa-pre1820,MEX,1647,1089
mpd2020-pib-per-capita-mapa-pre1820,MEX,1648,1117
mpd2020-pib-per-capita-mapa-pre1820,MEX,1649,1146
mpd2020-pib-per-capita-mapa-pre1820,MEX,1650,1172
mpd2020-pib-per-capita-mapa-pre1820,MEX,1651,1164
mpd2020-pib-per-capita-mapa-pre1820,MEX,1652,1167
mpd2020-pib-per-capita-mapa-pre1820,MEX,1653,1165
mpd2020-pib-per-capita-mapa-pre1820,MEX,1654,1165
mpd2020-pib-per-capita-mapa-pre1820,MEX,1655,1168
mpd2020-pib-per-capita-mapa-pre1820,MEX,1656,1162
mpd2020-pib-per-capita-mapa-pre1820,MEX,1657,1146
mpd2020-pib-per-capita-mapa-pre1820,MEX,1658,1148
mpd2020-pib-per-capita-mapa-pre1820,MEX,1659,1157
mpd2020-pib-per-capita-mapa-pre1820,MEX,1660,1172
mpd2020-pib-per-capita-mapa-pre1820,MEX,1661,1181
mpd2020-pib-per-capita-mapa-pre1820,MEX,1662,1180
mpd2020-pib-per-capita-mapa-pre1820,MEX,1663,1176
mpd2020-pib-per-capita-mapa-pre1820,MEX,1664,1216
mpd2020-pib-per-capita-mapa-pre1820,MEX,1665,1278
mpd2020-pib-per-capita-mapa-pre1820,MEX,1666,1336
mpd2020-pib-per-capita-mapa-pre1820,MEX,1667,1379
mpd2020-pib-per-capita-mapa-pre1820,MEX,1668,1388
mpd2020-pib-per-capita-mapa-pre1820,MEX,1669,1406
mpd2020-pib-per-capita-mapa-pre1820,MEX,1670,1428
mpd2020-pib-per-capita-mapa-pre1820,MEX,1671,1451
mpd2020-pib-per-capita-mapa-pre1820,MEX,1672,1457
mpd2020-pib-per-capita-mapa-pre1820,MEX,1673,1466
mpd2020-pib-per-capita-mapa-pre1820,MEX,1674,1474
mpd2020-pib-per-capita-mapa-pre1820,MEX,1675,1449
mpd2020-pib-per-capita-mapa-pre1820,MEX,1676,1396
mpd2020-pib-per-capita-mapa-pre1820,MEX,1677,1350
mpd2020-pib-per-capita-mapa-pre1820,MEX,1678,1326
mpd2020-pib-per-capita-mapa-pre1820,MEX,1679,1318
mpd2020-pib-per-capita-mapa-pre1820,MEX,1680,1301
mpd2020-pib-per-capita-mapa-pre1820,MEX,1681,1256
mpd2020-pib-per-capita-mapa-pre1820,MEX,1682,1223
mpd2020-pib-per-capita-mapa-pre1820,MEX,1683,1213
mpd2020-pib-per-capita-mapa-pre1820,MEX,1684,1218
mpd2020-pib-per-capita-mapa-pre1820,MEX,1685,1258
mpd2020-pib-per-capita-mapa-pre1820,MEX,1686,1274
mpd2020-pib-per-capita-mapa-pre1820,MEX,1687,1269
mpd2020-pib-per-capita-mapa-pre1820,MEX,1688,1270
mpd2020-pib-per-capita-mapa-pre1820,MEX,1689,1286
mpd2020-pib-per-capita-mapa-pre1820,MEX,1690,1278
mpd2020-pib-per-capita-mapa-pre1820,MEX,1691,1267
mpd2020-pib-per-capita-mapa-pre1820,MEX,1692,1304
mpd2020-pib-per-capita-mapa-pre1820,MEX,1693,1326
mpd2020-pib-per-capita-mapa-pre1820,MEX,1694,1376
mpd2020-pib-per-capita-mapa-pre1820,MEX,1695,1382
mpd2020-pib-per-capita-mapa-pre1820,MEX,1696,1380
mpd2020-pib-per-capita-mapa-pre1820,MEX,1697,1393
mpd2020-pib-per-capita-mapa-pre1820,MEX,1698,1415
mpd2020-pib-per-capita-mapa-pre1820,MEX,1699,1443
mpd2020-pib-per-capita-mapa-pre1820,MEX,1700,1476
mpd2020-pib-per-capita-mapa-pre1820,MEX,1701,1498
mpd2020-pib-per-capita-mapa-pre1820,MEX,1702,1541
mpd2020-pib-per-capita-mapa-pre1820,MEX,1703,1564
mpd2020-pib-per-capita-mapa-pre1820,MEX,1704,1538
mpd2020-pib-per-capita-mapa-pre1820,MEX,1705,1478
mpd2020-pib-per-capita-mapa-pre1820,MEX,1706,1465
mpd2020-pib-per-capita-mapa-pre1820,MEX,1707,1431
mpd2020-pib-per-capita-mapa-pre1820,MEX,1708,1406
mpd2020-pib-per-capita-mapa-pre1820,MEX,1709,1441
mpd2020-pib-per-capita-mapa-pre1820,MEX,1710,1490
mpd2020-pib-per-capita-mapa-pre1820,MEX,1711,1516
mpd2020-pib-per-capita-mapa-pre1820,MEX,1712,1540
mpd2020-pib-per-capita-mapa-pre1820,MEX,1713,1525
mpd2020-pib-per-capita-mapa-pre1820,MEX,1714,1490
mpd2020-pib-per-capita-mapa-pre1820,MEX,1715,1510
mpd2020-pib-per-capita-mapa-pre1820,MEX,1716,1529
mpd2020-pib-per-capita-mapa-pre1820,MEX,1717,1529
mpd2020-pib-per-capita-mapa-pre1820,MEX,1718,1537
mpd2020-pib-per-capita-mapa-pre1820,MEX,1719,1557
mpd2020-pib-per-capita-mapa-pre1820,MEX,1720,1522
mpd2020-pib-per-capita-mapa-pre1820,MEX,1721,1451
mpd2020-pib-per-capita-mapa-pre1820,MEX,1722,1384
mpd2020-pib-per-capita-mapa-pre1820,MEX,1723,1355
mpd2020-pib-per-capita-mapa-pre1820,MEX,1724,1350
mpd2020-pib-per-capita-mapa-pre1820,MEX,1725,1352
mpd2020-pib-per-capita-mapa-pre1820,MEX,1726,1339
mpd2020-pib-per-capita-mapa-pre1820,MEX,1727,1334
mpd2020-pib-per-capita-mapa-pre1820,MEX,1728,1321
mpd2020-pib-per-capita-mapa-pre1820,MEX,1729,1320
mpd2020-pib-per-capita-mapa-pre1820,MEX,1730,1328
mpd2020-pib-per-capita-mapa-pre1820,MEX,1731,1353
mpd2020-pib-per-capita-mapa-pre1820,MEX,1732,1358
mpd2020-pib-per-capita-mapa-pre1820,MEX,1733,1353
mpd2020-pib-per-capita-mapa-pre1820,MEX,1734,1339
mpd2020-pib-per-capita-mapa-pre1820,MEX,1735,1329
mpd2020-pib-per-capita-mapa-pre1820,MEX,1736,1309
mpd2020-pib-per-capita-mapa-pre1820,MEX,1737,1302
mpd2020-pib-per-capita-mapa-pre1820,MEX,1738,1307
mpd2020-pib-per-capita-mapa-pre1820,MEX,1739,1320
mpd2020-pib-per-capita-mapa-pre1820,MEX,1740,1325
mpd2020-pib-per-capita-mapa-pre1820,MEX,1741,1305
mpd2020-pib-per-capita-mapa-pre1820,MEX,1742,1277
mpd2020-pib-per-capita-mapa-pre1820,MEX,1743,1269
mpd2020-pib-per-capita-mapa-pre1820,MEX,1744,1253
mpd2020-pib-per-capita-mapa-pre1820,MEX,1745,1242
mpd2020-pib-per-capita-mapa-pre1820,MEX,1746,1254
mpd2020-pib-per-capita-mapa-pre1820,MEX,1747,1290
mpd2020-pib-per-capita-mapa-pre1820,MEX,1748,1313
mpd2020-pib-per-capita-mapa-pre1820,MEX,1749,1305
mpd2020-pib-per-capita-mapa-pre1820,MEX,1750,1296
mpd2020-pib-per-capita-mapa-pre1820,MEX,1751,1301
mpd2020-pib-per-capita-mapa-pre1820,MEX,1752,1361
mpd2020-pib-per-capita-mapa-pre1820,MEX,1753,1398
mpd2020-pib-per-capita-mapa-pre1820,MEX,1754,1415
mpd2020-pib-per-capita-mapa-pre1820,MEX,1755,1430
mpd2020-pib-per-capita-mapa-pre1820,MEX,1756,1454
mpd2020-pib-per-capita-mapa-pre1820,MEX,1757,1462
mpd2020-pib-per-capita-mapa-pre1820,MEX,1758,1465
mpd2020-pib-per-capita-mapa-pre1820,MEX,1759,1465
mpd2020-pib-per-capita-mapa-pre1820,MEX,1760,1476
mpd2020-pib-per-capita-mapa-pre1820,MEX,1761,1486
mpd2020-pib-per-capita-mapa-pre1820,MEX,1762,1487
mpd2020-pib-per-capita-mapa-pre1820,MEX,1763,1417
mpd2020-pib-per-capita-mapa-pre1820,MEX,1764,1392
mpd2020-pib-per-capita-mapa-pre1820,MEX,1765,1390
mpd2020-pib-per-capita-mapa-pre1820,MEX,1766,1404
mpd2020-pib-per-capita-mapa-pre1820,MEX,1767,1403
mpd2020-pib-per-capita-mapa-pre1820,MEX,1768,1393
mpd2020-pib-per-capita-mapa-pre1820,MEX,1769,1382
mpd2020-pib-per-capita-mapa-pre1820,MEX,1770,1388
mpd2020-pib-per-capita-mapa-pre1820,MEX,1771,1369
mpd2020-pib-per-capita-mapa-pre1820,MEX,1772,1382
mpd2020-pib-per-capita-mapa-pre1820,MEX,1773,1393
mpd2020-pib-per-capita-mapa-pre1820,MEX,1774,1433
mpd2020-pib-per-capita-mapa-pre1820,MEX,1775,1439
mpd2020-pib-per-capita-mapa-pre1820,MEX,1776,1446
mpd2020-pib-per-capita-mapa-pre1820,MEX,1777,1447
mpd2020-pib-per-capita-mapa-pre1820,MEX,1778,1470
mpd2020-pib-per-capita-mapa-pre1820,MEX,1779,1478
mpd2020-pib-per-capita-mapa-pre1820,MEX,1780,1460
mpd2020-pib-per-capita-mapa-pre1820,MEX,1781,1423
mpd2020-pib-per-capita-mapa-pre1820,MEX,1782,1406
mpd2020-pib-per-capita-mapa-pre1820,MEX,1783,1352
mpd2020-pib-per-capita-mapa-pre1820,MEX,1784,1312
mpd2020-pib-per-capita-mapa-pre1820,MEX,1785,1294
mpd2020-pib-per-capita-mapa-pre1820,MEX,1786,1298
mpd2020-pib-per-capita-mapa-pre1820,MEX,1787,1302
mpd2020-pib-per-capita-mapa-pre1820,MEX,1788,1302
mpd2020-pib-per-capita-mapa-pre1820,MEX,1789,1304
mpd2020-pib-per-capita-mapa-pre1820,MEX,1790,1298
mpd2020-pib-per-capita-mapa-pre1820,MEX,1791,1331
mpd2020-pib-per-capita-mapa-pre1820,MEX,1792,1353
mpd2020-pib-per-capita-mapa-pre1820,MEX,1793,1374
mpd2020-pib-per-capita-mapa-pre1820,MEX,1794,1385
mpd2020-pib-per-capita-mapa-pre1820,MEX,1795,1388
mpd2020-pib-per-capita-mapa-pre1820,MEX,1796,1380
mpd2020-pib-per-capita-mapa-pre1820,MEX,1797,1356
mpd2020-pib-per-capita-mapa-pre1820,MEX,1798,1341
mpd2020-pib-per-capita-mapa-pre1820,MEX,1799,1323
mpd2020-pib-per-capita-mapa-pre1820,MEX,1800,1305
mpd2020-pib-per-capita-mapa-pre1820,MEX,1801,1298
mpd2020-pib-per-capita-mapa-pre1820,MEX,1802,1274
mpd2020-pib-per-capita-mapa-pre1820,MEX,1803,1264
mpd2020-pib-per-capita-mapa-pre1820,MEX,1804,1240
mpd2020-pib-per-capita-mapa-pre1820,MEX,1805,1223
mpd2020-pib-per-capita-mapa-pre1820,MEX,1806,1202
mpd2020-pib-per-capita-mapa-pre1820,MEX,1807,1172
mpd2020-pib-per-capita-mapa-pre1820,MEX,1808,1143
mpd2020-pib-per-capita-mapa-pre1820,MEX,1809,1111
mpd2020-pib-per-capita-mapa-pre1820,MEX,1810,1073
mpd2020-pib-per-capita-mapa-pre1820,MEX,1811,1044
mpd2020-pib-per-capita-mapa-pre1820,NLD,1348,1404.6346
mpd2020-pib-per-capita-mapa-pre1820,NLD,1349,1459.893
mpd2020-pib-per-capita-mapa-pre1820,NLD,1350,1631.016
mpd2020-pib-per-capita-mapa-pre1820,NLD,1351,1713.9037
mpd2020-pib-per-capita-mapa-pre1820,NLD,1352,1646.1676
mpd2020-pib-per-capita-mapa-pre1820,NLD,1353,1654.1889
mpd2020-pib-per-capita-mapa-pre1820,NLD,1354,1655.0802
mpd2020-pib-per-capita-mapa-pre1820,NLD,1355,1682.7094
mpd2020-pib-per-capita-mapa-pre1820,NLD,1356,1742.4242
mpd2020-pib-per-capita-mapa-pre1820,NLD,1357,1745.9893
mpd2020-pib-per-capita-mapa-pre1820,NLD,1358,1744.2068
mpd2020-pib-per-capita-mapa-pre1820,NLD,1359,1766.4884
mpd2020-pib-per-capita-mapa-pre1820,NLD,1360,1739.7504
mpd2020-pib-per-capita-mapa-pre1820,NLD,1361,1780.7487
mpd2020-pib-per-capita-mapa-pre1820,NLD,1362,1778.0749
mpd2020-pib-per-capita-mapa-pre1820,NLD,1363,1749.5544
mpd2020-pib-per-capita-mapa-pre1820,NLD,1364,1726.3815
mpd2020-pib-per-capita-mapa-pre1820,NLD,1365,1729.0553
mpd2020-pib-per-capita-mapa-pre1820,NLD,1366,1765.5971
mpd2020-pib-per-capita-mapa-pre1820,NLD,1367,1901.9608
mpd2020-pib-per-capita-mapa-pre1820,NLD,1368,1892.1569
mpd2020-pib-per-capita-mapa-pre1820,NLD,1369,2097.148
mpd2020-pib-per-capita-mapa-pre1820,NLD,1370,2132.7986
mpd2020-pib-per-capita-mapa-pre1820,NLD,1371,1942.959
mpd2020-pib-per-capita-mapa-pre1820,NLD,1372,1896.6132
mpd2020-pib-per-capita-mapa-pre1820,NLD,1373,1926.9162
mpd2020-pib-per-capita-mapa-pre1820,NLD,1374,1765.5971
mpd2020-pib-per-capita-mapa-pre1820,NLD,1375,1903.7433
mpd2020-pib-per-capita-mapa-pre1820,NLD,1376,1954.5455
mpd2020-pib-per-capita-mapa-pre1820,NLD,1377,1975.9358
mpd2020-pib-per-capita-mapa-pre1820,NLD,1378,2030.303
mpd2020-pib-per-capita-mapa-pre1820,NLD,1379,1980.3922
mpd2020-pib-per-capita-mapa-pre1820,NLD,1380,2055.2585
mpd2020-pib-per-capita-mapa-pre1820,NLD,1381,1950.0891
mpd2020-pib-per-capita-mapa-pre1820,NLD,1382,2010.6952
mpd2020-pib-per-capita-mapa-pre1820,NLD,1383,2144.385
mpd2020-pib-per-capita-mapa-pre1820,NLD,1384,2297.6827
mpd2020-pib-per-capita-mapa-pre1820,NLD,1385,2123.8859
mpd2020-pib-per-capita-mapa-pre1820,NLD,1386,2248.6631
mpd2020-pib-per-capita-mapa-pre1820,NLD,1387,2072.1925
mpd2020-pib-per-capita-mapa-pre1820,NLD,1388,2108.7344
mpd2020-pib-per-capita-mapa-pre1820,NLD,1389,2365.4189
mpd2020-pib-per-capita-mapa-pre1820,NLD,1390,2265.5971
mpd2020-pib-per-capita-mapa-pre1820,NLD,1391,2169.3405
mpd2020-pib-per-capita-mapa-pre1820,NLD,1392,2228.164
mpd2020-pib-per-capita-mapa-pre1820,NLD,1393,2283.4225
mpd2020-pib-per-capita-mapa-pre1820,NLD,1394,2203.2086
mpd2020-pib-per-capita-mapa-pre1820,NLD,1395,2188.9483
mpd2020-pib-per-capita-mapa-pre1820,NLD,1396,2066.8449
mpd2020-pib-per-capita-mapa-pre1820,NLD,1397,1977.7184
mpd2020-pib-per-capita-mapa-pre1820,NLD,1398,2138.1462
mpd2020-pib-per-capita-mapa-pre1820,NLD,1399,2017.8253
mpd2020-pib-per-capita-mapa-pre1820,NLD,1400,1917.1123
mpd2020-pib-per-capita-mapa-pre1820,NLD,1401,1943.8503
mpd2020-pib-per-capita-mapa-pre1820,NLD,1402,1880.5704
mpd2020-pib-per-capita-mapa-pre1820,NLD,1403,1957.2193
mpd2020-pib-per-capita-mapa-pre1820,NLD,1404,2167.5579
mpd2020-pib-per-capita-mapa-pre1820,NLD,1405,2043.672
mpd2020-pib-per-capita-mapa-pre1820,NLD,1406,2079.3226
mpd2020-pib-per-capita-mapa-pre1820,NLD,1407,2021.3904
mpd2020-pib-per-capita-mapa-pre1820,NLD,1408,2058.8235
mpd2020-pib-per-capita-mapa-pre1820,NLD,1409,1897.5045
mpd2020-pib-per-capita-mapa-pre1820,NLD,1410,1966.1319
mpd2020-pib-per-capita-mapa-pre1820,NLD,1411,2063.2799
mpd2020-pib-per-capita-mapa-pre1820,NLD,1412,1950.9804
mpd2020-pib-per-capita-mapa-pre1820,NLD,1413,1861.8538
mpd2020-pib-per-capita-mapa-pre1820,NLD,1414,2098.9305
mpd2020-pib-per-capita-mapa-pre1820,NLD,1415,1932.2638
mpd2020-pib-per-capita-mapa-pre1820,NLD,1416,1890.3743
mpd2020-pib-per-capita-mapa-pre1820,NLD,1417,1900.1783
mpd2020-pib-per-capita-mapa-pre1820,NLD,1418,1912.656
mpd2020-pib-per-capita-mapa-pre1820,NLD,1419,1913.5472
mpd2020-pib-per-capita-mapa-pre1820,NLD,1420,1924.2424
mpd2020-pib-per-capita-mapa-pre1820,NLD,1421,1824.4207
mpd2020-pib-per-capita-mapa-pre1820,NLD,1422,1897.5045
mpd2020-pib-per-capita-mapa-pre1820,NLD,1423,1920.6774
mpd2020-pib-per-capita-mapa-pre1820,NLD,1424,2072.1925
mpd2020-pib-per-capita-mapa-pre1820,NLD,1425,1917.1123
mpd2020-pib-per-capita-mapa-pre1820,NLD,1426,2093.5829
mpd2020-pib-per-capita-mapa-pre1820,NLD,1427,2267.3797
mpd2020-pib-per-capita-mapa-pre1820,NLD,1428,1880.5704
mpd2020-pib-per-capita-mapa-pre1820,NLD,1429,1909.0909
mpd2020-pib-per-capita-mapa-pre1820,NLD,1430,1914.4385
mpd2020-pib-per-capita-mapa-pre1820,NLD,1431,1955.4367
mpd2020-pib-per-capita-mapa-pre1820,NLD,1432,2229.0553
mpd2020-pib-per-capita-mapa-pre1820,NLD,1433,2165.7754
mpd2020-pib-per-capita-mapa-pre1820,NLD,1434,2239.7504
mpd2020-pib-per-capita-mapa-pre1820,NLD,1435,2319.9643
mpd2020-pib-per-capita-mapa-pre1820,NLD,1436,2135.4724
mpd2020-pib-per-capita-mapa-pre1820,NLD,1437,2177.3619
mpd2020-pib-per-capita-mapa-pre1820,NLD,1438,2133.6898
mpd2020-pib-per-capita-mapa-pre1820,NLD,1439,1982.1747
mpd2020-pib-per-capita-mapa-pre1820,NLD,1440,2081.1052
mpd2020-pib-per-capita-mapa-pre1820,NLD,1441,2131.016
mpd2020-pib-per-capita-mapa-pre1820,NLD,1442,1996.4349
mpd2020-pib-per-capita-mapa-pre1820,NLD,1443,2141.7112
mpd2020-pib-per-capita-mapa-pre1820,NLD,1444,2280.7487
mpd2020-pib-per-capita-mapa-pre1820,NLD,1445,2150.6239
mpd2020-pib-per-capita-mapa-pre1820,NLD,1446,2158.6453
mpd2020-pib-per-capita-mapa-pre1820,NLD,1447,2114.082
mpd2020-pib-per-capita-mapa-pre1820,NLD,1448,2159.5365
mpd2020-pib-per-capita-mapa-pre1820,NLD,1449,2179.1444
mpd2020-pib-per-capita-mapa-pre1820,NLD,1450,2201.426
mpd2020-pib-per-capita-mapa-pre1820,NLD,1451,2392.1569
mpd2020-pib-per-capita-mapa-pre1820,NLD,1452,2276.2923
mpd2020-pib-per-capita-mapa-pre1820,NLD,1453,2367.2014
mpd2020-pib-per-capita-mapa-pre1820,NLD,1454,2420.6774
mpd2020-pib-per-capita-mapa-pre1820,NLD,1455,2295.0089
mpd2020-pib-per-capita-mapa-pre1820,NLD,1456,2249.5544
mpd2020-pib-per-capita-mapa-pre1820,NLD,1457,2209.4474
mpd2020-pib-per-capita-mapa-pre1820,NLD,1458,2248.6631
mpd2020-pib-per-capita-mapa-pre1820,NLD,1459,2304.8128
mpd2020-pib-per-capita-mapa-pre1820,NLD,1460,2321.7469
mpd2020-pib-per-capita-mapa-pre1820,NLD,1461,2262.0321
mpd2020-pib-per-capita-mapa-pre1820,NLD,1462,2368.984
mpd2020-pib-per-capita-mapa-pre1820,NLD,1463,2362.7451
mpd2020-pib-per-capita-mapa-pre1820,NLD,1464,2357.3975
mpd2020-pib-per-capita-mapa-pre1820,NLD,1465,2438.5027
mpd2020-pib-per-capita-mapa-pre1820,NLD,1466,2338.6809
mpd2020-pib-per-capita-mapa-pre1820,NLD,1467,2292.3351
mpd2020-pib-per-capita-mapa-pre1820,NLD,1468,2248.6631
mpd2020-pib-per-capita-mapa-pre1820,NLD,1469,2278.0749
mpd2020-pib-per-capita-mapa-pre1820,NLD,1470,2279.8574
mpd2020-pib-per-capita-mapa-pre1820,NLD,1471,2237.9679
mpd2020-pib-per-capita-mapa-pre1820,NLD,1472,2335.1159
mpd2020-pib-per-capita-mapa-pre1820,NLD,1473,2358.2888
mpd2020-pib-per-capita-mapa-pre1820,NLD,1474,2352.9412
mpd2020-pib-per-capita-mapa-pre1820,NLD,1475,2279.8574
mpd2020-pib-per-capita-mapa-pre1820,NLD,1476,2301.2478
mpd2020-pib-per-capita-mapa-pre1820,NLD,1477,2352.0499
mpd2020-pib-per-capita-mapa-pre1820,NLD,1478,2330.6595
mpd2020-pib-per-capita-mapa-pre1820,NLD,1479,2272.7273
mpd2020-pib-per-capita-mapa-pre1820,NLD,1480,2302.139
mpd2020-pib-per-capita-mapa-pre1820,NLD,1481,2272.7273
mpd2020-pib-per-capita-mapa-pre1820,NLD,1482,2200.5348
mpd2020-pib-per-capita-mapa-pre1820,NLD,1483,2197.861
mpd2020-pib-per-capita-mapa-pre1820,NLD,1484,2252.2282
mpd2020-pib-per-capita-mapa-pre1820,NLD,1485,2222.8164
mpd2020-pib-per-capita-mapa-pre1820,NLD,1486,2235.2941
mpd2020-pib-per-capita-mapa-pre1820,NLD,1487,2239.7504
mpd2020-pib-per-capita-mapa-pre1820,NLD,1488,2248.6631
mpd2020-pib-per-capita-mapa-pre1820,NLD,1489,2214.795
mpd2020-pib-per-capita-mapa-pre1820,NLD,1490,2272.7273
mpd2020-pib-per-capita-mapa-pre1820,NLD,1491,2240.6417
mpd2020-pib-per-capita-mapa-pre1820,NLD,1492,2251.3369
mpd2020-pib-per-capita-mapa-pre1820,NLD,1493,2241.533
mpd2020-pib-per-capita-mapa-pre1820,NLD,1494,2324.4207
mpd2020-pib-per-capita-mapa-pre1820,NLD,1495,2307.4866
mpd2020-pib-per-capita-mapa-pre1820,NLD,1496,2278.0749
mpd2020-pib-per-capita-mapa-pre1820,NLD,1497,2309.2692
mpd2020-pib-per-capita-mapa-pre1820,NLD,1498,2327.0945
mpd2020-pib-per-capita-mapa-pre1820,NLD,1499,2360.0713
mpd2020-pib-per-capita-mapa-pre1820,NLD,1500,2332.4421
mpd2020-pib-per-capita-mapa-pre1820,NLD,1501,2418.8948
mpd2020-pib-per-capita-mapa-pre1820,NLD,1502,2329.7683
mpd2020-pib-per-capita-mapa-pre1820,NLD,1503,2332.4421
mpd2020-pib-per-capita-mapa-pre1820,NLD,1504,2480.3922
mpd2020-pib-per-capita-mapa-pre1820,NLD,1505,2311.0517
mpd2020-pib-per-capita-mapa-pre1820,NLD,1506,2307.4866
mpd2020-pib-per-capita-mapa-pre1820,NLD,1507,2314.6168
mpd2020-pib-per-capita-mapa-pre1820,NLD,1508,2461.6756
mpd2020-pib-per-capita-mapa-pre1820,NLD,1509,2505.3476
mpd2020-pib-per-capita-mapa-pre1820,NLD,1510,2439.3939
mpd2020-pib-per-capita-mapa-pre1820,NLD,1511,2508.0214
mpd2020-pib-per-capita-mapa-pre1820,NLD,1512,2585.5615
mpd2020-pib-per-capita-mapa-pre1820,NLD,1513,2667.5579
mpd2020-pib-per-capita-mapa-pre1820,NLD,1514,2795.9002
mpd2020-pib-per-capita-mapa-pre1820,NLD,1515,2931.3725
mpd2020-pib-per-capita-mapa-pre1820,NLD,1516,2635.4724
mpd2020-pib-per-capita-mapa-pre1820,NLD,1517,2721.9251
mpd2020-pib-per-capita-mapa-pre1820,NLD,1518,2736.1854
mpd2020-pib-per-capita-mapa-pre1820,NLD,1519,2802.139
mpd2020-pib-per-capita-mapa-pre1820,NLD,1520,3010.6952
mpd2020-pib-per-capita-mapa-pre1820,NLD,1521,3180.9269
mpd2020-pib-per-capita-mapa-pre1820,NLD,1522,2936.7201
mpd2020-pib-per-capita-mapa-pre1820,NLD,1523,2894.8307
mpd2020-pib-per-capita-mapa-pre1820,NLD,1524,2937.6114
mpd2020-pib-per-capita-mapa-pre1820,NLD,1525,2789.6613
mpd2020-pib-per-capita-mapa-pre1820,NLD,1526,2740.6417
mpd2020-pib-per-capita-mapa-pre1820,NLD,1527,2854.7237
mpd2020-pib-per-capita-mapa-pre1820,NLD,1528,2539.2157
mpd2020-pib-per-capita-mapa-pre1820,NLD,1529,3213.9037
mpd2020-pib-per-capita-mapa-pre1820,NLD,1530,3388.5918
mpd2020-pib-per-capita-mapa-pre1820,NLD,1531,3441.1765
mpd2020-pib-per-capita-mapa-pre1820,NLD,1532,3222.8164
mpd2020-pib-per-capita-mapa-pre1820,NLD,1533,2835.1159
mpd2020-pib-per-capita-mapa-pre1820,NLD,1534,2998.2175
mpd2020-pib-per-capita-mapa-pre1820,NLD,1535,3110.5169
mpd2020-pib-per-capita-mapa-pre1820,NLD,1536,3453.6542
mpd2020-pib-per-capita-mapa-pre1820,NLD,1537,2778.9661
mpd2020-pib-per-capita-mapa-pre1820,NLD,1538,2916.221
mpd2020-pib-per-capita-mapa-pre1820,NLD,1539,2645.2763
mpd2020-pib-per-capita-mapa-pre1820,NLD,1540,2403.7433
mpd2020-pib-per-capita-mapa-pre1820,NLD,1541,2213.9037
mpd2020-pib-per-capita-mapa-pre1820,NLD,1542,2390.3743
mpd2020-pib-per-capita-mapa-pre1820,NLD,1543,2299.4652
mpd2020-pib-per-capita-mapa-pre1820,NLD,1544,2426.025
mpd2020-pib-per-capita-mapa-pre1820,NLD,1545,2595.3654
mpd2020-pib-per-capita-mapa-pre1820,NLD,1546,2190.7308
mpd2020-pib-per-capita-mapa-pre1820,NLD,1547,2721.0339
mpd2020-pib-per-capita-mapa-pre1820,NLD,1548,2614.9733
mpd2020-pib-per-capita-mapa-pre1820,NLD,1549,2666.6667
mpd2020-pib-per-capita-mapa-pre1820,NLD,1550,2884.1355
mpd2020-pib-per-capita-mapa-pre1820,NLD,1551,2632.7986
mpd2020-pib-per-capita-mapa-pre1820,NLD,1552,3045.4545
mpd2020-pib-per-capita-mapa-pre1820,NLD,1553,2557.9323
mpd2020-pib-per-capita-mapa-pre1820,NLD,1554,2741.533
mpd2020-pib-per-capita-mapa-pre1820,NLD,1555,3078.4314
mpd2020-pib-per-capita-mapa-pre1820,NLD,1556,3499.1087
mpd2020-pib-per-capita-mapa-pre1820,NLD,1557,3218.3601
mpd2020-pib-per-capita-mapa-pre1820,NLD,1558,3295.9002
mpd2020-pib-per-capita-mapa-pre1820,NLD,1559,2940.2852
mpd2020-pib-per-capita-mapa-pre1820,NLD,1560,3083.779
mpd2020-pib-per-capita-mapa-pre1820,NLD,1561,3457.2193
mpd2020-pib-per-capita-mapa-pre1820,NLD,1562,3827.0945
mpd2020-pib-per-capita-mapa-pre1820,NLD,1563,3490.1961
mpd2020-pib-per-capita-mapa-pre1820,NLD,1564,3520.4991
mpd2020-pib-per-capita-mapa-pre1820,NLD,1565,3655.9715
mpd2020-pib-per-capita-mapa-pre1820,NLD,1566,3084.6702
mpd2020-pib-per-capita-mapa-pre1820,NLD,1567,3965.2406
mpd2020-pib-per-capita-mapa-pre1820,NLD,1568,4090.9091
mpd2020-pib-per-capita-mapa-pre1820,NLD,1569,2434.0463
mpd2020-pib-per-capita-mapa-pre1820,NLD,1570,2297.6827
mpd2020-pib-per-capita-mapa-pre1820,NLD,1571,2456.328
mpd2020-pib-per-capita-mapa-pre1820,NLD,1572,2056.1497
mpd2020-pib-per-capita-mapa-pre1820,NLD,1573,2258.467
mpd2020-pib-per-capita-mapa-pre1820,NLD,1574,2659.5365
mpd2020-pib-per-capita-mapa-pre1820,NLD,1575,2924.2424
mpd2020-pib-per-capita-mapa-pre1820,NLD,1576,2860.0713
mpd2020-pib-per-capita-mapa-pre1820,NLD,1577,3838.6809
mpd2020-pib-per-capita-mapa-pre1820,NLD,1578,4064.1711
mpd2020-pib-per-capita-mapa-pre1820,NLD,1579,3180.9269
mpd2020-pib-per-capita-mapa-pre1820,NLD,1580,3292.3351
mpd2020-pib-per-capita-mapa-pre1820,NLD,1581,3433.1551
mpd2020-pib-per-capita-mapa-pre1820,NLD,1582,3567.7362
mpd2020-pib-per-capita-mapa-pre1820,NLD,1583,3432.2638
mpd2020-pib-per-capita-mapa-pre1820,NLD,1584,3886.8093
mpd2020-pib-per-capita-mapa-pre1820,NLD,1585,3380.5704
mpd2020-pib-per-capita-mapa-pre1820,NLD,1586,3450.0891
mpd2020-pib-per-capita-mapa-pre1820,NLD,1587,3987.5223
mpd2020-pib-per-capita-mapa-pre1820,NLD,1588,3659.5365
mpd2020-pib-per-capita-mapa-pre1820,NLD,1589,3982.1747
mpd2020-pib-per-capita-mapa-pre1820,NLD,1590,4050.8021
mpd2020-pib-per-capita-mapa-pre1820,NLD,1591,3933.1551
mpd2020-pib-per-capita-mapa-pre1820,NLD,1592,3838.6809
mpd2020-pib-per-capita-mapa-pre1820,NLD,1593,3656.8627
mpd2020-pib-per-capita-mapa-pre1820,NLD,1594,3887.7005
mpd2020-pib-per-capita-mapa-pre1820,NLD,1595,4207.6649
mpd2020-pib-per-capita-mapa-pre1820,NLD,1596,4006.2389
mpd2020-pib-per-capita-mapa-pre1820,NLD,1597,4490.1961
mpd2020-pib-per-capita-mapa-pre1820,NLD,1598,3957.2193
mpd2020-pib-per-capita-mapa-pre1820,NLD,1599,4152.4064
mpd2020-pib-per-capita-mapa-pre1820,NLD,1600,4270.0535
mpd2020-pib-per-capita-mapa-pre1820,NLD,1601,3790.5526
mpd2020-pib-per-capita-mapa-pre1820,NLD,1602,3265.5971
mpd2020-pib-per-capita-mapa-pre1820,NLD,1603,3849.3761
mpd2020-pib-per-capita-mapa-pre1820,NLD,1604,3924.2424
mpd2020-pib-per-capita-mapa-pre1820,NLD,1605,3278.0749
mpd2020-pib-per-capita-mapa-pre1820,NLD,1606,3622.1034
mpd2020-pib-per-capita-mapa-pre1820,NLD,1607,3196.0784
mpd2020-pib-per-capita-mapa-pre1820,NLD,1608,4798.574
mpd2020-pib-per-capita-mapa-pre1820,NLD,1609,4054.3672
mpd2020-pib-per-capita-mapa-pre1820,NLD,1610,3365.4189
mpd2020-pib-per-capita-mapa-pre1820,NLD,1611,3567.7362
mpd2020-pib-per-capita-mapa-pre1820,NLD,1612,3383.2442
mpd2020-pib-per-capita-mapa-pre1820,NLD,1613,3217.4688
mpd2020-pib-per-capita-mapa-pre1820,NLD,1614,3391.2656
mpd2020-pib-per-capita-mapa-pre1820,NLD,1615,3064.1711
mpd2020-pib-per-capita-mapa-pre1820,NLD,1616,3269.1622
mpd2020-pib-per-capita-mapa-pre1820,NLD,1617,3360.9626
mpd2020-pib-per-capita-mapa-pre1820,NLD,1618,5117.6471
mpd2020-pib-per-capita-mapa-pre1820,NLD,1619,4620.3209
mpd2020-pib-per-capita-mapa-pre1820,NLD,1620,3492.8699
mpd2020-pib-per-capita-mapa-pre1820,NLD,1621,4185.3832
mpd2020-pib-per-capita-mapa-pre1820,NLD,1622,4450.9804
mpd2020-pib-per-capita-mapa-pre1820,NLD,1623,3940.2852
mpd2020-pib-per-capita-mapa-pre1820,NLD,1624,3659.5365
mpd2020-pib-per-capita-mapa-pre1820,NLD,1625,3312.8342
mpd2020-pib-per-capita-mapa-pre1820,NLD,1626,4233.5116
mpd2020-pib-per-capita-mapa-pre1820,NLD,1627,3380.5704
mpd2020-pib-per-capita-mapa-pre1820,NLD,1628,3441.1765
mpd2020-pib-per-capita-mapa-pre1820,NLD,1629,3287.8788
mpd2020-pib-per-capita-mapa-pre1820,NLD,1630,3197.861
mpd2020-pib-per-capita-mapa-pre1820,NLD,1631,4188.057
mpd2020-pib-per-capita-mapa-pre1820,NLD,1632,3853.8324
mpd2020-pib-per-capita-mapa-pre1820,NLD,1633,4184.492
mpd2020-pib-per-capita-mapa-pre1820,NLD,1634,4006.2389
mpd2020-pib-per-capita-mapa-pre1820,NLD,1635,4372.549
mpd2020-pib-per-capita-mapa-pre1820,NLD,1636,4093.5829
mpd2020-pib-per-capita-mapa-pre1820,NLD,1637,3502.6738
mpd2020-pib-per-capita-mapa-pre1820,NLD,1638,3916.221
mpd2020-pib-per-capita-mapa-pre1820,NLD,1639,3852.0499
mpd2020-pib-per-capita-mapa-pre1820,NLD,1640,3532.0856
mpd2020-pib-per-capita-mapa-pre1820,NLD,1641,3919.7861
mpd2020-pib-per-capita-mapa-pre1820,NLD,1642,4047.2371
mpd2020-pib-per-capita-mapa-pre1820,NLD,1643,3913.5472
mpd2020-pib-per-capita-mapa-pre1820,NLD,1644,4307.4866
mpd2020-pib-per-capita-mapa-pre1820,NLD,1645,3952.7629
mpd2020-pib-per-capita-mapa-pre1820,NLD,1646,3878.7879
mpd2020-pib-per-capita-mapa-pre1820,NLD,1647,3964.3494
mpd2020-pib-per-capita-mapa-pre1820,NLD,1648,4202.3173
mpd2020-pib-per-capita-mapa-pre1820,NLD,1649,4055.2585
mpd2020-pib-per-capita-mapa-pre1820,NLD,1650,4316.3993
mpd2020-pib-per-capita-mapa-pre1820,NLD,1651,3987.5223
mpd2020-pib-per-capita-mapa-pre1820,NLD,1652,3392.1569
mpd2020-pib-per-capita-mapa-pre1820,NLD,1653,3630.1248
mpd2020-pib-per-capita-mapa-pre1820,NLD,1654,3420.6774
mpd2020-pib-per-capita-mapa-pre1820,NLD,1655,3524.9554
mpd2020-pib-per-capita-mapa-pre1820,NLD,1656,3349.3761
mpd2020-pib-per-capita-mapa-pre1820,NLD,1657,3033.8681
mpd2020-pib-per-capita-mapa-pre1820,NLD,1658,3070.41
mpd2020-pib-per-capita-mapa-pre1820,NLD,1659,3097.148
mpd2020-pib-per-capita-mapa-pre1820,NLD,1660,3168.4492
mpd2020-pib-per-capita-mapa-pre1820,NLD,1661,3172.9055
mpd2020-pib-per-capita-mapa-pre1820,NLD,1662,3561.4973
mpd2020-pib-per-capita-mapa-pre1820,NLD,1663,3811.0517
mpd2020-pib-per-capita-mapa-pre1820,NLD,1664,3411.7647
mpd2020-pib-per-capita-mapa-pre1820,NLD,1665,3265.5971
mpd2020-pib-per-capita-mapa-pre1820,NLD,1666,3176.4706
mpd2020-pib-per-capita-mapa-pre1820,NLD,1667,3401.9608
mpd2020-pib-per-capita-mapa-pre1820,NLD,1668,3671.123
mpd2020-pib-per-capita-mapa-pre1820,NLD,1669,3448.3066
mpd2020-pib-per-capita-mapa-pre1820,NLD,1670,3475.9358
mpd2020-pib-per-capita-mapa-pre1820,NLD,1671,3235.2941
mpd2020-pib-per-capita-mapa-pre1820,NLD,1672,2923.3512
mpd2020-pib-per-capita-mapa-pre1820,NLD,1673,3171.123
mpd2020-pib-per-capita-mapa-pre1820,NLD,1674,3522.2816
mpd2020-pib-per-capita-mapa-pre1820,NLD,1675,3472.3708
mpd2020-pib-per-capita-mapa-pre1820,NLD,1676,3409.0909
mpd2020-pib-per-capita-mapa-pre1820,NLD,1677,3144.385
mpd2020-pib-per-capita-mapa-pre1820,NLD,1678,3385.0267
mpd2020-pib-per-capita-mapa-pre1820,NLD,1679,3208.5561
mpd2020-pib-per-capita-mapa-pre1820,NLD,1680,3549.0196
mpd2020-pib-per-capita-mapa-pre1820,NLD,1681,3376.1141
mpd2020-pib-per-capita-mapa-pre1820,NLD,1682,3368.984
mpd2020-pib-per-capita-mapa-pre1820,NLD,1683,3346.7023
mpd2020-pib-per-capita-mapa-pre1820,NLD,1684,3290.5526
mpd2020-pib-per-capita-mapa-pre1820,NLD,1685,3609.6257
mpd2020-pib-per-capita-mapa-pre1820,NLD,1686,3684.492
mpd2020-pib-per-capita-mapa-pre1820,NLD,1687,3630.1248
mpd2020-pib-per-capita-mapa-pre1820,NLD,1688,3817.2906
mpd2020-pib-per-capita-mapa-pre1820,NLD,1689,3741.533
mpd2020-pib-per-capita-mapa-pre1820,NLD,1690,3915.3298
mpd2020-pib-per-capita-mapa-pre1820,NLD,1691,3840.4635
mpd2020-pib-per-capita-mapa-pre1820,NLD,1692,3653.2977
mpd2020-pib-per-capita-mapa-pre1820,NLD,1693,4092.6916
mpd2020-pib-per-capita-mapa-pre1820,NLD,1694,3673.7968
mpd2020-pib-per-capita-mapa-pre1820,NLD,1695,3786.0963
mpd2020-pib-per-capita-mapa-pre1820,NLD,1696,3429.59
mpd2020-pib-per-capita-mapa-pre1820,NLD,1697,3653.2977
mpd2020-pib-per-capita-mapa-pre1820,NLD,1698,3612.2995
mpd2020-pib-per-capita-mapa-pre1820,NLD,1699,3967.9144
mpd2020-pib-per-capita-mapa-pre1820,NLD,1700,3377.0053
mpd2020-pib-per-capita-mapa-pre1820,NLD,1701,3745.9893
mpd2020-pib-per-capita-mapa-pre1820,NLD,1702,4270.9447
mpd2020-pib-per-capita-mapa-pre1820,NLD,1703,3342.246
mpd2020-pib-per-capita-mapa-pre1820,NLD,1704,3580.2139
mpd2020-pib-per-capita-mapa-pre1820,NLD,1705,4224.5989
mpd2020-pib-per-capita-mapa-pre1820,NLD,1706,3912.656
mpd2020-pib-per-capita-mapa-pre1820,NLD,1707,4073.975
mpd2020-pib-per-capita-mapa-pre1820,NLD,1708,3879.6791
mpd2020-pib-per-capita-mapa-pre1820,NLD,1709,4131.016
mpd2020-pib-per-capita-mapa-pre1820,NLD,1710,4221.9251
mpd2020-pib-per-capita-mapa-pre1820,NLD,1711,3957.2193
mpd2020-pib-per-capita-mapa-pre1820,NLD,1712,4064.1711
mpd2020-pib-per-capita-mapa-pre1820,NLD,1713,4254.902
mpd2020-pib-per-capita-mapa-pre1820,NLD,1714,4165.7754
mpd2020-pib-per-capita-mapa-pre1820,NLD,1715,3793.2264
mpd2020-pib-per-capita-mapa-pre1820,NLD,1716,3406.4171
mpd2020-pib-per-capita-mapa-pre1820,NLD,1717,3663.1016
mpd2020-pib-per-capita-mapa-pre1820,NLD,1718,3778.0749
mpd2020-pib-per-capita-mapa-pre1820,NLD,1719,3451.8717
mpd2020-pib-per-capita-mapa-pre1820,NLD,1720,3516.0428
mpd2020-pib-per-capita-mapa-pre1820,NLD,1721,3409.0909
mpd2020-pib-per-capita-mapa-pre1820,NLD,1722,3397.5045
mpd2020-pib-per-capita-mapa-pre1820,NLD,1723,3539.2157
mpd2020-pib-per-capita-mapa-pre1820,NLD,1724,3591.8004
mpd2020-pib-per-capita-mapa-pre1820,NLD,1725,3721.0339
mpd2020-pib-per-capita-mapa-pre1820,NLD,1726,3817.2906
mpd2020-pib-per-capita-mapa-pre1820,NLD,1727,3762.0321
mpd2020-pib-per-capita-mapa-pre1820,NLD,1728,3776.2923
mpd2020-pib-per-capita-mapa-pre1820,NLD,1729,3960.7843
mpd2020-pib-per-capita-mapa-pre1820,NLD,1730,3693.4046
mpd2020-pib-per-capita-mapa-pre1820,NLD,1731,3518.7166
mpd2020-pib-per-capita-mapa-pre1820,NLD,1732,3540.9982
mpd2020-pib-per-capita-mapa-pre1820,NLD,1733,3523.1729
mpd2020-pib-per-capita-mapa-pre1820,NLD,1734,3643.4938
mpd2020-pib-per-capita-mapa-pre1820,NLD,1735,3639.0374
mpd2020-pib-per-capita-mapa-pre1820,NLD,1736,3507.1301
mpd2020-pib-per-capita-mapa-pre1820,NLD,1737,3463.4581
mpd2020-pib-per-capita-mapa-pre1820,NLD,1738,3490.1961
mpd2020-pib-per-capita-mapa-pre1820,NLD,1739,3491.9786
mpd2020-pib-per-capita-mapa-pre1820,NLD,1740,3465.2406
mpd2020-pib-per-capita-mapa-pre1820,NLD,1741,3441.1765
mpd2020-pib-per-capita-mapa-pre1820,NLD,1742,3650.6239
mpd2020-pib-per-capita-mapa-pre1820,NLD,1743,3701.426
mpd2020-pib-per-capita-mapa-pre1820,NLD,1744,4132.7986
mpd2020-pib-per-capita-mapa-pre1820,NLD,1745,3601.6043
mpd2020-pib-per-capita-mapa-pre1820,NLD,1746,3976.8271
mpd2020-pib-per-capita-mapa-pre1820,NLD,1747,4557.041
mpd2020-pib-per-capita-mapa-pre1820,NLD,1748,4393.0481
mpd2020-pib-per-capita-mapa-pre1820,NLD,1749,3844.9198
mpd2020-pib-per-capita-mapa-pre1820,NLD,1750,3777.1836
mpd2020-pib-per-capita-mapa-pre1820,NLD,1751,4046.3458
mpd2020-pib-per-capita-mapa-pre1820,NLD,1752,3885.0267
mpd2020-pib-per-capita-mapa-pre1820,NLD,1753,4217.4688
mpd2020-pib-per-capita-mapa-pre1820,NLD,1754,4048.1283
mpd2020-pib-per-capita-mapa-pre1820,NLD,1755,3920.6774
mpd2020-pib-per-capita-mapa-pre1820,NLD,1756,3578.4314
mpd2020-pib-per-capita-mapa-pre1820,NLD,1757,3984.8485
mpd2020-pib-per-capita-mapa-pre1820,NLD,1758,3887.7005
mpd2020-pib-per-capita-mapa-pre1820,NLD,1759,3786.0963
mpd2020-pib-per-capita-mapa-pre1820,NLD,1760,3963.4581
mpd2020-pib-per-capita-mapa-pre1820,NLD,1761,3975.9358
mpd2020-pib-per-capita-mapa-pre1820,NLD,1762,4032.9768
mpd2020-pib-per-capita-mapa-pre1820,NLD,1763,4311.943
mpd2020-pib-per-capita-mapa-pre1820,NLD,1764,4327.0945
mpd2020-pib-per-capita-mapa-pre1820,NLD,1765,4880.5704
mpd2020-pib-per-capita-mapa-pre1820,NLD,1766,4359.18
mpd2020-pib-per-capita-mapa-pre1820,NLD,1767,4188.057
mpd2020-pib-per-capita-mapa-pre1820,NLD,1768,4307.4866
mpd2020-pib-per-capita-mapa-pre1820,NLD,1769,4553.4759
mpd2020-pib-per-capita-mapa-pre1820,NLD,1770,4340.4635
mpd2020-pib-per-capita-mapa-pre1820,NLD,1771,4721.0339
mpd2020-pib-per-capita-mapa-pre1820,NLD,1772,4799.4652
mpd2020-pib-per-capita-mapa-pre1820,NLD,1773,4561.4973
mpd2020-pib-per-capita-mapa-pre1820,NLD,1774,4573.0838
mpd2020-pib-per-capita-mapa-pre1820,NLD,1775,4485.7398
mpd2020-pib-per-capita-mapa-pre1820,NLD,1776,4431.3725
mpd2020-pib-per-capita-mapa-pre1820,NLD,1777,4578.4314
mpd2020-pib-per-capita-mapa-pre1820,NLD,1778,4497.3262
mpd2020-pib-per-capita-mapa-pre1820,NLD,1779,4254.0107
mpd2020-pib-per-capita-mapa-pre1820,NLD,1780,4552.5847
mpd2020-pib-per-capita-mapa-pre1820,NLD,1781,4108.7344
mpd2020-pib-per-capita-mapa-pre1820,NLD,1782,4336.8984
mpd2020-pib-per-capita-mapa-pre1820,NLD,1783,4195.1872
mpd2020-pib-per-capita-mapa-pre1820,NLD,1784,4213.0125
mpd2020-pib-per-capita-mapa-pre1820,NLD,1785,4169.3405
mpd2020-pib-per-capita-mapa-pre1820,NLD,1786,3768.2709
mpd2020-pib-per-capita-mapa-pre1820,NLD,1787,3950.9804
mpd2020-pib-per-capita-mapa-pre1820,NLD,1788,3726.3815
mpd2020-pib-per-capita-mapa-pre1820,NLD,1789,3876.1141
mpd2020-pib-per-capita-mapa-pre1820,NLD,1790,4198.7522
mpd2020-pib-per-capita-mapa-pre1820,NLD,1791,4246.8806
mpd2020-pib-per-capita-mapa-pre1820,NLD,1792,4398.3957
mpd2020-pib-per-capita-mapa-pre1820,NLD,1793,4480.3922
mpd2020-pib-per-capita-mapa-pre1820,NLD,1794,4665.7754
mpd2020-pib-per-capita-mapa-pre1820,NLD,1795,3846.7023
mpd2020-pib-per-capita-mapa-pre1820,NLD,1796,4506.2389
mpd2020-pib-per-capita-mapa-pre1820,NLD,1797,4661.3191
mpd2020-pib-per-capita-mapa-pre1820,NLD,1798,4725.4902
mpd2020-pib-per-capita-mapa-pre1820,NLD,1799,4332.4421
mpd2020-pib-per-capita-mapa-pre1820,NLD,1800,4184.492
mpd2020-pib-per-capita-mapa-pre1820,NLD,1801,4110.5169
mpd2020-pib-per-capita-mapa-pre1820,NLD,1802,4337.7897
mpd2020-pib-per-capita-mapa-pre1820,NLD,1803,4244.2068
mpd2020-pib-per-capita-mapa-pre1820,NLD,1804,4445.6328
mpd2020-pib-per-capita-mapa-pre1820,NLD,1805,4184.492
mpd2020-pib-per-capita-mapa-pre1820,NLD,1806,4215.6863
mpd2020-pib-per-capita-mapa-pre1820,NLD,1807,3862.7451
mpd2020-pib-per-capita-mapa-pre1820,NLD,1808,2632
mpd2020-pib-per-capita-mapa-pre1820,NLD,1815,3011
mpd2020-pib-per-capita-mapa-pre1820,NLD,1816,2869
mpd2020-pib-per-capita-mapa-pre1820,NLD,1817,2898
mpd2020-pib-per-capita-mapa-pre1820,NLD,1818,2942
mpd2020-pib-per-capita-mapa-pre1820,NLD,1819,2807
mpd2020-pib-per-capita-mapa-pre1820,PER,1595,880
mpd2020-pib-per-capita-mapa-pre1820,PER,1596,905
mpd2020-pib-per-capita-mapa-pre1820,PER,1597,912
mpd2020-pib-per-capita-mapa-pre1820,PER,1598,977
mpd2020-pib-per-capita-mapa-pre1820,PER,1599,936
mpd2020-pib-per-capita-mapa-pre1820,PER,1600,921
mpd2020-pib-per-capita-mapa-pre1820,PER,1601,960
mpd2020-pib-per-capita-mapa-pre1820,PER,1602,964
mpd2020-pib-per-capita-mapa-pre1820,PER,1603,918
mpd2020-pib-per-capita-mapa-pre1820,PER,1604,910
mpd2020-pib-per-capita-mapa-pre1820,PER,1605,910
mpd2020-pib-per-capita-mapa-pre1820,PER,1606,913
mpd2020-pib-per-capita-mapa-pre1820,PER,1607,931
mpd2020-pib-per-capita-mapa-pre1820,PER,1608,936
mpd2020-pib-per-capita-mapa-pre1820,PER,1609,1038
mpd2020-pib-per-capita-mapa-pre1820,PER,1610,1076
mpd2020-pib-per-capita-mapa-pre1820,PER,1611,1011
mpd2020-pib-per-capita-mapa-pre1820,PER,1612,1057
mpd2020-pib-per-capita-mapa-pre1820,PER,1613,1033
mpd2020-pib-per-capita-mapa-pre1820,PER,1614,1057
mpd2020-pib-per-capita-mapa-pre1820,PER,1615,1028
mpd2020-pib-per-capita-mapa-pre1820,PER,1616,983
mpd2020-pib-per-capita-mapa-pre1820,PER,1617,998
mpd2020-pib-per-capita-mapa-pre1820,PER,1618,996
mpd2020-pib-per-capita-mapa-pre1820,PER,1619,999
mpd2020-pib-per-capita-mapa-pre1820,PER,1620,995
mpd2020-pib-per-capita-mapa-pre1820,PER,1621,998
mpd2020-pib-per-capita-mapa-pre1820,PER,1622,976
mpd2020-pib-per-capita-mapa-pre1820,PER,1623,966
mpd2020-pib-per-capita-mapa-pre1820,PER,1624,999
mpd2020-pib-per-capita-mapa-pre1820,PER,1625,998
mpd2020-pib-per-capita-mapa-pre1820,PER,1626,1041
mpd2020-pib-per-capita-mapa-pre1820,PER,1627,1057
mpd2020-pib-per-capita-mapa-pre1820,PER,1628,1066
mpd2020-pib-per-capita-mapa-pre1820,PER,1629,1062
mpd2020-pib-per-capita-mapa-pre1820,PER,1630,1046
mpd2020-pib-per-capita-mapa-pre1820,PER,1631,1070
mpd2020-pib-per-capita-mapa-pre1820,PER,1632,1087
mpd2020-pib-per-capita-mapa-pre1820,PER,1633,1109
mpd2020-pib-per-capita-mapa-pre1820,PER,1634,1098
mpd2020-pib-per-capita-mapa-pre1820,PER,1635,1202
mpd2020-pib-per-capita-mapa-pre1820,PER,1636,1202
mpd2020-pib-per-capita-mapa-pre1820,PER,1637,1168
mpd2020-pib-per-capita-mapa-pre1820,PER,1638,1143
mpd2020-pib-per-capita-mapa-pre1820,PER,1639,1132
mpd2020-pib-per-capita-mapa-pre1820,PER,1640,1073
mpd2020-pib-per-capita-mapa-pre1820,PER,1641,1188
mpd2020-pib-per-capita-mapa-pre1820,PER,1642,1172
mpd2020-pib-per-capita-mapa-pre1820,PER,1643,1178
mpd2020-pib-per-capita-mapa-pre1820,PER,1644,1103
mpd2020-pib-per-capita-mapa-pre1820,PER,1645,1093
mpd2020-pib-per-capita-mapa-pre1820,PER,1646,1098
mpd2020-pib-per-capita-mapa-pre1820,PER,1647,1033
mpd2020-pib-per-capita-mapa-pre1820,PER,1648,1116
mpd2020-pib-per-capita-mapa-pre1820,PER,1649,1087
mpd2020-pib-per-capita-mapa-pre1820,PER,1650,1062
mpd2020-pib-per-capita-mapa-pre1820,PER,1651,1007
mpd2020-pib-per-capita-mapa-pre1820,PER,1652,1023
mpd2020-pib-per-capita-mapa-pre1820,PER,1653,1039
mpd2020-pib-per-capita-mapa-pre1820,PER,1654,1050
mpd2020-pib-per-capita-mapa-pre1820,PER,1655,1009
mpd2020-pib-per-capita-mapa-pre1820,PER,1656,1022
mpd2020-pib-per-capita-mapa-pre1820,PER,1657,1031
mpd2020-pib-per-capita-mapa-pre1820,PER,1658,1054
mpd2020-pib-per-capita-mapa-pre1820,PER,1659,952
mpd2020-pib-per-capita-mapa-pre1820,PER,1660,899
mpd2020-pib-per-capita-mapa-pre1820,PER,1661,918
mpd2020-pib-per-capita-mapa-pre1820,PER,1662,945
mpd2020-pib-per-capita-mapa-pre1820,PER,1663,991
mpd2020-pib-per-capita-mapa-pre1820,PER,1664,953
mpd2020-pib-per-capita-mapa-pre1820,PER,1665,1014
mpd2020-pib-per-capita-mapa-pre1820,PER,1666,1189
mpd2020-pib-per-capita-mapa-pre1820,PER,1667,1294
mpd2020-pib-per-capita-mapa-pre1820,PER,1668,1250
mpd2020-pib-per-capita-mapa-pre1820,PER,1669,928
mpd2020-pib-per-capita-mapa-pre1820,PER,1670,1087
mpd2020-pib-per-capita-mapa-pre1820,PER,1671,1030
mpd2020-pib-per-capita-mapa-pre1820,PER,1672,1052
mpd2020-pib-per-capita-mapa-pre1820,PER,1673,1063
mpd2020-pib-per-capita-mapa-pre1820,PER,1674,1023
mpd2020-pib-per-capita-mapa-pre1820,PER,1675,1020
mpd2020-pib-per-capita-mapa-pre1820,PER,1676,1111
mpd2020-pib-per-capita-mapa-pre1820,PER,1677,1157
mpd2020-pib-per-capita-mapa-pre1820,PER,1678,1097
mpd2020-pib-per-capita-mapa-pre1820,PER,1679,1250
mpd2020-pib-per-capita-mapa-pre1820,PER,1680,1079
mpd2020-pib-per-capita-mapa-pre1820,PER,1681,1122
mpd2020-pib-per-capita-mapa-pre1820,PER,1682,1095
mpd2020-pib-per-capita-mapa-pre1820,PER,1683,1140
mpd2020-pib-per-capita-mapa-pre1820,PER,1684,1152
mpd2020-pib-per-capita-mapa-pre1820,PER,1685,1057
mpd2020-pib-per-capita-mapa-pre1820,PER,1686,1034
mpd2020-pib-per-capita-mapa-pre1820,PER,1687,928
mpd2020-pib-per-capita-mapa-pre1820,PER,1688,944
mpd2020-pib-per-capita-mapa-pre1820,PER,1689,928
mpd2020-pib-per-capita-mapa-pre1820,PER,1690,945
mpd2020-pib-per-capita-mapa-pre1820,PER,1691,991
mpd2020-pib-per-capita-mapa-pre1820,PER,1692,995
mpd2020-pib-per-capita-mapa-pre1820,PER,1693,939
mpd2020-pib-per-capita-mapa-pre1820,PER,1694,1111
mpd2020-pib-per-capita-mapa-pre1820,PER,1695,1135
mpd2020-pib-per-capita-mapa-pre1820,PER,1696,1089
mpd2020-pib-per-capita-mapa-pre1820,PER,1697,1036
mpd2020-pib-per-capita-mapa-pre1820,PER,1698,1117
mpd2020-pib-per-capita-mapa-pre1820,PER,1699,1157
mpd2020-pib-per-capita-mapa-pre1820,PER,1700,1157
mpd2020-pib-per-capita-mapa-pre1820,PER,1701,1090
mpd2020-pib-per-capita-mapa-pre1820,PER,1702,1042
mpd2020-pib-per-capita-mapa-pre1820,PER,1703,1127
mpd2020-pib-per-capita-mapa-pre1820,PER,1704,1087
mpd2020-pib-per-capita-mapa-pre1820,PER,1705,1189
mpd2020-pib-per-capita-mapa-pre1820,PER,1706,1054
mpd2020-pib-per-capita-mapa-pre1820,PER,1707,1164
mpd2020-pib-per-capita-mapa-pre1820,PER,1708,1301
mpd2020-pib-per-capita-mapa-pre1820,PER,1709,1301
mpd2020-pib-per-capita-mapa-pre1820,PER,1710,1176
mpd2020-pib-per-capita-mapa-pre1820,PER,1711,1216
mpd2020-pib-per-capita-mapa-pre1820,PER,1712,1157
mpd2020-pib-per-capita-mapa-pre1820,PER,1713,1157
mpd2020-pib-per-capita-mapa-pre1820,PER,1714,1133
mpd2020-pib-per-capita-mapa-pre1820,PER,1715,1060
mpd2020-pib-per-capita-mapa-pre1820,PER,1716,1143
mpd2020-pib-per-capita-mapa-pre1820,PER,1717,1167
mpd2020-pib-per-capita-mapa-pre1820,PER,1718,1127
mpd2020-pib-per-capita-mapa-pre1820,PER,1719,1101
mpd2020-pib-per-capita-mapa-pre1820,PER,1720,1100
mpd2020-pib-per-capita-mapa-pre1820,PER,1721,1055
mpd2020-pib-per-capita-mapa-pre1820,PER,1722,1103
mpd2020-pib-per-capita-mapa-pre1820,PER,1723,1213
mpd2020-pib-per-capita-mapa-pre1820,PER,1724,1146
mpd2020-pib-per-capita-mapa-pre1820,PER,1725,1221
mpd2020-pib-per-capita-mapa-pre1820,PER,1726,1070
mpd2020-pib-per-capita-mapa-pre1820,PER,1727,1227
mpd2020-pib-per-capita-mapa-pre1820,PER,1728,1168
mpd2020-pib-per-capita-mapa-pre1820,PER,1729,1176
mpd2020-pib-per-capita-mapa-pre1820,PER,1730,1144
mpd2020-pib-per-capita-mapa-pre1820,PER,1731,1160
mpd2020-pib-per-capita-mapa-pre1820,PER,1732,977
mpd2020-pib-per-capita-mapa-pre1820,PER,1733,1108
mpd2020-pib-per-capita-mapa-pre1820,PER,1734,1114
mpd2020-pib-per-capita-mapa-pre1820,PER,1735,1215
mpd2020-pib-per-capita-mapa-pre1820,PER,1736,1235
mpd2020-pib-per-capita-mapa-pre1820,PER,1737,1159
mpd2020-pib-per-capita-mapa-pre1820,PER,1738,1197
mpd2020-pib-per-capita-mapa-pre1820,PER,1739,1183
mpd2020-pib-per-capita-mapa-pre1820,PER,1740,1234
mpd2020-pib-per-capita-mapa-pre1820,PER,1741,1286
mpd2020-pib-per-capita-mapa-pre1820,PER,1742,1231
mpd2020-pib-per-capita-mapa-pre1820,PER,1743,1227
mpd2020-pib-per-capita-mapa-pre1820,PER,1744,1132
mpd2020-pib-per-capita-mapa-pre1820,PER,1745,1066
mpd2020-pib-per-capita-mapa-pre1820,PER,1746,1116
mpd2020-pib-per-capita-mapa-pre1820,PER,1747,1058
mpd2020-pib-per-capita-mapa-pre1820,PER,1748,1049
mpd2020-pib-per-capita-mapa-pre1820,PER,1749,1116
mpd2020-pib-per-capita-mapa-pre1820,PER,1750,1105
mpd2020-pib-per-capita-mapa-pre1820,PER,1751,1130
mpd2020-pib-per-capita-mapa-pre1820,PER,1752,1012
mpd2020-pib-per-capita-mapa-pre1820,PER,1753,1041
mpd2020-pib-per-capita-mapa-pre1820,PER,1754,983
mpd2020-pib-per-capita-mapa-pre1820,PER,1755,977
mpd2020-pib-per-capita-mapa-pre1820,PER,1756,1015
mpd2020-pib-per-capita-mapa-pre1820,PER,1757,1105
mpd2020-pib-per-capita-mapa-pre1820,PER,1758,1172
mpd2020-pib-per-capita-mapa-pre1820,PER,1759,1240
mpd2020-pib-per-capita-mapa-pre1820,PER,1760,1186
mpd2020-pib-per-capita-mapa-pre1820,PER,1761,1211
mpd2020-pib-per-capita-mapa-pre1820,PER,1762,1215
mpd2020-pib-per-capita-mapa-pre1820,PER,1763,1211
mpd2020-pib-per-capita-mapa-pre1820,PER,1764,1277
mpd2020-pib-per-capita-mapa-pre1820,PER,1765,1361
mpd2020-pib-per-capita-mapa-pre1820,PER,1766,1344
mpd2020-pib-per-capita-mapa-pre1820,PER,1767,1342
mpd2020-pib-per-capita-mapa-pre1820,PER,1768,1334
mpd2020-pib-per-capita-mapa-pre1820,PER,1769,1318
mpd2020-pib-per-capita-mapa-pre1820,PER,1770,1309
mpd2020-pib-per-capita-mapa-pre1820,PER,1771,1307
mpd2020-pib-per-capita-mapa-pre1820,PER,1772,1307
mpd2020-pib-per-capita-mapa-pre1820,PER,1773,1180
mpd2020-pib-per-capita-mapa-pre1820,PER,1774,1290
mpd2020-pib-per-capita-mapa-pre1820,PER,1775,1234
mpd2020-pib-per-capita-mapa-pre1820,PER,1776,1278
mpd2020-pib-per-capita-mapa-pre1820,PER,1777,1202
mpd2020-pib-per-capita-mapa-pre1820,PER,1778,1188
mpd2020-pib-per-capita-mapa-pre1820,PER,1779,1191
mpd2020-pib-per-capita-mapa-pre1820,PER,1780,1170
mpd2020-pib-per-capita-mapa-pre1820,PER,1781,1034
mpd2020-pib-per-capita-mapa-pre1820,PER,1782,1052
mpd2020-pib-per-capita-mapa-pre1820,PER,1783,1133
mpd2020-pib-per-capita-mapa-pre1820,PER,1784,1132
mpd2020-pib-per-capita-mapa-pre1820,PER,1785,1039
mpd2020-pib-per-capita-mapa-pre1820,PER,1786,1114
mpd2020-pib-per-capita-mapa-pre1820,PER,1787,1125
mpd2020-pib-per-capita-mapa-pre1820,PER,1788,1277
mpd2020-pib-per-capita-mapa-pre1820,PER,1789,1226
mpd2020-pib-per-capita-mapa-pre1820,PER,1790,1149
mpd2020-pib-per-capita-mapa-pre1820,PER,1791,1246
mpd2020-pib-per-capita-mapa-pre1820,PER,1792,1307
mpd2020-pib-per-capita-mapa-pre1820,PER,1793,1270
mpd2020-pib-per-capita-mapa-pre1820,PER,1794,1356
mpd2020-pib-per-capita-mapa-pre1820,PER,1795,1119
mpd2020-pib-per-capita-mapa-pre1820,PER,1796,1036
mpd2020-pib-per-capita-mapa-pre1820,PER,1797,1054
mpd2020-pib-per-capita-mapa-pre1820,PER,1798,1057
mpd2020-pib-per-capita-mapa-pre1820,PER,1799,1060
mpd2020-pib-per-capita-mapa-pre1820,PER,1800,1058
mpd2020-pib-per-capita-mapa-pre1820,PER,1801,1003
mpd2020-pib-per-capita-mapa-pre1820,PER,1802,1004
mpd2020-pib-per-capita-mapa-pre1820,PER,1803,985
mpd2020-pib-per-capita-mapa-pre1820,PER,1804,979
mpd2020-pib-per-capita-mapa-pre1820,PER,1805,1007
mpd2020-pib-per-capita-mapa-pre1820,PER,1806,1041
mpd2020-pib-per-capita-mapa-pre1820,PER,1807,1050
mpd2020-pib-per-capita-mapa-pre1820,PER,1808,1031
mpd2020-pib-per-capita-mapa-pre1820,PER,1809,1022
mpd2020-pib-per-capita-mapa-pre1820,PER,1810,1028
mpd2020-pib-per-capita-mapa-pre1820,PER,1811,960
mpd2020-pib-per-capita-mapa-pre1820,PER,1812,968
mpd2020-pib-per-capita-mapa-pre1820,PER,1813,936
mpd2020-pib-per-capita-mapa-pre1820,PER,1814,917
mpd2020-pib-per-capita-mapa-pre1820,PER,1815,889
mpd2020-pib-per-capita-mapa-pre1820,PER,1816,907
mpd2020-pib-per-capita-mapa-pre1820,PER,1817,886
mpd2020-pib-per-capita-mapa-pre1820,PER,1818,889
mpd2020-pib-per-capita-mapa-pre1820,PER,1819,867
mpd2020-pib-per-capita-mapa-pre1820,POL,1400,956
mpd2020-pib-per-capita-mapa-pre1820,POL,1409,894
mpd2020-pib-per-capita-mapa-pre1820,POL,1410,896
mpd2020-pib-per-capita-mapa-pre1820,POL,1411,897
mpd2020-pib-per-capita-mapa-pre1820,POL,1412,899
mpd2020-pib-per-capita-mapa-pre1820,POL,1413,899
mpd2020-pib-per-capita-mapa-pre1820,POL,1414,902
mpd2020-pib-per-capita-mapa-pre1820,POL,1415,928
mpd2020-pib-per-capita-mapa-pre1820,POL,1416,939
mpd2020-pib-per-capita-mapa-pre1820,POL,1417,948
mpd2020-pib-per-capita-mapa-pre1820,POL,1418,960
mpd2020-pib-per-capita-mapa-pre1820,POL,1419,969
mpd2020-pib-per-capita-mapa-pre1820,POL,1420,980
mpd2020-pib-per-capita-mapa-pre1820,POL,1421,988
mpd2020-pib-per-capita-mapa-pre1820,POL,1422,998
mpd2020-pib-per-capita-mapa-pre1820,POL,1423,1007
mpd2020-pib-per-capita-mapa-pre1820,POL,1424,1020
mpd2020-pib-per-capita-mapa-pre1820,POL,1425,1030
mpd2020-pib-per-capita-mapa-pre1820,POL,1426,1019
mpd2020-pib-per-capita-mapa-pre1820,POL,1427,1020
mpd2020-pib-per-capita-mapa-pre1820,POL,1428,1022
mpd2020-pib-per-capita-mapa-pre1820,POL,1429,1020
mpd2020-pib-per-capita-mapa-pre1820,POL,1430,1019
mpd2020-pib-per-capita-mapa-pre1820,POL,1431,1017
mpd2020-pib-per-capita-mapa-pre1820,POL,1432,1014
mpd2020-pib-per-capita-mapa-pre1820,POL,1433,1009
mpd2020-pib-per-capita-mapa-pre1820,POL,1434,1006
mpd2020-pib-per-capita-mapa-pre1820,POL,1435,996
mpd2020-pib-per-capita-mapa-pre1820,POL,1436,990
mpd2020-pib-per-capita-mapa-pre1820,POL,1437,980
mpd2020-pib-per-capita-mapa-pre1820,POL,1438,969
mpd2020-pib-per-capita-mapa-pre1820,POL,1439,958
mpd2020-pib-per-capita-mapa-pre1820,POL,1440,948
mpd2020-pib-per-capita-mapa-pre1820,POL,1441,940
mpd2020-pib-per-capita-mapa-pre1820,POL,1442,931
mpd2020-pib-per-capita-mapa-pre1820,POL,1443,925
mpd2020-pib-per-capita-mapa-pre1820,POL,1444,920
mpd2020-pib-per-capita-mapa-pre1820,POL,1445,913
mpd2020-pib-per-capita-mapa-pre1820,POL,1446,909
mpd2020-pib-per-capita-mapa-pre1820,POL,1447,905
mpd2020-pib-per-capita-mapa-pre1820,POL,1448,904
mpd2020-pib-per-capita-mapa-pre1820,POL,1449,905
mpd2020-pib-per-capita-mapa-pre1820,POL,1450,905
mpd2020-pib-per-capita-mapa-pre1820,POL,1451,907
mpd2020-pib-per-capita-mapa-pre1820,POL,1452,907
mpd2020-pib-per-capita-mapa-pre1820,POL,1453,909
mpd2020-pib-per-capita-mapa-pre1820,POL,1454,910
mpd2020-pib-per-capita-mapa-pre1820,POL,1455,910
mpd2020-pib-per-capita-mapa-pre1820,POL,1456,901
mpd2020-pib-per-capita-mapa-pre1820,POL,1457,889
mpd2020-pib-per-capita-mapa-pre1820,POL,1458,878
mpd2020-pib-per-capita-mapa-pre1820,POL,1459,869
mpd2020-pib-per-capita-mapa-pre1820,POL,1460,858
mpd2020-pib-per-capita-mapa-pre1820,POL,1461,846
mpd2020-pib-per-capita-mapa-pre1820,POL,1462,835
mpd2020-pib-per-capita-mapa-pre1820,POL,1463,822
mpd2020-pib-per-capita-mapa-pre1820,POL,1464,811
mpd2020-pib-per-capita-mapa-pre1820,POL,1465,800
mpd2020-pib-per-capita-mapa-pre1820,POL,1466,789
mpd2020-pib-per-capita-mapa-pre1820,POL,1467,789
mpd2020-pib-per-capita-mapa-pre1820,POL,1468,791
mpd2020-pib-per-capita-mapa-pre1820,POL,1469,791
mpd2020-pib-per-capita-mapa-pre1820,POL,1470,791
mpd2020-pib-per-capita-mapa-pre1820,POL,1471,789
mpd2020-pib-per-capita-mapa-pre1820,POL,1472,792
mpd2020-pib-per-capita-mapa-pre1820,POL,1473,802
mpd2020-pib-per-capita-mapa-pre1820,POL,1474,810
mpd2020-pib-per-capita-mapa-pre1820,POL,1475,818
mpd2020-pib-per-capita-mapa-pre1820,POL,1476,826
mpd2020-pib-per-capita-mapa-pre1820,POL,1477,837
mpd2020-pib-per-capita-mapa-pre1820,POL,1478,845
mpd2020-pib-per-capita-mapa-pre1820,POL,1479,850
mpd2020-pib-per-capita-mapa-pre1820,POL,1480,856
mpd2020-pib-per-capita-mapa-pre1820,POL,1481,866
mpd2020-pib-per-capita-mapa-pre1820,POL,1482,885
mpd2020-pib-per-capita-mapa-pre1820,POL,1483,878
mpd2020-pib-per-capita-mapa-pre1820,POL,1484,869
mpd2020-pib-per-capita-mapa-pre1820,POL,1485,861
mpd2020-pib-per-capita-mapa-pre1820,POL,1486,850
mpd2020-pib-per-capita-mapa-pre1820,POL,1487,845
mpd2020-pib-per-capita-mapa-pre1820,POL,1488,845
mpd2020-pib-per-capita-mapa-pre1820,POL,1489,842
mpd2020-pib-per-capita-mapa-pre1820,POL,1490,845
mpd2020-pib-per-capita-mapa-pre1820,POL,1491,846
mpd2020-pib-per-capita-mapa-pre1820,POL,1492,850
mpd2020-pib-per-capita-mapa-pre1820,POL,1493,846
mpd2020-pib-per-capita-mapa-pre1820,POL,1494,866
mpd2020-pib-per-capita-mapa-pre1820,POL,1495,885
mpd2020-pib-per-capita-mapa-pre1820,POL,1496,897
mpd2020-pib-per-capita-mapa-pre1820,POL,1497,918
mpd2020-pib-per-capita-mapa-pre1820,POL,1498,931
mpd2020-pib-per-capita-mapa-pre1820,POL,1499,932
mpd2020-pib-per-capita-mapa-pre1820,POL,1500,944
mpd2020-pib-per-capita-mapa-pre1820,POL,1501,952
mpd2020-pib-per-capita-mapa-pre1820,POL,1502,960
mpd2020-pib-per-capita-mapa-pre1820,POL,1503,948
mpd2020-pib-per-capita-mapa-pre1820,POL,1504,929
mpd2020-pib-per-capita-mapa-pre1820,POL,1505,931
mpd2020-pib-per-capita-mapa-pre1820,POL,1506,932
mpd2020-pib-per-capita-mapa-pre1820,POL,1507,936
mpd2020-pib-per-capita-mapa-pre1820,POL,1508,937
mpd2020-pib-per-capita-mapa-pre1820,POL,1509,942
mpd2020-pib-per-capita-mapa-pre1820,POL,1510,948
mpd2020-pib-per-capita-mapa-pre1820,POL,1511,952
mpd2020-pib-per-capita-mapa-pre1820,POL,1512,952
mpd2020-pib-per-capita-mapa-pre1820,POL,1513,953
mpd2020-pib-per-capita-mapa-pre1820,POL,1514,971
mpd2020-pib-per-capita-mapa-pre1820,POL,1515,972
mpd2020-pib-per-capita-mapa-pre1820,POL,1516,974
mpd2020-pib-per-capita-mapa-pre1820,POL,1517,976
mpd2020-pib-per-capita-mapa-pre1820,POL,1518,976
mpd2020-pib-per-capita-mapa-pre1820,POL,1519,976
mpd2020-pib-per-capita-mapa-pre1820,POL,1520,983
mpd2020-pib-per-capita-mapa-pre1820,POL,1521,982
mpd2020-pib-per-capita-mapa-pre1820,POL,1522,982
mpd2020-pib-per-capita-mapa-pre1820,POL,1523,980
mpd2020-pib-per-capita-mapa-pre1820,POL,1524,979
mpd2020-pib-per-capita-mapa-pre1820,POL,1525,976
mpd2020-pib-per-capita-mapa-pre1820,POL,1526,969
mpd2020-pib-per-capita-mapa-pre1820,POL,1527,968
mpd2020-pib-per-capita-mapa-pre1820,POL,1528,969
mpd2020-pib-per-capita-mapa-pre1820,POL,1529,969
mpd2020-pib-per-capita-mapa-pre1820,POL,1530,961
mpd2020-pib-per-capita-mapa-pre1820,POL,1531,956
mpd2020-pib-per-capita-mapa-pre1820,POL,1532,948
mpd2020-pib-per-capita-mapa-pre1820,POL,1533,945
mpd2020-pib-per-capita-mapa-pre1820,POL,1534,942
mpd2020-pib-per-capita-mapa-pre1820,POL,1535,939
mpd2020-pib-per-capita-mapa-pre1820,POL,1536,950
mpd2020-pib-per-capita-mapa-pre1820,POL,1537,963
mpd2020-pib-per-capita-mapa-pre1820,POL,1538,969
mpd2020-pib-per-capita-mapa-pre1820,POL,1539,971
mpd2020-pib-per-capita-mapa-pre1820,POL,1540,982
mpd2020-pib-per-capita-mapa-pre1820,POL,1541,995
mpd2020-pib-per-capita-mapa-pre1820,POL,1542,1007
mpd2020-pib-per-capita-mapa-pre1820,POL,1543,1027
mpd2020-pib-per-capita-mapa-pre1820,POL,1544,1041
mpd2020-pib-per-capita-mapa-pre1820,POL,1545,1054
mpd2020-pib-per-capita-mapa-pre1820,POL,1546,1063
mpd2020-pib-per-capita-mapa-pre1820,POL,1547,1057
mpd2020-pib-per-capita-mapa-pre1820,POL,1548,1049
mpd2020-pib-per-capita-mapa-pre1820,POL,1549,1049
mpd2020-pib-per-capita-mapa-pre1820,POL,1550,1041
mpd2020-pib-per-capita-mapa-pre1820,POL,1551,1038
mpd2020-pib-per-capita-mapa-pre1820,POL,1552,1042
mpd2020-pib-per-capita-mapa-pre1820,POL,1553,1044
mpd2020-pib-per-capita-mapa-pre1820,POL,1554,1047
mpd2020-pib-per-capita-mapa-pre1820,POL,1555,1052
mpd2020-pib-per-capita-mapa-pre1820,POL,1556,1060
mpd2020-pib-per-capita-mapa-pre1820,POL,1557,1078
mpd2020-pib-per-capita-mapa-pre1820,POL,1558,1103
mpd2020-pib-per-capita-mapa-pre1820,POL,1559,1125
mpd2020-pib-per-capita-mapa-pre1820,POL,1560,1146
mpd2020-pib-per-capita-mapa-pre1820,POL,1561,1162
mpd2020-pib-per-capita-mapa-pre1820,POL,1562,1170
mpd2020-pib-per-capita-mapa-pre1820,POL,1563,1172
mpd2020-pib-per-capita-mapa-pre1820,POL,1564,1175
mpd2020-pib-per-capita-mapa-pre1820,POL,1565,1176
mpd2020-pib-per-capita-mapa-pre1820,POL,1566,1170
mpd2020-pib-per-capita-mapa-pre1820,POL,1567,1168
mpd2020-pib-per-capita-mapa-pre1820,POL,1568,1170
mpd2020-pib-per-capita-mapa-pre1820,POL,1569,1175
mpd2020-pib-per-capita-mapa-pre1820,POL,1570,1181
mpd2020-pib-per-capita-mapa-pre1820,POL,1571,1180
mpd2020-pib-per-capita-mapa-pre1820,POL,1572,1191
mpd2020-pib-per-capita-mapa-pre1820,POL,1573,1205
mpd2020-pib-per-capita-mapa-pre1820,POL,1574,1215
mpd2020-pib-per-capita-mapa-pre1820,POL,1575,1234
mpd2020-pib-per-capita-mapa-pre1820,POL,1576,1253
mpd2020-pib-per-capita-mapa-pre1820,POL,1577,1274
mpd2020-pib-per-capita-mapa-pre1820,POL,1578,1291
mpd2020-pib-per-capita-mapa-pre1820,POL,1579,1290
mpd2020-pib-per-capita-mapa-pre1820,POL,1580,1286
mpd2020-pib-per-capita-mapa-pre1820,POL,1581,1283
mpd2020-pib-per-capita-mapa-pre1820,POL,1582,1280
mpd2020-pib-per-capita-mapa-pre1820,POL,1583,1274
mpd2020-pib-per-capita-mapa-pre1820,POL,1584,1266
mpd2020-pib-per-capita-mapa-pre1820,POL,1585,1261
mpd2020-pib-per-capita-mapa-pre1820,POL,1586,1242
mpd2020-pib-per-capita-mapa-pre1820,POL,1587,1224
mpd2020-pib-per-capita-mapa-pre1820,POL,1588,1223
mpd2020-pib-per-capita-mapa-pre1820,POL,1589,1200
mpd2020-pib-per-capita-mapa-pre1820,POL,1590,1186
mpd2020-pib-per-capita-mapa-pre1820,POL,1591,1160
mpd2020-pib-per-capita-mapa-pre1820,POL,1592,1143
mpd2020-pib-per-capita-mapa-pre1820,POL,1593,1127
mpd2020-pib-per-capita-mapa-pre1820,POL,1594,1113
mpd2020-pib-per-capita-mapa-pre1820,POL,1595,1101
mpd2020-pib-per-capita-mapa-pre1820,POL,1596,1078
mpd2020-pib-per-capita-mapa-pre1820,POL,1597,1070
mpd2020-pib-per-capita-mapa-pre1820,POL,1598,1058
mpd2020-pib-per-capita-mapa-pre1820,POL,1599,1038
mpd2020-pib-per-capita-mapa-pre1820,POL,1600,1038
mpd2020-pib-per-capita-mapa-pre1820,POL,1601,1027
mpd2020-pib-per-capita-mapa-pre1820,POL,1602,1020
mpd2020-pib-per-capita-mapa-pre1820,POL,1603,1012
mpd2020-pib-per-capita-mapa-pre1820,POL,1604,1007
mpd2020-pib-per-capita-mapa-pre1820,POL,1605,1004
mpd2020-pib-per-capita-mapa-pre1820,POL,1606,996
mpd2020-pib-per-capita-mapa-pre1820,POL,1607,999
mpd2020-pib-per-capita-mapa-pre1820,POL,1608,998
mpd2020-pib-per-capita-mapa-pre1820,POL,1609,996
mpd2020-pib-per-capita-mapa-pre1820,POL,1610,995
mpd2020-pib-per-capita-mapa-pre1820,POL,1611,990
mpd2020-pib-per-capita-mapa-pre1820,POL,1612,987
mpd2020-pib-per-capita-mapa-pre1820,POL,1613,980
mpd2020-pib-per-capita-mapa-pre1820,POL,1614,976
mpd2020-pib-per-capita-mapa-pre1820,POL,1615,960
mpd2020-pib-per-capita-mapa-pre1820,POL,1616,940
mpd2020-pib-per-capita-mapa-pre1820,POL,1617,923
mpd2020-pib-per-capita-mapa-pre1820,POL,1618,912
mpd2020-pib-per-capita-mapa-pre1820,POL,1619,889
mpd2020-pib-per-capita-mapa-pre1820,POL,1620,872
mpd2020-pib-per-capita-mapa-pre1820,POL,1621,853
mpd2020-pib-per-capita-mapa-pre1820,POL,1622,834
mpd2020-pib-per-capita-mapa-pre1820,POL,1623,827
mpd2020-pib-per-capita-mapa-pre1820,POL,1624,826
mpd2020-pib-per-capita-mapa-pre1820,POL,1625,824
mpd2020-pib-per-capita-mapa-pre1820,POL,1626,832
mpd2020-pib-per-capita-mapa-pre1820,POL,1627,835
mpd2020-pib-per-capita-mapa-pre1820,POL,1628,848
mpd2020-pib-per-capita-mapa-pre1820,POL,1629,859
mpd2020-pib-per-capita-mapa-pre1820,POL,1630,872
mpd2020-pib-per-capita-mapa-pre1820,POL,1631,883
mpd2020-pib-per-capita-mapa-pre1820,POL,1632,893
mpd2020-pib-per-capita-mapa-pre1820,POL,1633,905
mpd2020-pib-per-capita-mapa-pre1820,POL,1634,912
mpd2020-pib-per-capita-mapa-pre1820,POL,1635,921
mpd2020-pib-per-capita-mapa-pre1820,POL,1636,925
mpd2020-pib-per-capita-mapa-pre1820,POL,1637,928
mpd2020-pib-per-capita-mapa-pre1820,POL,1638,931
mpd2020-pib-per-capita-mapa-pre1820,POL,1639,934
mpd2020-pib-per-capita-mapa-pre1820,POL,1640,929
mpd2020-pib-per-capita-mapa-pre1820,POL,1641,921
mpd2020-pib-per-capita-mapa-pre1820,POL,1642,921
mpd2020-pib-per-capita-mapa-pre1820,POL,1643,917
mpd2020-pib-per-capita-mapa-pre1820,POL,1644,913
mpd2020-pib-per-capita-mapa-pre1820,POL,1645,901
mpd2020-pib-per-capita-mapa-pre1820,POL,1646,897
mpd2020-pib-per-capita-mapa-pre1820,POL,1647,897
mpd2020-pib-per-capita-mapa-pre1820,POL,1648,896
mpd2020-pib-per-capita-mapa-pre1820,POL,1649,901
mpd2020-pib-per-capita-mapa-pre1820,POL,1650,901
mpd2020-pib-per-capita-mapa-pre1820,POL,1651,909
mpd2020-pib-per-capita-mapa-pre1820,POL,1652,917
mpd2020-pib-per-capita-mapa-pre1820,POL,1653,920
mpd2020-pib-per-capita-mapa-pre1820,POL,1654,928
mpd2020-pib-per-capita-mapa-pre1820,POL,1655,934
mpd2020-pib-per-capita-mapa-pre1820,POL,1656,947
mpd2020-pib-per-capita-mapa-pre1820,POL,1657,947
mpd2020-pib-per-capita-mapa-pre1820,POL,1658,942
mpd2020-pib-per-capita-mapa-pre1820,POL,1659,934
mpd2020-pib-per-capita-mapa-pre1820,POL,1660,923
mpd2020-pib-per-capita-mapa-pre1820,POL,1661,912
mpd2020-pib-per-capita-mapa-pre1820,POL,1662,901
mpd2020-pib-per-capita-mapa-pre1820,POL,1663,891
mpd2020-pib-per-capita-mapa-pre1820,POL,1664,880
mpd2020-pib-per-capita-mapa-pre1820,POL,1665,866
mpd2020-pib-per-capita-mapa-pre1820,POL,1666,845
mpd2020-pib-per-capita-mapa-pre1820,POL,1667,827
mpd2020-pib-per-capita-mapa-pre1820,POL,1668,811
mpd2020-pib-per-capita-mapa-pre1820,POL,1669,805
mpd2020-pib-per-capita-mapa-pre1820,POL,1670,800
mpd2020-pib-per-capita-mapa-pre1820,POL,1671,792
mpd2020-pib-per-capita-mapa-pre1820,POL,1672,784
mpd2020-pib-per-capita-mapa-pre1820,POL,1673,800
mpd2020-pib-per-capita-mapa-pre1820,POL,1674,810
mpd2020-pib-per-capita-mapa-pre1820,POL,1675,824
mpd2020-pib-per-capita-mapa-pre1820,POL,1676,848
mpd2020-pib-per-capita-mapa-pre1820,POL,1677,880
mpd2020-pib-per-capita-mapa-pre1820,POL,1678,910
mpd2020-pib-per-capita-mapa-pre1820,POL,1679,952
mpd2020-pib-per-capita-mapa-pre1820,POL,1680,988
mpd2020-pib-per-capita-mapa-pre1820,POL,1681,1011
mpd2020-pib-per-capita-mapa-pre1820,POL,1682,1031
mpd2020-pib-per-capita-mapa-pre1820,POL,1683,1044
mpd2020-pib-per-capita-mapa-pre1820,POL,1684,1041
mpd2020-pib-per-capita-mapa-pre1820,POL,1685,1047
mpd2020-pib-per-capita-mapa-pre1820,POL,1686,1055
mpd2020-pib-per-capita-mapa-pre1820,POL,1687,1060
mpd2020-pib-per-capita-mapa-pre1820,POL,1688,1057
mpd2020-pib-per-capita-mapa-pre1820,POL,1689,1052
mpd2020-pib-per-capita-mapa-pre1820,POL,1690,1028
mpd2020-pib-per-capita-mapa-pre1820,POL,1691,1007
mpd2020-pib-per-capita-mapa-pre1820,POL,1692,999
mpd2020-pib-per-capita-mapa-pre1820,POL,1693,993
mpd2020-pib-per-capita-mapa-pre1820,POL,1694,995
mpd2020-pib-per-capita-mapa-pre1820,POL,1695,998
mpd2020-pib-per-capita-mapa-pre1820,POL,1696,995
mpd2020-pib-per-capita-mapa-pre1820,POL,1697,985
mpd2020-pib-per-capita-mapa-pre1820,POL,1698,977
mpd2020-pib-per-capita-mapa-pre1820,POL,1699,980
mpd2020-pib-per-capita-mapa-pre1820,POL,1700,985
mpd2020-pib-per-capita-mapa-pre1820,POL,1701,991
mpd2020-pib-per-capita-mapa-pre1820,POL,1702,998
mpd2020-pib-per-capita-mapa-pre1820,POL,1703,991
mpd2020-pib-per-capita-mapa-pre1820,POL,1704,982
mpd2020-pib-per-capita-mapa-pre1820,POL,1705,983
mpd2020-pib-per-capita-mapa-pre1820,POL,1706,990
mpd2020-pib-per-capita-mapa-pre1820,POL,1707,987
mpd2020-pib-per-capita-mapa-pre1820,POL,1708,982
mpd2020-pib-per-capita-mapa-pre1820,POL,1709,974
mpd2020-pib-per-capita-mapa-pre1820,POL,1710,953
mpd2020-pib-per-capita-mapa-pre1820,POL,1711,929
mpd2020-pib-per-capita-mapa-pre1820,POL,1712,910
mpd2020-pib-per-capita-mapa-pre1820,POL,1713,896
mpd2020-pib-per-capita-mapa-pre1820,POL,1714,912
mpd2020-pib-per-capita-mapa-pre1820,POL,1715,928
mpd2020-pib-per-capita-mapa-pre1820,POL,1716,937
mpd2020-pib-per-capita-mapa-pre1820,POL,1717,948
mpd2020-pib-per-capita-mapa-pre1820,POL,1718,953
mpd2020-pib-per-capita-mapa-pre1820,POL,1719,964
mpd2020-pib-per-capita-mapa-pre1820,POL,1720,971
mpd2020-pib-per-capita-mapa-pre1820,POL,1721,980
mpd2020-pib-per-capita-mapa-pre1820,POL,1722,995
mpd2020-pib-per-capita-mapa-pre1820,POL,1723,1006
mpd2020-pib-per-capita-mapa-pre1820,POL,1724,1015
mpd2020-pib-per-capita-mapa-pre1820,POL,1725,1006
mpd2020-pib-per-capita-mapa-pre1820,POL,1726,1004
mpd2020-pib-per-capita-mapa-pre1820,POL,1727,996
mpd2020-pib-per-capita-mapa-pre1820,POL,1728,983
mpd2020-pib-per-capita-mapa-pre1820,POL,1729,977
mpd2020-pib-per-capita-mapa-pre1820,POL,1730,971
mpd2020-pib-per-capita-mapa-pre1820,POL,1731,958
mpd2020-pib-per-capita-mapa-pre1820,POL,1732,953
mpd2020-pib-per-capita-mapa-pre1820,POL,1733,953
mpd2020-pib-per-capita-mapa-pre1820,POL,1734,956
mpd2020-pib-per-capita-mapa-pre1820,POL,1735,955
mpd2020-pib-per-capita-mapa-pre1820,POL,1736,947
mpd2020-pib-per-capita-mapa-pre1820,POL,1737,940
mpd2020-pib-per-capita-mapa-pre1820,POL,1738,939
mpd2020-pib-per-capita-mapa-pre1820,POL,1739,934
mpd2020-pib-per-capita-mapa-pre1820,POL,1740,931
mpd2020-pib-per-capita-mapa-pre1820,POL,1741,931
mpd2020-pib-per-capita-mapa-pre1820,POL,1742,947
mpd2020-pib-per-capita-mapa-pre1820,POL,1743,999
mpd2020-pib-per-capita-mapa-pre1820,POL,1744,1007
mpd2020-pib-per-capita-mapa-pre1820,POL,1745,1015
mpd2020-pib-per-capita-mapa-pre1820,POL,1746,1023
mpd2020-pib-per-capita-mapa-pre1820,POL,1747,1039
mpd2020-pib-per-capita-mapa-pre1820,POL,1748,1054
mpd2020-pib-per-capita-mapa-pre1820,POL,1749,1065
mpd2020-pib-per-capita-mapa-pre1820,POL,1750,1079
mpd2020-pib-per-capita-mapa-pre1820,POL,1751,1095
mpd2020-pib-per-capita-mapa-pre1820,POL,1752,1105
mpd2020-pib-per-capita-mapa-pre1820,POL,1753,1111
mpd2020-pib-per-capita-mapa-pre1820,POL,1754,1070
mpd2020-pib-per-capita-mapa-pre1820,POL,1755,1070
mpd2020-pib-per-capita-mapa-pre1820,POL,1756,1054
mpd2020-pib-per-capita-mapa-pre1820,POL,1757,1042
mpd2020-pib-per-capita-mapa-pre1820,POL,1758,1036
mpd2020-pib-per-capita-mapa-pre1820,POL,1759,1028
mpd2020-pib-per-capita-mapa-pre1820,POL,1760,1019
mpd2020-pib-per-capita-mapa-pre1820,POL,1761,1011
mpd2020-pib-per-capita-mapa-pre1820,POL,1762,1004
mpd2020-pib-per-capita-mapa-pre1820,POL,1763,991
mpd2020-pib-per-capita-mapa-pre1820,POL,1764,985
mpd2020-pib-per-capita-mapa-pre1820,POL,1765,979
mpd2020-pib-per-capita-mapa-pre1820,POL,1766,974
mpd2020-pib-per-capita-mapa-pre1820,POL,1767,976
mpd2020-pib-per-capita-mapa-pre1820,POL,1768,982
mpd2020-pib-per-capita-mapa-pre1820,POL,1769,982
mpd2020-pib-per-capita-mapa-pre1820,POL,1770,982
mpd2020-pib-per-capita-mapa-pre1820,POL,1771,976
mpd2020-pib-per-capita-mapa-pre1820,POL,1772,974
mpd2020-pib-per-capita-mapa-pre1820,POL,1773,974
mpd2020-pib-per-capita-mapa-pre1820,POL,1774,982
mpd2020-pib-per-capita-mapa-pre1820,POL,1775,991
mpd2020-pib-per-capita-mapa-pre1820,POL,1776,995
mpd2020-pib-per-capita-mapa-pre1820,POL,1777,987
mpd2020-pib-per-capita-mapa-pre1820,POL,1778,990
mpd2020-pib-per-capita-mapa-pre1820,POL,1779,998
mpd2020-pib-per-capita-mapa-pre1820,POL,1780,1004
mpd2020-pib-per-capita-mapa-pre1820,POL,1781,1003
mpd2020-pib-per-capita-mapa-pre1820,POL,1782,1001
mpd2020-pib-per-capita-mapa-pre1820,POL,1783,991
mpd2020-pib-per-capita-mapa-pre1820,POL,1784,979
mpd2020-pib-per-capita-mapa-pre1820,POL,1785,968
mpd2020-pib-per-capita-mapa-pre1820,POL,1786,955
mpd2020-pib-per-capita-mapa-pre1820,POL,1787,958
mpd2020-pib-per-capita-mapa-pre1820,POL,1788,964
mpd2020-pib-per-capita-mapa-pre1820,POL,1789,960
mpd2020-pib-per-capita-mapa-pre1820,POL,1790,942
mpd2020-pib-per-capita-mapa-pre1820,POL,1791,928
mpd2020-pib-per-capita-mapa-pre1820,POL,1792,923
mpd2020-pib-per-capita-mapa-pre1820,POL,1793,921
mpd2020-pib-per-capita-mapa-pre1820,POL,1794,931
mpd2020-pib-per-capita-mapa-pre1820,POL,1795,940
mpd2020-pib-per-capita-mapa-pre1820,POL,1796,953
mpd2020-pib-per-capita-mapa-pre1820,POL,1797,958
mpd2020-pib-per-capita-mapa-pre1820,POL,1798,937
mpd2020-pib-per-capita-mapa-pre1820,POL,1799,925
mpd2020-pib-per-capita-mapa-pre1820,POL,1800,902
mpd2020-pib-per-capita-mapa-pre1820,POL,1811,690
mpd2020-pib-per-capita-mapa-pre1820,POL,1812,663
mpd2020-pib-per-capita-mapa-pre1820,POL,1813,679
mpd2020-pib-per-capita-mapa-pre1820,POL,1814,720
mpd2020-pib-per-capita-mapa-pre1820,POL,1815,733
mpd2020-pib-per-capita-mapa-pre1820,POL,1816,736
mpd2020-pib-per-capita-mapa-pre1820,POL,1817,746
mpd2020-pib-per-capita-mapa-pre1820,POL,1818,762
mpd2020-pib-per-capita-mapa-pre1820,POL,1819,792
mpd2020-pib-per-capita-mapa-pre1820,PRT,1,956
mpd2020-pib-per-capita-mapa-pre1820,PRT,1530,1281.1163
mpd2020-pib-per-capita-mapa-pre1820,PRT,1531,1382.3549
mpd2020-pib-per-capita-mapa-pre1820,PRT,1532,1416.7594
mpd2020-pib-per-capita-mapa-pre1820,PRT,1533,1461.5328
mpd2020-pib-per-capita-mapa-pre1820,PRT,1534,1360.8869
mpd2020-pib-per-capita-mapa-pre1820,PRT,1535,1289.7028
mpd2020-pib-per-capita-mapa-pre1820,PRT,1536,1355.8562
mpd2020-pib-per-capita-mapa-pre1820,PRT,1537,1274.8594
mpd2020-pib-per-capita-mapa-pre1820,PRT,1538,1209.8752
mpd2020-pib-per-capita-mapa-pre1820,PRT,1539,1247.6124
mpd2020-pib-per-capita-mapa-pre1820,PRT,1540,1217.8508
mpd2020-pib-per-capita-mapa-pre1820,PRT,1541,1260.7367
mpd2020-pib-per-capita-mapa-pre1820,PRT,1542,1282.046
mpd2020-pib-per-capita-mapa-pre1820,PRT,1543,1301.0338
mpd2020-pib-per-capita-mapa-pre1820,PRT,1544,1274.0546
mpd2020-pib-per-capita-mapa-pre1820,PRT,1545,1267.1521
mpd2020-pib-per-capita-mapa-pre1820,PRT,1546,1351.9358
mpd2020-pib-per-capita-mapa-pre1820,PRT,1547,1384.6626
mpd2020-pib-per-capita-mapa-pre1820,PRT,1548,1396.7187
mpd2020-pib-per-capita-mapa-pre1820,PRT,1549,1361.905
mpd2020-pib-per-capita-mapa-pre1820,PRT,1550,1330.7799
mpd2020-pib-per-capita-mapa-pre1820,PRT,1551,1310.0495
mpd2020-pib-per-capita-mapa-pre1820,PRT,1552,1413.9132
mpd2020-pib-per-capita-mapa-pre1820,PRT,1553,1630.6814
mpd2020-pib-per-capita-mapa-pre1820,PRT,1554,1518.4259
mpd2020-pib-per-capita-mapa-pre1820,PRT,1555,1347.5031
mpd2020-pib-per-capita-mapa-pre1820,PRT,1556,1221.4298
mpd2020-pib-per-capita-mapa-pre1820,PRT,1557,1235.0556
mpd2020-pib-per-capita-mapa-pre1820,PRT,1558,1320.7571
mpd2020-pib-per-capita-mapa-pre1820,PRT,1559,1353.8068
mpd2020-pib-per-capita-mapa-pre1820,PRT,1560,1564.7277
mpd2020-pib-per-capita-mapa-pre1820,PRT,1561,1390.4708
mpd2020-pib-per-capita-mapa-pre1820,PRT,1562,1385.8917
mpd2020-pib-per-capita-mapa-pre1820,PRT,1563,1389.1426
mpd2020-pib-per-capita-mapa-pre1820,PRT,1564,1454.1081
mpd2020-pib-per-capita-mapa-pre1820,PRT,1565,1474.5426
mpd2020-pib-per-capita-mapa-pre1820,PRT,1566,1422.1393
mpd2020-pib-per-capita-mapa-pre1820,PRT,1567,1456.6747
mpd2020-pib-per-capita-mapa-pre1820,PRT,1568,1424.5054
mpd2020-pib-per-capita-mapa-pre1820,PRT,1569,1376.2888
mpd2020-pib-per-capita-mapa-pre1820,PRT,1570,1433.4099
mpd2020-pib-per-capita-mapa-pre1820,PRT,1571,1549.3177
mpd2020-pib-per-capita-mapa-pre1820,PRT,1572,1573.939
mpd2020-pib-per-capita-mapa-pre1820,PRT,1573,1703.2443
mpd2020-pib-per-capita-mapa-pre1820,PRT,1574,1632.6615
mpd2020-pib-per-capita-mapa-pre1820,PRT,1575,1344.5824
mpd2020-pib-per-capita-mapa-pre1820,PRT,1576,1236.9228
mpd2020-pib-per-capita-mapa-pre1820,PRT,1577,1222.8674
mpd2020-pib-per-capita-mapa-pre1820,PRT,1578,1325.8011
mpd2020-pib-per-capita-mapa-pre1820,PRT,1579,1334.9071
mpd2020-pib-per-capita-mapa-pre1820,PRT,1580,1154.7009
mpd2020-pib-per-capita-mapa-pre1820,PRT,1581,1204.5855
mpd2020-pib-per-capita-mapa-pre1820,PRT,1582,1221.2695
mpd2020-pib-per-capita-mapa-pre1820,PRT,1583,1256.7972
mpd2020-pib-per-capita-mapa-pre1820,PRT,1584,1308.1805
mpd2020-pib-per-capita-mapa-pre1820,PRT,1585,1242.3645
mpd2020-pib-per-capita-mapa-pre1820,PRT,1586,1385.9349
mpd2020-pib-per-capita-mapa-pre1820,PRT,1587,1367.0257
mpd2020-pib-per-capita-mapa-pre1820,PRT,1588,1286.6111
mpd2020-pib-per-capita-mapa-pre1820,PRT,1589,1208.4926
mpd2020-pib-per-capita-mapa-pre1820,PRT,1590,1312.7739
mpd2020-pib-per-capita-mapa-pre1820,PRT,1591,1163.4256
mpd2020-pib-per-capita-mapa-pre1820,PRT,1592,1265.2221
mpd2020-pib-per-capita-mapa-pre1820,PRT,1593,1321.0946
mpd2020-pib-per-capita-mapa-pre1820,PRT,1594,1425.4229
mpd2020-pib-per-capita-mapa-pre1820,PRT,1595,1420.2252
mpd2020-pib-per-capita-mapa-pre1820,PRT,1596,1204.8691
mpd2020-pib-per-capita-mapa-pre1820,PRT,1597,1081.1184
mpd2020-pib-per-capita-mapa-pre1820,PRT,1598,1041.8306
mpd2020-pib-per-capita-mapa-pre1820,PRT,1599,1049.3429
mpd2020-pib-per-capita-mapa-pre1820,PRT,1600,1258.481
mpd2020-pib-per-capita-mapa-pre1820,PRT,1601,1393.8263
mpd2020-pib-per-capita-mapa-pre1820,PRT,1602,1445.7689
mpd2020-pib-per-capita-mapa-pre1820,PRT,1603,1299.7489
mpd2020-pib-per-capita-mapa-pre1820,PRT,1604,1281.9593
mpd2020-pib-per-capita-mapa-pre1820,PRT,1605,1365.5426
mpd2020-pib-per-capita-mapa-pre1820,PRT,1606,1385.2305
mpd2020-pib-per-capita-mapa-pre1820,PRT,1607,1350.318
mpd2020-pib-per-capita-mapa-pre1820,PRT,1608,1281.2501
mpd2020-pib-per-capita-mapa-pre1820,PRT,1609,1312.6178
mpd2020-pib-per-capita-mapa-pre1820,PRT,1610,1471.3887
mpd2020-pib-per-capita-mapa-pre1820,PRT,1611,1429.3346
mpd2020-pib-per-capita-mapa-pre1820,PRT,1612,1349.0803
mpd2020-pib-per-capita-mapa-pre1820,PRT,1613,1306.5477
mpd2020-pib-per-capita-mapa-pre1820,PRT,1614,1352.7376
mpd2020-pib-per-capita-mapa-pre1820,PRT,1615,1423.8299
mpd2020-pib-per-capita-mapa-pre1820,PRT,1616,1462.5921
mpd2020-pib-per-capita-mapa-pre1820,PRT,1617,1369.6223
mpd2020-pib-per-capita-mapa-pre1820,PRT,1618,1283.2391
mpd2020-pib-per-capita-mapa-pre1820,PRT,1619,1283.5174
mpd2020-pib-per-capita-mapa-pre1820,PRT,1620,1445.8651
mpd2020-pib-per-capita-mapa-pre1820,PRT,1621,1445.6978
mpd2020-pib-per-capita-mapa-pre1820,PRT,1622,1406.8527
mpd2020-pib-per-capita-mapa-pre1820,PRT,1623,1341.2975
mpd2020-pib-per-capita-mapa-pre1820,PRT,1624,1411.8477
mpd2020-pib-per-capita-mapa-pre1820,PRT,1625,1529.9685
mpd2020-pib-per-capita-mapa-pre1820,PRT,1626,1428.7302
mpd2020-pib-per-capita-mapa-pre1820,PRT,1627,1328.1239
mpd2020-pib-per-capita-mapa-pre1820,PRT,1628,1255.3981
mpd2020-pib-per-capita-mapa-pre1820,PRT,1629,1310.0499
mpd2020-pib-per-capita-mapa-pre1820,PRT,1630,1250.8389
mpd2020-pib-per-capita-mapa-pre1820,PRT,1631,1146.3422
mpd2020-pib-per-capita-mapa-pre1820,PRT,1632,1116.4607
mpd2020-pib-per-capita-mapa-pre1820,PRT,1633,1230.1347
mpd2020-pib-per-capita-mapa-pre1820,PRT,1634,1405.2449
mpd2020-pib-per-capita-mapa-pre1820,PRT,1635,1307.7893
mpd2020-pib-per-capita-mapa-pre1820,PRT,1636,1128.9446
mpd2020-pib-per-capita-mapa-pre1820,PRT,1637,1184.1442
mpd2020-pib-per-capita-mapa-pre1820,PRT,1638,1333.5887
mpd2020-pib-per-capita-mapa-pre1820,PRT,1639,1435.5364
mpd2020-pib-per-capita-mapa-pre1820,PRT,1640,1424.6607
mpd2020-pib-per-capita-mapa-pre1820,PRT,1641,1612.2251
mpd2020-pib-per-capita-mapa-pre1820,PRT,1642,1503.7963
mpd2020-pib-per-capita-mapa-pre1820,PRT,1643,1597.5589
mpd2020-pib-per-capita-mapa-pre1820,PRT,1644,1538.72
mpd2020-pib-per-capita-mapa-pre1820,PRT,1645,1575.946
mpd2020-pib-per-capita-mapa-pre1820,PRT,1646,1511.3849
mpd2020-pib-per-capita-mapa-pre1820,PRT,1647,1500.4031
mpd2020-pib-per-capita-mapa-pre1820,PRT,1648,1478.9495
mpd2020-pib-per-capita-mapa-pre1820,PRT,1649,1447.5733
mpd2020-pib-per-capita-mapa-pre1820,PRT,1650,1321.6973
mpd2020-pib-per-capita-mapa-pre1820,PRT,1651,1258.9451
mpd2020-pib-per-capita-mapa-pre1820,PRT,1652,1349.4718
mpd2020-pib-per-capita-mapa-pre1820,PRT,1653,1389.3819
mpd2020-pib-per-capita-mapa-pre1820,PRT,1654,1485.272
mpd2020-pib-per-capita-mapa-pre1820,PRT,1655,1436.3356
mpd2020-pib-per-capita-mapa-pre1820,PRT,1656,1436.2274
mpd2020-pib-per-capita-mapa-pre1820,PRT,1657,1489.8245
mpd2020-pib-per-capita-mapa-pre1820,PRT,1658,1462.024
mpd2020-pib-per-capita-mapa-pre1820,PRT,1659,1431.7715
mpd2020-pib-per-capita-mapa-pre1820,PRT,1660,1459.6068
mpd2020-pib-per-capita-mapa-pre1820,PRT,1661,1490.3544
mpd2020-pib-per-capita-mapa-pre1820,PRT,1662,1347.6525
mpd2020-pib-per-capita-mapa-pre1820,PRT,1663,1522.2898
mpd2020-pib-per-capita-mapa-pre1820,PRT,1664,1613.3934
mpd2020-pib-per-capita-mapa-pre1820,PRT,1665,1522.851
mpd2020-pib-per-capita-mapa-pre1820,PRT,1666,1483.3858
mpd2020-pib-per-capita-mapa-pre1820,PRT,1667,1404.9986
mpd2020-pib-per-capita-mapa-pre1820,PRT,1668,1575.9171
mpd2020-pib-per-capita-mapa-pre1820,PRT,1669,1747.1312
mpd2020-pib-per-capita-mapa-pre1820,PRT,1670,1717.8158
mpd2020-pib-per-capita-mapa-pre1820,PRT,1671,1640.4888
mpd2020-pib-per-capita-mapa-pre1820,PRT,1672,1692.7722
mpd2020-pib-per-capita-mapa-pre1820,PRT,1673,1692.3783
mpd2020-pib-per-capita-mapa-pre1820,PRT,1674,1684.9672
mpd2020-pib-per-capita-mapa-pre1820,PRT,1675,1692.9855
mpd2020-pib-per-capita-mapa-pre1820,PRT,1676,1744.1334
mpd2020-pib-per-capita-mapa-pre1820,PRT,1677,1742.3319
mpd2020-pib-per-capita-mapa-pre1820,PRT,1678,1700.3841
mpd2020-pib-per-capita-mapa-pre1820,PRT,1679,1561.5953
mpd2020-pib-per-capita-mapa-pre1820,PRT,1680,1609.2981
mpd2020-pib-per-capita-mapa-pre1820,PRT,1681,1531.5704
mpd2020-pib-per-capita-mapa-pre1820,PRT,1682,1682.4632
mpd2020-pib-per-capita-mapa-pre1820,PRT,1683,1673.673
mpd2020-pib-per-capita-mapa-pre1820,PRT,1684,1662.843
mpd2020-pib-per-capita-mapa-pre1820,PRT,1685,1468.7441
mpd2020-pib-per-capita-mapa-pre1820,PRT,1686,1545.4061
mpd2020-pib-per-capita-mapa-pre1820,PRT,1687,1672.3683
mpd2020-pib-per-capita-mapa-pre1820,PRT,1688,2071.1458
mpd2020-pib-per-capita-mapa-pre1820,PRT,1689,2114.4595
mpd2020-pib-per-capita-mapa-pre1820,PRT,1690,1954.2258
mpd2020-pib-per-capita-mapa-pre1820,PRT,1691,1968.0953
mpd2020-pib-per-capita-mapa-pre1820,PRT,1692,2009.2726
mpd2020-pib-per-capita-mapa-pre1820,PRT,1693,1871.8901
mpd2020-pib-per-capita-mapa-pre1820,PRT,1694,1866.7154
mpd2020-pib-per-capita-mapa-pre1820,PRT,1695,1574.4135
mpd2020-pib-per-capita-mapa-pre1820,PRT,1696,1559.6093
mpd2020-pib-per-capita-mapa-pre1820,PRT,1697,1742.655
mpd2020-pib-per-capita-mapa-pre1820,PRT,1698,1745.5794
mpd2020-pib-per-capita-mapa-pre1820,PRT,1699,1495.7659
mpd2020-pib-per-capita-mapa-pre1820,PRT,1700,1572.1236
mpd2020-pib-per-capita-mapa-pre1820,PRT,1701,1790.6337
mpd2020-pib-per-capita-mapa-pre1820,PRT,1702,1706.9288
mpd2020-pib-per-capita-mapa-pre1820,PRT,1703,1573.3716
mpd2020-pib-per-capita-mapa-pre1820,PRT,1704,1540.1621
mpd2020-pib-per-capita-mapa-pre1820,PRT,1705,1654.5446
mpd2020-pib-per-capita-mapa-pre1820,PRT,1706,1697.9748
mpd2020-pib-per-capita-mapa-pre1820,PRT,1707,1615.5802
mpd2020-pib-per-capita-mapa-pre1820,PRT,1708,1585.7286
mpd2020-pib-per-capita-mapa-pre1820,PRT,1709,1484.7699
mpd2020-pib-per-capita-mapa-pre1820,PRT,1710,1352.4047
mpd2020-pib-per-capita-mapa-pre1820,PRT,1711,1267.545
mpd2020-pib-per-capita-mapa-pre1820,PRT,1712,1376.2461
mpd2020-pib-per-capita-mapa-pre1820,PRT,1713,1520.8297
mpd2020-pib-per-capita-mapa-pre1820,PRT,1714,1590.5597
mpd2020-pib-per-capita-mapa-pre1820,PRT,1715,1613.3747
mpd2020-pib-per-capita-mapa-pre1820,PRT,1716,1624.0129
mpd2020-pib-per-capita-mapa-pre1820,PRT,1717,1758.1188
mpd2020-pib-per-capita-mapa-pre1820,PRT,1718,1815.8223
mpd2020-pib-per-capita-mapa-pre1820,PRT,1719,1775.9855
mpd2020-pib-per-capita-mapa-pre1820,PRT,1720,1849.8177
mpd2020-pib-per-capita-mapa-pre1820,PRT,1721,1774.6053
mpd2020-pib-per-capita-mapa-pre1820,PRT,1722,1674.4037
mpd2020-pib-per-capita-mapa-pre1820,PRT,1723,1841.1104
mpd2020-pib-per-capita-mapa-pre1820,PRT,1724,1816.4743
mpd2020-pib-per-capita-mapa-pre1820,PRT,1725,1977.7083
mpd2020-pib-per-capita-mapa-pre1820,PRT,1726,1941.286
mpd2020-pib-per-capita-mapa-pre1820,PRT,1727,1741.5637
mpd2020-pib-per-capita-mapa-pre1820,PRT,1728,1881.0871
mpd2020-pib-per-capita-mapa-pre1820,PRT,1729,1948.5698
mpd2020-pib-per-capita-mapa-pre1820,PRT,1730,1984.7252
mpd2020-pib-per-capita-mapa-pre1820,PRT,1731,1954.6157
mpd2020-pib-per-capita-mapa-pre1820,PRT,1732,2078.5728
mpd2020-pib-per-capita-mapa-pre1820,PRT,1733,1995.1835
mpd2020-pib-per-capita-mapa-pre1820,PRT,1734,2137.8128
mpd2020-pib-per-capita-mapa-pre1820,PRT,1735,2012.4029
mpd2020-pib-per-capita-mapa-pre1820,PRT,1736,1944.2086
mpd2020-pib-per-capita-mapa-pre1820,PRT,1737,2126.7919
mpd2020-pib-per-capita-mapa-pre1820,PRT,1738,2047.2576
mpd2020-pib-per-capita-mapa-pre1820,PRT,1739,1845.9904
mpd2020-pib-per-capita-mapa-pre1820,PRT,1740,1889.411
mpd2020-pib-per-capita-mapa-pre1820,PRT,1741,2000.1773
mpd2020-pib-per-capita-mapa-pre1820,PRT,1742,2218.3399
mpd2020-pib-per-capita-mapa-pre1820,PRT,1743,2009.6225
mpd2020-pib-per-capita-mapa-pre1820,PRT,1744,1972.0911
mpd2020-pib-per-capita-mapa-pre1820,PRT,1745,2033.394
mpd2020-pib-per-capita-mapa-pre1820,PRT,1746,2028.6494
mpd2020-pib-per-capita-mapa-pre1820,PRT,1747,2082.8576
mpd2020-pib-per-capita-mapa-pre1820,PRT,1748,2017.8246
mpd2020-pib-per-capita-mapa-pre1820,PRT,1749,2028.8722
mpd2020-pib-per-capita-mapa-pre1820,PRT,1750,2184.4487
mpd2020-pib-per-capita-mapa-pre1820,PRT,1751,2159.1163
mpd2020-pib-per-capita-mapa-pre1820,PRT,1752,2209.5347
mpd2020-pib-per-capita-mapa-pre1820,PRT,1753,2190.0059
mpd2020-pib-per-capita-mapa-pre1820,PRT,1754,2166.4157
mpd2020-pib-per-capita-mapa-pre1820,PRT,1755,2172.9246
mpd2020-pib-per-capita-mapa-pre1820,PRT,1756,2010.4026
mpd2020-pib-per-capita-mapa-pre1820,PRT,1757,1987.831
mpd2020-pib-per-capita-mapa-pre1820,PRT,1758,1976.5296
mpd2020-pib-per-capita-mapa-pre1820,PRT,1759,2039.6055
mpd2020-pib-per-capita-mapa-pre1820,PRT,1760,2151.8284
mpd2020-pib-per-capita-mapa-pre1820,PRT,1761,2186.7761
mpd2020-pib-per-capita-mapa-pre1820,PRT,1762,2028.0347
mpd2020-pib-per-capita-mapa-pre1820,PRT,1763,1984.7086
mpd2020-pib-per-capita-mapa-pre1820,PRT,1764,2032.949
mpd2020-pib-per-capita-mapa-pre1820,PRT,1765,2036.0682
mpd2020-pib-per-capita-mapa-pre1820,PRT,1766,2021.2112
mpd2020-pib-per-capita-mapa-pre1820,PRT,1767,2080.488
mpd2020-pib-per-capita-mapa-pre1820,PRT,1768,1863.3381
mpd2020-pib-per-capita-mapa-pre1820,PRT,1769,1822.6857
mpd2020-pib-per-capita-mapa-pre1820,PRT,1770,1941.3525
mpd2020-pib-per-capita-mapa-pre1820,PRT,1771,1909.6466
mpd2020-pib-per-capita-mapa-pre1820,PRT,1772,1916.4072
mpd2020-pib-per-capita-mapa-pre1820,PRT,1773,1927.2372
mpd2020-pib-per-capita-mapa-pre1820,PRT,1774,1912.2137
mpd2020-pib-per-capita-mapa-pre1820,PRT,1775,1976.5409
mpd2020-pib-per-capita-mapa-pre1820,PRT,1776,1928.7105
mpd2020-pib-per-capita-mapa-pre1820,PRT,1777,2044.7564
mpd2020-pib-per-capita-mapa-pre1820,PRT,1778,1936.6981
mpd2020-pib-per-capita-mapa-pre1820,PRT,1779,2011.6905
mpd2020-pib-per-capita-mapa-pre1820,PRT,1780,1886.5987
mpd2020-pib-per-capita-mapa-pre1820,PRT,1781,1968.8981
mpd2020-pib-per-capita-mapa-pre1820,PRT,1782,1955.429
mpd2020-pib-per-capita-mapa-pre1820,PRT,1783,1943.805
mpd2020-pib-per-capita-mapa-pre1820,PRT,1784,2109.2381
mpd2020-pib-per-capita-mapa-pre1820,PRT,1785,2063.0102
mpd2020-pib-per-capita-mapa-pre1820,PRT,1786,2059.2246
mpd2020-pib-per-capita-mapa-pre1820,PRT,1787,1959.6209
mpd2020-pib-per-capita-mapa-pre1820,PRT,1788,1998.662
mpd2020-pib-per-capita-mapa-pre1820,PRT,1789,1821.7283
mpd2020-pib-per-capita-mapa-pre1820,PRT,1790,1747.5902
mpd2020-pib-per-capita-mapa-pre1820,PRT,1791,1788.9249
mpd2020-pib-per-capita-mapa-pre1820,PRT,1792,1806.2773
mpd2020-pib-per-capita-mapa-pre1820,PRT,1793,1811.5192
mpd2020-pib-per-capita-mapa-pre1820,PRT,1794,1659.0971
mpd2020-pib-per-capita-mapa-pre1820,PRT,1795,1656.6132
mpd2020-pib-per-capita-mapa-pre1820,PRT,1796,1744.5472
mpd2020-pib-per-capita-mapa-pre1820,PRT,1797,1711.0408
mpd2020-pib-per-capita-mapa-pre1820,PRT,1798,1558.4987
mpd2020-pib-per-capita-mapa-pre1820,PRT,1799,1551.6784
mpd2020-pib-per-capita-mapa-pre1820,PRT,1800,1458.7521
mpd2020-pib-per-capita-mapa-pre1820,PRT,1801,1391.3414
mpd2020-pib-per-capita-mapa-pre1820,PRT,1802,1413.8454
mpd2020-pib-per-capita-mapa-pre1820,PRT,1803,1427.3018
mpd2020-pib-per-capita-mapa-pre1820,PRT,1804,1470.5849
mpd2020-pib-per-capita-mapa-pre1820,PRT,1805,1444.9907
mpd2020-pib-per-capita-mapa-pre1820,PRT,1806,1412.2711
mpd2020-pib-per-capita-mapa-pre1820,PRT,1807,1422.0896
mpd2020-pib-per-capita-mapa-pre1820,PRT,1808,1446.0949
mpd2020-pib-per-capita-mapa-pre1820,PRT,1809,1421.007
mpd2020-pib-per-capita-mapa-pre1820,PRT,1810,1176.5454
mpd2020-pib-per-capita-mapa-pre1820,PRT,1811,1072.3851
mpd2020-pib-per-capita-mapa-pre1820,PRT,1812,1114.2234
mpd2020-pib-per-capita-mapa-pre1820,PRT,1813,1226.8877
mpd2020-pib-per-capita-mapa-pre1820,PRT,1814,1265.514
mpd2020-pib-per-capita-mapa-pre1820,PRT,1815,1326.9184
mpd2020-pib-per-capita-mapa-pre1820,PRT,1816,1372.1917
mpd2020-pib-per-capita-mapa-pre1820,PRT,1817,1377.9071
mpd2020-pib-per-capita-mapa-pre1820,PRT,1818,1464.7978
mpd2020-pib-per-capita-mapa-pre1820,PRT,1819,1611.2771
mpd2020-pib-per-capita-mapa-pre1820,SWE,1300,1133
mpd2020-pib-per-capita-mapa-pre1820,SWE,1301,1135
mpd2020-pib-per-capita-mapa-pre1820,SWE,1302,1379
mpd2020-pib-per-capita-mapa-pre1820,SWE,1303,1494
mpd2020-pib-per-capita-mapa-pre1820,SWE,1304,1463
mpd2020-pib-per-capita-mapa-pre1820,SWE,1305,1451
mpd2020-pib-per-capita-mapa-pre1820,SWE,1306,1430
mpd2020-pib-per-capita-mapa-pre1820,SWE,1307,1419
mpd2020-pib-per-capita-mapa-pre1820,SWE,1308,1403
mpd2020-pib-per-capita-mapa-pre1820,SWE,1309,1387
mpd2020-pib-per-capita-mapa-pre1820,SWE,1310,1360
mpd2020-pib-per-capita-mapa-pre1820,SWE,1311,1352
mpd2020-pib-per-capita-mapa-pre1820,SWE,1312,1334
mpd2020-pib-per-capita-mapa-pre1820,SWE,1313,1301
mpd2020-pib-per-capita-mapa-pre1820,SWE,1314,1272
mpd2020-pib-per-capita-mapa-pre1820,SWE,1315,1237
mpd2020-pib-per-capita-mapa-pre1820,SWE,1316,1339
mpd2020-pib-per-capita-mapa-pre1820,SWE,1317,1478
mpd2020-pib-per-capita-mapa-pre1820,SWE,1318,1626
mpd2020-pib-per-capita-mapa-pre1820,SWE,1319,1451
mpd2020-pib-per-capita-mapa-pre1820,SWE,1320,1305
mpd2020-pib-per-capita-mapa-pre1820,SWE,1321,1294
mpd2020-pib-per-capita-mapa-pre1820,SWE,1322,1288
mpd2020-pib-per-capita-mapa-pre1820,SWE,1323,1301
mpd2020-pib-per-capita-mapa-pre1820,SWE,1324,1315
mpd2020-pib-per-capita-mapa-pre1820,SWE,1325,1433
mpd2020-pib-per-capita-mapa-pre1820,SWE,1326,1561
mpd2020-pib-per-capita-mapa-pre1820,SWE,1327,1729
mpd2020-pib-per-capita-mapa-pre1820,SWE,1328,1918
mpd2020-pib-per-capita-mapa-pre1820,SWE,1329,2040
mpd2020-pib-per-capita-mapa-pre1820,SWE,1330,1683
mpd2020-pib-per-capita-mapa-pre1820,SWE,1331,1486
mpd2020-pib-per-capita-mapa-pre1820,SWE,1332,1439
mpd2020-pib-per-capita-mapa-pre1820,SWE,1333,1342
mpd2020-pib-per-capita-mapa-pre1820,SWE,1334,1371
mpd2020-pib-per-capita-mapa-pre1820,SWE,1335,1398
mpd2020-pib-per-capita-mapa-pre1820,SWE,1336,1431
mpd2020-pib-per-capita-mapa-pre1820,SWE,1337,1465
mpd2020-pib-per-capita-mapa-pre1820,SWE,1338,1495
mpd2020-pib-per-capita-mapa-pre1820,SWE,1339,1522
mpd2020-pib-per-capita-mapa-pre1820,SWE,1340,1490
mpd2020-pib-per-capita-mapa-pre1820,SWE,1341,1460
mpd2020-pib-per-capita-mapa-pre1820,SWE,1342,1430
mpd2020-pib-per-capita-mapa-pre1820,SWE,1343,1384
mpd2020-pib-per-capita-mapa-pre1820,SWE,1344,1344
mpd2020-pib-per-capita-mapa-pre1820,SWE,1345,1299
mpd2020-pib-per-capita-mapa-pre1820,SWE,1346,1258
mpd2020-pib-per-capita-mapa-pre1820,SWE,1347,1272
mpd2020-pib-per-capita-mapa-pre1820,SWE,1348,1290
mpd2020-pib-per-capita-mapa-pre1820,SWE,1349,1305
mpd2020-pib-per-capita-mapa-pre1820,SWE,1350,1323
mpd2020-pib-per-capita-mapa-pre1820,SWE,1351,1275
mpd2020-pib-per-capita-mapa-pre1820,SWE,1352,1226
mpd2020-pib-per-capita-mapa-pre1820,SWE,1353,1181
mpd2020-pib-per-capita-mapa-pre1820,SWE,1354,1149
mpd2020-pib-per-capita-mapa-pre1820,SWE,1355,1100
mpd2020-pib-per-capita-mapa-pre1820,SWE,1356,1074
mpd2020-pib-per-capita-mapa-pre1820,SWE,1357,1124
mpd2020-pib-per-capita-mapa-pre1820,SWE,1358,1186
mpd2020-pib-per-capita-mapa-pre1820,SWE,1359,1246
mpd2020-pib-per-capita-mapa-pre1820,SWE,1360,1318
mpd2020-pib-per-capita-mapa-pre1820,SWE,1361,1393
mpd2020-pib-per-capita-mapa-pre1820,SWE,1362,1471
mpd2020-pib-per-capita-mapa-pre1820,SWE,1363,1510
mpd2020-pib-per-capita-mapa-pre1820,SWE,1364,1535
mpd2020-pib-per-capita-mapa-pre1820,SWE,1365,1564
mpd2020-pib-per-capita-mapa-pre1820,SWE,1366,1605
mpd2020-pib-per-capita-mapa-pre1820,SWE,1367,1651
mpd2020-pib-per-capita-mapa-pre1820,SWE,1368,1688
mpd2020-pib-per-capita-mapa-pre1820,SWE,1369,1720
mpd2020-pib-per-capita-mapa-pre1820,SWE,1370,1709
mpd2020-pib-per-capita-mapa-pre1820,SWE,1371,1656
mpd2020-pib-per-capita-mapa-pre1820,SWE,1372,1618
mpd2020-pib-per-capita-mapa-pre1820,SWE,1373,1596
mpd2020-pib-per-capita-mapa-pre1820,SWE,1374,1575
mpd2020-pib-per-capita-mapa-pre1820,SWE,1375,1557
mpd2020-pib-per-capita-mapa-pre1820,SWE,1376,1541
mpd2020-pib-per-capita-mapa-pre1820,SWE,1377,1530
mpd2020-pib-per-capita-mapa-pre1820,SWE,1378,1519
mpd2020-pib-per-capita-mapa-pre1820,SWE,1379,1508
mpd2020-pib-per-capita-mapa-pre1820,SWE,1380,1503
mpd2020-pib-per-capita-mapa-pre1820,SWE,1381,1492
mpd2020-pib-per-capita-mapa-pre1820,SWE,1382,1562
mpd2020-pib-per-capita-mapa-pre1820,SWE,1383,1559
mpd2020-pib-per-capita-mapa-pre1820,SWE,1384,1551
mpd2020-pib-per-capita-mapa-pre1820,SWE,1385,1546
mpd2020-pib-per-capita-mapa-pre1820,SWE,1386,1470
mpd2020-pib-per-capita-mapa-pre1820,SWE,1387,1462
mpd2020-pib-per-capita-mapa-pre1820,SWE,1388,1455
mpd2020-pib-per-capita-mapa-pre1820,SWE,1389,1466
mpd2020-pib-per-capita-mapa-pre1820,SWE,1390,1482
mpd2020-pib-per-capita-mapa-pre1820,SWE,1391,1494
mpd2020-pib-per-capita-mapa-pre1820,SWE,1392,1506
mpd2020-pib-per-capita-mapa-pre1820,SWE,1393,1519
mpd2020-pib-per-capita-mapa-pre1820,SWE,1394,1533
mpd2020-pib-per-capita-mapa-pre1820,SWE,1395,1545
mpd2020-pib-per-capita-mapa-pre1820,SWE,1396,1564
mpd2020-pib-per-capita-mapa-pre1820,SWE,1397,1524
mpd2020-pib-per-capita-mapa-pre1820,SWE,1398,1537
mpd2020-pib-per-capita-mapa-pre1820,SWE,1399,1548
mpd2020-pib-per-capita-mapa-pre1820,SWE,1400,1543
mpd2020-pib-per-capita-mapa-pre1820,SWE,1401,1540
mpd2020-pib-per-capita-mapa-pre1820,SWE,1402,1537
mpd2020-pib-per-capita-mapa-pre1820,SWE,1403,1530
mpd2020-pib-per-capita-mapa-pre1820,SWE,1404,1524
mpd2020-pib-per-capita-mapa-pre1820,SWE,1405,1514
mpd2020-pib-per-capita-mapa-pre1820,SWE,1406,1510
mpd2020-pib-per-capita-mapa-pre1820,SWE,1407,1508
mpd2020-pib-per-capita-mapa-pre1820,SWE,1408,1503
mpd2020-pib-per-capita-mapa-pre1820,SWE,1409,1498
mpd2020-pib-per-capita-mapa-pre1820,SWE,1410,1498
mpd2020-pib-per-capita-mapa-pre1820,SWE,1411,1500
mpd2020-pib-per-capita-mapa-pre1820,SWE,1412,1503
mpd2020-pib-per-capita-mapa-pre1820,SWE,1413,1511
mpd2020-pib-per-capita-mapa-pre1820,SWE,1414,1519
mpd2020-pib-per-capita-mapa-pre1820,SWE,1415,1517
mpd2020-pib-per-capita-mapa-pre1820,SWE,1416,1524
mpd2020-pib-per-capita-mapa-pre1820,SWE,1417,1618
mpd2020-pib-per-capita-mapa-pre1820,SWE,1418,1358
mpd2020-pib-per-capita-mapa-pre1820,SWE,1419,1390
mpd2020-pib-per-capita-mapa-pre1820,SWE,1420,1360
mpd2020-pib-per-capita-mapa-pre1820,SWE,1421,1363
mpd2020-pib-per-capita-mapa-pre1820,SWE,1422,1393
mpd2020-pib-per-capita-mapa-pre1820,SWE,1423,1452
mpd2020-pib-per-capita-mapa-pre1820,SWE,1424,1361
mpd2020-pib-per-capita-mapa-pre1820,SWE,1425,1525
mpd2020-pib-per-capita-mapa-pre1820,SWE,1426,1454
mpd2020-pib-per-capita-mapa-pre1820,SWE,1427,1443
mpd2020-pib-per-capita-mapa-pre1820,SWE,1428,1415
mpd2020-pib-per-capita-mapa-pre1820,SWE,1429,1441
mpd2020-pib-per-capita-mapa-pre1820,SWE,1430,1486
mpd2020-pib-per-capita-mapa-pre1820,SWE,1431,1376
mpd2020-pib-per-capita-mapa-pre1820,SWE,1432,1352
mpd2020-pib-per-capita-mapa-pre1820,SWE,1433,1328
mpd2020-pib-per-capita-mapa-pre1820,SWE,1434,1326
mpd2020-pib-per-capita-mapa-pre1820,SWE,1435,1242
mpd2020-pib-per-capita-mapa-pre1820,SWE,1436,1208
mpd2020-pib-per-capita-mapa-pre1820,SWE,1437,1211
mpd2020-pib-per-capita-mapa-pre1820,SWE,1438,1272
mpd2020-pib-per-capita-mapa-pre1820,SWE,1439,1272
mpd2020-pib-per-capita-mapa-pre1820,SWE,1440,1248
mpd2020-pib-per-capita-mapa-pre1820,SWE,1441,1278
mpd2020-pib-per-capita-mapa-pre1820,SWE,1442,1307
mpd2020-pib-per-capita-mapa-pre1820,SWE,1443,1299
mpd2020-pib-per-capita-mapa-pre1820,SWE,1444,1339
mpd2020-pib-per-capita-mapa-pre1820,SWE,1445,1337
mpd2020-pib-per-capita-mapa-pre1820,SWE,1446,1317
mpd2020-pib-per-capita-mapa-pre1820,SWE,1447,1213
mpd2020-pib-per-capita-mapa-pre1820,SWE,1448,1173
mpd2020-pib-per-capita-mapa-pre1820,SWE,1449,1631
mpd2020-pib-per-capita-mapa-pre1820,SWE,1450,1557
mpd2020-pib-per-capita-mapa-pre1820,SWE,1451,1388
mpd2020-pib-per-capita-mapa-pre1820,SWE,1452,1425
mpd2020-pib-per-capita-mapa-pre1820,SWE,1453,1356
mpd2020-pib-per-capita-mapa-pre1820,SWE,1454,1207
mpd2020-pib-per-capita-mapa-pre1820,SWE,1455,1436
mpd2020-pib-per-capita-mapa-pre1820,SWE,1456,2184
mpd2020-pib-per-capita-mapa-pre1820,SWE,1457,2158
mpd2020-pib-per-capita-mapa-pre1820,SWE,1458,1765
mpd2020-pib-per-capita-mapa-pre1820,SWE,1459,1787
mpd2020-pib-per-capita-mapa-pre1820,SWE,1460,1690
mpd2020-pib-per-capita-mapa-pre1820,SWE,1461,1707
mpd2020-pib-per-capita-mapa-pre1820,SWE,1462,1760
mpd2020-pib-per-capita-mapa-pre1820,SWE,1463,1940
mpd2020-pib-per-capita-mapa-pre1820,SWE,1464,1870
mpd2020-pib-per-capita-mapa-pre1820,SWE,1465,1804
mpd2020-pib-per-capita-mapa-pre1820,SWE,1466,1873
mpd2020-pib-per-capita-mapa-pre1820,SWE,1467,1970
mpd2020-pib-per-capita-mapa-pre1820,SWE,1468,2263
mpd2020-pib-per-capita-mapa-pre1820,SWE,1469,1436
mpd2020-pib-per-capita-mapa-pre1820,SWE,1470,1529
mpd2020-pib-per-capita-mapa-pre1820,SWE,1471,1812
mpd2020-pib-per-capita-mapa-pre1820,SWE,1472,1704
mpd2020-pib-per-capita-mapa-pre1820,SWE,1473,1546
mpd2020-pib-per-capita-mapa-pre1820,SWE,1474,1325
mpd2020-pib-per-capita-mapa-pre1820,SWE,1475,1366
mpd2020-pib-per-capita-mapa-pre1820,SWE,1476,1301
mpd2020-pib-per-capita-mapa-pre1820,SWE,1477,1427
mpd2020-pib-per-capita-mapa-pre1820,SWE,1478,1406
mpd2020-pib-per-capita-mapa-pre1820,SWE,1479,1352
mpd2020-pib-per-capita-mapa-pre1820,SWE,1480,1366
mpd2020-pib-per-capita-mapa-pre1820,SWE,1481,1588
mpd2020-pib-per-capita-mapa-pre1820,SWE,1482,1674
mpd2020-pib-per-capita-mapa-pre1820,SWE,1483,1661
mpd2020-pib-per-capita-mapa-pre1820,SWE,1484,1661
mpd2020-pib-per-capita-mapa-pre1820,SWE,1485,1663
mpd2020-pib-per-capita-mapa-pre1820,SWE,1486,1564
mpd2020-pib-per-capita-mapa-pre1820,SWE,1487,1583
mpd2020-pib-per-capita-mapa-pre1820,SWE,1488,1583
mpd2020-pib-per-capita-mapa-pre1820,SWE,1489,1604
mpd2020-pib-per-capita-mapa-pre1820,SWE,1490,1503
mpd2020-pib-per-capita-mapa-pre1820,SWE,1491,1723
mpd2020-pib-per-capita-mapa-pre1820,SWE,1492,1777
mpd2020-pib-per-capita-mapa-pre1820,SWE,1493,1804
mpd2020-pib-per-capita-mapa-pre1820,SWE,1494,1502
mpd2020-pib-per-capita-mapa-pre1820,SWE,1495,1460
mpd2020-pib-per-capita-mapa-pre1820,SWE,1496,1430
mpd2020-pib-per-capita-mapa-pre1820,SWE,1497,1393
mpd2020-pib-per-capita-mapa-pre1820,SWE,1498,1374
mpd2020-pib-per-capita-mapa-pre1820,SWE,1499,1417
mpd2020-pib-per-capita-mapa-pre1820,SWE,1500,1760
mpd2020-pib-per-capita-mapa-pre1820,SWE,1501,1828
mpd2020-pib-per-capita-mapa-pre1820,SWE,1502,1643
mpd2020-pib-per-capita-mapa-pre1820,SWE,1503,1478
mpd2020-pib-per-capita-mapa-pre1820,SWE,1504,2144
mpd2020-pib-per-capita-mapa-pre1820,SWE,1505,1819
mpd2020-pib-per-capita-mapa-pre1820,SWE,1506,1980
mpd2020-pib-per-capita-mapa-pre1820,SWE,1507,1785
mpd2020-pib-per-capita-mapa-pre1820,SWE,1508,2267
mpd2020-pib-per-capita-mapa-pre1820,SWE,1509,2570
mpd2020-pib-per-capita-mapa-pre1820,SWE,1510,2255
mpd2020-pib-per-capita-mapa-pre1820,SWE,1511,2225
mpd2020-pib-per-capita-mapa-pre1820,SWE,1512,1986
mpd2020-pib-per-capita-mapa-pre1820,SWE,1513,2037
mpd2020-pib-per-capita-mapa-pre1820,SWE,1514,1728
mpd2020-pib-per-capita-mapa-pre1820,SWE,1515,1779
mpd2020-pib-per-capita-mapa-pre1820,SWE,1516,1710
mpd2020-pib-per-capita-mapa-pre1820,SWE,1517,1946
mpd2020-pib-per-capita-mapa-pre1820,SWE,1518,1819
mpd2020-pib-per-capita-mapa-pre1820,SWE,1519,2267
mpd2020-pib-per-capita-mapa-pre1820,SWE,1520,2418
mpd2020-pib-per-capita-mapa-pre1820,SWE,1521,2192
mpd2020-pib-per-capita-mapa-pre1820,SWE,1522,2251
mpd2020-pib-per-capita-mapa-pre1820,SWE,1523,2181
mpd2020-pib-per-capita-mapa-pre1820,SWE,1524,1315
mpd2020-pib-per-capita-mapa-pre1820,SWE,1525,1532
mpd2020-pib-per-capita-mapa-pre1820,SWE,1526,1519
mpd2020-pib-per-capita-mapa-pre1820,SWE,1527,1812
mpd2020-pib-per-capita-mapa-pre1820,SWE,1528,1938
mpd2020-pib-per-capita-mapa-pre1820,SWE,1529,1765
mpd2020-pib-per-capita-mapa-pre1820,SWE,1530,1561
mpd2020-pib-per-capita-mapa-pre1820,SWE,1531,1686
mpd2020-pib-per-capita-mapa-pre1820,SWE,1532,1798
mpd2020-pib-per-capita-mapa-pre1820,SWE,1533,1479
mpd2020-pib-per-capita-mapa-pre1820,SWE,1534,1490
mpd2020-pib-per-capita-mapa-pre1820,SWE,1535,1403
mpd2020-pib-per-capita-mapa-pre1820,SWE,1536,1511
mpd2020-pib-per-capita-mapa-pre1820,SWE,1537,1551
mpd2020-pib-per-capita-mapa-pre1820,SWE,1538,1583
mpd2020-pib-per-capita-mapa-pre1820,SWE,1539,1302
mpd2020-pib-per-capita-mapa-pre1820,SWE,1540,1412
mpd2020-pib-per-capita-mapa-pre1820,SWE,1541,1269
mpd2020-pib-per-capita-mapa-pre1820,SWE,1542,1390
mpd2020-pib-per-capita-mapa-pre1820,SWE,1543,1519
mpd2020-pib-per-capita-mapa-pre1820,SWE,1544,1530
mpd2020-pib-per-capita-mapa-pre1820,SWE,1545,1572
mpd2020-pib-per-capita-mapa-pre1820,SWE,1546,1592
mpd2020-pib-per-capita-mapa-pre1820,SWE,1547,1412
mpd2020-pib-per-capita-mapa-pre1820,SWE,1548,1561
mpd2020-pib-per-capita-mapa-pre1820,SWE,1549,1634
mpd2020-pib-per-capita-mapa-pre1820,SWE,1550,1655
mpd2020-pib-per-capita-mapa-pre1820,SWE,1551,1723
mpd2020-pib-per-capita-mapa-pre1820,SWE,1552,1683
mpd2020-pib-per-capita-mapa-pre1820,SWE,1553,1561
mpd2020-pib-per-capita-mapa-pre1820,SWE,1554,1559
mpd2020-pib-per-capita-mapa-pre1820,SWE,1555,1530
mpd2020-pib-per-capita-mapa-pre1820,SWE,1556,1580
mpd2020-pib-per-capita-mapa-pre1820,SWE,1557,1608
mpd2020-pib-per-capita-mapa-pre1820,SWE,1558,1600
mpd2020-pib-per-capita-mapa-pre1820,SWE,1559,1677
mpd2020-pib-per-capita-mapa-pre1820,SWE,1560,1610
mpd2020-pib-per-capita-mapa-pre1820,SWE,1561,1487
mpd2020-pib-per-capita-mapa-pre1820,SWE,1562,1492
mpd2020-pib-per-capita-mapa-pre1820,SWE,1563,1565
mpd2020-pib-per-capita-mapa-pre1820,SWE,1564,1688
mpd2020-pib-per-capita-mapa-pre1820,SWE,1565,1632
mpd2020-pib-per-capita-mapa-pre1820,SWE,1566,1854
mpd2020-pib-per-capita-mapa-pre1820,SWE,1567,1886
mpd2020-pib-per-capita-mapa-pre1820,SWE,1568,1830
mpd2020-pib-per-capita-mapa-pre1820,SWE,1569,1865
mpd2020-pib-per-capita-mapa-pre1820,SWE,1570,1755
mpd2020-pib-per-capita-mapa-pre1820,SWE,1571,1497
mpd2020-pib-per-capita-mapa-pre1820,SWE,1572,1129
mpd2020-pib-per-capita-mapa-pre1820,SWE,1573,1323
mpd2020-pib-per-capita-mapa-pre1820,SWE,1574,1409
mpd2020-pib-per-capita-mapa-pre1820,SWE,1575,1532
mpd2020-pib-per-capita-mapa-pre1820,SWE,1576,1567
mpd2020-pib-per-capita-mapa-pre1820,SWE,1577,1508
mpd2020-pib-per-capita-mapa-pre1820,SWE,1578,1500
mpd2020-pib-per-capita-mapa-pre1820,SWE,1579,1511
mpd2020-pib-per-capita-mapa-pre1820,SWE,1580,1478
mpd2020-pib-per-capita-mapa-pre1820,SWE,1581,1349
mpd2020-pib-per-capita-mapa-pre1820,SWE,1582,1578
mpd2020-pib-per-capita-mapa-pre1820,SWE,1583,1568
mpd2020-pib-per-capita-mapa-pre1820,SWE,1584,1529
mpd2020-pib-per-capita-mapa-pre1820,SWE,1585,1554
mpd2020-pib-per-capita-mapa-pre1820,SWE,1586,1502
mpd2020-pib-per-capita-mapa-pre1820,SWE,1587,1419
mpd2020-pib-per-capita-mapa-pre1820,SWE,1588,1411
mpd2020-pib-per-capita-mapa-pre1820,SWE,1589,1344
mpd2020-pib-per-capita-mapa-pre1820,SWE,1590,1510
mpd2020-pib-per-capita-mapa-pre1820,SWE,1591,1557
mpd2020-pib-per-capita-mapa-pre1820,SWE,1592,1305
mpd2020-pib-per-capita-mapa-pre1820,SWE,1593,1495
mpd2020-pib-per-capita-mapa-pre1820,SWE,1594,1423
mpd2020-pib-per-capita-mapa-pre1820,SWE,1595,1629
mpd2020-pib-per-capita-mapa-pre1820,SWE,1596,1462
mpd2020-pib-per-capita-mapa-pre1820,SWE,1597,1202
mpd2020-pib-per-capita-mapa-pre1820,SWE,1598,1130
mpd2020-pib-per-capita-mapa-pre1820,SWE,1599,1270
mpd2020-pib-per-capita-mapa-pre1820,SWE,1600,1258
mpd2020-pib-per-capita-mapa-pre1820,SWE,1601,1436
mpd2020-pib-per-capita-mapa-pre1820,SWE,1602,1242
mpd2020-pib-per-capita-mapa-pre1820,SWE,1603,1266
mpd2020-pib-per-capita-mapa-pre1820,SWE,1604,1376
mpd2020-pib-per-capita-mapa-pre1820,SWE,1605,1329
mpd2020-pib-per-capita-mapa-pre1820,SWE,1606,1363
mpd2020-pib-per-capita-mapa-pre1820,SWE,1607,1427
mpd2020-pib-per-capita-mapa-pre1820,SWE,1608,1412
mpd2020-pib-per-capita-mapa-pre1820,SWE,1609,1519
mpd2020-pib-per-capita-mapa-pre1820,SWE,1610,1486
mpd2020-pib-per-capita-mapa-pre1820,SWE,1611,1513
mpd2020-pib-per-capita-mapa-pre1820,SWE,1612,1686
mpd2020-pib-per-capita-mapa-pre1820,SWE,1613,1564
mpd2020-pib-per-capita-mapa-pre1820,SWE,1614,1425
mpd2020-pib-per-capita-mapa-pre1820,SWE,1615,1494
mpd2020-pib-per-capita-mapa-pre1820,SWE,1616,1462
mpd2020-pib-per-capita-mapa-pre1820,SWE,1617,1447
mpd2020-pib-per-capita-mapa-pre1820,SWE,1618,1664
mpd2020-pib-per-capita-mapa-pre1820,SWE,1619,1519
mpd2020-pib-per-capita-mapa-pre1820,SWE,1620,1623
mpd2020-pib-per-capita-mapa-pre1820,SWE,1621,1865
mpd2020-pib-per-capita-mapa-pre1820,SWE,1622,1739
mpd2020-pib-per-capita-mapa-pre1820,SWE,1623,1454
mpd2020-pib-per-capita-mapa-pre1820,SWE,1624,1455
mpd2020-pib-per-capita-mapa-pre1820,SWE,1625,1449
mpd2020-pib-per-capita-mapa-pre1820,SWE,1626,1527
mpd2020-pib-per-capita-mapa-pre1820,SWE,1627,1505
mpd2020-pib-per-capita-mapa-pre1820,SWE,1628,1420
mpd2020-pib-per-capita-mapa-pre1820,SWE,1629,1385
mpd2020-pib-per-capita-mapa-pre1820,SWE,1630,1423
mpd2020-pib-per-capita-mapa-pre1820,SWE,1631,1597
mpd2020-pib-per-capita-mapa-pre1820,SWE,1632,1605
mpd2020-pib-per-capita-mapa-pre1820,SWE,1633,1554
mpd2020-pib-per-capita-mapa-pre1820,SWE,1634,1505
mpd2020-pib-per-capita-mapa-pre1820,SWE,1635,1629
mpd2020-pib-per-capita-mapa-pre1820,SWE,1636,1780
mpd2020-pib-per-capita-mapa-pre1820,SWE,1637,1773
mpd2020-pib-per-capita-mapa-pre1820,SWE,1638,1701
mpd2020-pib-per-capita-mapa-pre1820,SWE,1639,1677
mpd2020-pib-per-capita-mapa-pre1820,SWE,1640,1701
mpd2020-pib-per-capita-mapa-pre1820,SWE,1641,1602
mpd2020-pib-per-capita-mapa-pre1820,SWE,1642,1615
mpd2020-pib-per-capita-mapa-pre1820,SWE,1643,1670
mpd2020-pib-per-capita-mapa-pre1820,SWE,1644,1760
mpd2020-pib-per-capita-mapa-pre1820,SWE,1645,1749
mpd2020-pib-per-capita-mapa-pre1820,SWE,1646,1659
mpd2020-pib-per-capita-mapa-pre1820,SWE,1647,1715
mpd2020-pib-per-capita-mapa-pre1820,SWE,1648,1597
mpd2020-pib-per-capita-mapa-pre1820,SWE,1649,1479
mpd2020-pib-per-capita-mapa-pre1820,SWE,1650,1388
mpd2020-pib-per-capita-mapa-pre1820,SWE,1651,1398
mpd2020-pib-per-capita-mapa-pre1820,SWE,1652,1465
mpd2020-pib-per-capita-mapa-pre1820,SWE,1653,1878
mpd2020-pib-per-capita-mapa-pre1820,SWE,1654,1977
mpd2020-pib-per-capita-mapa-pre1820,SWE,1655,2080
mpd2020-pib-per-capita-mapa-pre1820,SWE,1656,1863
mpd2020-pib-per-capita-mapa-pre1820,SWE,1657,1715
mpd2020-pib-per-capita-mapa-pre1820,SWE,1658,1819
mpd2020-pib-per-capita-mapa-pre1820,SWE,1659,1753
mpd2020-pib-per-capita-mapa-pre1820,SWE,1660,1726
mpd2020-pib-per-capita-mapa-pre1820,SWE,1661,1645
mpd2020-pib-per-capita-mapa-pre1820,SWE,1662,1712
mpd2020-pib-per-capita-mapa-pre1820,SWE,1663,1639
mpd2020-pib-per-capita-mapa-pre1820,SWE,1664,1650
mpd2020-pib-per-capita-mapa-pre1820,SWE,1665,1717
mpd2020-pib-per-capita-mapa-pre1820,SWE,1666,1717
mpd2020-pib-per-capita-mapa-pre1820,SWE,1667,1734
mpd2020-pib-per-capita-mapa-pre1820,SWE,1668,1761
mpd2020-pib-per-capita-mapa-pre1820,SWE,1669,1835
mpd2020-pib-per-capita-mapa-pre1820,SWE,1670,1838
mpd2020-pib-per-capita-mapa-pre1820,SWE,1671,1831
mpd2020-pib-per-capita-mapa-pre1820,SWE,1672,1664
mpd2020-pib-per-capita-mapa-pre1820,SWE,1673,1637
mpd2020-pib-per-capita-mapa-pre1820,SWE,1674,1750
mpd2020-pib-per-capita-mapa-pre1820,SWE,1675,1753
mpd2020-pib-per-capita-mapa-pre1820,SWE,1676,1820
mpd2020-pib-per-capita-mapa-pre1820,SWE,1677,1760
mpd2020-pib-per-capita-mapa-pre1820,SWE,1678,1744
mpd2020-pib-per-capita-mapa-pre1820,SWE,1679,1779
mpd2020-pib-per-capita-mapa-pre1820,SWE,1680,1876
mpd2020-pib-per-capita-mapa-pre1820,SWE,1681,1852
mpd2020-pib-per-capita-mapa-pre1820,SWE,1682,1867
mpd2020-pib-per-capita-mapa-pre1820,SWE,1683,1798
mpd2020-pib-per-capita-mapa-pre1820,SWE,1684,1602
mpd2020-pib-per-capita-mapa-pre1820,SWE,1685,1752
mpd2020-pib-per-capita-mapa-pre1820,SWE,1686,1886
mpd2020-pib-per-capita-mapa-pre1820,SWE,1687,1811
mpd2020-pib-per-capita-mapa-pre1820,SWE,1688,1803
mpd2020-pib-per-capita-mapa-pre1820,SWE,1689,1870
mpd2020-pib-per-capita-mapa-pre1820,SWE,1690,1881
mpd2020-pib-per-capita-mapa-pre1820,SWE,1691,1980
mpd2020-pib-per-capita-mapa-pre1820,SWE,1692,1938
mpd2020-pib-per-capita-mapa-pre1820,SWE,1693,1685
mpd2020-pib-per-capita-mapa-pre1820,SWE,1694,1742
mpd2020-pib-per-capita-mapa-pre1820,SWE,1695,1691
mpd2020-pib-per-capita-mapa-pre1820,SWE,1696,1666
mpd2020-pib-per-capita-mapa-pre1820,SWE,1697,1533
mpd2020-pib-per-capita-mapa-pre1820,SWE,1698,1586
mpd2020-pib-per-capita-mapa-pre1820,SWE,1699,1663
mpd2020-pib-per-capita-mapa-pre1820,SWE,1700,2002
mpd2020-pib-per-capita-mapa-pre1820,SWE,1701,2043
mpd2020-pib-per-capita-mapa-pre1820,SWE,1702,2045
mpd2020-pib-per-capita-mapa-pre1820,SWE,1703,1890
mpd2020-pib-per-capita-mapa-pre1820,SWE,1704,1897
mpd2020-pib-per-capita-mapa-pre1820,SWE,1705,1879
mpd2020-pib-per-capita-mapa-pre1820,SWE,1706,1884
mpd2020-pib-per-capita-mapa-pre1820,SWE,1707,1846
mpd2020-pib-per-capita-mapa-pre1820,SWE,1708,1750
mpd2020-pib-per-capita-mapa-pre1820,SWE,1709,1824
mpd2020-pib-per-capita-mapa-pre1820,SWE,1710,1913
mpd2020-pib-per-capita-mapa-pre1820,SWE,1711,2024
mpd2020-pib-per-capita-mapa-pre1820,SWE,1712,1991
mpd2020-pib-per-capita-mapa-pre1820,SWE,1713,2039
mpd2020-pib-per-capita-mapa-pre1820,SWE,1714,1999
mpd2020-pib-per-capita-mapa-pre1820,SWE,1715,1980
mpd2020-pib-per-capita-mapa-pre1820,SWE,1716,1749
mpd2020-pib-per-capita-mapa-pre1820,SWE,1717,1594
mpd2020-pib-per-capita-mapa-pre1820,SWE,1718,1433
mpd2020-pib-per-capita-mapa-pre1820,SWE,1719,1683
mpd2020-pib-per-capita-mapa-pre1820,SWE,1720,1921
mpd2020-pib-per-capita-mapa-pre1820,SWE,1721,1989
mpd2020-pib-per-capita-mapa-pre1820,SWE,1722,1691
mpd2020-pib-per-capita-mapa-pre1820,SWE,1723,1543
mpd2020-pib-per-capita-mapa-pre1820,SWE,1724,1565
mpd2020-pib-per-capita-mapa-pre1820,SWE,1725,1548
mpd2020-pib-per-capita-mapa-pre1820,SWE,1726,1443
mpd2020-pib-per-capita-mapa-pre1820,SWE,1727,1564
mpd2020-pib-per-capita-mapa-pre1820,SWE,1728,1806
mpd2020-pib-per-capita-mapa-pre1820,SWE,1729,1867
mpd2020-pib-per-capita-mapa-pre1820,SWE,1730,1787
mpd2020-pib-per-capita-mapa-pre1820,SWE,1731,1742
mpd2020-pib-per-capita-mapa-pre1820,SWE,1732,1723
mpd2020-pib-per-capita-mapa-pre1820,SWE,1733,1677
mpd2020-pib-per-capita-mapa-pre1820,SWE,1734,1702
mpd2020-pib-per-capita-mapa-pre1820,SWE,1735,1642
mpd2020-pib-per-capita-mapa-pre1820,SWE,1736,1635
mpd2020-pib-per-capita-mapa-pre1820,SWE,1737,1747
mpd2020-pib-per-capita-mapa-pre1820,SWE,1738,1782
mpd2020-pib-per-capita-mapa-pre1820,SWE,1739,1575
mpd2020-pib-per-capita-mapa-pre1820,SWE,1740,1500
mpd2020-pib-per-capita-mapa-pre1820,SWE,1741,1447
mpd2020-pib-per-capita-mapa-pre1820,SWE,1742,1473
mpd2020-pib-per-capita-mapa-pre1820,SWE,1743,1460
mpd2020-pib-per-capita-mapa-pre1820,SWE,1744,1589
mpd2020-pib-per-capita-mapa-pre1820,SWE,1745,1452
mpd2020-pib-per-capita-mapa-pre1820,SWE,1746,1417
mpd2020-pib-per-capita-mapa-pre1820,SWE,1747,1430
mpd2020-pib-per-capita-mapa-pre1820,SWE,1748,1371
mpd2020-pib-per-capita-mapa-pre1820,SWE,1749,1444
mpd2020-pib-per-capita-mapa-pre1820,SWE,1750,1554
mpd2020-pib-per-capita-mapa-pre1820,SWE,1751,1506
mpd2020-pib-per-capita-mapa-pre1820,SWE,1752,1495
mpd2020-pib-per-capita-mapa-pre1820,SWE,1753,1530
mpd2020-pib-per-capita-mapa-pre1820,SWE,1754,1522
mpd2020-pib-per-capita-mapa-pre1820,SWE,1755,1454
mpd2020-pib-per-capita-mapa-pre1820,SWE,1756,1387
mpd2020-pib-per-capita-mapa-pre1820,SWE,1757,1364
mpd2020-pib-per-capita-mapa-pre1820,SWE,1758,1597
mpd2020-pib-per-capita-mapa-pre1820,SWE,1759,1588
mpd2020-pib-per-capita-mapa-pre1820,SWE,1760,1669
mpd2020-pib-per-capita-mapa-pre1820,SWE,1761,1608
mpd2020-pib-per-capita-mapa-pre1820,SWE,1762,1444
mpd2020-pib-per-capita-mapa-pre1820,SWE,1763,1573
mpd2020-pib-per-capita-mapa-pre1820,SWE,1764,1422
mpd2020-pib-per-capita-mapa-pre1820,SWE,1765,1484
mpd2020-pib-per-capita-mapa-pre1820,SWE,1766,1533
mpd2020-pib-per-capita-mapa-pre1820,SWE,1767,1557
mpd2020-pib-per-capita-mapa-pre1820,SWE,1768,1473
mpd2020-pib-per-capita-mapa-pre1820,SWE,1769,1471
mpd2020-pib-per-capita-mapa-pre1820,SWE,1770,1454
mpd2020-pib-per-capita-mapa-pre1820,SWE,1771,1341
mpd2020-pib-per-capita-mapa-pre1820,SWE,1772,1283
mpd2020-pib-per-capita-mapa-pre1820,SWE,1773,1468
mpd2020-pib-per-capita-mapa-pre1820,SWE,1774,1578
mpd2020-pib-per-capita-mapa-pre1820,SWE,1775,1525
mpd2020-pib-per-capita-mapa-pre1820,SWE,1776,1562
mpd2020-pib-per-capita-mapa-pre1820,SWE,1777,1557
mpd2020-pib-per-capita-mapa-pre1820,SWE,1778,1588
mpd2020-pib-per-capita-mapa-pre1820,SWE,1779,1607
mpd2020-pib-per-capita-mapa-pre1820,SWE,1780,1594
mpd2020-pib-per-capita-mapa-pre1820,SWE,1781,1481
mpd2020-pib-per-capita-mapa-pre1820,SWE,1782,1525
mpd2020-pib-per-capita-mapa-pre1820,SWE,1783,1457
mpd2020-pib-per-capita-mapa-pre1820,SWE,1784,1535
mpd2020-pib-per-capita-mapa-pre1820,SWE,1785,1497
mpd2020-pib-per-capita-mapa-pre1820,SWE,1786,1500
mpd2020-pib-per-capita-mapa-pre1820,SWE,1787,1549
mpd2020-pib-per-capita-mapa-pre1820,SWE,1788,1478
mpd2020-pib-per-capita-mapa-pre1820,SWE,1789,1615
mpd2020-pib-per-capita-mapa-pre1820,SWE,1790,1602
mpd2020-pib-per-capita-mapa-pre1820,SWE,1791,1661
mpd2020-pib-per-capita-mapa-pre1820,SWE,1792,1576
mpd2020-pib-per-capita-mapa-pre1820,SWE,1793,1482
mpd2020-pib-per-capita-mapa-pre1820,SWE,1794,1492
mpd2020-pib-per-capita-mapa-pre1820,SWE,1795,1506
mpd2020-pib-per-capita-mapa-pre1820,SWE,1796,1589
mpd2020-pib-per-capita-mapa-pre1820,SWE,1797,1492
mpd2020-pib-per-capita-mapa-pre1820,SWE,1798,1431
mpd2020-pib-per-capita-mapa-pre1820,SWE,1799,1417
mpd2020-pib-per-capita-mapa-pre1820,SWE,1800,1366
mpd2020-pib-per-capita-mapa-pre1820,SWE,1801,1353
mpd2020-pib-per-capita-mapa-pre1820,SWE,1802,1417
mpd2020-pib-per-capita-mapa-pre1820,SWE,1803,1403
mpd2020-pib-per-capita-mapa-pre1820,SWE,1804,1312
mpd2020-pib-per-capita-mapa-pre1820,SWE,1805,1395
mpd2020-pib-per-capita-mapa-pre1820,SWE,1806,1411
mpd2020-pib-per-capita-mapa-pre1820,SWE,1807,1352
mpd2020-pib-per-capita-mapa-pre1820,SWE,1808,1280
mpd2020-pib-per-capita-mapa-pre1820,SWE,1809,1221
mpd2020-pib-per-capita-mapa-pre1820,SWE,1810,1320
mpd2020-pib-per-capita-mapa-pre1820,SWE,1811,1417
mpd2020-pib-per-capita-mapa-pre1820,SWE,1812,1328
mpd2020-pib-per-capita-mapa-pre1820,SWE,1813,1352
mpd2020-pib-per-capita-mapa-pre1820,SWE,1814,1363
mpd2020-pib-per-capita-mapa-pre1820,SWE,1815,1411
mpd2020-pib-per-capita-mapa-pre1820,SWE,1816,1438
mpd2020-pib-per-capita-mapa-pre1820,SWE,1817,1396
mpd2020-pib-per-capita-mapa-pre1820,SWE,1818,1407
mpd2020-pib-per-capita-mapa-pre1820,SWE,1819,1395
mpd2020-pib-per-capita-mapa-pre1820,TUN,1,1116
mpd2020-pib-per-capita-mapa-pre1820,TUR,1,897
mpd2020-pib-per-capita-mapa-pre1820,TUR,1000,768
mpd2020-pib-per-capita-mapa-pre1820,TUR,1120,743
mpd2020-pib-per-capita-mapa-pre1820,TUR,1348,743
mpd2020-pib-per-capita-mapa-pre1820,TUR,1450,781
mpd2020-pib-per-capita-mapa-pre1820,TUR,1500,768
mpd2020-pib-per-capita-mapa-pre1820,TUR,1650,832
mpd2020-pib-per-capita-mapa-pre1820,TUR,1700,897
mpd2020-pib-per-capita-mapa-pre1820,TUR,1750,923
mpd2020-pib-per-capita-mapa-pre1820,URY,1800,1838
mpd2020-pib-per-capita-mapa-pre1820,USA,1650,897
mpd2020-pib-per-capita-mapa-pre1820,USA,1720,1768.9856
mpd2020-pib-per-capita-mapa-pre1820,USA,1775,2419
mpd2020-pib-per-capita-mapa-pre1820,USA,1800,2545.488
mpd2020-pib-per-capita-mapa-pre1820,USA,1801,2591.7696
mpd2020-pib-per-capita-mapa-pre1820,USA,1802,2635.48
mpd2020-pib-per-capita-mapa-pre1820,USA,1803,2590.484
mpd2020-pib-per-capita-mapa-pre1820,USA,1804,2587.9128
mpd2020-pib-per-capita-mapa-pre1820,USA,1805,2643.1936
mpd2020-pib-per-capita-mapa-pre1820,USA,1806,2690.7608
mpd2020-pib-per-capita-mapa-pre1820,USA,1807,2717.7584
mpd2020-pib-per-capita-mapa-pre1820,USA,1808,2526.204
mpd2020-pib-per-capita-mapa-pre1820,USA,1809,2652.1928
mpd2020-pib-per-capita-mapa-pre1820,USA,1810,2725.472
mpd2020-pib-per-capita-mapa-pre1820,USA,1811,2780.7528
mpd2020-pib-per-capita-mapa-pre1820,USA,1812,2731.9
mpd2020-pib-per-capita-mapa-pre1820,USA,1813,2762.7544
mpd2020-pib-per-capita-mapa-pre1820,USA,1814,2815.464
mpd2020-pib-per-capita-mapa-pre1820,USA,1815,2803.8936
mpd2020-pib-per-capita-mapa-pre1820,USA,1816,2690.7608
mpd2020-pib-per-capita-mapa-pre1820,USA,1817,2688.1896
mpd2020-pib-per-capita-mapa-pre1820,USA,1818,2694.6176
mpd2020-pib-per-capita-mapa-pre1820,USA,1819,2690.7608
mpd2020-pib-per-capita-mapa-pre1820,VEN,1800,1073
mpd2020-pib-per-capita-mapa-pre1820,ZAF,1700,2715
mpd2020-pib-per-capita-mapa-pre1820,ZAF,1701,2715
mpd2020-pib-per-capita-mapa-pre1820,ZAF,1702,2710
mpd2020-pib-per-capita-mapa-pre1820,ZAF,1703,2581
mpd2020-pib-per-capita-mapa-pre1820,ZAF,1704,2332
mpd2020-pib-per-capita-mapa-pre1820,ZAF,1705,2249
mpd2020-pib-per-capita-mapa-pre1820,ZAF,1706,2844
mpd2020-pib-per-capita-mapa-pre1820,ZAF,1707,3145
mpd2020-pib-per-capita-mapa-pre1820,ZAF,1708,3366
mpd2020-pib-per-capita-mapa-pre1820,ZAF,1709,3060
mpd2020-pib-per-capita-mapa-pre1820,ZAF,1710,2920
mpd2020-pib-per-capita-mapa-pre1820,ZAF,1711,2149
mpd2020-pib-per-capita-mapa-pre1820,ZAF,1712,1835
mpd2020-pib-per-capita-mapa-pre1820,ZAF,1713,2061
mpd2020-pib-per-capita-mapa-pre1820,ZAF,1714,2314
mpd2020-pib-per-capita-mapa-pre1820,ZAF,1715,2284
mpd2020-pib-per-capita-mapa-pre1820,ZAF,1716,2334
mpd2020-pib-per-capita-mapa-pre1820,ZAF,1717,2426
mpd2020-pib-per-capita-mapa-pre1820,ZAF,1718,2789
mpd2020-pib-per-capita-mapa-pre1820,ZAF,1719,2222
mpd2020-pib-per-capita-mapa-pre1820,ZAF,1720,2600
mpd2020-pib-per-capita-mapa-pre1820,ZAF,1721,2609
mpd2020-pib-per-capita-mapa-pre1820,ZAF,1722,2673
mpd2020-pib-per-capita-mapa-pre1820,ZAF,1723,2829
mpd2020-pib-per-capita-mapa-pre1820,ZAF,1724,2813
mpd2020-pib-per-capita-mapa-pre1820,ZAF,1725,2308
mpd2020-pib-per-capita-mapa-pre1820,ZAF,1726,2126
mpd2020-pib-per-capita-mapa-pre1820,ZAF,1727,2219
mpd2020-pib-per-capita-mapa-pre1820,ZAF,1728,2184
mpd2020-pib-per-capita-mapa-pre1820,ZAF,1729,2351
mpd2020-pib-per-capita-mapa-pre1820,ZAF,1730,2308
mpd2020-pib-per-capita-mapa-pre1820,ZAF,1731,2461
mpd2020-pib-per-capita-mapa-pre1820,ZAF,1732,2377
mpd2020-pib-per-capita-mapa-pre1820,ZAF,1733,2187
mpd2020-pib-per-capita-mapa-pre1820,ZAF,1734,1973
mpd2020-pib-per-capita-mapa-pre1820,ZAF,1735,1980
mpd2020-pib-per-capita-mapa-pre1820,ZAF,1736,1833
mpd2020-pib-per-capita-mapa-pre1820,ZAF,1737,1989
mpd2020-pib-per-capita-mapa-pre1820,ZAF,1738,2047
mpd2020-pib-per-capita-mapa-pre1820,ZAF,1739,1934
mpd2020-pib-per-capita-mapa-pre1820,ZAF,1740,2023
mpd2020-pib-per-capita-mapa-pre1820,ZAF,1741,2236
mpd2020-pib-per-capita-mapa-pre1820,ZAF,1742,2211
mpd2020-pib-per-capita-mapa-pre1820,ZAF,1743,2445
mpd2020-pib-per-capita-mapa-pre1820,ZAF,1744,2342
mpd2020-pib-per-capita-mapa-pre1820,ZAF,1745,2434
mpd2020-pib-per-capita-mapa-pre1820,ZAF,1746,2447
mpd2020-pib-per-capita-mapa-pre1820,ZAF,1747,2632
mpd2020-pib-per-capita-mapa-pre1820,ZAF,1748,2373
mpd2020-pib-per-capita-mapa-pre1820,ZAF,1749,2402
mpd2020-pib-per-capita-mapa-pre1820,ZAF,1750,2697
mpd2020-pib-per-capita-mapa-pre1820,ZAF,1751,2644
mpd2020-pib-per-capita-mapa-pre1820,ZAF,1752,2625
mpd2020-pib-per-capita-mapa-pre1820,ZAF,1753,2560
mpd2020-pib-per-capita-mapa-pre1820,ZAF,1754,2342
mpd2020-pib-per-capita-mapa-pre1820,ZAF,1755,2455
mpd2020-pib-per-capita-mapa-pre1820,ZAF,1756,2495
mpd2020-pib-per-capita-mapa-pre1820,ZAF,1757,2165
mpd2020-pib-per-capita-mapa-pre1820,ZAF,1758,2130
mpd2020-pib-per-capita-mapa-pre1820,ZAF,1759,2040
mpd2020-pib-per-capita-mapa-pre1820,ZAF,1760,2005
mpd2020-pib-per-capita-mapa-pre1820,ZAF,1761,2071
mpd2020-pib-per-capita-mapa-pre1820,ZAF,1762,1852
mpd2020-pib-per-capita-mapa-pre1820,ZAF,1763,2160
mpd2020-pib-per-capita-mapa-pre1820,ZAF,1764,2185
mpd2020-pib-per-capita-mapa-pre1820,ZAF,1765,2225
mpd2020-pib-per-capita-mapa-pre1820,ZAF,1766,2216
mpd2020-pib-per-capita-mapa-pre1820,ZAF,1767,2177
mpd2020-pib-per-capita-mapa-pre1820,ZAF,1768,2225
mpd2020-pib-per-capita-mapa-pre1820,ZAF,1769,2246
mpd2020-pib-per-capita-mapa-pre1820,ZAF,1770,2294
mpd2020-pib-per-capita-mapa-pre1820,ZAF,1771,2283
mpd2020-pib-per-capita-mapa-pre1820,ZAF,1772,2128
mpd2020-pib-per-capita-mapa-pre1820,ZAF,1773,2562
mpd2020-pib-per-capita-mapa-pre1820,ZAF,1774,2533
mpd2020-pib-per-capita-mapa-pre1820,ZAF,1775,2429
mpd2020-pib-per-capita-mapa-pre1820,ZAF,1776,2208
mpd2020-pib-per-capita-mapa-pre1820,ZAF,1777,1824
mpd2020-pib-per-capita-mapa-pre1820,ZAF,1778,1669
mpd2020-pib-per-capita-mapa-pre1820,ZAF,1779,1626
mpd2020-pib-per-capita-mapa-pre1820,ZAF,1780,1655
mpd2020-pib-per-capita-mapa-pre1820,ZAF,1781,1248
mpd2020-pib-per-capita-mapa-pre1820,ZAF,1782,1487
mpd2020-pib-per-capita-mapa-pre1820,ZAF,1783,1573
mpd2020-pib-per-capita-mapa-pre1820,ZAF,1784,1808
mpd2020-pib-per-capita-mapa-pre1820,ZAF,1785,1943
mpd2020-pib-per-capita-mapa-pre1820,ZAF,1786,1524
mpd2020-pib-per-capita-mapa-pre1820,ZAF,1787,2122
mpd2020-pib-per-capita-mapa-pre1820,ZAF,1788,1972
mpd2020-pib-per-capita-mapa-pre1820,ZAF,1789,1666
mpd2020-pib-per-capita-mapa-pre1820,ZAF,1790,1612
mpd2020-pib-per-capita-mapa-pre1820,ZAF,1791,1627
mpd2020-pib-per-capita-mapa-pre1820,ZAF,1792,1387
mpd2020-pib-per-capita-mapa-pre1820,ZAF,1793,1529
mpd2020-pib-per-capita-mapa-pre1820,ZAF,1800,1529
mpd2020-pib-per-capita-mapa-pre1820,ZAF,1804,1462
mpd2020-pib-per-capita-mapa-pre1820,ZAF,1805,1385
mpd2020-pib-per-capita-mapa-pre1820,ZAF,1806,1385
mpd2020-pib-per-capita-mapa-pre1820,ZAF,1807,1502
mpd2020-pib-per-capita-mapa-pre1820,ZAF,1808,1315
mpd2020-pib-per-capita-mapa-pre1820,ZAF,1809,1285
mpd2020-pib-per-capita-mapa-pre1820,ZAF,1810,1420
mpd2020-pib-per-capita-mapa-pre1820,ZAF,1811,1127
mpd2020-pib-per-capita-mapa-pre1820,ZAF,1812,1141
mpd2020-pib-per-capita-mapa-pre1820,ZAF,1813,1438
mpd2020-pib-per-capita-mapa-pre1820,ZAF,1814,1455
mpd2020-pib-per-capita-mapa-pre1820,ZAF,1815,1210
mpd2020-pib-per-capita-mapa-pre1820,ZAF,1816,1261
mpd2020-pib-per-capita-mapa-pre1820,ZAF,1817,1310
mpd2020-pib-per-capita-mapa-pre1820,ZAF,1818,1390
mpd2020-pib-per-capita-mapa-pre1820,ZAF,1819,1202
