serie,region,anio,valor
mpd2020-pib-per-capita-mapa,AFG,1950,1156
mpd2020-pib-per-capita-mapa,AFG,1951,1170
mpd2020-pib-per-capita-mapa,AFG,1952,1189
mpd2020-pib-per-capita-mapa,AFG,1953,1240
mpd2020-pib-per-capita-mapa,AFG,1954,1245
mpd2020-pib-per-capita-mapa,AFG,1955,1246
mpd2020-pib-per-capita-mapa,AFG,1956,1278
mpd2020-pib-per-capita-mapa,AFG,1957,1253
mpd2020-pib-per-capita-mapa,AFG,1958,1298
mpd2020-pib-per-capita-mapa,AFG,1959,1307
mpd2020-pib-per-capita-mapa,AFG,1960,1326
mpd2020-pib-per-capita-mapa,AFG,1961,1309
mpd2020-pib-per-capita-mapa,AFG,1962,1302
mpd2020-pib-per-capita-mapa,AFG,1963,1298
mpd2020-pib-per-capita-mapa,AFG,1964,1291
mpd2020-pib-per-capita-mapa,AFG,1965,1290
mpd2020-pib-per-capita-mapa,AFG,1966,1272
mpd2020-pib-per-capita-mapa,AFG,1967,1277
mpd2020-pib-per-capita-mapa,AFG,1968,1290
mpd2020-pib-per-capita-mapa,AFG,1969,1278
mpd2020-pib-per-capita-mapa,AFG,1970,1272
mpd2020-pib-per-capita-mapa,AFG,1971,1237
mpd2020-pib-per-capita-mapa,AFG,1972,1007
mpd2020-pib-per-capita-mapa,AFG,1973,1011
mpd2020-pib-per-capita-mapa,AFG,1974,1039
mpd2020-pib-per-capita-mapa,AFG,1975,1074
mpd2020-pib-per-capita-mapa,AFG,1976,1105
mpd2020-pib-per-capita-mapa,AFG,1977,1022
mpd2020-pib-per-capita-mapa,AFG,1978,1070
mpd2020-pib-per-capita-mapa,AFG,1979,1023
mpd2020-pib-per-capita-mapa,AFG,1980,1019
mpd2020-pib-per-capita-mapa,AFG,1981,1144
mpd2020-pib-per-capita-mapa,AFG,1982,1270
mpd2020-pib-per-capita-mapa,AFG,1983,1347
mpd2020-pib-per-capita-mapa,AFG,1984,1337
mpd2020-pib-per-capita-mapa,AFG,1985,1304
mpd2020-pib-per-capita-mapa,AFG,1986,1344
mpd2020-pib-per-capita-mapa,AFG,1987,1211
mpd2020-pib-per-capita-mapa,AFG,1988,1101
mpd2020-pib-per-capita-mapa,AFG,1989,999
mpd2020-pib-per-capita-mapa,AFG,1990,963
mpd2020-pib-per-capita-mapa,AFG,1991,881.1704
mpd2020-pib-per-capita-mapa,AFG,1992,843.8753
mpd2020-pib-per-capita-mapa,AFG,1993,578.4027
mpd2020-pib-per-capita-mapa,AFG,1994,428.4246
mpd2020-pib-per-capita-mapa,AFG,1995,632.9404
mpd2020-pib-per-capita-mapa,AFG,1996,600.1753
mpd2020-pib-per-capita-mapa,AFG,1997,570.5981
mpd2020-pib-per-capita-mapa,AFG,1998,545.0388
mpd2020-pib-per-capita-mapa,AFG,1999,518.6579
mpd2020-pib-per-capita-mapa,AFG,2000,502.3727
mpd2020-pib-per-capita-mapa,AFG,2001,489.682
mpd2020-pib-per-capita-mapa,AFG,2002,796.8166
mpd2020-pib-per-capita-mapa,AFG,2003,842.8052
mpd2020-pib-per-capita-mapa,AFG,2004,869.0393
mpd2020-pib-per-capita-mapa,AFG,2005,964.4081
mpd2020-pib-per-capita-mapa,AFG,2006,1057.0966
mpd2020-pib-per-capita-mapa,AFG,2007,1259.9967
mpd2020-pib-per-capita-mapa,AFG,2008,1319.6074
mpd2020-pib-per-capita-mapa,AFG,2009,1557.3206
mpd2020-pib-per-capita-mapa,AFG,2010,1627.6716
mpd2020-pib-per-capita-mapa,AFG,2011,1792
mpd2020-pib-per-capita-mapa,AFG,2012,1945
mpd2020-pib-per-capita-mapa,AFG,2013,2025
mpd2020-pib-per-capita-mapa,AFG,2014,2022
mpd2020-pib-per-capita-mapa,AFG,2015,1928
mpd2020-pib-per-capita-mapa,AFG,2016,1929
mpd2020-pib-per-capita-mapa,AFG,2017,2014.7453
mpd2020-pib-per-capita-mapa,AFG,2018,1934.555
mpd2020-pib-per-capita-mapa,AGO,1950,1677
mpd2020-pib-per-capita-mapa,AGO,1951,1715
mpd2020-pib-per-capita-mapa,AGO,1952,1755
mpd2020-pib-per-capita-mapa,AGO,1953,1795
mpd2020-pib-per-capita-mapa,AGO,1954,1720
mpd2020-pib-per-capita-mapa,AGO,1955,1830
mpd2020-pib-per-capita-mapa,AGO,1956,1769
mpd2020-pib-per-capita-mapa,AGO,1957,1908
mpd2020-pib-per-capita-mapa,AGO,1958,1978
mpd2020-pib-per-capita-mapa,AGO,1959,1953
mpd2020-pib-per-capita-mapa,AGO,1960,1997
mpd2020-pib-per-capita-mapa,AGO,1961,2225
mpd2020-pib-per-capita-mapa,AGO,1962,2128
mpd2020-pib-per-capita-mapa,AGO,1963,2200
mpd2020-pib-per-capita-mapa,AGO,1964,2407
mpd2020-pib-per-capita-mapa,AGO,1965,2544
mpd2020-pib-per-capita-mapa,AGO,1966,2646
mpd2020-pib-per-capita-mapa,AGO,1967,2753
mpd2020-pib-per-capita-mapa,AGO,1968,2665
mpd2020-pib-per-capita-mapa,AGO,1969,2695
mpd2020-pib-per-capita-mapa,AGO,1970,2818
mpd2020-pib-per-capita-mapa,AGO,1971,2754
mpd2020-pib-per-capita-mapa,AGO,1972,2729
mpd2020-pib-per-capita-mapa,AGO,1973,2852
mpd2020-pib-per-capita-mapa,AGO,1974,2727
mpd2020-pib-per-capita-mapa,AGO,1975,1710
mpd2020-pib-per-capita-mapa,AGO,1976,1521
mpd2020-pib-per-capita-mapa,AGO,1977,1500
mpd2020-pib-per-capita-mapa,AGO,1978,1530
mpd2020-pib-per-capita-mapa,AGO,1979,1527
mpd2020-pib-per-capita-mapa,AGO,1980,1532
mpd2020-pib-per-capita-mapa,AGO,1981,1471
mpd2020-pib-per-capita-mapa,AGO,1982,1374
mpd2020-pib-per-capita-mapa,AGO,1983,1288
mpd2020-pib-per-capita-mapa,AGO,1984,1259
mpd2020-pib-per-capita-mapa,AGO,1985,1242
mpd2020-pib-per-capita-mapa,AGO,1986,1106
mpd2020-pib-per-capita-mapa,AGO,1987,1211
mpd2020-pib-per-capita-mapa,AGO,1988,1360
mpd2020-pib-per-capita-mapa,AGO,1989,1360
mpd2020-pib-per-capita-mapa,AGO,1990,1384
mpd2020-pib-per-capita-mapa,AGO,1991,1437.1472
mpd2020-pib-per-capita-mapa,AGO,1992,1389.3295
mpd2020-pib-per-capita-mapa,AGO,1993,1080.4806
mpd2020-pib-per-capita-mapa,AGO,1994,1120.8482
mpd2020-pib-per-capita-mapa,AGO,1995,1319.1589
mpd2020-pib-per-capita-mapa,AGO,1996,1533.9839
mpd2020-pib-per-capita-mapa,AGO,1997,1687.3178
mpd2020-pib-per-capita-mapa,AGO,1998,1811.1681
mpd2020-pib-per-capita-mapa,AGO,1999,1899.4152
mpd2020-pib-per-capita-mapa,AGO,2000,2013.6362
mpd2020-pib-per-capita-mapa,AGO,2001,2162.485
mpd2020-pib-per-capita-mapa,AGO,2002,2522.6719
mpd2020-pib-per-capita-mapa,AGO,2003,2711.9283
mpd2020-pib-per-capita-mapa,AGO,2004,3064.2987
mpd2020-pib-per-capita-mapa,AGO,2005,3708.7706
mpd2020-pib-per-capita-mapa,AGO,2006,4592.3373
mpd2020-pib-per-capita-mapa,AGO,2007,5773.5483
mpd2020-pib-per-capita-mapa,AGO,2008,6743.7482
mpd2020-pib-per-capita-mapa,AGO,2009,7087.6041
mpd2020-pib-per-capita-mapa,AGO,2010,7520.6658
mpd2020-pib-per-capita-mapa,AGO,2011,8016
mpd2020-pib-per-capita-mapa,AGO,2012,8190
mpd2020-pib-per-capita-mapa,AGO,2013,8508
mpd2020-pib-per-capita-mapa,AGO,2014,8673
mpd2020-pib-per-capita-mapa,AGO,2015,8689
mpd2020-pib-per-capita-mapa,AGO,2016,8453
mpd2020-pib-per-capita-mapa,AGO,2017,8146.4354
mpd2020-pib-per-capita-mapa,AGO,2018,7771.4418
mpd2020-pib-per-capita-mapa,ALB,1870,711
mpd2020-pib-per-capita-mapa,ALB,1890,953
mpd2020-pib-per-capita-mapa,ALB,1900,1092
mpd2020-pib-per-capita-mapa,ALB,1910,1243
mpd2020-pib-per-capita-mapa,ALB,1913,1293
mpd2020-pib-per-capita-mapa,ALB,1929,1476
mpd2020-pib-per-capita-mapa,ALB,1950,1596
mpd2020-pib-per-capita-mapa,ALB,1951,1666
mpd2020-pib-per-capita-mapa,ALB,1952,1667
mpd2020-pib-per-capita-mapa,ALB,1953,1736
mpd2020-pib-per-capita-mapa,ALB,1954,1785
mpd2020-pib-per-capita-mapa,ALB,1955,1882
mpd2020-pib-per-capita-mapa,ALB,1956,1902
mpd2020-pib-per-capita-mapa,ALB,1957,2023
mpd2020-pib-per-capita-mapa,ALB,1958,2114
mpd2020-pib-per-capita-mapa,ALB,1959,2201
mpd2020-pib-per-capita-mapa,ALB,1960,2313
mpd2020-pib-per-capita-mapa,ALB,1961,2332
mpd2020-pib-per-capita-mapa,ALB,1962,2409
mpd2020-pib-per-capita-mapa,ALB,1963,2491
mpd2020-pib-per-capita-mapa,ALB,1964,2576
mpd2020-pib-per-capita-mapa,ALB,1965,2670
mpd2020-pib-per-capita-mapa,ALB,1966,2770
mpd2020-pib-per-capita-mapa,ALB,1967,2876
mpd2020-pib-per-capita-mapa,ALB,1968,2979
mpd2020-pib-per-capita-mapa,ALB,1969,3080
mpd2020-pib-per-capita-mapa,ALB,1970,3194
mpd2020-pib-per-capita-mapa,ALB,1971,3322
mpd2020-pib-per-capita-mapa,ALB,1972,3451
mpd2020-pib-per-capita-mapa,ALB,1973,3623
mpd2020-pib-per-capita-mapa,ALB,1974,3637
mpd2020-pib-per-capita-mapa,ALB,1975,3649
mpd2020-pib-per-capita-mapa,ALB,1976,3665
mpd2020-pib-per-capita-mapa,ALB,1977,3681
mpd2020-pib-per-capita-mapa,ALB,1978,3696
mpd2020-pib-per-capita-mapa,ALB,1979,3716
mpd2020-pib-per-capita-mapa,ALB,1980,3741
mpd2020-pib-per-capita-mapa,ALB,1981,3762
mpd2020-pib-per-capita-mapa,ALB,1982,3783
mpd2020-pib-per-capita-mapa,ALB,1983,3805
mpd2020-pib-per-capita-mapa,ALB,1984,3826
mpd2020-pib-per-capita-mapa,ALB,1985,3846
mpd2020-pib-per-capita-mapa,ALB,1986,3870
mpd2020-pib-per-capita-mapa,ALB,1987,3894
mpd2020-pib-per-capita-mapa,ALB,1988,3920
mpd2020-pib-per-capita-mapa,ALB,1989,3948
mpd2020-pib-per-capita-mapa,ALB,1990,3983
mpd2020-pib-per-capita-mapa,ALB,1991,2942.1006
mpd2020-pib-per-capita-mapa,ALB,1992,2841.7652
mpd2020-pib-per-capita-mapa,ALB,1993,3137.0239
mpd2020-pib-per-capita-mapa,ALB,1994,3399.7102
mpd2020-pib-per-capita-mapa,ALB,1995,3666.6506
mpd2020-pib-per-capita-mapa,ALB,1996,3965.6853
mpd2020-pib-per-capita-mapa,ALB,1997,3526.9856
mpd2020-pib-per-capita-mapa,ALB,1998,3873.3732
mpd2020-pib-per-capita-mapa,ALB,1999,4432.0426
mpd2020-pib-per-capita-mapa,ALB,2000,4808.4796
mpd2020-pib-per-capita-mapa,ALB,2001,5285.8091
mpd2020-pib-per-capita-mapa,ALB,2002,5608.9623
mpd2020-pib-per-capita-mapa,ALB,2003,6004.6452
mpd2020-pib-per-capita-mapa,ALB,2004,6419.8704
mpd2020-pib-per-capita-mapa,ALB,2005,6858.467
mpd2020-pib-per-capita-mapa,ALB,2006,7347.3301
mpd2020-pib-per-capita-mapa,ALB,2007,7866.1577
mpd2020-pib-per-capita-mapa,ALB,2008,8522.1298
mpd2020-pib-per-capita-mapa,ALB,2009,8859.4716
mpd2020-pib-per-capita-mapa,ALB,2010,9222.9728
mpd2020-pib-per-capita-mapa,ALB,2011,9484
mpd2020-pib-per-capita-mapa,ALB,2012,9592
mpd2020-pib-per-capita-mapa,ALB,2013,9660
mpd2020-pib-per-capita-mapa,ALB,2014,9808
mpd2020-pib-per-capita-mapa,ALB,2015,10032
mpd2020-pib-per-capita-mapa,ALB,2016,10342
mpd2020-pib-per-capita-mapa,ALB,2017,10702.1201
mpd2020-pib-per-capita-mapa,ALB,2018,11104.1665
mpd2020-pib-per-capita-mapa,ARE,1950,25182
mpd2020-pib-per-capita-mapa,ARE,1951,26634
mpd2020-pib-per-capita-mapa,ARE,1952,27490
mpd2020-pib-per-capita-mapa,ARE,1953,29358
mpd2020-pib-per-capita-mapa,ARE,1954,31695
mpd2020-pib-per-capita-mapa,ARE,1955,31374
mpd2020-pib-per-capita-mapa,ARE,1956,32481
mpd2020-pib-per-capita-mapa,ARE,1957,32329
mpd2020-pib-per-capita-mapa,ARE,1958,32473
mpd2020-pib-per-capita-mapa,ARE,1959,34153
mpd2020-pib-per-capita-mapa,ARE,1960,35758
mpd2020-pib-per-capita-mapa,ARE,1961,36949
mpd2020-pib-per-capita-mapa,ARE,1962,38654
mpd2020-pib-per-capita-mapa,ARE,1963,39889
mpd2020-pib-per-capita-mapa,ARE,1964,40927
mpd2020-pib-per-capita-mapa,ARE,1965,41705
mpd2020-pib-per-capita-mapa,ARE,1966,42213
mpd2020-pib-per-capita-mapa,ARE,1967,42416
mpd2020-pib-per-capita-mapa,ARE,1968,42040
mpd2020-pib-per-capita-mapa,ARE,1969,40639
mpd2020-pib-per-capita-mapa,ARE,1970,39135
mpd2020-pib-per-capita-mapa,ARE,1971,39540
mpd2020-pib-per-capita-mapa,ARE,1972,39540
mpd2020-pib-per-capita-mapa,ARE,1973,39669
mpd2020-pib-per-capita-mapa,ARE,1974,45347
mpd2020-pib-per-capita-mapa,ARE,1975,40591
mpd2020-pib-per-capita-mapa,ARE,1976,40803
mpd2020-pib-per-capita-mapa,ARE,1977,41915
mpd2020-pib-per-capita-mapa,ARE,1978,35936
mpd2020-pib-per-capita-mapa,ARE,1979,39534
mpd2020-pib-per-capita-mapa,ARE,1980,44168
mpd2020-pib-per-capita-mapa,ARE,1981,42456
mpd2020-pib-per-capita-mapa,ARE,1982,36635
mpd2020-pib-per-capita-mapa,ARE,1983,32737
mpd2020-pib-per-capita-mapa,ARE,1984,32135
mpd2020-pib-per-capita-mapa,ARE,1985,29562
mpd2020-pib-per-capita-mapa,ARE,1986,21949
mpd2020-pib-per-capita-mapa,ARE,1987,21487
mpd2020-pib-per-capita-mapa,ARE,1988,20215
mpd2020-pib-per-capita-mapa,ARE,1989,21072
mpd2020-pib-per-capita-mapa,ARE,1990,22254
mpd2020-pib-per-capita-mapa,ARE,1991,0
mpd2020-pib-per-capita-mapa,ARE,1992,0
mpd2020-pib-per-capita-mapa,ARE,1993,25558.7564
mpd2020-pib-per-capita-mapa,ARE,1994,28334.582
mpd2020-pib-per-capita-mapa,ARE,1995,31239.9171
mpd2020-pib-per-capita-mapa,ARE,1996,34042.7413
mpd2020-pib-per-capita-mapa,ARE,1997,38168.4666
mpd2020-pib-per-capita-mapa,ARE,1998,39667.7948
mpd2020-pib-per-capita-mapa,ARE,1999,42372.4393
mpd2020-pib-per-capita-mapa,ARE,2000,48888.0321
mpd2020-pib-per-capita-mapa,ARE,2001,51263.3766
mpd2020-pib-per-capita-mapa,ARE,2002,54077.4669
mpd2020-pib-per-capita-mapa,ARE,2003,59823.2673
mpd2020-pib-per-capita-mapa,ARE,2004,64925.6714
mpd2020-pib-per-capita-mapa,ARE,2005,65599.0579
mpd2020-pib-per-capita-mapa,ARE,2006,67830.9262
mpd2020-pib-per-capita-mapa,ARE,2007,65412.801
mpd2020-pib-per-capita-mapa,ARE,2008,63862.0848
mpd2020-pib-per-capita-mapa,ARE,2009,58860.5359
mpd2020-pib-per-capita-mapa,ARE,2010,60112.4019
mpd2020-pib-per-capita-mapa,ARE,2011,65307
mpd2020-pib-per-capita-mapa,ARE,2012,68255
mpd2020-pib-per-capita-mapa,ARE,2013,70791
mpd2020-pib-per-capita-mapa,ARE,2014,72601
mpd2020-pib-per-capita-mapa,ARE,2015,74746
mpd2020-pib-per-capita-mapa,ARE,2016,75876
mpd2020-pib-per-capita-mapa,ARE,2017,76643.4984
mpd2020-pib-per-capita-mapa,ARE,2018,76397.8181
mpd2020-pib-per-capita-mapa,ARG,1820,1591
mpd2020-pib-per-capita-mapa,ARG,1850,1994
mpd2020-pib-per-capita-mapa,ARG,1860,2160
mpd2020-pib-per-capita-mapa,ARG,1870,2340
mpd2020-pib-per-capita-mapa,ARG,1875,2606
mpd2020-pib-per-capita-mapa,ARG,1876,2611
mpd2020-pib-per-capita-mapa,ARG,1877,2820
mpd2020-pib-per-capita-mapa,ARG,1878,2619
mpd2020-pib-per-capita-mapa,ARG,1879,2664
mpd2020-pib-per-capita-mapa,ARG,1880,2557
mpd2020-pib-per-capita-mapa,ARG,1881,2541
mpd2020-pib-per-capita-mapa,ARG,1882,3108
mpd2020-pib-per-capita-mapa,ARG,1883,3373
mpd2020-pib-per-capita-mapa,ARG,1884,3486
mpd2020-pib-per-capita-mapa,ARG,1885,3904
mpd2020-pib-per-capita-mapa,ARG,1886,3771
mpd2020-pib-per-capita-mapa,ARG,1887,3841
mpd2020-pib-per-capita-mapa,ARG,1888,4219
mpd2020-pib-per-capita-mapa,ARG,1889,4288
mpd2020-pib-per-capita-mapa,ARG,1890,3851
mpd2020-pib-per-capita-mapa,ARG,1891,3631
mpd2020-pib-per-capita-mapa,ARG,1892,4251
mpd2020-pib-per-capita-mapa,ARG,1893,4409
mpd2020-pib-per-capita-mapa,ARG,1894,4968
mpd2020-pib-per-capita-mapa,ARG,1895,5384
mpd2020-pib-per-capita-mapa,ARG,1896,5716
mpd2020-pib-per-capita-mapa,ARG,1897,4500
mpd2020-pib-per-capita-mapa,ARG,1898,4741
mpd2020-pib-per-capita-mapa,ARG,1899,5412
mpd2020-pib-per-capita-mapa,ARG,1900,4583
mpd2020-pib-per-capita-mapa,ARG,1901,4591
mpd2020-pib-per-capita-mapa,ARG,1902,4331
mpd2020-pib-per-capita-mapa,ARG,1903,4769
mpd2020-pib-per-capita-mapa,ARG,1904,5086
mpd2020-pib-per-capita-mapa,ARG,1905,5545
mpd2020-pib-per-capita-mapa,ARG,1906,5608
mpd2020-pib-per-capita-mapa,ARG,1907,5514
mpd2020-pib-per-capita-mapa,ARG,1908,5829
mpd2020-pib-per-capita-mapa,ARG,1909,5896
mpd2020-pib-per-capita-mapa,ARG,1910,6092
mpd2020-pib-per-capita-mapa,ARG,1911,5971
mpd2020-pib-per-capita-mapa,ARG,1912,6223
mpd2020-pib-per-capita-mapa,ARG,1913,6052
mpd2020-pib-per-capita-mapa,ARG,1914,5263
mpd2020-pib-per-capita-mapa,ARG,1915,5171
mpd2020-pib-per-capita-mapa,ARG,1916,4927
mpd2020-pib-per-capita-mapa,ARG,1917,4447
mpd2020-pib-per-capita-mapa,ARG,1918,5177
mpd2020-pib-per-capita-mapa,ARG,1919,5271
mpd2020-pib-per-capita-mapa,ARG,1920,5536
mpd2020-pib-per-capita-mapa,ARG,1921,5533
mpd2020-pib-per-capita-mapa,ARG,1922,5796
mpd2020-pib-per-capita-mapa,ARG,1923,6213
mpd2020-pib-per-capita-mapa,ARG,1924,6464
mpd2020-pib-per-capita-mapa,ARG,1925,6247
mpd2020-pib-per-capita-mapa,ARG,1926,6366
mpd2020-pib-per-capita-mapa,ARG,1927,6625
mpd2020-pib-per-capita-mapa,ARG,1928,6840
mpd2020-pib-per-capita-mapa,ARG,1929,6961
mpd2020-pib-per-capita-mapa,ARG,1930,6503
mpd2020-pib-per-capita-mapa,ARG,1931,5917
mpd2020-pib-per-capita-mapa,ARG,1932,5614
mpd2020-pib-per-capita-mapa,ARG,1933,5772
mpd2020-pib-per-capita-mapa,ARG,1934,6129
mpd2020-pib-per-capita-mapa,ARG,1935,6296
mpd2020-pib-per-capita-mapa,ARG,1936,6236
mpd2020-pib-per-capita-mapa,ARG,1937,6575
mpd2020-pib-per-capita-mapa,ARG,1938,6491
mpd2020-pib-per-capita-mapa,ARG,1939,6612
mpd2020-pib-per-capita-mapa,ARG,1940,6633
mpd2020-pib-per-capita-mapa,ARG,1941,6861
mpd2020-pib-per-capita-mapa,ARG,1942,6829
mpd2020-pib-per-capita-mapa,ARG,1943,6666
mpd2020-pib-per-capita-mapa,ARG,1944,7299
mpd2020-pib-per-capita-mapa,ARG,1945,6943
mpd2020-pib-per-capita-mapa,ARG,1946,7436
mpd2020-pib-per-capita-mapa,ARG,1947,8112
mpd2020-pib-per-capita-mapa,ARG,1948,8372
mpd2020-pib-per-capita-mapa,ARG,1949,8045
mpd2020-pib-per-capita-mapa,ARG,1950,7949
mpd2020-pib-per-capita-mapa,ARG,1951,8086
mpd2020-pib-per-capita-mapa,ARG,1952,7519
mpd2020-pib-per-capita-mapa,ARG,1953,7769
mpd2020-pib-per-capita-mapa,ARG,1954,7938
mpd2020-pib-per-capita-mapa,ARG,1955,8348
mpd2020-pib-per-capita-mapa,ARG,1956,8424
mpd2020-pib-per-capita-mapa,ARG,1957,8705
mpd2020-pib-per-capita-mapa,ARG,1958,9083
mpd2020-pib-per-capita-mapa,ARG,1959,8354
mpd2020-pib-per-capita-mapa,ARG,1960,8861
mpd2020-pib-per-capita-mapa,ARG,1961,9344
mpd2020-pib-per-capita-mapa,ARG,1962,9049
mpd2020-pib-per-capita-mapa,ARG,1963,8695
mpd2020-pib-per-capita-mapa,ARG,1964,9446
mpd2020-pib-per-capita-mapa,ARG,1965,10155
mpd2020-pib-per-capita-mapa,ARG,1966,10076
mpd2020-pib-per-capita-mapa,ARG,1967,10200
mpd2020-pib-per-capita-mapa,ARG,1968,10485
mpd2020-pib-per-capita-mapa,ARG,1969,11217
mpd2020-pib-per-capita-mapa,ARG,1970,11639
mpd2020-pib-per-capita-mapa,ARG,1971,12003
mpd2020-pib-per-capita-mapa,ARG,1972,12170
mpd2020-pib-per-capita-mapa,ARG,1973,12691
mpd2020-pib-per-capita-mapa,ARG,1974,13284
mpd2020-pib-per-capita-mapa,ARG,1975,12946
mpd2020-pib-per-capita-mapa,ARG,1976,12696
mpd2020-pib-per-capita-mapa,ARG,1977,13236
mpd2020-pib-per-capita-mapa,ARG,1978,12444
mpd2020-pib-per-capita-mapa,ARG,1979,13114
mpd2020-pib-per-capita-mapa,ARG,1980,13080
mpd2020-pib-per-capita-mapa,ARG,1981,12125
mpd2020-pib-per-capita-mapa,ARG,1982,11550
mpd2020-pib-per-capita-mapa,ARG,1983,11775
mpd2020-pib-per-capita-mapa,ARG,1984,11837
mpd2020-pib-per-capita-mapa,ARG,1985,10895
mpd2020-pib-per-capita-mapa,ARG,1986,11515
mpd2020-pib-per-capita-mapa,ARG,1987,11633
mpd2020-pib-per-capita-mapa,ARG,1988,11244
mpd2020-pib-per-capita-mapa,ARG,1989,10393
mpd2020-pib-per-capita-mapa,ARG,1990,10254
mpd2020-pib-per-capita-mapa,ARG,1991,11223.9846
mpd2020-pib-per-capita-mapa,ARG,1992,12267.0836
mpd2020-pib-per-capita-mapa,ARG,1993,12926.7947
mpd2020-pib-per-capita-mapa,ARG,1994,13571.3794
mpd2020-pib-per-capita-mapa,ARG,1995,13086.0365
mpd2020-pib-per-capita-mapa,ARG,1996,13715.2268
mpd2020-pib-per-capita-mapa,ARG,1997,14722.6459
mpd2020-pib-per-capita-mapa,ARG,1998,15185.9587
mpd2020-pib-per-capita-mapa,ARG,1999,14577.8323
mpd2020-pib-per-capita-mapa,ARG,2000,14368.9427
mpd2020-pib-per-capita-mapa,ARG,2001,13651.981
mpd2020-pib-per-capita-mapa,ARG,2002,12094.7728
mpd2020-pib-per-capita-mapa,ARG,2003,13088.565
mpd2020-pib-per-capita-mapa,ARG,2004,14183.2251
mpd2020-pib-per-capita-mapa,ARG,2005,15344.1571
mpd2020-pib-per-capita-mapa,ARG,2006,16490.4736
mpd2020-pib-per-capita-mapa,ARG,2007,17891.9434
mpd2020-pib-per-capita-mapa,ARG,2008,18520.3041
mpd2020-pib-per-capita-mapa,ARG,2009,17328.9758
mpd2020-pib-per-capita-mapa,ARG,2010,18979.9917
mpd2020-pib-per-capita-mapa,ARG,2011,20003
mpd2020-pib-per-capita-mapa,ARG,2012,19599
mpd2020-pib-per-capita-mapa,ARG,2013,19873
mpd2020-pib-per-capita-mapa,ARG,2014,19183
mpd2020-pib-per-capita-mapa,ARG,2015,19502
mpd2020-pib-per-capita-mapa,ARG,2016,18875
mpd2020-pib-per-capita-mapa,ARG,2017,19200.9061
mpd2020-pib-per-capita-mapa,ARG,2018,18556.3831
mpd2020-pib-per-capita-mapa,ARM,1973,9806
mpd2020-pib-per-capita-mapa,ARM,1980,9291
mpd2020-pib-per-capita-mapa,ARM,1981,9548
mpd2020-pib-per-capita-mapa,ARM,1982,9809
mpd2020-pib-per-capita-mapa,ARM,1983,9865
mpd2020-pib-per-capita-mapa,ARM,1984,10181
mpd2020-pib-per-capita-mapa,ARM,1985,10485
mpd2020-pib-per-capita-mapa,ARM,1986,10394
mpd2020-pib-per-capita-mapa,ARM,1987,9789
mpd2020-pib-per-capita-mapa,ARM,1988,9301
mpd2020-pib-per-capita-mapa,ARM,1989,10525
mpd2020-pib-per-capita-mapa,ARM,1990,9669
mpd2020-pib-per-capita-mapa,ARM,1991,8141.6711
mpd2020-pib-per-capita-mapa,ARM,1992,4699.611
mpd2020-pib-per-capita-mapa,ARM,1993,4130.1472
mpd2020-pib-per-capita-mapa,ARM,1994,4392.9799
mpd2020-pib-per-capita-mapa,ARM,1995,4703.1307
mpd2020-pib-per-capita-mapa,ARM,1996,4811.4895
mpd2020-pib-per-capita-mapa,ARM,1997,4836.0442
mpd2020-pib-per-capita-mapa,ARM,1998,4994.053
mpd2020-pib-per-capita-mapa,ARM,1999,5000.4524
mpd2020-pib-per-capita-mapa,ARM,2000,5139.8255
mpd2020-pib-per-capita-mapa,ARM,2001,5457.5101
mpd2020-pib-per-capita-mapa,ARM,2002,6082.1462
mpd2020-pib-per-capita-mapa,ARM,2003,6743.241
mpd2020-pib-per-capita-mapa,ARM,2004,7229.6482
mpd2020-pib-per-capita-mapa,ARM,2005,8006.9604
mpd2020-pib-per-capita-mapa,ARM,2006,8798.7502
mpd2020-pib-per-capita-mapa,ARM,2007,9713.2133
mpd2020-pib-per-capita-mapa,ARM,2008,10080.8128
mpd2020-pib-per-capita-mapa,ARM,2009,8399.0869
mpd2020-pib-per-capita-mapa,ARM,2010,8330.8112
mpd2020-pib-per-capita-mapa,ARM,2011,8465
mpd2020-pib-per-capita-mapa,ARM,2012,9077
mpd2020-pib-per-capita-mapa,ARM,2013,9385
mpd2020-pib-per-capita-mapa,ARM,2014,9735
mpd2020-pib-per-capita-mapa,ARM,2015,10042
mpd2020-pib-per-capita-mapa,ARM,2016,10080
mpd2020-pib-per-capita-mapa,ARM,2017,10859.3783
mpd2020-pib-per-capita-mapa,ARM,2018,11454.4251
mpd2020-pib-per-capita-mapa,AUS,1820,826
mpd2020-pib-per-capita-mapa,AUS,1821,834
mpd2020-pib-per-capita-mapa,AUS,1822,858
mpd2020-pib-per-capita-mapa,AUS,1823,886
mpd2020-pib-per-capita-mapa,AUS,1824,936
mpd2020-pib-per-capita-mapa,AUS,1825,982
mpd2020-pib-per-capita-mapa,AUS,1826,999
mpd2020-pib-per-capita-mapa,AUS,1827,1030
mpd2020-pib-per-capita-mapa,AUS,1828,1057
mpd2020-pib-per-capita-mapa,AUS,1829,1114
mpd2020-pib-per-capita-mapa,AUS,1830,1352
mpd2020-pib-per-capita-mapa,AUS,1831,1398
mpd2020-pib-per-capita-mapa,AUS,1832,1428
mpd2020-pib-per-capita-mapa,AUS,1833,1435
mpd2020-pib-per-capita-mapa,AUS,1834,1508
mpd2020-pib-per-capita-mapa,AUS,1835,1825
mpd2020-pib-per-capita-mapa,AUS,1836,1793
mpd2020-pib-per-capita-mapa,AUS,1837,1881
mpd2020-pib-per-capita-mapa,AUS,1838,1857
mpd2020-pib-per-capita-mapa,AUS,1839,1733
mpd2020-pib-per-capita-mapa,AUS,1840,2190
mpd2020-pib-per-capita-mapa,AUS,1841,1868
mpd2020-pib-per-capita-mapa,AUS,1842,1704
mpd2020-pib-per-capita-mapa,AUS,1843,1975
mpd2020-pib-per-capita-mapa,AUS,1844,2246
mpd2020-pib-per-capita-mapa,AUS,1845,2310
mpd2020-pib-per-capita-mapa,AUS,1846,2554
mpd2020-pib-per-capita-mapa,AUS,1847,2954
mpd2020-pib-per-capita-mapa,AUS,1848,3381
mpd2020-pib-per-capita-mapa,AUS,1849,3339
mpd2020-pib-per-capita-mapa,AUS,1850,3148
mpd2020-pib-per-capita-mapa,AUS,1851,3736
mpd2020-pib-per-capita-mapa,AUS,1852,4382
mpd2020-pib-per-capita-mapa,AUS,1853,4798
mpd2020-pib-per-capita-mapa,AUS,1854,4202
mpd2020-pib-per-capita-mapa,AUS,1855,3988
mpd2020-pib-per-capita-mapa,AUS,1856,4866
mpd2020-pib-per-capita-mapa,AUS,1857,4294
mpd2020-pib-per-capita-mapa,AUS,1858,3661
mpd2020-pib-per-capita-mapa,AUS,1859,4728
mpd2020-pib-per-capita-mapa,AUS,1860,4613
mpd2020-pib-per-capita-mapa,AUS,1861,4544
mpd2020-pib-per-capita-mapa,AUS,1862,4368
mpd2020-pib-per-capita-mapa,AUS,1863,4352
mpd2020-pib-per-capita-mapa,AUS,1864,4616
mpd2020-pib-per-capita-mapa,AUS,1865,4403
mpd2020-pib-per-capita-mapa,AUS,1866,4532
mpd2020-pib-per-capita-mapa,AUS,1867,4956
mpd2020-pib-per-capita-mapa,AUS,1868,5031
mpd2020-pib-per-capita-mapa,AUS,1869,4932
mpd2020-pib-per-capita-mapa,AUS,1870,5217
mpd2020-pib-per-capita-mapa,AUS,1871,5259
mpd2020-pib-per-capita-mapa,AUS,1872,5663
mpd2020-pib-per-capita-mapa,AUS,1873,6095
mpd2020-pib-per-capita-mapa,AUS,1874,6113
mpd2020-pib-per-capita-mapa,AUS,1875,6596
mpd2020-pib-per-capita-mapa,AUS,1876,6387
mpd2020-pib-per-capita-mapa,AUS,1877,6433
mpd2020-pib-per-capita-mapa,AUS,1878,6817
mpd2020-pib-per-capita-mapa,AUS,1879,6703
mpd2020-pib-per-capita-mapa,AUS,1880,6830
mpd2020-pib-per-capita-mapa,AUS,1881,7101
mpd2020-pib-per-capita-mapa,AUS,1882,6476
mpd2020-pib-per-capita-mapa,AUS,1883,7133
mpd2020-pib-per-capita-mapa,AUS,1884,6861
mpd2020-pib-per-capita-mapa,AUS,1885,7049
mpd2020-pib-per-capita-mapa,AUS,1886,6900
mpd2020-pib-per-capita-mapa,AUS,1887,7383
mpd2020-pib-per-capita-mapa,AUS,1888,7179
mpd2020-pib-per-capita-mapa,AUS,1889,7567
mpd2020-pib-per-capita-mapa,AUS,1890,7106
mpd2020-pib-per-capita-mapa,AUS,1891,7438
mpd2020-pib-per-capita-mapa,AUS,1892,6368
mpd2020-pib-per-capita-mapa,AUS,1893,5910
mpd2020-pib-per-capita-mapa,AUS,1894,6003
mpd2020-pib-per-capita-mapa,AUS,1895,5558
mpd2020-pib-per-capita-mapa,AUS,1896,5874
mpd2020-pib-per-capita-mapa,AUS,1897,5451
mpd2020-pib-per-capita-mapa,AUS,1898,6202
mpd2020-pib-per-capita-mapa,AUS,1899,6121
mpd2020-pib-per-capita-mapa,AUS,1900,6397
mpd2020-pib-per-capita-mapa,AUS,1901,6119
mpd2020-pib-per-capita-mapa,AUS,1902,6094
mpd2020-pib-per-capita-mapa,AUS,1903,6497
mpd2020-pib-per-capita-mapa,AUS,1904,6846
mpd2020-pib-per-capita-mapa,AUS,1905,6825
mpd2020-pib-per-capita-mapa,AUS,1906,7184
mpd2020-pib-per-capita-mapa,AUS,1907,7358
mpd2020-pib-per-capita-mapa,AUS,1908,7481
mpd2020-pib-per-capita-mapa,AUS,1909,7940
mpd2020-pib-per-capita-mapa,AUS,1910,8305
mpd2020-pib-per-capita-mapa,AUS,1911,8136
mpd2020-pib-per-capita-mapa,AUS,1912,8126
mpd2020-pib-per-capita-mapa,AUS,1913,8220
mpd2020-pib-per-capita-mapa,AUS,1914,8013
mpd2020-pib-per-capita-mapa,AUS,1915,7806
mpd2020-pib-per-capita-mapa,AUS,1916,7775
mpd2020-pib-per-capita-mapa,AUS,1917,7637
mpd2020-pib-per-capita-mapa,AUS,1918,7336
mpd2020-pib-per-capita-mapa,AUS,1919,7517
mpd2020-pib-per-capita-mapa,AUS,1920,7597
mpd2020-pib-per-capita-mapa,AUS,1921,7828
mpd2020-pib-per-capita-mapa,AUS,1922,8072
mpd2020-pib-per-capita-mapa,AUS,1923,8276
mpd2020-pib-per-capita-mapa,AUS,1924,8635
mpd2020-pib-per-capita-mapa,AUS,1925,8851
mpd2020-pib-per-capita-mapa,AUS,1926,8883
mpd2020-pib-per-capita-mapa,AUS,1927,8837
mpd2020-pib-per-capita-mapa,AUS,1928,8690
mpd2020-pib-per-capita-mapa,AUS,1929,8389
mpd2020-pib-per-capita-mapa,AUS,1930,7504
mpd2020-pib-per-capita-mapa,AUS,1931,6940
mpd2020-pib-per-capita-mapa,AUS,1932,7275
mpd2020-pib-per-capita-mapa,AUS,1933,7718
mpd2020-pib-per-capita-mapa,AUS,1934,8066
mpd2020-pib-per-capita-mapa,AUS,1935,8477
mpd2020-pib-per-capita-mapa,AUS,1936,8792
mpd2020-pib-per-capita-mapa,AUS,1937,9159
mpd2020-pib-per-capita-mapa,AUS,1938,9382
mpd2020-pib-per-capita-mapa,AUS,1939,9318
mpd2020-pib-per-capita-mapa,AUS,1940,9828
mpd2020-pib-per-capita-mapa,AUS,1941,10820
mpd2020-pib-per-capita-mapa,AUS,1942,11963
mpd2020-pib-per-capita-mapa,AUS,1943,12278
mpd2020-pib-per-capita-mapa,AUS,1944,11735
mpd2020-pib-per-capita-mapa,AUS,1945,11026
mpd2020-pib-per-capita-mapa,AUS,1946,10512
mpd2020-pib-per-capita-mapa,AUS,1947,10622
mpd2020-pib-per-capita-mapa,AUS,1948,11105
mpd2020-pib-per-capita-mapa,AUS,1949,11536
mpd2020-pib-per-capita-mapa,AUS,1950,11815
mpd2020-pib-per-capita-mapa,AUS,1951,11966
mpd2020-pib-per-capita-mapa,AUS,1952,11824
mpd2020-pib-per-capita-mapa,AUS,1953,11963
mpd2020-pib-per-capita-mapa,AUS,1954,12419
mpd2020-pib-per-capita-mapa,AUS,1955,12795
mpd2020-pib-per-capita-mapa,AUS,1956,12924
mpd2020-pib-per-capita-mapa,AUS,1957,12895
mpd2020-pib-per-capita-mapa,AUS,1958,13238
mpd2020-pib-per-capita-mapa,AUS,1959,13753
mpd2020-pib-per-capita-mapa,AUS,1960,14013
mpd2020-pib-per-capita-mapa,AUS,1961,13793
mpd2020-pib-per-capita-mapa,AUS,1962,14389
mpd2020-pib-per-capita-mapa,AUS,1963,14983
mpd2020-pib-per-capita-mapa,AUS,1964,15699
mpd2020-pib-per-capita-mapa,AUS,1965,16182
mpd2020-pib-per-capita-mapa,AUS,1966,16324
mpd2020-pib-per-capita-mapa,AUS,1967,17108
mpd2020-pib-per-capita-mapa,AUS,1968,17770
mpd2020-pib-per-capita-mapa,AUS,1969,18428
mpd2020-pib-per-capita-mapa,AUS,1970,19166
mpd2020-pib-per-capita-mapa,AUS,1971,19590
mpd2020-pib-per-capita-mapa,AUS,1972,19772
mpd2020-pib-per-capita-mapa,AUS,1973,20527
mpd2020-pib-per-capita-mapa,AUS,1974,20698
mpd2020-pib-per-capita-mapa,AUS,1975,20993
mpd2020-pib-per-capita-mapa,AUS,1976,21613
mpd2020-pib-per-capita-mapa,AUS,1977,21592
mpd2020-pib-per-capita-mapa,AUS,1978,21948
mpd2020-pib-per-capita-mapa,AUS,1979,22826
mpd2020-pib-per-capita-mapa,AUS,1980,22972
mpd2020-pib-per-capita-mapa,AUS,1981,23368
mpd2020-pib-per-capita-mapa,AUS,1982,22972
mpd2020-pib-per-capita-mapa,AUS,1983,22697
mpd2020-pib-per-capita-mapa,AUS,1984,24009
mpd2020-pib-per-capita-mapa,AUS,1985,24927
mpd2020-pib-per-capita-mapa,AUS,1986,25116
mpd2020-pib-per-capita-mapa,AUS,1987,25971
mpd2020-pib-per-capita-mapa,AUS,1988,26702
mpd2020-pib-per-capita-mapa,AUS,1989,27407
mpd2020-pib-per-capita-mapa,AUS,1990,27373
mpd2020-pib-per-capita-mapa,AUS,1991,26861.275
mpd2020-pib-per-capita-mapa,AUS,1992,27560.1783
mpd2020-pib-per-capita-mapa,AUS,1993,28622.4758
mpd2020-pib-per-capita-mapa,AUS,1994,29844.1713
mpd2020-pib-per-capita-mapa,AUS,1995,30690.0624
mpd2020-pib-per-capita-mapa,AUS,1996,31740.4697
mpd2020-pib-per-capita-mapa,AUS,1997,32857.9938
mpd2020-pib-per-capita-mapa,AUS,1998,34337.1394
mpd2020-pib-per-capita-mapa,AUS,1999,35551.0195
mpd2020-pib-per-capita-mapa,AUS,2000,36603.045
mpd2020-pib-per-capita-mapa,AUS,2001,37275.9912
mpd2020-pib-per-capita-mapa,AUS,2002,38567.0655
mpd2020-pib-per-capita-mapa,AUS,2003,39523.6552
mpd2020-pib-per-capita-mapa,AUS,2004,40887.7253
mpd2020-pib-per-capita-mapa,AUS,2005,41904.4459
mpd2020-pib-per-capita-mapa,AUS,2006,42650.9859
mpd2020-pib-per-capita-mapa,AUS,2007,44033.5838
mpd2020-pib-per-capita-mapa,AUS,2008,44421.6405
mpd2020-pib-per-capita-mapa,AUS,2009,44686.5414
mpd2020-pib-per-capita-mapa,AUS,2010,45400.2234
mpd2020-pib-per-capita-mapa,AUS,2011,46132
mpd2020-pib-per-capita-mapa,AUS,2012,46999
mpd2020-pib-per-capita-mapa,AUS,2013,47250
mpd2020-pib-per-capita-mapa,AUS,2014,47867
mpd2020-pib-per-capita-mapa,AUS,2015,48357
mpd2020-pib-per-capita-mapa,AUS,2016,48845
mpd2020-pib-per-capita-mapa,AUS,2017,49265.6135
mpd2020-pib-per-capita-mapa,AUS,2018,49830.7993
mpd2020-pib-per-capita-mapa,AUT,1820,1941
mpd2020-pib-per-capita-mapa,AUT,1830,2230
mpd2020-pib-per-capita-mapa,AUT,1840,2415
mpd2020-pib-per-capita-mapa,AUT,1850,2630
mpd2020-pib-per-capita-mapa,AUT,1860,2834
mpd2020-pib-per-capita-mapa,AUT,1870,2970
mpd2020-pib-per-capita-mapa,AUT,1871,3154
mpd2020-pib-per-capita-mapa,AUT,1872,3150
mpd2020-pib-per-capita-mapa,AUT,1873,3049
mpd2020-pib-per-capita-mapa,AUT,1874,3158
mpd2020-pib-per-capita-mapa,AUT,1875,3145
mpd2020-pib-per-capita-mapa,AUT,1876,3188
mpd2020-pib-per-capita-mapa,AUT,1877,3268
mpd2020-pib-per-capita-mapa,AUT,1878,3347
mpd2020-pib-per-capita-mapa,AUT,1879,3296
mpd2020-pib-per-capita-mapa,AUT,1880,3314
mpd2020-pib-per-capita-mapa,AUT,1881,3419
mpd2020-pib-per-capita-mapa,AUT,1882,3411
mpd2020-pib-per-capita-mapa,AUT,1883,3521
mpd2020-pib-per-capita-mapa,AUT,1884,3583
mpd2020-pib-per-capita-mapa,AUT,1885,3531
mpd2020-pib-per-capita-mapa,AUT,1886,3615
mpd2020-pib-per-capita-mapa,AUT,1887,3832
mpd2020-pib-per-capita-mapa,AUT,1888,3792
mpd2020-pib-per-capita-mapa,AUT,1889,3725
mpd2020-pib-per-capita-mapa,AUT,1890,3894
mpd2020-pib-per-capita-mapa,AUT,1891,3995
mpd2020-pib-per-capita-mapa,AUT,1892,4041
mpd2020-pib-per-capita-mapa,AUT,1893,4025
mpd2020-pib-per-capita-mapa,AUT,1894,4216
mpd2020-pib-per-capita-mapa,AUT,1895,4285
mpd2020-pib-per-capita-mapa,AUT,1896,4305
mpd2020-pib-per-capita-mapa,AUT,1897,4352
mpd2020-pib-per-capita-mapa,AUT,1898,4551
mpd2020-pib-per-capita-mapa,AUT,1899,4600
mpd2020-pib-per-capita-mapa,AUT,1900,4594
mpd2020-pib-per-capita-mapa,AUT,1901,4565
mpd2020-pib-per-capita-mapa,AUT,1902,4694
mpd2020-pib-per-capita-mapa,AUT,1903,4688
mpd2020-pib-per-capita-mapa,AUT,1904,4712
mpd2020-pib-per-capita-mapa,AUT,1905,4925
mpd2020-pib-per-capita-mapa,AUT,1906,5062
mpd2020-pib-per-capita-mapa,AUT,1907,5321
mpd2020-pib-per-capita-mapa,AUT,1908,5292
mpd2020-pib-per-capita-mapa,AUT,1909,5222
mpd2020-pib-per-capita-mapa,AUT,1910,5244
mpd2020-pib-per-capita-mapa,AUT,1911,5364
mpd2020-pib-per-capita-mapa,AUT,1912,5587
mpd2020-pib-per-capita-mapa,AUT,1913,5523
mpd2020-pib-per-capita-mapa,AUT,1914,4584
mpd2020-pib-per-capita-mapa,AUT,1915,4229
mpd2020-pib-per-capita-mapa,AUT,1916,4189
mpd2020-pib-per-capita-mapa,AUT,1917,4122
mpd2020-pib-per-capita-mapa,AUT,1918,4073
mpd2020-pib-per-capita-mapa,AUT,1919,3601
mpd2020-pib-per-capita-mapa,AUT,1920,3845
mpd2020-pib-per-capita-mapa,AUT,1921,4224
mpd2020-pib-per-capita-mapa,AUT,1922,4586
mpd2020-pib-per-capita-mapa,AUT,1923,4530
mpd2020-pib-per-capita-mapa,AUT,1924,5042
mpd2020-pib-per-capita-mapa,AUT,1925,5367
mpd2020-pib-per-capita-mapa,AUT,1926,5440
mpd2020-pib-per-capita-mapa,AUT,1927,5587
mpd2020-pib-per-capita-mapa,AUT,1928,5829
mpd2020-pib-per-capita-mapa,AUT,1929,5896
mpd2020-pib-per-capita-mapa,AUT,1930,5716
mpd2020-pib-per-capita-mapa,AUT,1931,5241
mpd2020-pib-per-capita-mapa,AUT,1932,4686
mpd2020-pib-per-capita-mapa,AUT,1933,4516
mpd2020-pib-per-capita-mapa,AUT,1934,4546
mpd2020-pib-per-capita-mapa,AUT,1935,4634
mpd2020-pib-per-capita-mapa,AUT,1936,4774
mpd2020-pib-per-capita-mapa,AUT,1937,5031
mpd2020-pib-per-capita-mapa,AUT,1938,5673
mpd2020-pib-per-capita-mapa,AUT,1939,6529
mpd2020-pib-per-capita-mapa,AUT,1940,6311
mpd2020-pib-per-capita-mapa,AUT,1941,6722
mpd2020-pib-per-capita-mapa,AUT,1942,6349
mpd2020-pib-per-capita-mapa,AUT,1943,6480
mpd2020-pib-per-capita-mapa,AUT,1944,6618
mpd2020-pib-per-capita-mapa,AUT,1945,2750
mpd2020-pib-per-capita-mapa,AUT,1946,3118
mpd2020-pib-per-capita-mapa,AUT,1947,3453
mpd2020-pib-per-capita-mapa,AUT,1948,4406
mpd2020-pib-per-capita-mapa,AUT,1949,5249
mpd2020-pib-per-capita-mapa,AUT,1950,5907
mpd2020-pib-per-capita-mapa,AUT,1951,6311
mpd2020-pib-per-capita-mapa,AUT,1952,6323
mpd2020-pib-per-capita-mapa,AUT,1953,6594
mpd2020-pib-per-capita-mapa,AUT,1954,7261
mpd2020-pib-per-capita-mapa,AUT,1955,8054
mpd2020-pib-per-capita-mapa,AUT,1956,8603
mpd2020-pib-per-capita-mapa,AUT,1957,9111
mpd2020-pib-per-capita-mapa,AUT,1958,9416
mpd2020-pib-per-capita-mapa,AUT,1959,9645
mpd2020-pib-per-capita-mapa,AUT,1960,10391
mpd2020-pib-per-capita-mapa,AUT,1961,10882
mpd2020-pib-per-capita-mapa,AUT,1962,11078
mpd2020-pib-per-capita-mapa,AUT,1963,11454
mpd2020-pib-per-capita-mapa,AUT,1964,12062
mpd2020-pib-per-capita-mapa,AUT,1965,12328
mpd2020-pib-per-capita-mapa,AUT,1966,12930
mpd2020-pib-per-capita-mapa,AUT,1967,13225
mpd2020-pib-per-capita-mapa,AUT,1968,13742
mpd2020-pib-per-capita-mapa,AUT,1969,14555
mpd2020-pib-per-capita-mapa,AUT,1970,15537
mpd2020-pib-per-capita-mapa,AUT,1971,16259
mpd2020-pib-per-capita-mapa,AUT,1972,17169
mpd2020-pib-per-capita-mapa,AUT,1973,17908
mpd2020-pib-per-capita-mapa,AUT,1974,18583
mpd2020-pib-per-capita-mapa,AUT,1975,18564
mpd2020-pib-per-capita-mapa,AUT,1976,19448
mpd2020-pib-per-capita-mapa,AUT,1977,20350
mpd2020-pib-per-capita-mapa,AUT,1978,20293
mpd2020-pib-per-capita-mapa,AUT,1979,21436
mpd2020-pib-per-capita-mapa,AUT,1980,21932
mpd2020-pib-per-capita-mapa,AUT,1981,21866
mpd2020-pib-per-capita-mapa,AUT,1982,22254
mpd2020-pib-per-capita-mapa,AUT,1983,22944
mpd2020-pib-per-capita-mapa,AUT,1984,23016
mpd2020-pib-per-capita-mapa,AUT,1985,23514
mpd2020-pib-per-capita-mapa,AUT,1986,24039
mpd2020-pib-per-capita-mapa,AUT,1987,24409
mpd2020-pib-per-capita-mapa,AUT,1988,25112
mpd2020-pib-per-capita-mapa,AUT,1989,26078
mpd2020-pib-per-capita-mapa,AUT,1990,26930
mpd2020-pib-per-capita-mapa,AUT,1991,27689.7713
mpd2020-pib-per-capita-mapa,AUT,1992,28072.4403
mpd2020-pib-per-capita-mapa,AUT,1993,28101.2286
mpd2020-pib-per-capita-mapa,AUT,1994,28780.7604
mpd2020-pib-per-capita-mapa,AUT,1995,29621.6819
mpd2020-pib-per-capita-mapa,AUT,1996,30413.1567
mpd2020-pib-per-capita-mapa,AUT,1997,31173.0488
mpd2020-pib-per-capita-mapa,AUT,1998,32376.3295
mpd2020-pib-per-capita-mapa,AUT,1999,33608.2965
mpd2020-pib-per-capita-mapa,AUT,2000,34796.2595
mpd2020-pib-per-capita-mapa,AUT,2001,35272.224
mpd2020-pib-per-capita-mapa,AUT,2002,35823.5874
mpd2020-pib-per-capita-mapa,AUT,2003,36063.1205
mpd2020-pib-per-capita-mapa,AUT,2004,36957.1122
mpd2020-pib-per-capita-mapa,AUT,2005,37642.7622
mpd2020-pib-per-capita-mapa,AUT,2006,38866.8493
mpd2020-pib-per-capita-mapa,AUT,2007,40305.2743
mpd2020-pib-per-capita-mapa,AUT,2008,40964.7934
mpd2020-pib-per-capita-mapa,AUT,2009,39463.657
mpd2020-pib-per-capita-mapa,AUT,2010,40288.3493
mpd2020-pib-per-capita-mapa,AUT,2011,41446
mpd2020-pib-per-capita-mapa,AUT,2012,41565
mpd2020-pib-per-capita-mapa,AUT,2013,41375
mpd2020-pib-per-capita-mapa,AUT,2014,41338
mpd2020-pib-per-capita-mapa,AUT,2015,41294
mpd2020-pib-per-capita-mapa,AUT,2016,41445
mpd2020-pib-per-capita-mapa,AUT,2017,42177.3706
mpd2020-pib-per-capita-mapa,AUT,2018,42988.0709
mpd2020-pib-per-capita-mapa,AZE,1973,7068
mpd2020-pib-per-capita-mapa,AZE,1980,7165
mpd2020-pib-per-capita-mapa,AZE,1981,7490
mpd2020-pib-per-capita-mapa,AZE,1982,7831
mpd2020-pib-per-capita-mapa,AZE,1983,8010
mpd2020-pib-per-capita-mapa,AZE,1984,8360
mpd2020-pib-per-capita-mapa,AZE,1985,8558
mpd2020-pib-per-capita-mapa,AZE,1986,8663
mpd2020-pib-per-capita-mapa,AZE,1987,8995
mpd2020-pib-per-capita-mapa,AZE,1988,9328
mpd2020-pib-per-capita-mapa,AZE,1989,8421
mpd2020-pib-per-capita-mapa,AZE,1990,7394
mpd2020-pib-per-capita-mapa,AZE,1991,7319.1365
mpd2020-pib-per-capita-mapa,AZE,1992,5638.9979
mpd2020-pib-per-capita-mapa,AZE,1993,4315.3567
mpd2020-pib-per-capita-mapa,AZE,1994,3453.3638
mpd2020-pib-per-capita-mapa,AZE,1995,2999.319
mpd2020-pib-per-capita-mapa,AZE,1996,3074.2197
mpd2020-pib-per-capita-mapa,AZE,1997,3347.6126
mpd2020-pib-per-capita-mapa,AZE,1998,3550.3641
mpd2020-pib-per-capita-mapa,AZE,1999,3959.7815
mpd2020-pib-per-capita-mapa,AZE,2000,4214.8889
mpd2020-pib-per-capita-mapa,AZE,2001,4498.7944
mpd2020-pib-per-capita-mapa,AZE,2002,4880.3999
mpd2020-pib-per-capita-mapa,AZE,2003,5408.523
mpd2020-pib-per-capita-mapa,AZE,2004,5971.4746
mpd2020-pib-per-capita-mapa,AZE,2005,7553.6264
mpd2020-pib-per-capita-mapa,AZE,2006,10160.346
mpd2020-pib-per-capita-mapa,AZE,2007,12699.4978
mpd2020-pib-per-capita-mapa,AZE,2008,14072.6266
mpd2020-pib-per-capita-mapa,AZE,2009,15384.293
mpd2020-pib-per-capita-mapa,AZE,2010,16153.8366
mpd2020-pib-per-capita-mapa,AZE,2011,16176
mpd2020-pib-per-capita-mapa,AZE,2012,16359
mpd2020-pib-per-capita-mapa,AZE,2013,17133
mpd2020-pib-per-capita-mapa,AZE,2014,17439
mpd2020-pib-per-capita-mapa,AZE,2015,17460
mpd2020-pib-per-capita-mapa,AZE,2016,16645
mpd2020-pib-per-capita-mapa,AZE,2017,16522.3072
mpd2020-pib-per-capita-mapa,AZE,2018,16628.0553
mpd2020-pib-per-capita-mapa,BDI,1950,595
mpd2020-pib-per-capita-mapa,BDI,1951,618
mpd2020-pib-per-capita-mapa,BDI,1952,626
mpd2020-pib-per-capita-mapa,BDI,1953,641
mpd2020-pib-per-capita-mapa,BDI,1954,665
mpd2020-pib-per-capita-mapa,BDI,1955,674
mpd2020-pib-per-capita-mapa,BDI,1956,687
mpd2020-pib-per-capita-mapa,BDI,1957,701
mpd2020-pib-per-capita-mapa,BDI,1958,708
mpd2020-pib-per-capita-mapa,BDI,1959,736
mpd2020-pib-per-capita-mapa,BDI,1960,733
mpd2020-pib-per-capita-mapa,BDI,1961,615
mpd2020-pib-per-capita-mapa,BDI,1962,657
mpd2020-pib-per-capita-mapa,BDI,1963,673
mpd2020-pib-per-capita-mapa,BDI,1964,695
mpd2020-pib-per-capita-mapa,BDI,1965,703
mpd2020-pib-per-capita-mapa,BDI,1966,716
mpd2020-pib-per-capita-mapa,BDI,1967,764
mpd2020-pib-per-capita-mapa,BDI,1968,740
mpd2020-pib-per-capita-mapa,BDI,1969,717
mpd2020-pib-per-capita-mapa,BDI,1970,893
mpd2020-pib-per-capita-mapa,BDI,1971,902
mpd2020-pib-per-capita-mapa,BDI,1972,866
mpd2020-pib-per-capita-mapa,BDI,1973,921
mpd2020-pib-per-capita-mapa,BDI,1974,904
mpd2020-pib-per-capita-mapa,BDI,1975,883
mpd2020-pib-per-capita-mapa,BDI,1976,956
mpd2020-pib-per-capita-mapa,BDI,1977,1020
mpd2020-pib-per-capita-mapa,BDI,1978,1042
mpd2020-pib-per-capita-mapa,BDI,1979,1011
mpd2020-pib-per-capita-mapa,BDI,1980,952
mpd2020-pib-per-capita-mapa,BDI,1981,1014
mpd2020-pib-per-capita-mapa,BDI,1982,985
mpd2020-pib-per-capita-mapa,BDI,1983,991
mpd2020-pib-per-capita-mapa,BDI,1984,968
mpd2020-pib-per-capita-mapa,BDI,1985,1057
mpd2020-pib-per-capita-mapa,BDI,1986,1078
mpd2020-pib-per-capita-mapa,BDI,1987,1095
mpd2020-pib-per-capita-mapa,BDI,1988,1119
mpd2020-pib-per-capita-mapa,BDI,1989,1111
mpd2020-pib-per-capita-mapa,BDI,1990,1124
mpd2020-pib-per-capita-mapa,BDI,1991,1149.7976
mpd2020-pib-per-capita-mapa,BDI,1992,1128.3474
mpd2020-pib-per-capita-mapa,BDI,1993,1075.6154
mpd2020-pib-per-capita-mapa,BDI,1994,1057.6414
mpd2020-pib-per-capita-mapa,BDI,1995,934.2031
mpd2020-pib-per-capita-mapa,BDI,1996,824.5116
mpd2020-pib-per-capita-mapa,BDI,1997,800.272
mpd2020-pib-per-capita-mapa,BDI,1998,808.3241
mpd2020-pib-per-capita-mapa,BDI,1999,772.3172
mpd2020-pib-per-capita-mapa,BDI,2000,739.7609
mpd2020-pib-per-capita-mapa,BDI,2001,730.4278
mpd2020-pib-per-capita-mapa,BDI,2002,737.286
mpd2020-pib-per-capita-mapa,BDI,2003,703.5615
mpd2020-pib-per-capita-mapa,BDI,2004,709.7372
mpd2020-pib-per-capita-mapa,BDI,2005,691.6197
mpd2020-pib-per-capita-mapa,BDI,2006,703.361
mpd2020-pib-per-capita-mapa,BDI,2007,700.9587
mpd2020-pib-per-capita-mapa,BDI,2008,708.6786
mpd2020-pib-per-capita-mapa,BDI,2009,709.0326
mpd2020-pib-per-capita-mapa,BDI,2010,717.6115
mpd2020-pib-per-capita-mapa,BDI,2011,719
mpd2020-pib-per-capita-mapa,BDI,2012,727
mpd2020-pib-per-capita-mapa,BDI,2013,738
mpd2020-pib-per-capita-mapa,BDI,2014,748
mpd2020-pib-per-capita-mapa,BDI,2015,694
mpd2020-pib-per-capita-mapa,BDI,2016,665
mpd2020-pib-per-capita-mapa,BDI,2017,671.3169
mpd2020-pib-per-capita-mapa,BDI,2018,651.3589
mpd2020-pib-per-capita-mapa,BEL,1820,2358
mpd2020-pib-per-capita-mapa,BEL,1846,2700
mpd2020-pib-per-capita-mapa,BEL,1847,2809
mpd2020-pib-per-capita-mapa,BEL,1848,2796
mpd2020-pib-per-capita-mapa,BEL,1849,2853
mpd2020-pib-per-capita-mapa,BEL,1850,2944
mpd2020-pib-per-capita-mapa,BEL,1851,3006
mpd2020-pib-per-capita-mapa,BEL,1852,3067
mpd2020-pib-per-capita-mapa,BEL,1853,3127
mpd2020-pib-per-capita-mapa,BEL,1854,3300
mpd2020-pib-per-capita-mapa,BEL,1855,3301
mpd2020-pib-per-capita-mapa,BEL,1856,3459
mpd2020-pib-per-capita-mapa,BEL,1857,3524
mpd2020-pib-per-capita-mapa,BEL,1858,3526
mpd2020-pib-per-capita-mapa,BEL,1859,3502
mpd2020-pib-per-capita-mapa,BEL,1860,3655
mpd2020-pib-per-capita-mapa,BEL,1861,3682
mpd2020-pib-per-capita-mapa,BEL,1862,3752
mpd2020-pib-per-capita-mapa,BEL,1863,3832
mpd2020-pib-per-capita-mapa,BEL,1864,3931
mpd2020-pib-per-capita-mapa,BEL,1865,3902
mpd2020-pib-per-capita-mapa,BEL,1866,3990
mpd2020-pib-per-capita-mapa,BEL,1867,3980
mpd2020-pib-per-capita-mapa,BEL,1868,4095
mpd2020-pib-per-capita-mapa,BEL,1869,4245
mpd2020-pib-per-capita-mapa,BEL,1870,4291
mpd2020-pib-per-capita-mapa,BEL,1871,4275
mpd2020-pib-per-capita-mapa,BEL,1872,4501
mpd2020-pib-per-capita-mapa,BEL,1873,4495
mpd2020-pib-per-capita-mapa,BEL,1874,4607
mpd2020-pib-per-capita-mapa,BEL,1875,4560
mpd2020-pib-per-capita-mapa,BEL,1876,4583
mpd2020-pib-per-capita-mapa,BEL,1877,4597
mpd2020-pib-per-capita-mapa,BEL,1878,4689
mpd2020-pib-per-capita-mapa,BEL,1879,4694
mpd2020-pib-per-capita-mapa,BEL,1880,4886
mpd2020-pib-per-capita-mapa,BEL,1881,4894
mpd2020-pib-per-capita-mapa,BEL,1882,4999
mpd2020-pib-per-capita-mapa,BEL,1883,5013
mpd2020-pib-per-capita-mapa,BEL,1884,4999
mpd2020-pib-per-capita-mapa,BEL,1885,5002
mpd2020-pib-per-capita-mapa,BEL,1886,5026
mpd2020-pib-per-capita-mapa,BEL,1887,5180
mpd2020-pib-per-capita-mapa,BEL,1888,5176
mpd2020-pib-per-capita-mapa,BEL,1889,5386
mpd2020-pib-per-capita-mapa,BEL,1890,5464
mpd2020-pib-per-capita-mapa,BEL,1891,5412
mpd2020-pib-per-capita-mapa,BEL,1892,5486
mpd2020-pib-per-capita-mapa,BEL,1893,5507
mpd2020-pib-per-capita-mapa,BEL,1894,5528
mpd2020-pib-per-capita-mapa,BEL,1895,5598
mpd2020-pib-per-capita-mapa,BEL,1896,5660
mpd2020-pib-per-capita-mapa,BEL,1897,5716
mpd2020-pib-per-capita-mapa,BEL,1898,5762
mpd2020-pib-per-capita-mapa,BEL,1899,5828
mpd2020-pib-per-capita-mapa,BEL,1900,5947
mpd2020-pib-per-capita-mapa,BEL,1901,5928
mpd2020-pib-per-capita-mapa,BEL,1902,5960
mpd2020-pib-per-capita-mapa,BEL,1903,6013
mpd2020-pib-per-capita-mapa,BEL,1904,6091
mpd2020-pib-per-capita-mapa,BEL,1905,6188
mpd2020-pib-per-capita-mapa,BEL,1906,6244
mpd2020-pib-per-capita-mapa,BEL,1907,6268
mpd2020-pib-per-capita-mapa,BEL,1908,6269
mpd2020-pib-per-capita-mapa,BEL,1909,6330
mpd2020-pib-per-capita-mapa,BEL,1910,6478
mpd2020-pib-per-capita-mapa,BEL,1911,6612
mpd2020-pib-per-capita-mapa,BEL,1912,6704
mpd2020-pib-per-capita-mapa,BEL,1913,6727
mpd2020-pib-per-capita-mapa,BEL,1914,6253
mpd2020-pib-per-capita-mapa,BEL,1915,6150
mpd2020-pib-per-capita-mapa,BEL,1916,6503
mpd2020-pib-per-capita-mapa,BEL,1917,5609
mpd2020-pib-per-capita-mapa,BEL,1918,4560
mpd2020-pib-per-capita-mapa,BEL,1919,5402
mpd2020-pib-per-capita-mapa,BEL,1920,6315
mpd2020-pib-per-capita-mapa,BEL,1921,6465
mpd2020-pib-per-capita-mapa,BEL,1922,7034
mpd2020-pib-per-capita-mapa,BEL,1923,7226
mpd2020-pib-per-capita-mapa,BEL,1924,7393
mpd2020-pib-per-capita-mapa,BEL,1925,7438
mpd2020-pib-per-capita-mapa,BEL,1926,7626
mpd2020-pib-per-capita-mapa,BEL,1927,7847
mpd2020-pib-per-capita-mapa,BEL,1928,8191
mpd2020-pib-per-capita-mapa,BEL,1929,8056
mpd2020-pib-per-capita-mapa,BEL,1930,7936
mpd2020-pib-per-capita-mapa,BEL,1931,7747
mpd2020-pib-per-capita-mapa,BEL,1932,7343
mpd2020-pib-per-capita-mapa,BEL,1933,7461
mpd2020-pib-per-capita-mapa,BEL,1934,7371
mpd2020-pib-per-capita-mapa,BEL,1935,7801
mpd2020-pib-per-capita-mapa,BEL,1936,7831
mpd2020-pib-per-capita-mapa,BEL,1937,7908
mpd2020-pib-per-capita-mapa,BEL,1938,7702
mpd2020-pib-per-capita-mapa,BEL,1939,8209
mpd2020-pib-per-capita-mapa,BEL,1940,7272
mpd2020-pib-per-capita-mapa,BEL,1941,6947
mpd2020-pib-per-capita-mapa,BEL,1942,6371
mpd2020-pib-per-capita-mapa,BEL,1943,6228
mpd2020-pib-per-capita-mapa,BEL,1944,6554
mpd2020-pib-per-capita-mapa,BEL,1945,6907
mpd2020-pib-per-capita-mapa,BEL,1946,7291
mpd2020-pib-per-capita-mapa,BEL,1947,7651
mpd2020-pib-per-capita-mapa,BEL,1948,8008
mpd2020-pib-per-capita-mapa,BEL,1949,8278
mpd2020-pib-per-capita-mapa,BEL,1950,8706
mpd2020-pib-per-capita-mapa,BEL,1951,9161
mpd2020-pib-per-capita-mapa,BEL,1952,9035
mpd2020-pib-per-capita-mapa,BEL,1953,9274
mpd2020-pib-per-capita-mapa,BEL,1954,9610
mpd2020-pib-per-capita-mapa,BEL,1955,10010
mpd2020-pib-per-capita-mapa,BEL,1956,10237
mpd2020-pib-per-capita-mapa,BEL,1957,10353
mpd2020-pib-per-capita-mapa,BEL,1958,10268
mpd2020-pib-per-capita-mapa,BEL,1959,10533
mpd2020-pib-per-capita-mapa,BEL,1960,11081
mpd2020-pib-per-capita-mapa,BEL,1961,11561
mpd2020-pib-per-capita-mapa,BEL,1962,12087
mpd2020-pib-per-capita-mapa,BEL,1963,12532
mpd2020-pib-per-capita-mapa,BEL,1964,13295
mpd2020-pib-per-capita-mapa,BEL,1965,13643
mpd2020-pib-per-capita-mapa,BEL,1966,13989
mpd2020-pib-per-capita-mapa,BEL,1967,14461
mpd2020-pib-per-capita-mapa,BEL,1968,15009
mpd2020-pib-per-capita-mapa,BEL,1969,15969
mpd2020-pib-per-capita-mapa,BEL,1970,16914
mpd2020-pib-per-capita-mapa,BEL,1971,17486
mpd2020-pib-per-capita-mapa,BEL,1972,18336
mpd2020-pib-per-capita-mapa,BEL,1973,19399
mpd2020-pib-per-capita-mapa,BEL,1974,20153
mpd2020-pib-per-capita-mapa,BEL,1975,19831
mpd2020-pib-per-capita-mapa,BEL,1976,20916
mpd2020-pib-per-capita-mapa,BEL,1977,21025
mpd2020-pib-per-capita-mapa,BEL,1978,21605
mpd2020-pib-per-capita-mapa,BEL,1979,22094
mpd2020-pib-per-capita-mapa,BEL,1980,23060
mpd2020-pib-per-capita-mapa,BEL,1981,22760
mpd2020-pib-per-capita-mapa,BEL,1982,23071
mpd2020-pib-per-capita-mapa,BEL,1983,23071
mpd2020-pib-per-capita-mapa,BEL,1984,23644
mpd2020-pib-per-capita-mapa,BEL,1985,23873
mpd2020-pib-per-capita-mapa,BEL,1986,24221
mpd2020-pib-per-capita-mapa,BEL,1987,24772
mpd2020-pib-per-capita-mapa,BEL,1988,25905
mpd2020-pib-per-capita-mapa,BEL,1989,26690
mpd2020-pib-per-capita-mapa,BEL,1990,27412
mpd2020-pib-per-capita-mapa,BEL,1991,27848.3042
mpd2020-pib-per-capita-mapa,BEL,1992,28199.5738
mpd2020-pib-per-capita-mapa,BEL,1993,27857.2494
mpd2020-pib-per-capita-mapa,BEL,1994,28706.5006
mpd2020-pib-per-capita-mapa,BEL,1995,29370.0871
mpd2020-pib-per-capita-mapa,BEL,1996,29820.2995
mpd2020-pib-per-capita-mapa,BEL,1997,30894.2828
mpd2020-pib-per-capita-mapa,BEL,1998,31480.7434
mpd2020-pib-per-capita-mapa,BEL,1999,32571.6745
mpd2020-pib-per-capita-mapa,BEL,2000,33719.7698
mpd2020-pib-per-capita-mapa,BEL,2001,33923.342
mpd2020-pib-per-capita-mapa,BEL,2002,34419.6938
mpd2020-pib-per-capita-mapa,BEL,2003,34588.476
mpd2020-pib-per-capita-mapa,BEL,2004,35740.3525
mpd2020-pib-per-capita-mapa,BEL,2005,36338.3831
mpd2020-pib-per-capita-mapa,BEL,2006,37051.9022
mpd2020-pib-per-capita-mapa,BEL,2007,38082.8733
mpd2020-pib-per-capita-mapa,BEL,2008,38117.3484
mpd2020-pib-per-capita-mapa,BEL,2009,36998.6493
mpd2020-pib-per-capita-mapa,BEL,2010,37739.3275
mpd2020-pib-per-capita-mapa,BEL,2011,38130
mpd2020-pib-per-capita-mapa,BEL,2012,37906
mpd2020-pib-per-capita-mapa,BEL,2013,37737
mpd2020-pib-per-capita-mapa,BEL,2014,38228
mpd2020-pib-per-capita-mapa,BEL,2015,38569
mpd2020-pib-per-capita-mapa,BEL,2016,38766
mpd2020-pib-per-capita-mapa,BEL,2017,39352.1633
mpd2020-pib-per-capita-mapa,BEL,2018,39756.2031
mpd2020-pib-per-capita-mapa,BEN,1950,1627
mpd2020-pib-per-capita-mapa,BEN,1951,1597
mpd2020-pib-per-capita-mapa,BEN,1952,1565
mpd2020-pib-per-capita-mapa,BEN,1953,1492
mpd2020-pib-per-capita-mapa,BEN,1954,1505
mpd2020-pib-per-capita-mapa,BEN,1955,1474
mpd2020-pib-per-capita-mapa,BEN,1956,1444
mpd2020-pib-per-capita-mapa,BEN,1957,1414
mpd2020-pib-per-capita-mapa,BEN,1958,1435
mpd2020-pib-per-capita-mapa,BEN,1959,1457
mpd2020-pib-per-capita-mapa,BEN,1960,1468
mpd2020-pib-per-capita-mapa,BEN,1961,1482
mpd2020-pib-per-capita-mapa,BEN,1962,1400
mpd2020-pib-per-capita-mapa,BEN,1963,1430
mpd2020-pib-per-capita-mapa,BEN,1964,1492
mpd2020-pib-per-capita-mapa,BEN,1965,1532
mpd2020-pib-per-capita-mapa,BEN,1966,1549
mpd2020-pib-per-capita-mapa,BEN,1967,1525
mpd2020-pib-per-capita-mapa,BEN,1968,1545
mpd2020-pib-per-capita-mapa,BEN,1969,1551
mpd2020-pib-per-capita-mapa,BEN,1970,1543
mpd2020-pib-per-capita-mapa,BEN,1971,1535
mpd2020-pib-per-capita-mapa,BEN,1972,1640
mpd2020-pib-per-capita-mapa,BEN,1973,1666
mpd2020-pib-per-capita-mapa,BEN,1974,1733
mpd2020-pib-per-capita-mapa,BEN,1975,1570
mpd2020-pib-per-capita-mapa,BEN,1976,1548
mpd2020-pib-per-capita-mapa,BEN,1977,1570
mpd2020-pib-per-capita-mapa,BEN,1978,1519
mpd2020-pib-per-capita-mapa,BEN,1979,1594
mpd2020-pib-per-capita-mapa,BEN,1980,1691
mpd2020-pib-per-capita-mapa,BEN,1981,1733
mpd2020-pib-per-capita-mapa,BEN,1982,1862
mpd2020-pib-per-capita-mapa,BEN,1983,1728
mpd2020-pib-per-capita-mapa,BEN,1984,1809
mpd2020-pib-per-capita-mapa,BEN,1985,1886
mpd2020-pib-per-capita-mapa,BEN,1986,1867
mpd2020-pib-per-capita-mapa,BEN,1987,1782
mpd2020-pib-per-capita-mapa,BEN,1988,1780
mpd2020-pib-per-capita-mapa,BEN,1989,1715
mpd2020-pib-per-capita-mapa,BEN,1990,1811
mpd2020-pib-per-capita-mapa,BEN,1991,1812.4215
mpd2020-pib-per-capita-mapa,BEN,1992,1790.5301
mpd2020-pib-per-capita-mapa,BEN,1993,1791.9632
mpd2020-pib-per-capita-mapa,BEN,1994,1731.8034
mpd2020-pib-per-capita-mapa,BEN,1995,1835.5746
mpd2020-pib-per-capita-mapa,BEN,1996,1840.4858
mpd2020-pib-per-capita-mapa,BEN,1997,1867.6059
mpd2020-pib-per-capita-mapa,BEN,1998,1862.7557
mpd2020-pib-per-capita-mapa,BEN,1999,1881.6972
mpd2020-pib-per-capita-mapa,BEN,2000,1908.9366
mpd2020-pib-per-capita-mapa,BEN,2001,1928.0966
mpd2020-pib-per-capita-mapa,BEN,2002,1934.3967
mpd2020-pib-per-capita-mapa,BEN,2003,1919.6151
mpd2020-pib-per-capita-mapa,BEN,2004,1923.7193
mpd2020-pib-per-capita-mapa,BEN,2005,1875.9193
mpd2020-pib-per-capita-mapa,BEN,2006,1870.5325
mpd2020-pib-per-capita-mapa,BEN,2007,1904.5496
mpd2020-pib-per-capita-mapa,BEN,2008,1920.3061
mpd2020-pib-per-capita-mapa,BEN,2009,1888.7758
mpd2020-pib-per-capita-mapa,BEN,2010,1854.6656
mpd2020-pib-per-capita-mapa,BEN,2011,1836
mpd2020-pib-per-capita-mapa,BEN,2012,1867
mpd2020-pib-per-capita-mapa,BEN,2013,1939
mpd2020-pib-per-capita-mapa,BEN,2014,2008
mpd2020-pib-per-capita-mapa,BEN,2015,2055
mpd2020-pib-per-capita-mapa,BEN,2016,2080
mpd2020-pib-per-capita-mapa,BEN,2017,2141.573
mpd2020-pib-per-capita-mapa,BEN,2018,2220.1766
mpd2020-pib-per-capita-mapa,BFA,1950,756
mpd2020-pib-per-capita-mapa,BFA,1951,776
mpd2020-pib-per-capita-mapa,BFA,1952,797
mpd2020-pib-per-capita-mapa,BFA,1953,816
mpd2020-pib-per-capita-mapa,BFA,1954,838
mpd2020-pib-per-capita-mapa,BFA,1955,859
mpd2020-pib-per-capita-mapa,BFA,1956,883
mpd2020-pib-per-capita-mapa,BFA,1957,905
mpd2020-pib-per-capita-mapa,BFA,1958,929
mpd2020-pib-per-capita-mapa,BFA,1959,953
mpd2020-pib-per-capita-mapa,BFA,1960,971
mpd2020-pib-per-capita-mapa,BFA,1961,1004
mpd2020-pib-per-capita-mapa,BFA,1962,1060
mpd2020-pib-per-capita-mapa,BFA,1963,1039
mpd2020-pib-per-capita-mapa,BFA,1964,1055
mpd2020-pib-per-capita-mapa,BFA,1965,1087
mpd2020-pib-per-capita-mapa,BFA,1966,1082
mpd2020-pib-per-capita-mapa,BFA,1967,1165
mpd2020-pib-per-capita-mapa,BFA,1968,1189
mpd2020-pib-per-capita-mapa,BFA,1969,1199
mpd2020-pib-per-capita-mapa,BFA,1970,1188
mpd2020-pib-per-capita-mapa,BFA,1971,1219
mpd2020-pib-per-capita-mapa,BFA,1972,1253
mpd2020-pib-per-capita-mapa,BFA,1973,1172
mpd2020-pib-per-capita-mapa,BFA,1974,1132
mpd2020-pib-per-capita-mapa,BFA,1975,1068
mpd2020-pib-per-capita-mapa,BFA,1976,1039
mpd2020-pib-per-capita-mapa,BFA,1977,1090
mpd2020-pib-per-capita-mapa,BFA,1978,1189
mpd2020-pib-per-capita-mapa,BFA,1979,1173
mpd2020-pib-per-capita-mapa,BFA,1980,1165
mpd2020-pib-per-capita-mapa,BFA,1981,1186
mpd2020-pib-per-capita-mapa,BFA,1982,1183
mpd2020-pib-per-capita-mapa,BFA,1983,1140
mpd2020-pib-per-capita-mapa,BFA,1984,1129
mpd2020-pib-per-capita-mapa,BFA,1985,1243
mpd2020-pib-per-capita-mapa,BFA,1986,1400
mpd2020-pib-per-capita-mapa,BFA,1987,1336
mpd2020-pib-per-capita-mapa,BFA,1988,1403
mpd2020-pib-per-capita-mapa,BFA,1989,1342
mpd2020-pib-per-capita-mapa,BFA,1990,1286
mpd2020-pib-per-capita-mapa,BFA,1991,1331.2303
mpd2020-pib-per-capita-mapa,BFA,1992,1264.992
mpd2020-pib-per-capita-mapa,BFA,1993,1240.1422
mpd2020-pib-per-capita-mapa,BFA,1994,1189.1213
mpd2020-pib-per-capita-mapa,BFA,1995,1191.3074
mpd2020-pib-per-capita-mapa,BFA,1996,1255.7749
mpd2020-pib-per-capita-mapa,BFA,1997,1268.2632
mpd2020-pib-per-capita-mapa,BFA,1998,1293.5734
mpd2020-pib-per-capita-mapa,BFA,1999,1318.7198
mpd2020-pib-per-capita-mapa,BFA,2000,1275.4819
mpd2020-pib-per-capita-mapa,BFA,2001,1283.3822
mpd2020-pib-per-capita-mapa,BFA,2002,1255.5571
mpd2020-pib-per-capita-mapa,BFA,2003,1277.5809
mpd2020-pib-per-capita-mapa,BFA,2004,1268.6866
mpd2020-pib-per-capita-mapa,BFA,2005,1309.9836
mpd2020-pib-per-capita-mapa,BFA,2006,1322.6372
mpd2020-pib-per-capita-mapa,BFA,2007,1308.5203
mpd2020-pib-per-capita-mapa,BFA,2008,1315.4537
mpd2020-pib-per-capita-mapa,BFA,2009,1287.3678
mpd2020-pib-per-capita-mapa,BFA,2010,1326.1975
mpd2020-pib-per-capita-mapa,BFA,2011,1344
mpd2020-pib-per-capita-mapa,BFA,2012,1388
mpd2020-pib-per-capita-mapa,BFA,2013,1422
mpd2020-pib-per-capita-mapa,BFA,2014,1437
mpd2020-pib-per-capita-mapa,BFA,2015,1450
mpd2020-pib-per-capita-mapa,BFA,2016,1483
mpd2020-pib-per-capita-mapa,BFA,2017,1530.2047
mpd2020-pib-per-capita-mapa,BFA,2018,1589.6242
mpd2020-pib-per-capita-mapa,BGD,1950,861
mpd2020-pib-per-capita-mapa,BGD,1951,862
mpd2020-pib-per-capita-mapa,BGD,1952,874
mpd2020-pib-per-capita-mapa,BGD,1953,872
mpd2020-pib-per-capita-mapa,BGD,1954,872
mpd2020-pib-per-capita-mapa,BGD,1955,810
mpd2020-pib-per-capita-mapa,BGD,1956,878
mpd2020-pib-per-capita-mapa,BGD,1957,845
mpd2020-pib-per-capita-mapa,BGD,1958,813
mpd2020-pib-per-capita-mapa,BGD,1959,838
mpd2020-pib-per-capita-mapa,BGD,1960,869
mpd2020-pib-per-capita-mapa,BGD,1961,899
mpd2020-pib-per-capita-mapa,BGD,1962,877
mpd2020-pib-per-capita-mapa,BGD,1963,947
mpd2020-pib-per-capita-mapa,BGD,1964,939
mpd2020-pib-per-capita-mapa,BGD,1965,969
mpd2020-pib-per-capita-mapa,BGD,1966,963
mpd2020-pib-per-capita-mapa,BGD,1967,921
mpd2020-pib-per-capita-mapa,BGD,1968,987
mpd2020-pib-per-capita-mapa,BGD,1969,980
mpd2020-pib-per-capita-mapa,BGD,1970,1004
mpd2020-pib-per-capita-mapa,BGD,1971,934
mpd2020-pib-per-capita-mapa,BGD,1972,807
mpd2020-pib-per-capita-mapa,BGD,1973,792
mpd2020-pib-per-capita-mapa,BGD,1974,872
mpd2020-pib-per-capita-mapa,BGD,1975,843
mpd2020-pib-per-capita-mapa,BGD,1976,862
mpd2020-pib-per-capita-mapa,BGD,1977,843
mpd2020-pib-per-capita-mapa,BGD,1978,878
mpd2020-pib-per-capita-mapa,BGD,1979,894
mpd2020-pib-per-capita-mapa,BGD,1980,875
mpd2020-pib-per-capita-mapa,BGD,1981,878
mpd2020-pib-per-capita-mapa,BGD,1982,869
mpd2020-pib-per-capita-mapa,BGD,1983,891
mpd2020-pib-per-capita-mapa,BGD,1984,918
mpd2020-pib-per-capita-mapa,BGD,1985,925
mpd2020-pib-per-capita-mapa,BGD,1986,944
mpd2020-pib-per-capita-mapa,BGD,1987,960
mpd2020-pib-per-capita-mapa,BGD,1988,964
mpd2020-pib-per-capita-mapa,BGD,1989,966
mpd2020-pib-per-capita-mapa,BGD,1990,1006
mpd2020-pib-per-capita-mapa,BGD,1991,1031.4299
mpd2020-pib-per-capita-mapa,BGD,1992,1062.4604
mpd2020-pib-per-capita-mapa,BGD,1993,1095.6564
mpd2020-pib-per-capita-mapa,BGD,1994,1136.4185
mpd2020-pib-per-capita-mapa,BGD,1995,1182.9514
mpd2020-pib-per-capita-mapa,BGD,1996,1234.0841
mpd2020-pib-per-capita-mapa,BGD,1997,1291.5126
mpd2020-pib-per-capita-mapa,BGD,1998,1348.1499
mpd2020-pib-per-capita-mapa,BGD,1999,1412.9813
mpd2020-pib-per-capita-mapa,BGD,2000,1485.3092
mpd2020-pib-per-capita-mapa,BGD,2001,1551.1965
mpd2020-pib-per-capita-mapa,BGD,2002,1621.267
mpd2020-pib-per-capita-mapa,BGD,2003,1710.7314
mpd2020-pib-per-capita-mapa,BGD,2004,1812.6247
mpd2020-pib-per-capita-mapa,BGD,2005,1925.6062
mpd2020-pib-per-capita-mapa,BGD,2006,2057.6984
mpd2020-pib-per-capita-mapa,BGD,2007,2194.4223
mpd2020-pib-per-capita-mapa,BGD,2008,2321.0505
mpd2020-pib-per-capita-mapa,BGD,2009,2448.8869
mpd2020-pib-per-capita-mapa,BGD,2010,2599.2084
mpd2020-pib-per-capita-mapa,BGD,2011,2772
mpd2020-pib-per-capita-mapa,BGD,2012,2914
mpd2020-pib-per-capita-mapa,BGD,2013,3057
mpd2020-pib-per-capita-mapa,BGD,2014,3217
mpd2020-pib-per-capita-mapa,BGD,2015,3402
mpd2020-pib-per-capita-mapa,BGD,2016,3604
mpd2020-pib-per-capita-mapa,BGD,2017,3837.0503
mpd2020-pib-per-capita-mapa,BGD,2018,4099.253
mpd2020-pib-per-capita-mapa,BGR,1870,1339
mpd2020-pib-per-capita-mapa,BGR,1892,1804
mpd2020-pib-per-capita-mapa,BGR,1899,1572
mpd2020-pib-per-capita-mapa,BGR,1905,1722
mpd2020-pib-per-capita-mapa,BGR,1910,1812
mpd2020-pib-per-capita-mapa,BGR,1911,1812
mpd2020-pib-per-capita-mapa,BGR,1920,1594
mpd2020-pib-per-capita-mapa,BGR,1921,1594
mpd2020-pib-per-capita-mapa,BGR,1924,1635
mpd2020-pib-per-capita-mapa,BGR,1925,1949
mpd2020-pib-per-capita-mapa,BGR,1926,1978
mpd2020-pib-per-capita-mapa,BGR,1927,1884
mpd2020-pib-per-capita-mapa,BGR,1928,1934
mpd2020-pib-per-capita-mapa,BGR,1929,1956
mpd2020-pib-per-capita-mapa,BGR,1930,2031
mpd2020-pib-per-capita-mapa,BGR,1931,2048
mpd2020-pib-per-capita-mapa,BGR,1932,1943
mpd2020-pib-per-capita-mapa,BGR,1933,2077
mpd2020-pib-per-capita-mapa,BGR,1934,1876
mpd2020-pib-per-capita-mapa,BGR,1935,1992
mpd2020-pib-per-capita-mapa,BGR,1936,2209
mpd2020-pib-per-capita-mapa,BGR,1937,2410
mpd2020-pib-per-capita-mapa,BGR,1938,2389
mpd2020-pib-per-capita-mapa,BGR,1939,2672
mpd2020-pib-per-capita-mapa,BGR,1940,2683
mpd2020-pib-per-capita-mapa,BGR,1941,2386
mpd2020-pib-per-capita-mapa,BGR,1942,2299
mpd2020-pib-per-capita-mapa,BGR,1943,2346
mpd2020-pib-per-capita-mapa,BGR,1944,2087
mpd2020-pib-per-capita-mapa,BGR,1945,1710
mpd2020-pib-per-capita-mapa,BGR,1948,2200
mpd2020-pib-per-capita-mapa,BGR,1949,2400
mpd2020-pib-per-capita-mapa,BGR,1950,2632
mpd2020-pib-per-capita-mapa,BGR,1951,3170
mpd2020-pib-per-capita-mapa,BGR,1952,3017
mpd2020-pib-per-capita-mapa,BGR,1953,3323
mpd2020-pib-per-capita-mapa,BGR,1954,3228
mpd2020-pib-per-capita-mapa,BGR,1955,3424
mpd2020-pib-per-capita-mapa,BGR,1956,3392
mpd2020-pib-per-capita-mapa,BGR,1957,3714
mpd2020-pib-per-capita-mapa,BGR,1958,3998
mpd2020-pib-per-capita-mapa,BGR,1959,4278
mpd2020-pib-per-capita-mapa,BGR,1960,4642
mpd2020-pib-per-capita-mapa,BGR,1961,4897
mpd2020-pib-per-capita-mapa,BGR,1962,5252
mpd2020-pib-per-capita-mapa,BGR,1963,5448
mpd2020-pib-per-capita-mapa,BGR,1964,5829
mpd2020-pib-per-capita-mapa,BGR,1965,6137
mpd2020-pib-per-capita-mapa,BGR,1966,6575
mpd2020-pib-per-capita-mapa,BGR,1967,6886
mpd2020-pib-per-capita-mapa,BGR,1968,6963
mpd2020-pib-per-capita-mapa,BGR,1969,7246
mpd2020-pib-per-capita-mapa,BGR,1970,7608
mpd2020-pib-per-capita-mapa,BGR,1971,7814
mpd2020-pib-per-capita-mapa,BGR,1972,8145
mpd2020-pib-per-capita-mapa,BGR,1973,8423
mpd2020-pib-per-capita-mapa,BGR,1974,8630
mpd2020-pib-per-capita-mapa,BGR,1975,9295
mpd2020-pib-per-capita-mapa,BGR,1976,9535
mpd2020-pib-per-capita-mapa,BGR,1977,9398
mpd2020-pib-per-capita-mapa,BGR,1978,9594
mpd2020-pib-per-capita-mapa,BGR,1979,9954
mpd2020-pib-per-capita-mapa,BGR,1980,9634
mpd2020-pib-per-capita-mapa,BGR,1981,9860
mpd2020-pib-per-capita-mapa,BGR,1982,10154
mpd2020-pib-per-capita-mapa,BGR,1983,9942
mpd2020-pib-per-capita-mapa,BGR,1984,10249
mpd2020-pib-per-capita-mapa,BGR,1985,9924
mpd2020-pib-per-capita-mapa,BGR,1986,10170
mpd2020-pib-per-capita-mapa,BGR,1987,10173
mpd2020-pib-per-capita-mapa,BGR,1988,10098
mpd2020-pib-per-capita-mapa,BGR,1989,9908
mpd2020-pib-per-capita-mapa,BGR,1990,8922
mpd2020-pib-per-capita-mapa,BGR,1991,8319.6729
mpd2020-pib-per-capita-mapa,BGR,1992,7846.116
mpd2020-pib-per-capita-mapa,BGR,1993,7959.1637
mpd2020-pib-per-capita-mapa,BGR,1994,8212.2965
mpd2020-pib-per-capita-mapa,BGR,1995,8566.6027
mpd2020-pib-per-capita-mapa,BGR,1996,7901.1236
mpd2020-pib-per-capita-mapa,BGR,1997,7927.4291
mpd2020-pib-per-capita-mapa,BGR,1998,8322.082
mpd2020-pib-per-capita-mapa,BGR,1999,7921.7653
mpd2020-pib-per-capita-mapa,BGR,2000,8410.795
mpd2020-pib-per-capita-mapa,BGR,2001,8832.2906
mpd2020-pib-per-capita-mapa,BGR,2002,9471.7657
mpd2020-pib-per-capita-mapa,BGR,2003,10080.783
mpd2020-pib-per-capita-mapa,BGR,2004,10853.7852
mpd2020-pib-per-capita-mapa,BGR,2005,11758.0841
mpd2020-pib-per-capita-mapa,BGR,2006,12706.1816
mpd2020-pib-per-capita-mapa,BGR,2007,13785.2276
mpd2020-pib-per-capita-mapa,BGR,2008,14761.7147
mpd2020-pib-per-capita-mapa,BGR,2009,14363.2584
mpd2020-pib-per-capita-mapa,BGR,2010,14686.4611
mpd2020-pib-per-capita-mapa,BGR,2011,15112
mpd2020-pib-per-capita-mapa,BGR,2012,15204
mpd2020-pib-per-capita-mapa,BGR,2013,15420
mpd2020-pib-per-capita-mapa,BGR,2014,15711
mpd2020-pib-per-capita-mapa,BGR,2015,16373
mpd2020-pib-per-capita-mapa,BGR,2016,17037
mpd2020-pib-per-capita-mapa,BGR,2017,17763.6924
mpd2020-pib-per-capita-mapa,BGR,2018,18444.2602
mpd2020-pib-per-capita-mapa,BHR,1950,3354
mpd2020-pib-per-capita-mapa,BHR,1951,3483
mpd2020-pib-per-capita-mapa,BHR,1952,3614
mpd2020-pib-per-capita-mapa,BHR,1953,3747
mpd2020-pib-per-capita-mapa,BHR,1954,3883
mpd2020-pib-per-capita-mapa,BHR,1955,4014
mpd2020-pib-per-capita-mapa,BHR,1956,4141
mpd2020-pib-per-capita-mapa,BHR,1957,4262
mpd2020-pib-per-capita-mapa,BHR,1958,4366
mpd2020-pib-per-capita-mapa,BHR,1959,4457
mpd2020-pib-per-capita-mapa,BHR,1960,4532
mpd2020-pib-per-capita-mapa,BHR,1961,4594
mpd2020-pib-per-capita-mapa,BHR,1962,4672
mpd2020-pib-per-capita-mapa,BHR,1963,4772
mpd2020-pib-per-capita-mapa,BHR,1964,4898
mpd2020-pib-per-capita-mapa,BHR,1965,5058
mpd2020-pib-per-capita-mapa,BHR,1966,5233
mpd2020-pib-per-capita-mapa,BHR,1967,5423
mpd2020-pib-per-capita-mapa,BHR,1968,5611
mpd2020-pib-per-capita-mapa,BHR,1969,5812
mpd2020-pib-per-capita-mapa,BHR,1970,6038
mpd2020-pib-per-capita-mapa,BHR,1971,6349
mpd2020-pib-per-capita-mapa,BHR,1972,6692
mpd2020-pib-per-capita-mapa,BHR,1973,6975
mpd2020-pib-per-capita-mapa,BHR,1974,7291
mpd2020-pib-per-capita-mapa,BHR,1975,6252
mpd2020-pib-per-capita-mapa,BHR,1976,6875
mpd2020-pib-per-capita-mapa,BHR,1977,7084
mpd2020-pib-per-capita-mapa,BHR,1978,7037
mpd2020-pib-per-capita-mapa,BHR,1979,6730
mpd2020-pib-per-capita-mapa,BHR,1980,6994
mpd2020-pib-per-capita-mapa,BHR,1981,6875
mpd2020-pib-per-capita-mapa,BHR,1982,7036
mpd2020-pib-per-capita-mapa,BHR,1983,7240
mpd2020-pib-per-capita-mapa,BHR,1984,7264
mpd2020-pib-per-capita-mapa,BHR,1985,6972
mpd2020-pib-per-capita-mapa,BHR,1986,6880
mpd2020-pib-per-capita-mapa,BHR,1987,6786
mpd2020-pib-per-capita-mapa,BHR,1988,6802
mpd2020-pib-per-capita-mapa,BHR,1989,6751
mpd2020-pib-per-capita-mapa,BHR,1990,6542
mpd2020-pib-per-capita-mapa,BHR,1991,7059.9569
mpd2020-pib-per-capita-mapa,BHR,1992,7993.8928
mpd2020-pib-per-capita-mapa,BHR,1993,9102.0661
mpd2020-pib-per-capita-mapa,BHR,1994,9935.0039
mpd2020-pib-per-capita-mapa,BHR,1995,10695.3924
mpd2020-pib-per-capita-mapa,BHR,1996,11640.8214
mpd2020-pib-per-capita-mapa,BHR,1997,12528.3895
mpd2020-pib-per-capita-mapa,BHR,1998,13776.0083
mpd2020-pib-per-capita-mapa,BHR,1999,15263.7575
mpd2020-pib-per-capita-mapa,BHR,2000,17021.7224
mpd2020-pib-per-capita-mapa,BHR,2001,18152.9627
mpd2020-pib-per-capita-mapa,BHR,2002,19487.8412
mpd2020-pib-per-capita-mapa,BHR,2003,21391.6119
mpd2020-pib-per-capita-mapa,BHR,2004,23389.6024
mpd2020-pib-per-capita-mapa,BHR,2005,25230.9001
mpd2020-pib-per-capita-mapa,BHR,2006,26840.1243
mpd2020-pib-per-capita-mapa,BHR,2007,28884.6974
mpd2020-pib-per-capita-mapa,BHR,2008,30612.4978
mpd2020-pib-per-capita-mapa,BHR,2009,31729.5663
mpd2020-pib-per-capita-mapa,BHR,2010,34057.7132
mpd2020-pib-per-capita-mapa,BHR,2011,36372
mpd2020-pib-per-capita-mapa,BHR,2012,36949
mpd2020-pib-per-capita-mapa,BHR,2013,38493
mpd2020-pib-per-capita-mapa,BHR,2014,39799
mpd2020-pib-per-capita-mapa,BHR,2015,40483
mpd2020-pib-per-capita-mapa,BHR,2016,41078
mpd2020-pib-per-capita-mapa,BHR,2017,40695.7165
mpd2020-pib-per-capita-mapa,BHR,2018,39498.7672
mpd2020-pib-per-capita-mapa,BIH,1952,1894
mpd2020-pib-per-capita-mapa,BIH,1953,1878
mpd2020-pib-per-capita-mapa,BIH,1954,1847
mpd2020-pib-per-capita-mapa,BIH,1955,2265
mpd2020-pib-per-capita-mapa,BIH,1956,1932
mpd2020-pib-per-capita-mapa,BIH,1957,2214
mpd2020-pib-per-capita-mapa,BIH,1958,2284
mpd2020-pib-per-capita-mapa,BIH,1959,2667
mpd2020-pib-per-capita-mapa,BIH,1960,2871
mpd2020-pib-per-capita-mapa,BIH,1961,2925
mpd2020-pib-per-capita-mapa,BIH,1962,2868
mpd2020-pib-per-capita-mapa,BIH,1963,3174
mpd2020-pib-per-capita-mapa,BIH,1964,3469
mpd2020-pib-per-capita-mapa,BIH,1965,3569
mpd2020-pib-per-capita-mapa,BIH,1966,3810
mpd2020-pib-per-capita-mapa,BIH,1967,3724
mpd2020-pib-per-capita-mapa,BIH,1968,3849
mpd2020-pib-per-capita-mapa,BIH,1969,4132
mpd2020-pib-per-capita-mapa,BIH,1970,4251
mpd2020-pib-per-capita-mapa,BIH,1971,4490
mpd2020-pib-per-capita-mapa,BIH,1972,4661
mpd2020-pib-per-capita-mapa,BIH,1973,4801
mpd2020-pib-per-capita-mapa,BIH,1974,5112
mpd2020-pib-per-capita-mapa,BIH,1975,5247
mpd2020-pib-per-capita-mapa,BIH,1976,5268
mpd2020-pib-per-capita-mapa,BIH,1977,5647
mpd2020-pib-per-capita-mapa,BIH,1978,5977
mpd2020-pib-per-capita-mapa,BIH,1979,6376
mpd2020-pib-per-capita-mapa,BIH,1980,6588
mpd2020-pib-per-capita-mapa,BIH,1981,6762
mpd2020-pib-per-capita-mapa,BIH,1982,6841
mpd2020-pib-per-capita-mapa,BIH,1983,6773
mpd2020-pib-per-capita-mapa,BIH,1984,6843
mpd2020-pib-per-capita-mapa,BIH,1985,6875
mpd2020-pib-per-capita-mapa,BIH,1986,7066
mpd2020-pib-per-capita-mapa,BIH,1987,6886
mpd2020-pib-per-capita-mapa,BIH,1988,6668
mpd2020-pib-per-capita-mapa,BIH,1989,6711
mpd2020-pib-per-capita-mapa,BIH,1990,5893
mpd2020-pib-per-capita-mapa,BIH,1991,5128.9394
mpd2020-pib-per-capita-mapa,BIH,1992,3830.2191
mpd2020-pib-per-capita-mapa,BIH,1993,2831.0393
mpd2020-pib-per-capita-mapa,BIH,1994,3017.0011
mpd2020-pib-per-capita-mapa,BIH,1995,3237.3074
mpd2020-pib-per-capita-mapa,BIH,1996,4915.3251
mpd2020-pib-per-capita-mapa,BIH,1997,5913.0812
mpd2020-pib-per-capita-mapa,BIH,1998,6589.6372
mpd2020-pib-per-capita-mapa,BIH,1999,7025.9732
mpd2020-pib-per-capita-mapa,BIH,2000,7082.0353
mpd2020-pib-per-capita-mapa,BIH,2001,7129.3868
mpd2020-pib-per-capita-mapa,BIH,2002,7391.5922
mpd2020-pib-per-capita-mapa,BIH,2003,7551.4081
mpd2020-pib-per-capita-mapa,BIH,2004,7857.3783
mpd2020-pib-per-capita-mapa,BIH,2005,8057.6828
mpd2020-pib-per-capita-mapa,BIH,2006,8410.801
mpd2020-pib-per-capita-mapa,BIH,2007,8811.8612
mpd2020-pib-per-capita-mapa,BIH,2008,9199.2617
mpd2020-pib-per-capita-mapa,BIH,2009,9018.5062
mpd2020-pib-per-capita-mapa,BIH,2010,8982.4579
mpd2020-pib-per-capita-mapa,BIH,2011,8961
mpd2020-pib-per-capita-mapa,BIH,2012,8873
mpd2020-pib-per-capita-mapa,BIH,2013,9093
mpd2020-pib-per-capita-mapa,BIH,2014,9201
mpd2020-pib-per-capita-mapa,BIH,2015,9495
mpd2020-pib-per-capita-mapa,BIH,2016,9746
mpd2020-pib-per-capita-mapa,BIH,2017,10069.2356
mpd2020-pib-per-capita-mapa,BIH,2018,10460.5201
mpd2020-pib-per-capita-mapa,BLR,1973,8341
mpd2020-pib-per-capita-mapa,BLR,1980,9487
mpd2020-pib-per-capita-mapa,BLR,1981,9844
mpd2020-pib-per-capita-mapa,BLR,1982,10217
mpd2020-pib-per-capita-mapa,BLR,1983,10667
mpd2020-pib-per-capita-mapa,BLR,1984,10957
mpd2020-pib-per-capita-mapa,BLR,1985,11000
mpd2020-pib-per-capita-mapa,BLR,1986,11230
mpd2020-pib-per-capita-mapa,BLR,1987,11297
mpd2020-pib-per-capita-mapa,BLR,1988,11198
mpd2020-pib-per-capita-mapa,BLR,1989,11893
mpd2020-pib-per-capita-mapa,BLR,1990,11467
mpd2020-pib-per-capita-mapa,BLR,1991,11170.7611
mpd2020-pib-per-capita-mapa,BLR,1992,9960.8431
mpd2020-pib-per-capita-mapa,BLR,1993,9077.44
mpd2020-pib-per-capita-mapa,BLR,1994,7932.001
mpd2020-pib-per-capita-mapa,BLR,1995,6993.6221
mpd2020-pib-per-capita-mapa,BLR,1996,7128.3547
mpd2020-pib-per-capita-mapa,BLR,1997,7885.0196
mpd2020-pib-per-capita-mapa,BLR,1998,8481.9671
mpd2020-pib-per-capita-mapa,BLR,1999,8689.7133
mpd2020-pib-per-capita-mapa,BLR,2000,9110.9795
mpd2020-pib-per-capita-mapa,BLR,2001,9462.3739
mpd2020-pib-per-capita-mapa,BLR,2002,9870.3085
mpd2020-pib-per-capita-mapa,BLR,2003,10492.987
mpd2020-pib-per-capita-mapa,BLR,2004,11615.6856
mpd2020-pib-per-capita-mapa,BLR,2005,12629.558
mpd2020-pib-per-capita-mapa,BLR,2006,13792.5536
mpd2020-pib-per-capita-mapa,BLR,2007,14856.9558
mpd2020-pib-per-capita-mapa,BLR,2008,16223.9968
mpd2020-pib-per-capita-mapa,BLR,2009,16088.725
mpd2020-pib-per-capita-mapa,BLR,2010,17172.4603
mpd2020-pib-per-capita-mapa,BLR,2011,17918
mpd2020-pib-per-capita-mapa,BLR,2012,18251
mpd2020-pib-per-capita-mapa,BLR,2013,18464
mpd2020-pib-per-capita-mapa,BLR,2014,18822
mpd2020-pib-per-capita-mapa,BLR,2015,18136
mpd2020-pib-per-capita-mapa,BLR,2016,17628
mpd2020-pib-per-capita-mapa,BLR,2017,18113.3845
mpd2020-pib-per-capita-mapa,BLR,2018,18727.3176
mpd2020-pib-per-capita-mapa,BOL,1846,1184
mpd2020-pib-per-capita-mapa,BOL,1890,1361
mpd2020-pib-per-capita-mapa,BOL,1891,1371
mpd2020-pib-per-capita-mapa,BOL,1892,1390
mpd2020-pib-per-capita-mapa,BOL,1893,1390
mpd2020-pib-per-capita-mapa,BOL,1894,1446
mpd2020-pib-per-capita-mapa,BOL,1895,1446
mpd2020-pib-per-capita-mapa,BOL,1896,1352
mpd2020-pib-per-capita-mapa,BOL,1897,1384
mpd2020-pib-per-capita-mapa,BOL,1898,1414
mpd2020-pib-per-capita-mapa,BOL,1899,1420
mpd2020-pib-per-capita-mapa,BOL,1900,1462
mpd2020-pib-per-capita-mapa,BOL,1901,1513
mpd2020-pib-per-capita-mapa,BOL,1902,1462
mpd2020-pib-per-capita-mapa,BOL,1903,1458
mpd2020-pib-per-capita-mapa,BOL,1904,1460
mpd2020-pib-per-capita-mapa,BOL,1905,1510
mpd2020-pib-per-capita-mapa,BOL,1906,1562
mpd2020-pib-per-capita-mapa,BOL,1907,1568
mpd2020-pib-per-capita-mapa,BOL,1908,1616
mpd2020-pib-per-capita-mapa,BOL,1909,1651
mpd2020-pib-per-capita-mapa,BOL,1910,1714
mpd2020-pib-per-capita-mapa,BOL,1911,1744
mpd2020-pib-per-capita-mapa,BOL,1912,1787
mpd2020-pib-per-capita-mapa,BOL,1913,1862
mpd2020-pib-per-capita-mapa,BOL,1914,1769
mpd2020-pib-per-capita-mapa,BOL,1915,1798
mpd2020-pib-per-capita-mapa,BOL,1916,1839
mpd2020-pib-per-capita-mapa,BOL,1917,1957
mpd2020-pib-per-capita-mapa,BOL,1918,1965
mpd2020-pib-per-capita-mapa,BOL,1919,1956
mpd2020-pib-per-capita-mapa,BOL,1920,1932
mpd2020-pib-per-capita-mapa,BOL,1921,1849
mpd2020-pib-per-capita-mapa,BOL,1922,2002
mpd2020-pib-per-capita-mapa,BOL,1923,2008
mpd2020-pib-per-capita-mapa,BOL,1924,2077
mpd2020-pib-per-capita-mapa,BOL,1925,2144
mpd2020-pib-per-capita-mapa,BOL,1926,2157
mpd2020-pib-per-capita-mapa,BOL,1927,2289
mpd2020-pib-per-capita-mapa,BOL,1928,2356
mpd2020-pib-per-capita-mapa,BOL,1929,2426
mpd2020-pib-per-capita-mapa,BOL,1930,2281
mpd2020-pib-per-capita-mapa,BOL,1931,2040
mpd2020-pib-per-capita-mapa,BOL,1932,1879
mpd2020-pib-per-capita-mapa,BOL,1933,1954
mpd2020-pib-per-capita-mapa,BOL,1934,2099
mpd2020-pib-per-capita-mapa,BOL,1935,2173
mpd2020-pib-per-capita-mapa,BOL,1936,2230
mpd2020-pib-per-capita-mapa,BOL,1937,2381
mpd2020-pib-per-capita-mapa,BOL,1938,2431
mpd2020-pib-per-capita-mapa,BOL,1939,2488
mpd2020-pib-per-capita-mapa,BOL,1940,2667
mpd2020-pib-per-capita-mapa,BOL,1941,2823
mpd2020-pib-per-capita-mapa,BOL,1942,2860
mpd2020-pib-per-capita-mapa,BOL,1943,2922
mpd2020-pib-per-capita-mapa,BOL,1944,2888
mpd2020-pib-per-capita-mapa,BOL,1945,2966
mpd2020-pib-per-capita-mapa,BOL,1946,2891
mpd2020-pib-per-capita-mapa,BOL,1947,2797
mpd2020-pib-per-capita-mapa,BOL,1948,2987
mpd2020-pib-per-capita-mapa,BOL,1949,3083
mpd2020-pib-per-capita-mapa,BOL,1950,3011
mpd2020-pib-per-capita-mapa,BOL,1951,3209
mpd2020-pib-per-capita-mapa,BOL,1952,3237
mpd2020-pib-per-capita-mapa,BOL,1953,2869
mpd2020-pib-per-capita-mapa,BOL,1954,2868
mpd2020-pib-per-capita-mapa,BOL,1955,2954
mpd2020-pib-per-capita-mapa,BOL,1956,2719
mpd2020-pib-per-capita-mapa,BOL,1957,2573
mpd2020-pib-per-capita-mapa,BOL,1958,2576
mpd2020-pib-per-capita-mapa,BOL,1959,2511
mpd2020-pib-per-capita-mapa,BOL,1960,2560
mpd2020-pib-per-capita-mapa,BOL,1961,2555
mpd2020-pib-per-capita-mapa,BOL,1962,2636
mpd2020-pib-per-capita-mapa,BOL,1963,2742
mpd2020-pib-per-capita-mapa,BOL,1964,2809
mpd2020-pib-per-capita-mapa,BOL,1965,2879
mpd2020-pib-per-capita-mapa,BOL,1966,3014
mpd2020-pib-per-capita-mapa,BOL,1967,3127
mpd2020-pib-per-capita-mapa,BOL,1968,3314
mpd2020-pib-per-capita-mapa,BOL,1969,3379
mpd2020-pib-per-capita-mapa,BOL,1970,3469
mpd2020-pib-per-capita-mapa,BOL,1971,3513
mpd2020-pib-per-capita-mapa,BOL,1972,3602
mpd2020-pib-per-capita-mapa,BOL,1973,3757
mpd2020-pib-per-capita-mapa,BOL,1974,3854
mpd2020-pib-per-capita-mapa,BOL,1975,4010
mpd2020-pib-per-capita-mapa,BOL,1976,4219
mpd2020-pib-per-capita-mapa,BOL,1977,4289
mpd2020-pib-per-capita-mapa,BOL,1978,4328
mpd2020-pib-per-capita-mapa,BOL,1979,4227
mpd2020-pib-per-capita-mapa,BOL,1980,4100
mpd2020-pib-per-capita-mapa,BOL,1981,4060
mpd2020-pib-per-capita-mapa,BOL,1982,3816
mpd2020-pib-per-capita-mapa,BOL,1983,3585
mpd2020-pib-per-capita-mapa,BOL,1984,3561
mpd2020-pib-per-capita-mapa,BOL,1985,3476
mpd2020-pib-per-capita-mapa,BOL,1986,3306
mpd2020-pib-per-capita-mapa,BOL,1987,3330
mpd2020-pib-per-capita-mapa,BOL,1988,3386
mpd2020-pib-per-capita-mapa,BOL,1989,3408
mpd2020-pib-per-capita-mapa,BOL,1990,3502
mpd2020-pib-per-capita-mapa,BOL,1991,3610.0518
mpd2020-pib-per-capita-mapa,BOL,1992,3592.1367
mpd2020-pib-per-capita-mapa,BOL,1993,3670.2744
mpd2020-pib-per-capita-mapa,BOL,1994,3765.1695
mpd2020-pib-per-capita-mapa,BOL,1995,3865.4379
mpd2020-pib-per-capita-mapa,BOL,1996,3959.4452
mpd2020-pib-per-capita-mapa,BOL,1997,4079.5379
mpd2020-pib-per-capita-mapa,BOL,1998,4205.6941
mpd2020-pib-per-capita-mapa,BOL,1999,4146.4705
mpd2020-pib-per-capita-mapa,BOL,2000,4173.5495
mpd2020-pib-per-capita-mapa,BOL,2001,4166.4917
mpd2020-pib-per-capita-mapa,BOL,2002,4193.7549
mpd2020-pib-per-capita-mapa,BOL,2003,4230.3725
mpd2020-pib-per-capita-mapa,BOL,2004,4330.5558
mpd2020-pib-per-capita-mapa,BOL,2005,4445.3477
mpd2020-pib-per-capita-mapa,BOL,2006,4581.9022
mpd2020-pib-per-capita-mapa,BOL,2007,4713.4484
mpd2020-pib-per-capita-mapa,BOL,2008,4924.0323
mpd2020-pib-per-capita-mapa,BOL,2009,5011.3383
mpd2020-pib-per-capita-mapa,BOL,2010,5141.7589
mpd2020-pib-per-capita-mapa,BOL,2011,5331
mpd2020-pib-per-capita-mapa,BOL,2012,5511
mpd2020-pib-per-capita-mapa,BOL,2013,5789
mpd2020-pib-per-capita-mapa,BOL,2014,6007
mpd2020-pib-per-capita-mapa,BOL,2015,6200
mpd2020-pib-per-capita-mapa,BOL,2016,6355
mpd2020-pib-per-capita-mapa,BOL,2017,6521.3698
mpd2020-pib-per-capita-mapa,BOL,2018,6695.7746
mpd2020-pib-per-capita-mapa,BRA,1820,867
mpd2020-pib-per-capita-mapa,BRA,1850,867
mpd2020-pib-per-capita-mapa,BRA,1851,926
mpd2020-pib-per-capita-mapa,BRA,1852,901
mpd2020-pib-per-capita-mapa,BRA,1853,846
mpd2020-pib-per-capita-mapa,BRA,1854,818
mpd2020-pib-per-capita-mapa,BRA,1855,824
mpd2020-pib-per-capita-mapa,BRA,1856,854
mpd2020-pib-per-capita-mapa,BRA,1857,915
mpd2020-pib-per-capita-mapa,BRA,1858,974
mpd2020-pib-per-capita-mapa,BRA,1859,966
mpd2020-pib-per-capita-mapa,BRA,1860,991
mpd2020-pib-per-capita-mapa,BRA,1861,982
mpd2020-pib-per-capita-mapa,BRA,1862,936
mpd2020-pib-per-capita-mapa,BRA,1863,956
mpd2020-pib-per-capita-mapa,BRA,1864,971
mpd2020-pib-per-capita-mapa,BRA,1865,1042
mpd2020-pib-per-capita-mapa,BRA,1866,1081
mpd2020-pib-per-capita-mapa,BRA,1867,1170
mpd2020-pib-per-capita-mapa,BRA,1868,1170
mpd2020-pib-per-capita-mapa,BRA,1869,1170
mpd2020-pib-per-capita-mapa,BRA,1870,1084
mpd2020-pib-per-capita-mapa,BRA,1871,1084
mpd2020-pib-per-capita-mapa,BRA,1872,1122
mpd2020-pib-per-capita-mapa,BRA,1873,1089
mpd2020-pib-per-capita-mapa,BRA,1874,1106
mpd2020-pib-per-capita-mapa,BRA,1875,1122
mpd2020-pib-per-capita-mapa,BRA,1876,1081
mpd2020-pib-per-capita-mapa,BRA,1877,1050
mpd2020-pib-per-capita-mapa,BRA,1878,1101
mpd2020-pib-per-capita-mapa,BRA,1879,1109
mpd2020-pib-per-capita-mapa,BRA,1880,1058
mpd2020-pib-per-capita-mapa,BRA,1881,1068
mpd2020-pib-per-capita-mapa,BRA,1882,1093
mpd2020-pib-per-capita-mapa,BRA,1883,1063
mpd2020-pib-per-capita-mapa,BRA,1884,1135
mpd2020-pib-per-capita-mapa,BRA,1885,1055
mpd2020-pib-per-capita-mapa,BRA,1886,1089
mpd2020-pib-per-capita-mapa,BRA,1887,1017
mpd2020-pib-per-capita-mapa,BRA,1888,977
mpd2020-pib-per-capita-mapa,BRA,1889,991
mpd2020-pib-per-capita-mapa,BRA,1890,1084
mpd2020-pib-per-capita-mapa,BRA,1891,1152
mpd2020-pib-per-capita-mapa,BRA,1892,999
mpd2020-pib-per-capita-mapa,BRA,1893,850
mpd2020-pib-per-capita-mapa,BRA,1894,850
mpd2020-pib-per-capita-mapa,BRA,1895,1007
mpd2020-pib-per-capita-mapa,BRA,1896,915
mpd2020-pib-per-capita-mapa,BRA,1897,901
mpd2020-pib-per-capita-mapa,BRA,1898,923
mpd2020-pib-per-capita-mapa,BRA,1899,905
mpd2020-pib-per-capita-mapa,BRA,1900,874
mpd2020-pib-per-capita-mapa,BRA,1901,940
mpd2020-pib-per-capita-mapa,BRA,1902,921
mpd2020-pib-per-capita-mapa,BRA,1903,920
mpd2020-pib-per-capita-mapa,BRA,1904,918
mpd2020-pib-per-capita-mapa,BRA,1905,925
mpd2020-pib-per-capita-mapa,BRA,1906,993
mpd2020-pib-per-capita-mapa,BRA,1907,972
mpd2020-pib-per-capita-mapa,BRA,1908,945
mpd2020-pib-per-capita-mapa,BRA,1909,999
mpd2020-pib-per-capita-mapa,BRA,1910,990
mpd2020-pib-per-capita-mapa,BRA,1911,1076
mpd2020-pib-per-capita-mapa,BRA,1912,1042
mpd2020-pib-per-capita-mapa,BRA,1913,1046
mpd2020-pib-per-capita-mapa,BRA,1914,1004
mpd2020-pib-per-capita-mapa,BRA,1915,1028
mpd2020-pib-per-capita-mapa,BRA,1916,1036
mpd2020-pib-per-capita-mapa,BRA,1917,1086
mpd2020-pib-per-capita-mapa,BRA,1918,1041
mpd2020-pib-per-capita-mapa,BRA,1919,1154
mpd2020-pib-per-capita-mapa,BRA,1920,1242
mpd2020-pib-per-capita-mapa,BRA,1921,1242
mpd2020-pib-per-capita-mapa,BRA,1922,1301
mpd2020-pib-per-capita-mapa,BRA,1923,1347
mpd2020-pib-per-capita-mapa,BRA,1924,1320
mpd2020-pib-per-capita-mapa,BRA,1925,1298
mpd2020-pib-per-capita-mapa,BRA,1926,1299
mpd2020-pib-per-capita-mapa,BRA,1927,1366
mpd2020-pib-per-capita-mapa,BRA,1928,1492
mpd2020-pib-per-capita-mapa,BRA,1929,1465
mpd2020-pib-per-capita-mapa,BRA,1930,1350
mpd2020-pib-per-capita-mapa,BRA,1931,1294
mpd2020-pib-per-capita-mapa,BRA,1932,1312
mpd2020-pib-per-capita-mapa,BRA,1933,1387
mpd2020-pib-per-capita-mapa,BRA,1934,1471
mpd2020-pib-per-capita-mapa,BRA,1935,1482
mpd2020-pib-per-capita-mapa,BRA,1936,1591
mpd2020-pib-per-capita-mapa,BRA,1937,1610
mpd2020-pib-per-capita-mapa,BRA,1938,1643
mpd2020-pib-per-capita-mapa,BRA,1939,1627
mpd2020-pib-per-capita-mapa,BRA,1940,1610
mpd2020-pib-per-capita-mapa,BRA,1941,1683
mpd2020-pib-per-capita-mapa,BRA,1942,1584
mpd2020-pib-per-capita-mapa,BRA,1943,1763
mpd2020-pib-per-capita-mapa,BRA,1944,1785
mpd2020-pib-per-capita-mapa,BRA,1945,1792
mpd2020-pib-per-capita-mapa,BRA,1946,1934
mpd2020-pib-per-capita-mapa,BRA,1947,1956
mpd2020-pib-per-capita-mapa,BRA,1948,2096
mpd2020-pib-per-capita-mapa,BRA,1949,2204
mpd2020-pib-per-capita-mapa,BRA,1950,2236
mpd2020-pib-per-capita-mapa,BRA,1951,2279
mpd2020-pib-per-capita-mapa,BRA,1952,2377
mpd2020-pib-per-capita-mapa,BRA,1953,2418
mpd2020-pib-per-capita-mapa,BRA,1954,2531
mpd2020-pib-per-capita-mapa,BRA,1955,2675
mpd2020-pib-per-capita-mapa,BRA,1956,2672
mpd2020-pib-per-capita-mapa,BRA,1957,2793
mpd2020-pib-per-capita-mapa,BRA,1958,3005
mpd2020-pib-per-capita-mapa,BRA,1959,3201
mpd2020-pib-per-capita-mapa,BRA,1960,3398
mpd2020-pib-per-capita-mapa,BRA,1961,3585
mpd2020-pib-per-capita-mapa,BRA,1962,3711
mpd2020-pib-per-capita-mapa,BRA,1963,3623
mpd2020-pib-per-capita-mapa,BRA,1964,3637
mpd2020-pib-per-capita-mapa,BRA,1965,3617
mpd2020-pib-per-capita-mapa,BRA,1966,3747
mpd2020-pib-per-capita-mapa,BRA,1967,3795
mpd2020-pib-per-capita-mapa,BRA,1968,4050
mpd2020-pib-per-capita-mapa,BRA,1969,4313
mpd2020-pib-per-capita-mapa,BRA,1970,4635
mpd2020-pib-per-capita-mapa,BRA,1971,5024
mpd2020-pib-per-capita-mapa,BRA,1972,5480
mpd2020-pib-per-capita-mapa,BRA,1973,6086
mpd2020-pib-per-capita-mapa,BRA,1974,6416
mpd2020-pib-per-capita-mapa,BRA,1975,6582
mpd2020-pib-per-capita-mapa,BRA,1976,7079
mpd2020-pib-per-capita-mapa,BRA,1977,7248
mpd2020-pib-per-capita-mapa,BRA,1978,7425
mpd2020-pib-per-capita-mapa,BRA,1979,7736
mpd2020-pib-per-capita-mapa,BRA,1980,8249
mpd2020-pib-per-capita-mapa,BRA,1981,7709
mpd2020-pib-per-capita-mapa,BRA,1982,7587
mpd2020-pib-per-capita-mapa,BRA,1983,7203
mpd2020-pib-per-capita-mapa,BRA,1984,7438
mpd2020-pib-per-capita-mapa,BRA,1985,7862
mpd2020-pib-per-capita-mapa,BRA,1986,8281
mpd2020-pib-per-capita-mapa,BRA,1987,8402
mpd2020-pib-per-capita-mapa,BRA,1988,8230
mpd2020-pib-per-capita-mapa,BRA,1989,8333
mpd2020-pib-per-capita-mapa,BRA,1990,7842
mpd2020-pib-per-capita-mapa,BRA,1991,7888.0485
mpd2020-pib-per-capita-mapa,BRA,1992,7812.7943
mpd2020-pib-per-capita-mapa,BRA,1993,8166.2356
mpd2020-pib-per-capita-mapa,BRA,1994,8615.6887
mpd2020-pib-per-capita-mapa,BRA,1995,8951.6944
mpd2020-pib-per-capita-mapa,BRA,1996,9124.5161
mpd2020-pib-per-capita-mapa,BRA,1997,9409.9465
mpd2020-pib-per-capita-mapa,BRA,1998,9419.1079
mpd2020-pib-per-capita-mapa,BRA,1999,9441.7589
mpd2020-pib-per-capita-mapa,BRA,2000,9834.4244
mpd2020-pib-per-capita-mapa,BRA,2001,9953.3095
mpd2020-pib-per-capita-mapa,BRA,2002,10245.0689
mpd2020-pib-per-capita-mapa,BRA,2003,10354.5954
mpd2020-pib-per-capita-mapa,BRA,2004,10949.6601
mpd2020-pib-per-capita-mapa,BRA,2005,11305.7717
mpd2020-pib-per-capita-mapa,BRA,2006,11766.6057
mpd2020-pib-per-capita-mapa,BRA,2007,12500.0064
mpd2020-pib-per-capita-mapa,BRA,2008,13164.0113
mpd2020-pib-per-capita-mapa,BRA,2009,13180.8909
mpd2020-pib-per-capita-mapa,BRA,2010,14215.6126
mpd2020-pib-per-capita-mapa,BRA,2011,14831
mpd2020-pib-per-capita-mapa,BRA,2012,14985
mpd2020-pib-per-capita-mapa,BRA,2013,15306
mpd2020-pib-per-capita-mapa,BRA,2014,15258
mpd2020-pib-per-capita-mapa,BRA,2015,15826
mpd2020-pib-per-capita-mapa,BRA,2016,13873
mpd2020-pib-per-capita-mapa,BRA,2017,13951.5999
mpd2020-pib-per-capita-mapa,BRA,2018,14033.5656
mpd2020-pib-per-capita-mapa,BRB,1950,3390
mpd2020-pib-per-capita-mapa,BRB,1951,3513
mpd2020-pib-per-capita-mapa,BRB,1952,3655
mpd2020-pib-per-capita-mapa,BRB,1953,3803
mpd2020-pib-per-capita-mapa,BRB,1954,3947
mpd2020-pib-per-capita-mapa,BRB,1955,4133
mpd2020-pib-per-capita-mapa,BRB,1956,4390
mpd2020-pib-per-capita-mapa,BRB,1957,4646
mpd2020-pib-per-capita-mapa,BRB,1958,4855
mpd2020-pib-per-capita-mapa,BRB,1959,5053
mpd2020-pib-per-capita-mapa,BRB,1960,5316
mpd2020-pib-per-capita-mapa,BRB,1961,5683
mpd2020-pib-per-capita-mapa,BRB,1962,5923
mpd2020-pib-per-capita-mapa,BRB,1963,6033
mpd2020-pib-per-capita-mapa,BRB,1964,6355
mpd2020-pib-per-capita-mapa,BRB,1965,6468
mpd2020-pib-per-capita-mapa,BRB,1966,6873
mpd2020-pib-per-capita-mapa,BRB,1967,7492
mpd2020-pib-per-capita-mapa,BRB,1968,8429
mpd2020-pib-per-capita-mapa,BRB,1969,9247
mpd2020-pib-per-capita-mapa,BRB,1970,10197
mpd2020-pib-per-capita-mapa,BRB,1971,10514
mpd2020-pib-per-capita-mapa,BRB,1972,10567
mpd2020-pib-per-capita-mapa,BRB,1973,10635
mpd2020-pib-per-capita-mapa,BRB,1974,10080
mpd2020-pib-per-capita-mapa,BRB,1975,9825
mpd2020-pib-per-capita-mapa,BRB,1976,10222
mpd2020-pib-per-capita-mapa,BRB,1977,10541
mpd2020-pib-per-capita-mapa,BRB,1978,11014
mpd2020-pib-per-capita-mapa,BRB,1979,11837
mpd2020-pib-per-capita-mapa,BRB,1980,12318
mpd2020-pib-per-capita-mapa,BRB,1981,12065
mpd2020-pib-per-capita-mapa,BRB,1982,11424
mpd2020-pib-per-capita-mapa,BRB,1983,11419
mpd2020-pib-per-capita-mapa,BRB,1984,11772
mpd2020-pib-per-capita-mapa,BRB,1985,11848
mpd2020-pib-per-capita-mapa,BRB,1986,12404
mpd2020-pib-per-capita-mapa,BRB,1987,12683
mpd2020-pib-per-capita-mapa,BRB,1988,13087
mpd2020-pib-per-capita-mapa,BRB,1989,13498
mpd2020-pib-per-capita-mapa,BRB,1990,12994
mpd2020-pib-per-capita-mapa,BRB,1991,12298.506
mpd2020-pib-per-capita-mapa,BRB,1992,11427.2665
mpd2020-pib-per-capita-mapa,BRB,1993,11343.5974
mpd2020-pib-per-capita-mapa,BRB,1994,11405.5598
mpd2020-pib-per-capita-mapa,BRB,1995,11473.859
mpd2020-pib-per-capita-mapa,BRB,1996,11760.8254
mpd2020-pib-per-capita-mapa,BRB,1997,12124.5088
mpd2020-pib-per-capita-mapa,BRB,1998,12384.7617
mpd2020-pib-per-capita-mapa,BRB,1999,12237.9485
mpd2020-pib-per-capita-mapa,BRB,2000,12600.0226
mpd2020-pib-per-capita-mapa,BRB,2001,12112.1811
mpd2020-pib-per-capita-mapa,BRB,2002,12025.4733
mpd2020-pib-per-capita-mapa,BRB,2003,12094.8192
mpd2020-pib-per-capita-mapa,BRB,2004,12078.7354
mpd2020-pib-per-capita-mapa,BRB,2005,12379.4502
mpd2020-pib-per-capita-mapa,BRB,2006,12889.8767
mpd2020-pib-per-capita-mapa,BRB,2007,12917.439
mpd2020-pib-per-capita-mapa,BRB,2008,12786.1074
mpd2020-pib-per-capita-mapa,BRB,2009,12094.324
mpd2020-pib-per-capita-mapa,BRB,2010,11954.322
mpd2020-pib-per-capita-mapa,BRB,2011,11870
mpd2020-pib-per-capita-mapa,BRB,2012,11860
mpd2020-pib-per-capita-mapa,BRB,2013,11809
mpd2020-pib-per-capita-mapa,BRB,2014,11780
mpd2020-pib-per-capita-mapa,BRB,2015,11849
mpd2020-pib-per-capita-mapa,BRB,2016,12003
mpd2020-pib-per-capita-mapa,BRB,2017,12061.0971
mpd2020-pib-per-capita-mapa,BRB,2018,11995.1868
mpd2020-pib-per-capita-mapa,BWA,1950,489
mpd2020-pib-per-capita-mapa,BWA,1951,497
mpd2020-pib-per-capita-mapa,BWA,1952,504
mpd2020-pib-per-capita-mapa,BWA,1953,513
mpd2020-pib-per-capita-mapa,BWA,1954,521
mpd2020-pib-per-capita-mapa,BWA,1955,529
mpd2020-pib-per-capita-mapa,BWA,1956,537
mpd2020-pib-per-capita-mapa,BWA,1957,544
mpd2020-pib-per-capita-mapa,BWA,1958,550
mpd2020-pib-per-capita-mapa,BWA,1959,559
mpd2020-pib-per-capita-mapa,BWA,1960,564
mpd2020-pib-per-capita-mapa,BWA,1961,575
mpd2020-pib-per-capita-mapa,BWA,1962,582
mpd2020-pib-per-capita-mapa,BWA,1963,591
mpd2020-pib-per-capita-mapa,BWA,1964,604
mpd2020-pib-per-capita-mapa,BWA,1965,612
mpd2020-pib-per-capita-mapa,BWA,1966,663
mpd2020-pib-per-capita-mapa,BWA,1967,719
mpd2020-pib-per-capita-mapa,BWA,1968,781
mpd2020-pib-per-capita-mapa,BWA,1969,843
mpd2020-pib-per-capita-mapa,BWA,1970,907
mpd2020-pib-per-capita-mapa,BWA,1971,1113
mpd2020-pib-per-capita-mapa,BWA,1972,1361
mpd2020-pib-per-capita-mapa,BWA,1973,1589
mpd2020-pib-per-capita-mapa,BWA,1974,1656
mpd2020-pib-per-capita-mapa,BWA,1975,1712
mpd2020-pib-per-capita-mapa,BWA,1976,1801
mpd2020-pib-per-capita-mapa,BWA,1977,1889
mpd2020-pib-per-capita-mapa,BWA,1978,2005
mpd2020-pib-per-capita-mapa,BWA,1979,2184
mpd2020-pib-per-capita-mapa,BWA,1980,2348
mpd2020-pib-per-capita-mapa,BWA,1981,2528
mpd2020-pib-per-capita-mapa,BWA,1982,2640
mpd2020-pib-per-capita-mapa,BWA,1983,2848
mpd2020-pib-per-capita-mapa,BWA,1984,3124
mpd2020-pib-per-capita-mapa,BWA,1985,3301
mpd2020-pib-per-capita-mapa,BWA,1986,3432
mpd2020-pib-per-capita-mapa,BWA,1987,3601
mpd2020-pib-per-capita-mapa,BWA,1988,3920
mpd2020-pib-per-capita-mapa,BWA,1989,5066
mpd2020-pib-per-capita-mapa,BWA,1990,5267
mpd2020-pib-per-capita-mapa,BWA,1991,5616.0112
mpd2020-pib-per-capita-mapa,BWA,1992,5733.63
mpd2020-pib-per-capita-mapa,BWA,1993,5787.1145
mpd2020-pib-per-capita-mapa,BWA,1994,5946.4271
mpd2020-pib-per-capita-mapa,BWA,1995,6318.4764
mpd2020-pib-per-capita-mapa,BWA,1996,6647.7676
mpd2020-pib-per-capita-mapa,BWA,1997,7152.1474
mpd2020-pib-per-capita-mapa,BWA,1998,7185.2723
mpd2020-pib-per-capita-mapa,BWA,1999,7876.1385
mpd2020-pib-per-capita-mapa,BWA,2000,8044.142
mpd2020-pib-per-capita-mapa,BWA,2001,8082.8238
mpd2020-pib-per-capita-mapa,BWA,2002,8604.067
mpd2020-pib-per-capita-mapa,BWA,2003,9042.5197
mpd2020-pib-per-capita-mapa,BWA,2004,9329.5092
mpd2020-pib-per-capita-mapa,BWA,2005,9798.0871
mpd2020-pib-per-capita-mapa,BWA,2006,10665.6795
mpd2020-pib-per-capita-mapa,BWA,2007,11602.0682
mpd2020-pib-per-capita-mapa,BWA,2008,12385.1497
mpd2020-pib-per-capita-mapa,BWA,2009,11494.7565
mpd2020-pib-per-capita-mapa,BWA,2010,12544.7274
mpd2020-pib-per-capita-mapa,BWA,2011,13376
mpd2020-pib-per-capita-mapa,BWA,2012,13743
mpd2020-pib-per-capita-mapa,BWA,2013,14853
mpd2020-pib-per-capita-mapa,BWA,2014,15082
mpd2020-pib-per-capita-mapa,BWA,2015,14805
mpd2020-pib-per-capita-mapa,BWA,2016,15198
mpd2020-pib-per-capita-mapa,BWA,2017,15397.4293
mpd2020-pib-per-capita-mapa,BWA,2018,15842.1301
mpd2020-pib-per-capita-mapa,CAF,1950,1307
mpd2020-pib-per-capita-mapa,CAF,1951,1339
mpd2020-pib-per-capita-mapa,CAF,1952,1369
mpd2020-pib-per-capita-mapa,CAF,1953,1400
mpd2020-pib-per-capita-mapa,CAF,1954,1431
mpd2020-pib-per-capita-mapa,CAF,1955,1462
mpd2020-pib-per-capita-mapa,CAF,1956,1492
mpd2020-pib-per-capita-mapa,CAF,1957,1522
mpd2020-pib-per-capita-mapa,CAF,1958,1553
mpd2020-pib-per-capita-mapa,CAF,1959,1581
mpd2020-pib-per-capita-mapa,CAF,1960,1567
mpd2020-pib-per-capita-mapa,CAF,1961,1597
mpd2020-pib-per-capita-mapa,CAF,1962,1525
mpd2020-pib-per-capita-mapa,CAF,1963,1492
mpd2020-pib-per-capita-mapa,CAF,1964,1486
mpd2020-pib-per-capita-mapa,CAF,1965,1466
mpd2020-pib-per-capita-mapa,CAF,1966,1427
mpd2020-pib-per-capita-mapa,CAF,1967,1452
mpd2020-pib-per-capita-mapa,CAF,1968,1435
mpd2020-pib-per-capita-mapa,CAF,1969,1476
mpd2020-pib-per-capita-mapa,CAF,1970,1508
mpd2020-pib-per-capita-mapa,CAF,1971,1427
mpd2020-pib-per-capita-mapa,CAF,1972,1368
mpd2020-pib-per-capita-mapa,CAF,1973,1403
mpd2020-pib-per-capita-mapa,CAF,1974,1333
mpd2020-pib-per-capita-mapa,CAF,1975,1323
mpd2020-pib-per-capita-mapa,CAF,1976,1345
mpd2020-pib-per-capita-mapa,CAF,1977,1417
mpd2020-pib-per-capita-mapa,CAF,1978,1398
mpd2020-pib-per-capita-mapa,CAF,1979,1326
mpd2020-pib-per-capita-mapa,CAF,1980,1234
mpd2020-pib-per-capita-mapa,CAF,1981,1219
mpd2020-pib-per-capita-mapa,CAF,1982,1208
mpd2020-pib-per-capita-mapa,CAF,1983,1105
mpd2020-pib-per-capita-mapa,CAF,1984,1146
mpd2020-pib-per-capita-mapa,CAF,1985,1148
mpd2020-pib-per-capita-mapa,CAF,1986,1162
mpd2020-pib-per-capita-mapa,CAF,1987,1079
mpd2020-pib-per-capita-mapa,CAF,1988,1073
mpd2020-pib-per-capita-mapa,CAF,1989,1070
mpd2020-pib-per-capita-mapa,CAF,1990,1023
mpd2020-pib-per-capita-mapa,CAF,1991,1006.9958
mpd2020-pib-per-capita-mapa,CAF,1992,965.1934
mpd2020-pib-per-capita-mapa,CAF,1993,933.0602
mpd2020-pib-per-capita-mapa,CAF,1994,952.0174
mpd2020-pib-per-capita-mapa,CAF,1995,978.5566
mpd2020-pib-per-capita-mapa,CAF,1996,885.8864
mpd2020-pib-per-capita-mapa,CAF,1997,917.48
mpd2020-pib-per-capita-mapa,CAF,1998,936.2383
mpd2020-pib-per-capita-mapa,CAF,1999,967.8432
mpd2020-pib-per-capita-mapa,CAF,2000,963.9462
mpd2020-pib-per-capita-mapa,CAF,2001,952.5118
mpd2020-pib-per-capita-mapa,CAF,2002,928.7716
mpd2020-pib-per-capita-mapa,CAF,2003,845.5055
mpd2020-pib-per-capita-mapa,CAF,2004,853.182
mpd2020-pib-per-capita-mapa,CAF,2005,858.5237
mpd2020-pib-per-capita-mapa,CAF,2006,881.4852
mpd2020-pib-per-capita-mapa,CAF,2007,897.4783
mpd2020-pib-per-capita-mapa,CAF,2008,901.8513
mpd2020-pib-per-capita-mapa,CAF,2009,898.7005
mpd2020-pib-per-capita-mapa,CAF,2010,910.3104
mpd2020-pib-per-capita-mapa,CAF,2011,909
mpd2020-pib-per-capita-mapa,CAF,2012,916
mpd2020-pib-per-capita-mapa,CAF,2013,567
mpd2020-pib-per-capita-mapa,CAF,2014,561
mpd2020-pib-per-capita-mapa,CAF,2015,576
mpd2020-pib-per-capita-mapa,CAF,2016,589
mpd2020-pib-per-capita-mapa,CAF,2017,606.6967
mpd2020-pib-per-capita-mapa,CAF,2018,623.4889
mpd2020-pib-per-capita-mapa,CAN,1820,1441
mpd2020-pib-per-capita-mapa,CAN,1830,1594
mpd2020-pib-per-capita-mapa,CAN,1840,1852
mpd2020-pib-per-capita-mapa,CAN,1850,2120
mpd2020-pib-per-capita-mapa,CAN,1860,2313
mpd2020-pib-per-capita-mapa,CAN,1870,2702
mpd2020-pib-per-capita-mapa,CAN,1871,2797
mpd2020-pib-per-capita-mapa,CAN,1872,2718
mpd2020-pib-per-capita-mapa,CAN,1873,2936
mpd2020-pib-per-capita-mapa,CAN,1874,2955
mpd2020-pib-per-capita-mapa,CAN,1875,2844
mpd2020-pib-per-capita-mapa,CAN,1876,2616
mpd2020-pib-per-capita-mapa,CAN,1877,2753
mpd2020-pib-per-capita-mapa,CAN,1878,2609
mpd2020-pib-per-capita-mapa,CAN,1879,2813
mpd2020-pib-per-capita-mapa,CAN,1880,2895
mpd2020-pib-per-capita-mapa,CAN,1881,3252
mpd2020-pib-per-capita-mapa,CAN,1882,3362
mpd2020-pib-per-capita-mapa,CAN,1883,3331
mpd2020-pib-per-capita-mapa,CAN,1884,3556
mpd2020-pib-per-capita-mapa,CAN,1885,3304
mpd2020-pib-per-capita-mapa,CAN,1886,3308
mpd2020-pib-per-capita-mapa,CAN,1887,3379
mpd2020-pib-per-capita-mapa,CAN,1888,3585
mpd2020-pib-per-capita-mapa,CAN,1889,3569
mpd2020-pib-per-capita-mapa,CAN,1890,3790
mpd2020-pib-per-capita-mapa,CAN,1891,3840
mpd2020-pib-per-capita-mapa,CAN,1892,3779
mpd2020-pib-per-capita-mapa,CAN,1893,3720
mpd2020-pib-per-capita-mapa,CAN,1894,3857
mpd2020-pib-per-capita-mapa,CAN,1895,3779
mpd2020-pib-per-capita-mapa,CAN,1896,3647
mpd2020-pib-per-capita-mapa,CAN,1897,4004
mpd2020-pib-per-capita-mapa,CAN,1898,4117
mpd2020-pib-per-capita-mapa,CAN,1899,4457
mpd2020-pib-per-capita-mapa,CAN,1900,4640
mpd2020-pib-per-capita-mapa,CAN,1901,4937
mpd2020-pib-per-capita-mapa,CAN,1902,5310
mpd2020-pib-per-capita-mapa,CAN,1903,5314
mpd2020-pib-per-capita-mapa,CAN,1904,5228
mpd2020-pib-per-capita-mapa,CAN,1905,5678
mpd2020-pib-per-capita-mapa,CAN,1906,6130
mpd2020-pib-per-capita-mapa,CAN,1907,6177
mpd2020-pib-per-capita-mapa,CAN,1908,5694
mpd2020-pib-per-capita-mapa,CAN,1909,6137
mpd2020-pib-per-capita-mapa,CAN,1910,6481
mpd2020-pib-per-capita-mapa,CAN,1911,6715
mpd2020-pib-per-capita-mapa,CAN,1912,6977
mpd2020-pib-per-capita-mapa,CAN,1913,7088
mpd2020-pib-per-capita-mapa,CAN,1914,6416
mpd2020-pib-per-capita-mapa,CAN,1915,6747
mpd2020-pib-per-capita-mapa,CAN,1916,7406
mpd2020-pib-per-capita-mapa,CAN,1917,7653
mpd2020-pib-per-capita-mapa,CAN,1918,7079
mpd2020-pib-per-capita-mapa,CAN,1919,6406
mpd2020-pib-per-capita-mapa,CAN,1920,6154
mpd2020-pib-per-capita-mapa,CAN,1921,5351
mpd2020-pib-per-capita-mapa,CAN,1922,6046
mpd2020-pib-per-capita-mapa,CAN,1923,6338
mpd2020-pib-per-capita-mapa,CAN,1924,6339
mpd2020-pib-per-capita-mapa,CAN,1925,6918
mpd2020-pib-per-capita-mapa,CAN,1926,7168
mpd2020-pib-per-capita-mapa,CAN,1927,7726
mpd2020-pib-per-capita-mapa,CAN,1928,8244
mpd2020-pib-per-capita-mapa,CAN,1929,8074
mpd2020-pib-per-capita-mapa,CAN,1930,7669
mpd2020-pib-per-capita-mapa,CAN,1931,6382
mpd2020-pib-per-capita-mapa,CAN,1932,5852
mpd2020-pib-per-capita-mapa,CAN,1933,5372
mpd2020-pib-per-capita-mapa,CAN,1934,5883
mpd2020-pib-per-capita-mapa,CAN,1935,6298
mpd2020-pib-per-capita-mapa,CAN,1936,6574
mpd2020-pib-per-capita-mapa,CAN,1937,7130
mpd2020-pib-per-capita-mapa,CAN,1938,7246
mpd2020-pib-per-capita-mapa,CAN,1939,7600
mpd2020-pib-per-capita-mapa,CAN,1940,8557
mpd2020-pib-per-capita-mapa,CAN,1941,9645
mpd2020-pib-per-capita-mapa,CAN,1942,11210
mpd2020-pib-per-capita-mapa,CAN,1943,11577
mpd2020-pib-per-capita-mapa,CAN,1944,11864
mpd2020-pib-per-capita-mapa,CAN,1945,11370
mpd2020-pib-per-capita-mapa,CAN,1946,11048
mpd2020-pib-per-capita-mapa,CAN,1947,11298
mpd2020-pib-per-capita-mapa,CAN,1948,11261
mpd2020-pib-per-capita-mapa,CAN,1949,11260
mpd2020-pib-per-capita-mapa,CAN,1950,11622
mpd2020-pib-per-capita-mapa,CAN,1951,12007
mpd2020-pib-per-capita-mapa,CAN,1952,12486
mpd2020-pib-per-capita-mapa,CAN,1953,12726
mpd2020-pib-per-capita-mapa,CAN,1954,12272
mpd2020-pib-per-capita-mapa,CAN,1955,13072
mpd2020-pib-per-capita-mapa,CAN,1956,13791
mpd2020-pib-per-capita-mapa,CAN,1957,13719
mpd2020-pib-per-capita-mapa,CAN,1958,13603
mpd2020-pib-per-capita-mapa,CAN,1959,13829
mpd2020-pib-per-capita-mapa,CAN,1960,13952
mpd2020-pib-per-capita-mapa,CAN,1961,14080
mpd2020-pib-per-capita-mapa,CAN,1962,14787
mpd2020-pib-per-capita-mapa,CAN,1963,15248
mpd2020-pib-per-capita-mapa,CAN,1964,15938
mpd2020-pib-per-capita-mapa,CAN,1965,16694
mpd2020-pib-per-capita-mapa,CAN,1966,17448
mpd2020-pib-per-capita-mapa,CAN,1967,17658
mpd2020-pib-per-capita-mapa,CAN,1968,18297
mpd2020-pib-per-capita-mapa,CAN,1969,18988
mpd2020-pib-per-capita-mapa,CAN,1970,19207
mpd2020-pib-per-capita-mapa,CAN,1971,20024
mpd2020-pib-per-capita-mapa,CAN,1972,20837
mpd2020-pib-per-capita-mapa,CAN,1973,22058
mpd2020-pib-per-capita-mapa,CAN,1974,22643
mpd2020-pib-per-capita-mapa,CAN,1975,22819
mpd2020-pib-per-capita-mapa,CAN,1976,23754
mpd2020-pib-per-capita-mapa,CAN,1977,24265
mpd2020-pib-per-capita-mapa,CAN,1978,24994
mpd2020-pib-per-capita-mapa,CAN,1979,25775
mpd2020-pib-per-capita-mapa,CAN,1980,25784
mpd2020-pib-per-capita-mapa,CAN,1981,26256
mpd2020-pib-per-capita-mapa,CAN,1982,25151
mpd2020-pib-per-capita-mapa,CAN,1983,25625
mpd2020-pib-per-capita-mapa,CAN,1984,26836
mpd2020-pib-per-capita-mapa,CAN,1985,28025
mpd2020-pib-per-capita-mapa,CAN,1986,28472
mpd2020-pib-per-capita-mapa,CAN,1987,29246
mpd2020-pib-per-capita-mapa,CAN,1988,30275
mpd2020-pib-per-capita-mapa,CAN,1989,30458
mpd2020-pib-per-capita-mapa,CAN,1990,30082
mpd2020-pib-per-capita-mapa,CAN,1991,29151.6968
mpd2020-pib-per-capita-mapa,CAN,1992,29141.1923
mpd2020-pib-per-capita-mapa,CAN,1993,29657.5744
mpd2020-pib-per-capita-mapa,CAN,1994,30745.8228
mpd2020-pib-per-capita-mapa,CAN,1995,31330.7201
mpd2020-pib-per-capita-mapa,CAN,1996,31594.2418
mpd2020-pib-per-capita-mapa,CAN,1997,32709.6916
mpd2020-pib-per-capita-mapa,CAN,1998,33785.7463
mpd2020-pib-per-capita-mapa,CAN,1999,35345.721
mpd2020-pib-per-capita-mapa,CAN,2000,36942.5623
mpd2020-pib-per-capita-mapa,CAN,2001,37307.2059
mpd2020-pib-per-capita-mapa,CAN,2002,38123.9864
mpd2020-pib-per-capita-mapa,CAN,2003,38559.9759
mpd2020-pib-per-capita-mapa,CAN,2004,39491.57
mpd2020-pib-per-capita-mapa,CAN,2005,40485.0192
mpd2020-pib-per-capita-mapa,CAN,2006,41247.1493
mpd2020-pib-per-capita-mapa,CAN,2007,41806.8652
mpd2020-pib-per-capita-mapa,CAN,2008,41896.4256
mpd2020-pib-per-capita-mapa,CAN,2009,40312.6217
mpd2020-pib-per-capita-mapa,CAN,2010,41209.4262
mpd2020-pib-per-capita-mapa,CAN,2011,42197
mpd2020-pib-per-capita-mapa,CAN,2012,42445
mpd2020-pib-per-capita-mapa,CAN,2013,42994
mpd2020-pib-per-capita-mapa,CAN,2014,43607
mpd2020-pib-per-capita-mapa,CAN,2015,43619
mpd2020-pib-per-capita-mapa,CAN,2016,43745
mpd2020-pib-per-capita-mapa,CAN,2017,44591.6417
mpd2020-pib-per-capita-mapa,CAN,2018,44868.7435
mpd2020-pib-per-capita-mapa,CHE,1851,2444.2261
mpd2020-pib-per-capita-mapa,CHE,1852,2445.8522
mpd2020-pib-per-capita-mapa,CHE,1853,2379.2795
mpd2020-pib-per-capita-mapa,CHE,1854,2263.8065
mpd2020-pib-per-capita-mapa,CHE,1855,2372.8492
mpd2020-pib-per-capita-mapa,CHE,1856,2419.271
mpd2020-pib-per-capita-mapa,CHE,1857,2785.7952
mpd2020-pib-per-capita-mapa,CHE,1858,2861.6667
mpd2020-pib-per-capita-mapa,CHE,1859,2894.2628
mpd2020-pib-per-capita-mapa,CHE,1860,2933.6306
mpd2020-pib-per-capita-mapa,CHE,1861,2948.3128
mpd2020-pib-per-capita-mapa,CHE,1862,2822.5136
mpd2020-pib-per-capita-mapa,CHE,1863,2879.0243
mpd2020-pib-per-capita-mapa,CHE,1864,2807.7928
mpd2020-pib-per-capita-mapa,CHE,1865,2792.1978
mpd2020-pib-per-capita-mapa,CHE,1866,2814.7017
mpd2020-pib-per-capita-mapa,CHE,1867,2746.0227
mpd2020-pib-per-capita-mapa,CHE,1868,3053.1145
mpd2020-pib-per-capita-mapa,CHE,1869,3041.0286
mpd2020-pib-per-capita-mapa,CHE,1870,2954.3765
mpd2020-pib-per-capita-mapa,CHE,1871,3063.7174
mpd2020-pib-per-capita-mapa,CHE,1872,3140.4869
mpd2020-pib-per-capita-mapa,CHE,1873,3320.8614
mpd2020-pib-per-capita-mapa,CHE,1874,3322.507
mpd2020-pib-per-capita-mapa,CHE,1875,3598.7723
mpd2020-pib-per-capita-mapa,CHE,1876,3851.9142
mpd2020-pib-per-capita-mapa,CHE,1877,3630.1878
mpd2020-pib-per-capita-mapa,CHE,1878,3485.837
mpd2020-pib-per-capita-mapa,CHE,1879,3509.2222
mpd2020-pib-per-capita-mapa,CHE,1880,3869.3663
mpd2020-pib-per-capita-mapa,CHE,1881,3943.4155
mpd2020-pib-per-capita-mapa,CHE,1882,3998.6616
mpd2020-pib-per-capita-mapa,CHE,1883,4194.2486
mpd2020-pib-per-capita-mapa,CHE,1884,4542.0941
mpd2020-pib-per-capita-mapa,CHE,1885,4772.8642
mpd2020-pib-per-capita-mapa,CHE,1886,5036.9908
mpd2020-pib-per-capita-mapa,CHE,1887,5172.1685
mpd2020-pib-per-capita-mapa,CHE,1888,5118.9012
mpd2020-pib-per-capita-mapa,CHE,1889,5137.3281
mpd2020-pib-per-capita-mapa,CHE,1890,5309.3205
mpd2020-pib-per-capita-mapa,CHE,1891,4937.0662
mpd2020-pib-per-capita-mapa,CHE,1892,5270.1859
mpd2020-pib-per-capita-mapa,CHE,1893,5339.8903
mpd2020-pib-per-capita-mapa,CHE,1894,5337.3121
mpd2020-pib-per-capita-mapa,CHE,1895,5632.3587
mpd2020-pib-per-capita-mapa,CHE,1896,5967.2451
mpd2020-pib-per-capita-mapa,CHE,1897,6241.8907
mpd2020-pib-per-capita-mapa,CHE,1898,6427.5088
mpd2020-pib-per-capita-mapa,CHE,1899,6337.3185
mpd2020-pib-per-capita-mapa,CHE,1900,6611.7782
mpd2020-pib-per-capita-mapa,CHE,1901,6398.8919
mpd2020-pib-per-capita-mapa,CHE,1902,6616.1545
mpd2020-pib-per-capita-mapa,CHE,1903,6472.24
mpd2020-pib-per-capita-mapa,CHE,1904,6879.5749
mpd2020-pib-per-capita-mapa,CHE,1905,7184.5797
mpd2020-pib-per-capita-mapa,CHE,1906,7584.0569
mpd2020-pib-per-capita-mapa,CHE,1907,7464.9794
mpd2020-pib-per-capita-mapa,CHE,1908,7507.7096
mpd2020-pib-per-capita-mapa,CHE,1909,7858.3589
mpd2020-pib-per-capita-mapa,CHE,1910,8048.3515
mpd2020-pib-per-capita-mapa,CHE,1911,8043.9415
mpd2020-pib-per-capita-mapa,CHE,1912,8311.7803
mpd2020-pib-per-capita-mapa,CHE,1913,8172.0601
mpd2020-pib-per-capita-mapa,CHE,1914,7595.2855
mpd2020-pib-per-capita-mapa,CHE,1915,7459.2589
mpd2020-pib-per-capita-mapa,CHE,1916,8079.4192
mpd2020-pib-per-capita-mapa,CHE,1917,7840.9039
mpd2020-pib-per-capita-mapa,CHE,1918,7115.6076
mpd2020-pib-per-capita-mapa,CHE,1919,6747.268
mpd2020-pib-per-capita-mapa,CHE,1920,7363.9596
mpd2020-pib-per-capita-mapa,CHE,1921,5999.1414
mpd2020-pib-per-capita-mapa,CHE,1922,7181.9535
mpd2020-pib-per-capita-mapa,CHE,1923,7670.2377
mpd2020-pib-per-capita-mapa,CHE,1924,8195.5206
mpd2020-pib-per-capita-mapa,CHE,1925,8385.2868
mpd2020-pib-per-capita-mapa,CHE,1926,8656.3311
mpd2020-pib-per-capita-mapa,CHE,1927,9259.9362
mpd2020-pib-per-capita-mapa,CHE,1928,9658.8139
mpd2020-pib-per-capita-mapa,CHE,1929,9920.0375
mpd2020-pib-per-capita-mapa,CHE,1930,9969.3241
mpd2020-pib-per-capita-mapa,CHE,1931,10055.4852
mpd2020-pib-per-capita-mapa,CHE,1932,9752.443
mpd2020-pib-per-capita-mapa,CHE,1933,10009.1086
mpd2020-pib-per-capita-mapa,CHE,1934,9997.3764
mpd2020-pib-per-capita-mapa,CHE,1935,9478.8078
mpd2020-pib-per-capita-mapa,CHE,1936,9301.8463
mpd2020-pib-per-capita-mapa,CHE,1937,10039.2922
mpd2020-pib-per-capita-mapa,CHE,1938,9608.57
mpd2020-pib-per-capita-mapa,CHE,1939,9836.1519
mpd2020-pib-per-capita-mapa,CHE,1940,9802.3731
mpd2020-pib-per-capita-mapa,CHE,1941,9217.3489
mpd2020-pib-per-capita-mapa,CHE,1942,8739.767
mpd2020-pib-per-capita-mapa,CHE,1943,8642.9729
mpd2020-pib-per-capita-mapa,CHE,1944,8890.7388
mpd2020-pib-per-capita-mapa,CHE,1945,8839.3153
mpd2020-pib-per-capita-mapa,CHE,1946,10866.0981
mpd2020-pib-per-capita-mapa,CHE,1947,11020.9506
mpd2020-pib-per-capita-mapa,CHE,1948,11189.3431
mpd2020-pib-per-capita-mapa,CHE,1949,10943.544
mpd2020-pib-per-capita-mapa,CHE,1950,11541.0376
mpd2020-pib-per-capita-mapa,CHE,1951,11877.8933
mpd2020-pib-per-capita-mapa,CHE,1952,12016.3082
mpd2020-pib-per-capita-mapa,CHE,1953,12470.9857
mpd2020-pib-per-capita-mapa,CHE,1954,13171.4063
mpd2020-pib-per-capita-mapa,CHE,1955,13999.4878
mpd2020-pib-per-capita-mapa,CHE,1956,14507.0602
mpd2020-pib-per-capita-mapa,CHE,1957,14667.6504
mpd2020-pib-per-capita-mapa,CHE,1958,14644.4583
mpd2020-pib-per-capita-mapa,CHE,1959,15469.5915
mpd2020-pib-per-capita-mapa,CHE,1960,16358.3594
mpd2020-pib-per-capita-mapa,CHE,1961,17307.5627
mpd2020-pib-per-capita-mapa,CHE,1962,17793.9765
mpd2020-pib-per-capita-mapa,CHE,1963,18437.8389
mpd2020-pib-per-capita-mapa,CHE,1964,19195.4465
mpd2020-pib-per-capita-mapa,CHE,1965,19802.5125
mpd2020-pib-per-capita-mapa,CHE,1966,20224.5382
mpd2020-pib-per-capita-mapa,CHE,1967,20742.2525
mpd2020-pib-per-capita-mapa,CHE,1968,21395.3864
mpd2020-pib-per-capita-mapa,CHE,1969,22307.6729
mpd2020-pib-per-capita-mapa,CHE,1970,23478.9918
mpd2020-pib-per-capita-mapa,CHE,1971,24486.9781
mpd2020-pib-per-capita-mapa,CHE,1972,25356.9109
mpd2020-pib-per-capita-mapa,CHE,1973,26003.7152
mpd2020-pib-per-capita-mapa,CHE,1974,25718.2704
mpd2020-pib-per-capita-mapa,CHE,1975,24467.9917
mpd2020-pib-per-capita-mapa,CHE,1976,24752.9073
mpd2020-pib-per-capita-mapa,CHE,1977,25430.5674
mpd2020-pib-per-capita-mapa,CHE,1978,26158.8003
mpd2020-pib-per-capita-mapa,CHE,1979,26641.095
mpd2020-pib-per-capita-mapa,CHE,1980,27405.7302
mpd2020-pib-per-capita-mapa,CHE,1981,27729.585
mpd2020-pib-per-capita-mapa,CHE,1982,27660.9485
mpd2020-pib-per-capita-mapa,CHE,1983,28009.3291
mpd2020-pib-per-capita-mapa,CHE,1984,28315.0826
mpd2020-pib-per-capita-mapa,CHE,1985,29416.7522
mpd2020-pib-per-capita-mapa,CHE,1986,30847.9943
mpd2020-pib-per-capita-mapa,CHE,1987,31774.3712
mpd2020-pib-per-capita-mapa,CHE,1988,32482.9077
mpd2020-pib-per-capita-mapa,CHE,1989,33315.5868
mpd2020-pib-per-capita-mapa,CHE,1990,34250
mpd2020-pib-per-capita-mapa,CHE,1991,34128.6419
mpd2020-pib-per-capita-mapa,CHE,1992,34356.8021
mpd2020-pib-per-capita-mapa,CHE,1993,34625.5336
mpd2020-pib-per-capita-mapa,CHE,1994,35423.8278
mpd2020-pib-per-capita-mapa,CHE,1995,36004.2299
mpd2020-pib-per-capita-mapa,CHE,1996,36720.4905
mpd2020-pib-per-capita-mapa,CHE,1997,38165.4774
mpd2020-pib-per-capita-mapa,CHE,1998,39890.5376
mpd2020-pib-per-capita-mapa,CHE,1999,41091.6369
mpd2020-pib-per-capita-mapa,CHE,2000,43251.1038
mpd2020-pib-per-capita-mapa,CHE,2001,44398.6388
mpd2020-pib-per-capita-mapa,CHE,2002,44934.3167
mpd2020-pib-per-capita-mapa,CHE,2003,45441.5993
mpd2020-pib-per-capita-mapa,CHE,2004,47263.5967
mpd2020-pib-per-capita-mapa,CHE,2005,49273.9024
mpd2020-pib-per-capita-mapa,CHE,2006,51862.9648
mpd2020-pib-per-capita-mapa,CHE,2007,54509.5397
mpd2020-pib-per-capita-mapa,CHE,2008,56054.8838
mpd2020-pib-per-capita-mapa,CHE,2009,55171.5007
mpd2020-pib-per-capita-mapa,CHE,2010,57219.4983
mpd2020-pib-per-capita-mapa,CHE,2011,58686
mpd2020-pib-per-capita-mapa,CHE,2012,58674
mpd2020-pib-per-capita-mapa,CHE,2013,59036
mpd2020-pib-per-capita-mapa,CHE,2014,59485
mpd2020-pib-per-capita-mapa,CHE,2015,59307
mpd2020-pib-per-capita-mapa,CHE,2016,59662
mpd2020-pib-per-capita-mapa,CHE,2017,60171.4429
mpd2020-pib-per-capita-mapa,CHE,2018,61372.7301
mpd2020-pib-per-capita-mapa,CHL,1820,824
mpd2020-pib-per-capita-mapa,CHL,1821,805
mpd2020-pib-per-capita-mapa,CHL,1822,830
mpd2020-pib-per-capita-mapa,CHL,1823,797
mpd2020-pib-per-capita-mapa,CHL,1824,786
mpd2020-pib-per-capita-mapa,CHL,1825,853
mpd2020-pib-per-capita-mapa,CHL,1826,885
mpd2020-pib-per-capita-mapa,CHL,1827,904
mpd2020-pib-per-capita-mapa,CHL,1828,910
mpd2020-pib-per-capita-mapa,CHL,1829,932
mpd2020-pib-per-capita-mapa,CHL,1830,925
mpd2020-pib-per-capita-mapa,CHL,1831,929
mpd2020-pib-per-capita-mapa,CHL,1832,956
mpd2020-pib-per-capita-mapa,CHL,1833,961
mpd2020-pib-per-capita-mapa,CHL,1834,983
mpd2020-pib-per-capita-mapa,CHL,1835,1003
mpd2020-pib-per-capita-mapa,CHL,1836,991
mpd2020-pib-per-capita-mapa,CHL,1837,1028
mpd2020-pib-per-capita-mapa,CHL,1838,1033
mpd2020-pib-per-capita-mapa,CHL,1839,1023
mpd2020-pib-per-capita-mapa,CHL,1840,1081
mpd2020-pib-per-capita-mapa,CHL,1841,1081
mpd2020-pib-per-capita-mapa,CHL,1842,1089
mpd2020-pib-per-capita-mapa,CHL,1843,1111
mpd2020-pib-per-capita-mapa,CHL,1844,1117
mpd2020-pib-per-capita-mapa,CHL,1845,1141
mpd2020-pib-per-capita-mapa,CHL,1846,1170
mpd2020-pib-per-capita-mapa,CHL,1847,1183
mpd2020-pib-per-capita-mapa,CHL,1848,1227
mpd2020-pib-per-capita-mapa,CHL,1849,1298
mpd2020-pib-per-capita-mapa,CHL,1850,1352
mpd2020-pib-per-capita-mapa,CHL,1851,1392
mpd2020-pib-per-capita-mapa,CHL,1852,1404
mpd2020-pib-per-capita-mapa,CHL,1853,1364
mpd2020-pib-per-capita-mapa,CHL,1854,1387
mpd2020-pib-per-capita-mapa,CHL,1855,1425
mpd2020-pib-per-capita-mapa,CHL,1856,1427
mpd2020-pib-per-capita-mapa,CHL,1857,1462
mpd2020-pib-per-capita-mapa,CHL,1858,1513
mpd2020-pib-per-capita-mapa,CHL,1859,1559
mpd2020-pib-per-capita-mapa,CHL,1860,1588
mpd2020-pib-per-capita-mapa,CHL,1861,1575
mpd2020-pib-per-capita-mapa,CHL,1862,1553
mpd2020-pib-per-capita-mapa,CHL,1863,1596
mpd2020-pib-per-capita-mapa,CHL,1864,1667
mpd2020-pib-per-capita-mapa,CHL,1865,1710
mpd2020-pib-per-capita-mapa,CHL,1866,1750
mpd2020-pib-per-capita-mapa,CHL,1867,1666
mpd2020-pib-per-capita-mapa,CHL,1868,1714
mpd2020-pib-per-capita-mapa,CHL,1869,1849
mpd2020-pib-per-capita-mapa,CHL,1870,1868
mpd2020-pib-per-capita-mapa,CHL,1871,1836
mpd2020-pib-per-capita-mapa,CHL,1872,1910
mpd2020-pib-per-capita-mapa,CHL,1873,2024
mpd2020-pib-per-capita-mapa,CHL,1874,1954
mpd2020-pib-per-capita-mapa,CHL,1875,2050
mpd2020-pib-per-capita-mapa,CHL,1876,1988
mpd2020-pib-per-capita-mapa,CHL,1877,1908
mpd2020-pib-per-capita-mapa,CHL,1878,1953
mpd2020-pib-per-capita-mapa,CHL,1879,2219
mpd2020-pib-per-capita-mapa,CHL,1880,2418
mpd2020-pib-per-capita-mapa,CHL,1881,2488
mpd2020-pib-per-capita-mapa,CHL,1882,2694
mpd2020-pib-per-capita-mapa,CHL,1883,2683
mpd2020-pib-per-capita-mapa,CHL,1884,2703
mpd2020-pib-per-capita-mapa,CHL,1885,2547
mpd2020-pib-per-capita-mapa,CHL,1886,2625
mpd2020-pib-per-capita-mapa,CHL,1887,2783
mpd2020-pib-per-capita-mapa,CHL,1888,2617
mpd2020-pib-per-capita-mapa,CHL,1889,2708
mpd2020-pib-per-capita-mapa,CHL,1890,2907
mpd2020-pib-per-capita-mapa,CHL,1891,3038
mpd2020-pib-per-capita-mapa,CHL,1892,3005
mpd2020-pib-per-capita-mapa,CHL,1893,3084
mpd2020-pib-per-capita-mapa,CHL,1894,2978
mpd2020-pib-per-capita-mapa,CHL,1895,3304
mpd2020-pib-per-capita-mapa,CHL,1896,3379
mpd2020-pib-per-capita-mapa,CHL,1897,3210
mpd2020-pib-per-capita-mapa,CHL,1898,3609
mpd2020-pib-per-capita-mapa,CHL,1899,3467
mpd2020-pib-per-capita-mapa,CHL,1900,3386
mpd2020-pib-per-capita-mapa,CHL,1901,3416
mpd2020-pib-per-capita-mapa,CHL,1902,3604
mpd2020-pib-per-capita-mapa,CHL,1903,3381
mpd2020-pib-per-capita-mapa,CHL,1904,3647
mpd2020-pib-per-capita-mapa,CHL,1905,3470
mpd2020-pib-per-capita-mapa,CHL,1906,3668
mpd2020-pib-per-capita-mapa,CHL,1907,3810
mpd2020-pib-per-capita-mapa,CHL,1908,4020
mpd2020-pib-per-capita-mapa,CHL,1909,4042
mpd2020-pib-per-capita-mapa,CHL,1910,4485
mpd2020-pib-per-capita-mapa,CHL,1911,4481
mpd2020-pib-per-capita-mapa,CHL,1912,4806
mpd2020-pib-per-capita-mapa,CHL,1913,4836
mpd2020-pib-per-capita-mapa,CHL,1914,4071
mpd2020-pib-per-capita-mapa,CHL,1915,3813
mpd2020-pib-per-capita-mapa,CHL,1916,4600
mpd2020-pib-per-capita-mapa,CHL,1917,4621
mpd2020-pib-per-capita-mapa,CHL,1918,4602
mpd2020-pib-per-capita-mapa,CHL,1919,3853
mpd2020-pib-per-capita-mapa,CHL,1920,4248
mpd2020-pib-per-capita-mapa,CHL,1921,3727
mpd2020-pib-per-capita-mapa,CHL,1922,3814
mpd2020-pib-per-capita-mapa,CHL,1923,4514
mpd2020-pib-per-capita-mapa,CHL,1924,4779
mpd2020-pib-per-capita-mapa,CHL,1925,4903
mpd2020-pib-per-capita-mapa,CHL,1926,4702
mpd2020-pib-per-capita-mapa,CHL,1927,4544
mpd2020-pib-per-capita-mapa,CHL,1928,5609
mpd2020-pib-per-capita-mapa,CHL,1929,5679
mpd2020-pib-per-capita-mapa,CHL,1930,4876
mpd2020-pib-per-capita-mapa,CHL,1931,3904
mpd2020-pib-per-capita-mapa,CHL,1932,2950
mpd2020-pib-per-capita-mapa,CHL,1933,3618
mpd2020-pib-per-capita-mapa,CHL,1934,4269
mpd2020-pib-per-capita-mapa,CHL,1935,4511
mpd2020-pib-per-capita-mapa,CHL,1936,4584
mpd2020-pib-per-capita-mapa,CHL,1937,5083
mpd2020-pib-per-capita-mapa,CHL,1938,5070
mpd2020-pib-per-capita-mapa,CHL,1939,5106
mpd2020-pib-per-capita-mapa,CHL,1940,5177
mpd2020-pib-per-capita-mapa,CHL,1941,5091
mpd2020-pib-per-capita-mapa,CHL,1942,5161
mpd2020-pib-per-capita-mapa,CHL,1943,5209
mpd2020-pib-per-capita-mapa,CHL,1944,5209
mpd2020-pib-per-capita-mapa,CHL,1945,5553
mpd2020-pib-per-capita-mapa,CHL,1946,5918
mpd2020-pib-per-capita-mapa,CHL,1947,5187
mpd2020-pib-per-capita-mapa,CHL,1948,5939
mpd2020-pib-per-capita-mapa,CHL,1949,5710
mpd2020-pib-per-capita-mapa,CHL,1950,5880
mpd2020-pib-per-capita-mapa,CHL,1951,6001
mpd2020-pib-per-capita-mapa,CHL,1952,6252
mpd2020-pib-per-capita-mapa,CHL,1953,6582
mpd2020-pib-per-capita-mapa,CHL,1954,6237
mpd2020-pib-per-capita-mapa,CHL,1955,6341
mpd2020-pib-per-capita-mapa,CHL,1956,6285
mpd2020-pib-per-capita-mapa,CHL,1957,6758
mpd2020-pib-per-capita-mapa,CHL,1958,6958
mpd2020-pib-per-capita-mapa,CHL,1959,6409
mpd2020-pib-per-capita-mapa,CHL,1960,6781
mpd2020-pib-per-capita-mapa,CHL,1961,6923
mpd2020-pib-per-capita-mapa,CHL,1962,7071
mpd2020-pib-per-capita-mapa,CHL,1963,7336
mpd2020-pib-per-capita-mapa,CHL,1964,7320
mpd2020-pib-per-capita-mapa,CHL,1965,7208
mpd2020-pib-per-capita-mapa,CHL,1966,7844
mpd2020-pib-per-capita-mapa,CHL,1967,7933
mpd2020-pib-per-capita-mapa,CHL,1968,8053
mpd2020-pib-per-capita-mapa,CHL,1969,8187
mpd2020-pib-per-capita-mapa,CHL,1970,8195
mpd2020-pib-per-capita-mapa,CHL,1971,8773
mpd2020-pib-per-capita-mapa,CHL,1972,8520
mpd2020-pib-per-capita-mapa,CHL,1973,7911
mpd2020-pib-per-capita-mapa,CHL,1974,7857
mpd2020-pib-per-capita-mapa,CHL,1975,6731
mpd2020-pib-per-capita-mapa,CHL,1976,6868
mpd2020-pib-per-capita-mapa,CHL,1977,7438
mpd2020-pib-per-capita-mapa,CHL,1978,7936
mpd2020-pib-per-capita-mapa,CHL,1979,8475
mpd2020-pib-per-capita-mapa,CHL,1980,9024
mpd2020-pib-per-capita-mapa,CHL,1981,9427
mpd2020-pib-per-capita-mapa,CHL,1982,8016
mpd2020-pib-per-capita-mapa,CHL,1983,7667
mpd2020-pib-per-capita-mapa,CHL,1984,7992
mpd2020-pib-per-capita-mapa,CHL,1985,8024
mpd2020-pib-per-capita-mapa,CHL,1986,8325
mpd2020-pib-per-capita-mapa,CHL,1987,8721
mpd2020-pib-per-capita-mapa,CHL,1988,9199
mpd2020-pib-per-capita-mapa,CHL,1989,10005
mpd2020-pib-per-capita-mapa,CHL,1990,10203
mpd2020-pib-per-capita-mapa,CHL,1991,10746.4916
mpd2020-pib-per-capita-mapa,CHL,1992,11773.3007
mpd2020-pib-per-capita-mapa,CHL,1993,12296.9256
mpd2020-pib-per-capita-mapa,CHL,1994,12692.5511
mpd2020-pib-per-capita-mapa,CHL,1995,13715.933
mpd2020-pib-per-capita-mapa,CHL,1996,14433.3198
mpd2020-pib-per-capita-mapa,CHL,1997,15079.8312
mpd2020-pib-per-capita-mapa,CHL,1998,15259.5408
mpd2020-pib-per-capita-mapa,CHL,1999,14846.4175
mpd2020-pib-per-capita-mapa,CHL,2000,15211.6233
mpd2020-pib-per-capita-mapa,CHL,2001,15448.0088
mpd2020-pib-per-capita-mapa,CHL,2002,15509.8248
mpd2020-pib-per-capita-mapa,CHL,2003,15809.1778
mpd2020-pib-per-capita-mapa,CHL,2004,16478.9728
mpd2020-pib-per-capita-mapa,CHL,2005,17137.486
mpd2020-pib-per-capita-mapa,CHL,2006,17920.8031
mpd2020-pib-per-capita-mapa,CHL,2007,18487.9007
mpd2020-pib-per-capita-mapa,CHL,2008,18804.0294
mpd2020-pib-per-capita-mapa,CHL,2009,18184.4814
mpd2020-pib-per-capita-mapa,CHL,2010,18909.8473
mpd2020-pib-per-capita-mapa,CHL,2011,19705
mpd2020-pib-per-capita-mapa,CHL,2012,20531
mpd2020-pib-per-capita-mapa,CHL,2013,21135
mpd2020-pib-per-capita-mapa,CHL,2014,21335
mpd2020-pib-per-capita-mapa,CHL,2015,21589
mpd2020-pib-per-capita-mapa,CHL,2016,21696
mpd2020-pib-per-capita-mapa,CHL,2017,21650.3918
mpd2020-pib-per-capita-mapa,CHL,2018,22104.7654
mpd2020-pib-per-capita-mapa,CHN,1820,882
mpd2020-pib-per-capita-mapa,CHN,1830,846
mpd2020-pib-per-capita-mapa,CHN,1840,849
mpd2020-pib-per-capita-mapa,CHN,1850,858
mpd2020-pib-per-capita-mapa,CHN,1870,945
mpd2020-pib-per-capita-mapa,CHN,1887,912
mpd2020-pib-per-capita-mapa,CHN,1890,964
mpd2020-pib-per-capita-mapa,CHN,1900,972
mpd2020-pib-per-capita-mapa,CHN,1911,905
mpd2020-pib-per-capita-mapa,CHN,1913,985
mpd2020-pib-per-capita-mapa,CHN,1929,1003
mpd2020-pib-per-capita-mapa,CHN,1930,1012
mpd2020-pib-per-capita-mapa,CHN,1931,1015
mpd2020-pib-per-capita-mapa,CHN,1932,1039
mpd2020-pib-per-capita-mapa,CHN,1933,923
mpd2020-pib-per-capita-mapa,CHN,1934,937
mpd2020-pib-per-capita-mapa,CHN,1935,1007
mpd2020-pib-per-capita-mapa,CHN,1936,1065
mpd2020-pib-per-capita-mapa,CHN,1937,1034
mpd2020-pib-per-capita-mapa,CHN,1938,1003
mpd2020-pib-per-capita-mapa,CHN,1950,799
mpd2020-pib-per-capita-mapa,CHN,1951,950
mpd2020-pib-per-capita-mapa,CHN,1952,1047
mpd2020-pib-per-capita-mapa,CHN,1953,1157
mpd2020-pib-per-capita-mapa,CHN,1954,1049
mpd2020-pib-per-capita-mapa,CHN,1955,1119
mpd2020-pib-per-capita-mapa,CHN,1956,1189
mpd2020-pib-per-capita-mapa,CHN,1957,1195
mpd2020-pib-per-capita-mapa,CHN,1958,1173
mpd2020-pib-per-capita-mapa,CHN,1959,1117
mpd2020-pib-per-capita-mapa,CHN,1960,1057
mpd2020-pib-per-capita-mapa,CHN,1961,874
mpd2020-pib-per-capita-mapa,CHN,1962,926
mpd2020-pib-per-capita-mapa,CHN,1963,1034
mpd2020-pib-per-capita-mapa,CHN,1964,1152
mpd2020-pib-per-capita-mapa,CHN,1965,1253
mpd2020-pib-per-capita-mapa,CHN,1966,1261
mpd2020-pib-per-capita-mapa,CHN,1967,1237
mpd2020-pib-per-capita-mapa,CHN,1968,1178
mpd2020-pib-per-capita-mapa,CHN,1969,1264
mpd2020-pib-per-capita-mapa,CHN,1970,1398
mpd2020-pib-per-capita-mapa,CHN,1971,1446
mpd2020-pib-per-capita-mapa,CHN,1972,1431
mpd2020-pib-per-capita-mapa,CHN,1973,1513
mpd2020-pib-per-capita-mapa,CHN,1974,1519
mpd2020-pib-per-capita-mapa,CHN,1975,1594
mpd2020-pib-per-capita-mapa,CHN,1976,1519
mpd2020-pib-per-capita-mapa,CHN,1977,1583
mpd2020-pib-per-capita-mapa,CHN,1978,1744
mpd2020-pib-per-capita-mapa,CHN,1979,1859
mpd2020-pib-per-capita-mapa,CHN,1980,1930
mpd2020-pib-per-capita-mapa,CHN,1981,1962
mpd2020-pib-per-capita-mapa,CHN,1982,2128
mpd2020-pib-per-capita-mapa,CHN,1983,2227
mpd2020-pib-per-capita-mapa,CHN,1984,2444
mpd2020-pib-per-capita-mapa,CHN,1985,2619
mpd2020-pib-per-capita-mapa,CHN,1986,2748
mpd2020-pib-per-capita-mapa,CHN,1987,2931
mpd2020-pib-per-capita-mapa,CHN,1988,3045
mpd2020-pib-per-capita-mapa,CHN,1989,3022
mpd2020-pib-per-capita-mapa,CHN,1990,2982
mpd2020-pib-per-capita-mapa,CHN,1991,3051.3151
mpd2020-pib-per-capita-mapa,CHN,1992,3227.7441
mpd2020-pib-per-capita-mapa,CHN,1993,3506.4801
mpd2020-pib-per-capita-mapa,CHN,1994,3730.1641
mpd2020-pib-per-capita-mapa,CHN,1995,3999.7292
mpd2020-pib-per-capita-mapa,CHN,1996,4219.6442
mpd2020-pib-per-capita-mapa,CHN,1997,4310.8282
mpd2020-pib-per-capita-mapa,CHN,1998,4309.8472
mpd2020-pib-per-capita-mapa,CHN,1999,4466.7363
mpd2020-pib-per-capita-mapa,CHN,2000,4730.3544
mpd2020-pib-per-capita-mapa,CHN,2001,4995.1447
mpd2020-pib-per-capita-mapa,CHN,2002,5343.1123
mpd2020-pib-per-capita-mapa,CHN,2003,5649.4632
mpd2020-pib-per-capita-mapa,CHN,2004,6067.5912
mpd2020-pib-per-capita-mapa,CHN,2005,6626.5918
mpd2020-pib-per-capita-mapa,CHN,2006,7271.0357
mpd2020-pib-per-capita-mapa,CHN,2007,7895.7129
mpd2020-pib-per-capita-mapa,CHN,2008,8190.1121
mpd2020-pib-per-capita-mapa,CHN,2009,8734.0406
mpd2020-pib-per-capita-mapa,CHN,2010,9658.4186
mpd2020-pib-per-capita-mapa,CHN,2011,10221
mpd2020-pib-per-capita-mapa,CHN,2012,10680
mpd2020-pib-per-capita-mapa,CHN,2013,11328
mpd2020-pib-per-capita-mapa,CHN,2014,11944
mpd2020-pib-per-capita-mapa,CHN,2015,12244
mpd2020-pib-per-capita-mapa,CHN,2016,12569
mpd2020-pib-per-capita-mapa,CHN,2017,12733.9314
mpd2020-pib-per-capita-mapa,CHN,2018,13101.7064
mpd2020-pib-per-capita-mapa,CIV,1887,583.68
mpd2020-pib-per-capita-mapa,CIV,1933,590.72
mpd2020-pib-per-capita-mapa,CIV,1950,1659
mpd2020-pib-per-capita-mapa,CIV,1951,1686
mpd2020-pib-per-capita-mapa,CIV,1952,1714
mpd2020-pib-per-capita-mapa,CIV,1953,1741
mpd2020-pib-per-capita-mapa,CIV,1954,1769
mpd2020-pib-per-capita-mapa,CIV,1955,1796
mpd2020-pib-per-capita-mapa,CIV,1956,1824
mpd2020-pib-per-capita-mapa,CIV,1957,1852
mpd2020-pib-per-capita-mapa,CIV,1958,1879
mpd2020-pib-per-capita-mapa,CIV,1959,1898
mpd2020-pib-per-capita-mapa,CIV,1960,2002
mpd2020-pib-per-capita-mapa,CIV,1961,2114
mpd2020-pib-per-capita-mapa,CIV,1962,2128
mpd2020-pib-per-capita-mapa,CIV,1963,2378
mpd2020-pib-per-capita-mapa,CIV,1964,2691
mpd2020-pib-per-capita-mapa,CIV,1965,2520
mpd2020-pib-per-capita-mapa,CIV,1966,2595
mpd2020-pib-per-capita-mapa,CIV,1967,2509
mpd2020-pib-per-capita-mapa,CIV,1968,2758
mpd2020-pib-per-capita-mapa,CIV,1969,2737
mpd2020-pib-per-capita-mapa,CIV,1970,2882
mpd2020-pib-per-capita-mapa,CIV,1971,2874
mpd2020-pib-per-capita-mapa,CIV,1972,2887
mpd2020-pib-per-capita-mapa,CIV,1973,2974
mpd2020-pib-per-capita-mapa,CIV,1974,2931
mpd2020-pib-per-capita-mapa,CIV,1975,2812
mpd2020-pib-per-capita-mapa,CIV,1976,3017
mpd2020-pib-per-capita-mapa,CIV,1977,3033
mpd2020-pib-per-capita-mapa,CIV,1978,3202
mpd2020-pib-per-capita-mapa,CIV,1979,3139
mpd2020-pib-per-capita-mapa,CIV,1980,3253
mpd2020-pib-per-capita-mapa,CIV,1981,3242
mpd2020-pib-per-capita-mapa,CIV,1982,3131
mpd2020-pib-per-capita-mapa,CIV,1983,2901
mpd2020-pib-per-capita-mapa,CIV,1984,2703
mpd2020-pib-per-capita-mapa,CIV,1985,2735
mpd2020-pib-per-capita-mapa,CIV,1986,2718
mpd2020-pib-per-capita-mapa,CIV,1987,2579
mpd2020-pib-per-capita-mapa,CIV,1988,2444
mpd2020-pib-per-capita-mapa,CIV,1989,2343
mpd2020-pib-per-capita-mapa,CIV,1990,2083
mpd2020-pib-per-capita-mapa,CIV,1991,2036.2988
mpd2020-pib-per-capita-mapa,CIV,1992,2011.5694
mpd2020-pib-per-capita-mapa,CIV,1993,1983.2336
mpd2020-pib-per-capita-mapa,CIV,1994,1951.5408
mpd2020-pib-per-capita-mapa,CIV,1995,2035.1682
mpd2020-pib-per-capita-mapa,CIV,1996,2179.0357
mpd2020-pib-per-capita-mapa,CIV,1997,2288.8086
mpd2020-pib-per-capita-mapa,CIV,1998,2393.499
mpd2020-pib-per-capita-mapa,CIV,1999,2417.4575
mpd2020-pib-per-capita-mapa,CIV,2000,2352.8563
mpd2020-pib-per-capita-mapa,CIV,2001,2342.8275
mpd2020-pib-per-capita-mapa,CIV,2002,2298.4566
mpd2020-pib-per-capita-mapa,CIV,2003,2263.0926
mpd2020-pib-per-capita-mapa,CIV,2004,2280.788
mpd2020-pib-per-capita-mapa,CIV,2005,2312.8426
mpd2020-pib-per-capita-mapa,CIV,2006,2343.9269
mpd2020-pib-per-capita-mapa,CIV,2007,2380.1154
mpd2020-pib-per-capita-mapa,CIV,2008,2435.2705
mpd2020-pib-per-capita-mapa,CIV,2009,2508.8221
mpd2020-pib-per-capita-mapa,CIV,2010,2555.0163
mpd2020-pib-per-capita-mapa,CIV,2011,2444
mpd2020-pib-per-capita-mapa,CIV,2012,2636
mpd2020-pib-per-capita-mapa,CIV,2013,2823
mpd2020-pib-per-capita-mapa,CIV,2014,3011
mpd2020-pib-per-capita-mapa,CIV,2015,3218
mpd2020-pib-per-capita-mapa,CIV,2016,3395
mpd2020-pib-per-capita-mapa,CIV,2017,3558.8382
mpd2020-pib-per-capita-mapa,CIV,2018,3713.6436
mpd2020-pib-per-capita-mapa,CMR,1950,1070
mpd2020-pib-per-capita-mapa,CMR,1951,1095
mpd2020-pib-per-capita-mapa,CMR,1952,1122
mpd2020-pib-per-capita-mapa,CMR,1953,1148
mpd2020-pib-per-capita-mapa,CMR,1954,1175
mpd2020-pib-per-capita-mapa,CMR,1955,1202
mpd2020-pib-per-capita-mapa,CMR,1956,1229
mpd2020-pib-per-capita-mapa,CMR,1957,1256
mpd2020-pib-per-capita-mapa,CMR,1958,1283
mpd2020-pib-per-capita-mapa,CMR,1959,1310
mpd2020-pib-per-capita-mapa,CMR,1960,1326
mpd2020-pib-per-capita-mapa,CMR,1961,1321
mpd2020-pib-per-capita-mapa,CMR,1962,1339
mpd2020-pib-per-capita-mapa,CMR,1963,1366
mpd2020-pib-per-capita-mapa,CMR,1964,1390
mpd2020-pib-per-capita-mapa,CMR,1965,1393
mpd2020-pib-per-capita-mapa,CMR,1966,1431
mpd2020-pib-per-capita-mapa,CMR,1967,1443
mpd2020-pib-per-capita-mapa,CMR,1968,1508
mpd2020-pib-per-capita-mapa,CMR,1969,1551
mpd2020-pib-per-capita-mapa,CMR,1970,1565
mpd2020-pib-per-capita-mapa,CMR,1971,1578
mpd2020-pib-per-capita-mapa,CMR,1972,1612
mpd2020-pib-per-capita-mapa,CMR,1973,1599
mpd2020-pib-per-capita-mapa,CMR,1974,1632
mpd2020-pib-per-capita-mapa,CMR,1975,1677
mpd2020-pib-per-capita-mapa,CMR,1976,1664
mpd2020-pib-per-capita-mapa,CMR,1977,1706
mpd2020-pib-per-capita-mapa,CMR,1978,1744
mpd2020-pib-per-capita-mapa,CMR,1979,1785
mpd2020-pib-per-capita-mapa,CMR,1980,1900
mpd2020-pib-per-capita-mapa,CMR,1981,2153
mpd2020-pib-per-capita-mapa,CMR,1982,2257
mpd2020-pib-per-capita-mapa,CMR,1983,2345
mpd2020-pib-per-capita-mapa,CMR,1984,2450
mpd2020-pib-per-capita-mapa,CMR,1985,2585
mpd2020-pib-per-capita-mapa,CMR,1986,2683
mpd2020-pib-per-capita-mapa,CMR,1987,2471
mpd2020-pib-per-capita-mapa,CMR,1988,2287
mpd2020-pib-per-capita-mapa,CMR,1989,2021
mpd2020-pib-per-capita-mapa,CMR,1990,1930
mpd2020-pib-per-capita-mapa,CMR,1991,1833.3545
mpd2020-pib-per-capita-mapa,CMR,1992,1754.2467
mpd2020-pib-per-capita-mapa,CMR,1993,1677.14
mpd2020-pib-per-capita-mapa,CMR,1994,1615.5973
mpd2020-pib-per-capita-mapa,CMR,1995,1648.6416
mpd2020-pib-per-capita-mapa,CMR,1996,1710.106
mpd2020-pib-per-capita-mapa,CMR,1997,1780.4967
mpd2020-pib-per-capita-mapa,CMR,1998,1847.2189
mpd2020-pib-per-capita-mapa,CMR,1999,1902.266
mpd2020-pib-per-capita-mapa,CMR,2000,1961.0879
mpd2020-pib-per-capita-mapa,CMR,2001,2028.5474
mpd2020-pib-per-capita-mapa,CMR,2002,2084.9206
mpd2020-pib-per-capita-mapa,CMR,2003,2143.98
mpd2020-pib-per-capita-mapa,CMR,2004,2198.236
mpd2020-pib-per-capita-mapa,CMR,2005,2222.9109
mpd2020-pib-per-capita-mapa,CMR,2006,2269.518
mpd2020-pib-per-capita-mapa,CMR,2007,2315.6069
mpd2020-pib-per-capita-mapa,CMR,2008,2352.7995
mpd2020-pib-per-capita-mapa,CMR,2009,2370.1305
mpd2020-pib-per-capita-mapa,CMR,2010,2420.1328
mpd2020-pib-per-capita-mapa,CMR,2011,2494
mpd2020-pib-per-capita-mapa,CMR,2012,2541
mpd2020-pib-per-capita-mapa,CMR,2013,2612
mpd2020-pib-per-capita-mapa,CMR,2014,2696
mpd2020-pib-per-capita-mapa,CMR,2015,2778
mpd2020-pib-per-capita-mapa,CMR,2016,2828
mpd2020-pib-per-capita-mapa,CMR,2017,2850.2726
mpd2020-pib-per-capita-mapa,CMR,2018,2888.0459
mpd2020-pib-per-capita-mapa,COD,1950,909
mpd2020-pib-per-capita-mapa,COD,1951,995
mpd2020-pib-per-capita-mapa,COD,1952,1065
mpd2020-pib-per-capita-mapa,COD,1953,1105
mpd2020-pib-per-capita-mapa,COD,1954,1148
mpd2020-pib-per-capita-mapa,COD,1955,1170
mpd2020-pib-per-capita-mapa,COD,1956,1224
mpd2020-pib-per-capita-mapa,COD,1957,1237
mpd2020-pib-per-capita-mapa,COD,1958,1176
mpd2020-pib-per-capita-mapa,COD,1959,1191
mpd2020-pib-per-capita-mapa,COD,1960,1192
mpd2020-pib-per-capita-mapa,COD,1961,1041
mpd2020-pib-per-capita-mapa,COD,1962,1223
mpd2020-pib-per-capita-mapa,COD,1963,1248
mpd2020-pib-per-capita-mapa,COD,1964,1191
mpd2020-pib-per-capita-mapa,COD,1965,1176
mpd2020-pib-per-capita-mapa,COD,1966,1224
mpd2020-pib-per-capita-mapa,COD,1967,1176
mpd2020-pib-per-capita-mapa,COD,1968,1189
mpd2020-pib-per-capita-mapa,COD,1969,1262
mpd2020-pib-per-capita-mapa,COD,1970,1224
mpd2020-pib-per-capita-mapa,COD,1971,1267
mpd2020-pib-per-capita-mapa,COD,1972,1235
mpd2020-pib-per-capita-mapa,COD,1973,1305
mpd2020-pib-per-capita-mapa,COD,1974,1312
mpd2020-pib-per-capita-mapa,COD,1975,1213
mpd2020-pib-per-capita-mapa,COD,1976,1111
mpd2020-pib-per-capita-mapa,COD,1977,1086
mpd2020-pib-per-capita-mapa,COD,1978,993
mpd2020-pib-per-capita-mapa,COD,1979,961
mpd2020-pib-per-capita-mapa,COD,1980,953
mpd2020-pib-per-capita-mapa,COD,1981,950
mpd2020-pib-per-capita-mapa,COD,1982,920
mpd2020-pib-per-capita-mapa,COD,1983,909
mpd2020-pib-per-capita-mapa,COD,1984,932
mpd2020-pib-per-capita-mapa,COD,1985,909
mpd2020-pib-per-capita-mapa,COD,1986,923
mpd2020-pib-per-capita-mapa,COD,1987,918
mpd2020-pib-per-capita-mapa,COD,1988,894
mpd2020-pib-per-capita-mapa,COD,1989,861
mpd2020-pib-per-capita-mapa,COD,1990,813
mpd2020-pib-per-capita-mapa,COD,1991,737.9345
mpd2020-pib-per-capita-mapa,COD,1992,656.6917
mpd2020-pib-per-capita-mapa,COD,1993,563.7109
mpd2020-pib-per-capita-mapa,COD,1994,525.3887
mpd2020-pib-per-capita-mapa,COD,1995,531.9909
mpd2020-pib-per-capita-mapa,COD,1996,523.8681
mpd2020-pib-per-capita-mapa,COD,1997,489.6422
mpd2020-pib-per-capita-mapa,COD,1998,472.924
mpd2020-pib-per-capita-mapa,COD,1999,452.0044
mpd2020-pib-per-capita-mapa,COD,2000,414.0469
mpd2020-pib-per-capita-mapa,COD,2001,403.6019
mpd2020-pib-per-capita-mapa,COD,2002,413.8252
mpd2020-pib-per-capita-mapa,COD,2003,436.0285
mpd2020-pib-per-capita-mapa,COD,2004,463.997
mpd2020-pib-per-capita-mapa,COD,2005,490.6905
mpd2020-pib-per-capita-mapa,COD,2006,515.2584
mpd2020-pib-per-capita-mapa,COD,2007,546.0368
mpd2020-pib-per-capita-mapa,COD,2008,578.8487
mpd2020-pib-per-capita-mapa,COD,2009,595.0161
mpd2020-pib-per-capita-mapa,COD,2010,637.1298
mpd2020-pib-per-capita-mapa,COD,2011,681
mpd2020-pib-per-capita-mapa,COD,2012,710
mpd2020-pib-per-capita-mapa,COD,2013,751
mpd2020-pib-per-capita-mapa,COD,2014,802
mpd2020-pib-per-capita-mapa,COD,2015,836
mpd2020-pib-per-capita-mapa,COD,2016,836
mpd2020-pib-per-capita-mapa,COD,2017,838.7815
mpd2020-pib-per-capita-mapa,COD,2018,859.3817
mpd2020-pib-per-capita-mapa,COG,1950,1693
mpd2020-pib-per-capita-mapa,COG,1951,1726
mpd2020-pib-per-capita-mapa,COG,1952,1758
mpd2020-pib-per-capita-mapa,COG,1953,1790
mpd2020-pib-per-capita-mapa,COG,1954,1822
mpd2020-pib-per-capita-mapa,COG,1955,1854
mpd2020-pib-per-capita-mapa,COG,1956,1884
mpd2020-pib-per-capita-mapa,COG,1957,1914
mpd2020-pib-per-capita-mapa,COG,1958,1946
mpd2020-pib-per-capita-mapa,COG,1959,1977
mpd2020-pib-per-capita-mapa,COG,1960,1999
mpd2020-pib-per-capita-mapa,COG,1961,2020
mpd2020-pib-per-capita-mapa,COG,1962,2039
mpd2020-pib-per-capita-mapa,COG,1963,2059
mpd2020-pib-per-capita-mapa,COG,1964,2079
mpd2020-pib-per-capita-mapa,COG,1965,2099
mpd2020-pib-per-capita-mapa,COG,1966,2157
mpd2020-pib-per-capita-mapa,COG,1967,2216
mpd2020-pib-per-capita-mapa,COG,1968,2275
mpd2020-pib-per-capita-mapa,COG,1969,2335
mpd2020-pib-per-capita-mapa,COG,1970,2396
mpd2020-pib-per-capita-mapa,COG,1971,2546
mpd2020-pib-per-capita-mapa,COG,1972,2582
mpd2020-pib-per-capita-mapa,COG,1973,2950
mpd2020-pib-per-capita-mapa,COG,1974,2848
mpd2020-pib-per-capita-mapa,COG,1975,2745
mpd2020-pib-per-capita-mapa,COG,1976,2794
mpd2020-pib-per-capita-mapa,COG,1977,2517
mpd2020-pib-per-capita-mapa,COG,1978,2595
mpd2020-pib-per-capita-mapa,COG,1979,2807
mpd2020-pib-per-capita-mapa,COG,1980,3075
mpd2020-pib-per-capita-mapa,COG,1981,3625
mpd2020-pib-per-capita-mapa,COG,1982,4355
mpd2020-pib-per-capita-mapa,COG,1983,4473
mpd2020-pib-per-capita-mapa,COG,1984,4664
mpd2020-pib-per-capita-mapa,COG,1985,4484
mpd2020-pib-per-capita-mapa,COG,1986,4058
mpd2020-pib-per-capita-mapa,COG,1987,3953
mpd2020-pib-per-capita-mapa,COG,1988,3908
mpd2020-pib-per-capita-mapa,COG,1989,3865
mpd2020-pib-per-capita-mapa,COG,1990,3794
mpd2020-pib-per-capita-mapa,COG,1991,3862.5743
mpd2020-pib-per-capita-mapa,COG,1992,3940.9717
mpd2020-pib-per-capita-mapa,COG,1993,3874.1698
mpd2020-pib-per-capita-mapa,COG,1994,3635.9892
mpd2020-pib-per-capita-mapa,COG,1995,3763.5958
mpd2020-pib-per-capita-mapa,COG,1996,3988.8773
mpd2020-pib-per-capita-mapa,COG,1997,3899.7627
mpd2020-pib-per-capita-mapa,COG,1998,4042.7783
mpd2020-pib-per-capita-mapa,COG,1999,3925.6864
mpd2020-pib-per-capita-mapa,COG,2000,4159.2227
mpd2020-pib-per-capita-mapa,COG,2001,4256.6554
mpd2020-pib-per-capita-mapa,COG,2002,4458.6342
mpd2020-pib-per-capita-mapa,COG,2003,4467.904
mpd2020-pib-per-capita-mapa,COG,2004,4560.5125
mpd2020-pib-per-capita-mapa,COG,2005,4820.7073
mpd2020-pib-per-capita-mapa,COG,2006,5016.0576
mpd2020-pib-per-capita-mapa,COG,2007,4844.9702
mpd2020-pib-per-capita-mapa,COG,2008,5081.1316
mpd2020-pib-per-capita-mapa,COG,2009,5379.0042
mpd2020-pib-per-capita-mapa,COG,2010,5738.163
mpd2020-pib-per-capita-mapa,COG,2011,5875
mpd2020-pib-per-capita-mapa,COG,2012,5949
mpd2020-pib-per-capita-mapa,COG,2013,6031
mpd2020-pib-per-capita-mapa,COG,2014,6321
mpd2020-pib-per-capita-mapa,COG,2015,6272
mpd2020-pib-per-capita-mapa,COG,2016,5974
mpd2020-pib-per-capita-mapa,COG,2017,5747.0252
mpd2020-pib-per-capita-mapa,COG,2018,5714.5917
mpd2020-pib-per-capita-mapa,COL,1820,850
mpd2020-pib-per-capita-mapa,COL,1850,784
mpd2020-pib-per-capita-mapa,COL,1860,913
mpd2020-pib-per-capita-mapa,COL,1870,1078
mpd2020-pib-per-capita-mapa,COL,1871,1082
mpd2020-pib-per-capita-mapa,COL,1872,1089
mpd2020-pib-per-capita-mapa,COL,1873,1093
mpd2020-pib-per-capita-mapa,COL,1874,1100
mpd2020-pib-per-capita-mapa,COL,1875,1105
mpd2020-pib-per-capita-mapa,COL,1876,1111
mpd2020-pib-per-capita-mapa,COL,1877,1116
mpd2020-pib-per-capita-mapa,COL,1878,1122
mpd2020-pib-per-capita-mapa,COL,1879,1127
mpd2020-pib-per-capita-mapa,COL,1880,1133
mpd2020-pib-per-capita-mapa,COL,1881,1138
mpd2020-pib-per-capita-mapa,COL,1882,1144
mpd2020-pib-per-capita-mapa,COL,1883,1149
mpd2020-pib-per-capita-mapa,COL,1884,1156
mpd2020-pib-per-capita-mapa,COL,1885,1162
mpd2020-pib-per-capita-mapa,COL,1886,1167
mpd2020-pib-per-capita-mapa,COL,1887,1160
mpd2020-pib-per-capita-mapa,COL,1888,1156
mpd2020-pib-per-capita-mapa,COL,1889,1149
mpd2020-pib-per-capita-mapa,COL,1890,1144
mpd2020-pib-per-capita-mapa,COL,1891,1138
mpd2020-pib-per-capita-mapa,COL,1892,1132
mpd2020-pib-per-capita-mapa,COL,1893,1127
mpd2020-pib-per-capita-mapa,COL,1894,1121
mpd2020-pib-per-capita-mapa,COL,1895,1116
mpd2020-pib-per-capita-mapa,COL,1896,1109
mpd2020-pib-per-capita-mapa,COL,1897,1105
mpd2020-pib-per-capita-mapa,COL,1898,1098
mpd2020-pib-per-capita-mapa,COL,1899,1093
mpd2020-pib-per-capita-mapa,COL,1900,1089
mpd2020-pib-per-capita-mapa,COL,1901,1082
mpd2020-pib-per-capita-mapa,COL,1902,1078
mpd2020-pib-per-capita-mapa,COL,1903,1071
mpd2020-pib-per-capita-mapa,COL,1904,1066
mpd2020-pib-per-capita-mapa,COL,1905,1062
mpd2020-pib-per-capita-mapa,COL,1906,1070
mpd2020-pib-per-capita-mapa,COL,1907,1119
mpd2020-pib-per-capita-mapa,COL,1908,1160
mpd2020-pib-per-capita-mapa,COL,1909,1197
mpd2020-pib-per-capita-mapa,COL,1910,1242
mpd2020-pib-per-capita-mapa,COL,1911,1278
mpd2020-pib-per-capita-mapa,COL,1912,1317
mpd2020-pib-per-capita-mapa,COL,1913,1347
mpd2020-pib-per-capita-mapa,COL,1914,1372
mpd2020-pib-per-capita-mapa,COL,1915,1407
mpd2020-pib-per-capita-mapa,COL,1916,1452
mpd2020-pib-per-capita-mapa,COL,1917,1482
mpd2020-pib-per-capita-mapa,COL,1918,1535
mpd2020-pib-per-capita-mapa,COL,1919,1629
mpd2020-pib-per-capita-mapa,COL,1920,1707
mpd2020-pib-per-capita-mapa,COL,1921,1769
mpd2020-pib-per-capita-mapa,COL,1922,1851
mpd2020-pib-per-capita-mapa,COL,1923,1930
mpd2020-pib-per-capita-mapa,COL,1924,2000
mpd2020-pib-per-capita-mapa,COL,1925,2000
mpd2020-pib-per-capita-mapa,COL,1926,2136
mpd2020-pib-per-capita-mapa,COL,1927,2270
mpd2020-pib-per-capita-mapa,COL,1928,2375
mpd2020-pib-per-capita-mapa,COL,1929,2399
mpd2020-pib-per-capita-mapa,COL,1930,2350
mpd2020-pib-per-capita-mapa,COL,1931,2308
mpd2020-pib-per-capita-mapa,COL,1932,2409
mpd2020-pib-per-capita-mapa,COL,1933,2514
mpd2020-pib-per-capita-mapa,COL,1934,2432
mpd2020-pib-per-capita-mapa,COL,1935,2673
mpd2020-pib-per-capita-mapa,COL,1936,2780
mpd2020-pib-per-capita-mapa,COL,1937,2791
mpd2020-pib-per-capita-mapa,COL,1938,2938
mpd2020-pib-per-capita-mapa,COL,1939,3037
mpd2020-pib-per-capita-mapa,COL,1940,3021
mpd2020-pib-per-capita-mapa,COL,1941,2992
mpd2020-pib-per-capita-mapa,COL,1942,2920
mpd2020-pib-per-capita-mapa,COL,1943,2856
mpd2020-pib-per-capita-mapa,COL,1944,2970
mpd2020-pib-per-capita-mapa,COL,1945,3027
mpd2020-pib-per-capita-mapa,COL,1946,3215
mpd2020-pib-per-capita-mapa,COL,1947,3255
mpd2020-pib-per-capita-mapa,COL,1948,3268
mpd2020-pib-per-capita-mapa,COL,1949,3359
mpd2020-pib-per-capita-mapa,COL,1950,3432
mpd2020-pib-per-capita-mapa,COL,1951,3427
mpd2020-pib-per-capita-mapa,COL,1952,3529
mpd2020-pib-per-capita-mapa,COL,1953,3629
mpd2020-pib-per-capita-mapa,COL,1954,3759
mpd2020-pib-per-capita-mapa,COL,1955,3783
mpd2020-pib-per-capita-mapa,COL,1956,3811
mpd2020-pib-per-capita-mapa,COL,1957,3826
mpd2020-pib-per-capita-mapa,COL,1958,3798
mpd2020-pib-per-capita-mapa,COL,1959,3942
mpd2020-pib-per-capita-mapa,COL,1960,3980
mpd2020-pib-per-capita-mapa,COL,1961,4049
mpd2020-pib-per-capita-mapa,COL,1962,4135
mpd2020-pib-per-capita-mapa,COL,1963,4140
mpd2020-pib-per-capita-mapa,COL,1964,4264
mpd2020-pib-per-capita-mapa,COL,1965,4286
mpd2020-pib-per-capita-mapa,COL,1966,4383
mpd2020-pib-per-capita-mapa,COL,1967,4438
mpd2020-pib-per-capita-mapa,COL,1968,4581
mpd2020-pib-per-capita-mapa,COL,1969,4744
mpd2020-pib-per-capita-mapa,COL,1970,4932
mpd2020-pib-per-capita-mapa,COL,1971,5091
mpd2020-pib-per-capita-mapa,COL,1972,5348
mpd2020-pib-per-capita-mapa,COL,1973,5577
mpd2020-pib-per-capita-mapa,COL,1974,5767
mpd2020-pib-per-capita-mapa,COL,1975,5772
mpd2020-pib-per-capita-mapa,COL,1976,5918
mpd2020-pib-per-capita-mapa,COL,1977,6046
mpd2020-pib-per-capita-mapa,COL,1978,6443
mpd2020-pib-per-capita-mapa,COL,1979,6658
mpd2020-pib-per-capita-mapa,COL,1980,6786
mpd2020-pib-per-capita-mapa,COL,1981,6782
mpd2020-pib-per-capita-mapa,COL,1982,6698
mpd2020-pib-per-capita-mapa,COL,1983,6655
mpd2020-pib-per-capita-mapa,COL,1984,6741
mpd2020-pib-per-capita-mapa,COL,1985,6809
mpd2020-pib-per-capita-mapa,COL,1986,7071
mpd2020-pib-per-capita-mapa,COL,1987,7296
mpd2020-pib-per-capita-mapa,COL,1988,7442
mpd2020-pib-per-capita-mapa,COL,1989,7533
mpd2020-pib-per-capita-mapa,COL,1990,7693
mpd2020-pib-per-capita-mapa,COL,1991,7713.022
mpd2020-pib-per-capita-mapa,COL,1992,7888.1055
mpd2020-pib-per-capita-mapa,COL,1993,8180.8705
mpd2020-pib-per-capita-mapa,COL,1994,8447.8572
mpd2020-pib-per-capita-mapa,COL,1995,8735.8833
mpd2020-pib-per-capita-mapa,COL,1996,8770.5832
mpd2020-pib-per-capita-mapa,COL,1997,8952.473
mpd2020-pib-per-capita-mapa,COL,1998,8863.2614
mpd2020-pib-per-capita-mapa,COL,1999,8382.1399
mpd2020-pib-per-capita-mapa,COL,2000,8496.7919
mpd2020-pib-per-capita-mapa,COL,2001,8528.0335
mpd2020-pib-per-capita-mapa,COL,2002,8630.5424
mpd2020-pib-per-capita-mapa,COL,2003,8855.2174
mpd2020-pib-per-capita-mapa,COL,2004,9211.2791
mpd2020-pib-per-capita-mapa,COL,2005,9524.7227
mpd2020-pib-per-capita-mapa,COL,2006,10039.6831
mpd2020-pib-per-capita-mapa,COL,2007,10602.3049
mpd2020-pib-per-capita-mapa,COL,2008,10846.7377
mpd2020-pib-per-capita-mapa,COL,2009,10894.1023
mpd2020-pib-per-capita-mapa,COL,2010,11191.6864
mpd2020-pib-per-capita-mapa,COL,2011,11788
mpd2020-pib-per-capita-mapa,COL,2012,12123
mpd2020-pib-per-capita-mapa,COL,2013,12568
mpd2020-pib-per-capita-mapa,COL,2014,12972
mpd2020-pib-per-capita-mapa,COL,2015,13218
mpd2020-pib-per-capita-mapa,COL,2016,13326
mpd2020-pib-per-capita-mapa,COL,2017,13358.0323
mpd2020-pib-per-capita-mapa,COL,2018,13545.0495
mpd2020-pib-per-capita-mapa,COM,1950,534
mpd2020-pib-per-capita-mapa,COM,1951,553
mpd2020-pib-per-capita-mapa,COM,1952,559
mpd2020-pib-per-capita-mapa,COM,1953,571
mpd2020-pib-per-capita-mapa,COM,1954,590
mpd2020-pib-per-capita-mapa,COM,1955,596
mpd2020-pib-per-capita-mapa,COM,1956,606
mpd2020-pib-per-capita-mapa,COM,1957,615
mpd2020-pib-per-capita-mapa,COM,1958,618
mpd2020-pib-per-capita-mapa,COM,1959,639
mpd2020-pib-per-capita-mapa,COM,1960,679
mpd2020-pib-per-capita-mapa,COM,1961,671
mpd2020-pib-per-capita-mapa,COM,1962,714
mpd2020-pib-per-capita-mapa,COM,1963,846
mpd2020-pib-per-capita-mapa,COM,1964,888
mpd2020-pib-per-capita-mapa,COM,1965,870
mpd2020-pib-per-capita-mapa,COM,1966,937
mpd2020-pib-per-capita-mapa,COM,1967,952
mpd2020-pib-per-capita-mapa,COM,1968,928
mpd2020-pib-per-capita-mapa,COM,1969,918
mpd2020-pib-per-capita-mapa,COM,1970,961
mpd2020-pib-per-capita-mapa,COM,1971,974
mpd2020-pib-per-capita-mapa,COM,1972,966
mpd2020-pib-per-capita-mapa,COM,1973,1006
mpd2020-pib-per-capita-mapa,COM,1974,1004
mpd2020-pib-per-capita-mapa,COM,1975,1038
mpd2020-pib-per-capita-mapa,COM,1976,1009
mpd2020-pib-per-capita-mapa,COM,1977,966
mpd2020-pib-per-capita-mapa,COM,1978,964
mpd2020-pib-per-capita-mapa,COM,1979,1023
mpd2020-pib-per-capita-mapa,COM,1980,1065
mpd2020-pib-per-capita-mapa,COM,1981,1081
mpd2020-pib-per-capita-mapa,COM,1982,1124
mpd2020-pib-per-capita-mapa,COM,1983,1149
mpd2020-pib-per-capita-mapa,COM,1984,1168
mpd2020-pib-per-capita-mapa,COM,1985,1162
mpd2020-pib-per-capita-mapa,COM,1986,1157
mpd2020-pib-per-capita-mapa,COM,1987,1149
mpd2020-pib-per-capita-mapa,COM,1988,1152
mpd2020-pib-per-capita-mapa,COM,1989,1108
mpd2020-pib-per-capita-mapa,COM,1990,1092
mpd2020-pib-per-capita-mapa,COM,1991,1101.0036
mpd2020-pib-per-capita-mapa,COM,1992,1185.5141
mpd2020-pib-per-capita-mapa,COM,1993,1210.6353
mpd2020-pib-per-capita-mapa,COM,1994,1136.7435
mpd2020-pib-per-capita-mapa,COM,1995,1166.9368
mpd2020-pib-per-capita-mapa,COM,1996,1141.6016
mpd2020-pib-per-capita-mapa,COM,1997,1177.5825
mpd2020-pib-per-capita-mapa,COM,1998,1179.8441
mpd2020-pib-per-capita-mapa,COM,1999,1189.2567
mpd2020-pib-per-capita-mapa,COM,2000,1204.4024
mpd2020-pib-per-capita-mapa,COM,2001,1217.4992
mpd2020-pib-per-capita-mapa,COM,2002,1229.8559
mpd2020-pib-per-capita-mapa,COM,2003,1240.0513
mpd2020-pib-per-capita-mapa,COM,2004,1247.2749
mpd2020-pib-per-capita-mapa,COM,2005,1265.6867
mpd2020-pib-per-capita-mapa,COM,2006,1388.0026
mpd2020-pib-per-capita-mapa,COM,2007,1382.5391
mpd2020-pib-per-capita-mapa,COM,2008,1419.3671
mpd2020-pib-per-capita-mapa,COM,2009,1455.2823
mpd2020-pib-per-capita-mapa,COM,2010,1432.5624
mpd2020-pib-per-capita-mapa,COM,2011,1479
mpd2020-pib-per-capita-mapa,COM,2012,1509
mpd2020-pib-per-capita-mapa,COM,2013,1619
mpd2020-pib-per-capita-mapa,COM,2014,1647
mpd2020-pib-per-capita-mapa,COM,2015,1696
mpd2020-pib-per-capita-mapa,COM,2016,1702
mpd2020-pib-per-capita-mapa,COM,2017,1712.8394
mpd2020-pib-per-capita-mapa,COM,2018,1724.4206
mpd2020-pib-per-capita-mapa,CPV,1950,1006
mpd2020-pib-per-capita-mapa,CPV,1951,1019
mpd2020-pib-per-capita-mapa,CPV,1952,1031
mpd2020-pib-per-capita-mapa,CPV,1953,1044
mpd2020-pib-per-capita-mapa,CPV,1954,1030
mpd2020-pib-per-capita-mapa,CPV,1955,1034
mpd2020-pib-per-capita-mapa,CPV,1956,1047
mpd2020-pib-per-capita-mapa,CPV,1957,1012
mpd2020-pib-per-capita-mapa,CPV,1958,1004
mpd2020-pib-per-capita-mapa,CPV,1959,1087
mpd2020-pib-per-capita-mapa,CPV,1960,1135
mpd2020-pib-per-capita-mapa,CPV,1961,1173
mpd2020-pib-per-capita-mapa,CPV,1962,1207
mpd2020-pib-per-capita-mapa,CPV,1963,1237
mpd2020-pib-per-capita-mapa,CPV,1964,1262
mpd2020-pib-per-capita-mapa,CPV,1965,1286
mpd2020-pib-per-capita-mapa,CPV,1966,1309
mpd2020-pib-per-capita-mapa,CPV,1967,1328
mpd2020-pib-per-capita-mapa,CPV,1968,1347
mpd2020-pib-per-capita-mapa,CPV,1969,1366
mpd2020-pib-per-capita-mapa,CPV,1970,1385
mpd2020-pib-per-capita-mapa,CPV,1971,1435
mpd2020-pib-per-capita-mapa,CPV,1972,1457
mpd2020-pib-per-capita-mapa,CPV,1973,1470
mpd2020-pib-per-capita-mapa,CPV,1974,1497
mpd2020-pib-per-capita-mapa,CPV,1975,1237
mpd2020-pib-per-capita-mapa,CPV,1976,1251
mpd2020-pib-per-capita-mapa,CPV,1977,1176
mpd2020-pib-per-capita-mapa,CPV,1978,1275
mpd2020-pib-per-capita-mapa,CPV,1979,1301
mpd2020-pib-per-capita-mapa,CPV,1980,1352
mpd2020-pib-per-capita-mapa,CPV,1981,1447
mpd2020-pib-per-capita-mapa,CPV,1982,1470
mpd2020-pib-per-capita-mapa,CPV,1983,1588
mpd2020-pib-per-capita-mapa,CPV,1984,1626
mpd2020-pib-per-capita-mapa,CPV,1985,1742
mpd2020-pib-per-capita-mapa,CPV,1986,1766
mpd2020-pib-per-capita-mapa,CPV,1987,1817
mpd2020-pib-per-capita-mapa,CPV,1988,1898
mpd2020-pib-per-capita-mapa,CPV,1989,1980
mpd2020-pib-per-capita-mapa,CPV,1990,1965
mpd2020-pib-per-capita-mapa,CPV,1991,1988.3073
mpd2020-pib-per-capita-mapa,CPV,1992,2029.596
mpd2020-pib-per-capita-mapa,CPV,1993,2159.2202
mpd2020-pib-per-capita-mapa,CPV,1994,2291.0803
mpd2020-pib-per-capita-mapa,CPV,1995,2444.9032
mpd2020-pib-per-capita-mapa,CPV,1996,2594.0997
mpd2020-pib-per-capita-mapa,CPV,1997,2777.4651
mpd2020-pib-per-capita-mapa,CPV,1998,2999.6245
mpd2020-pib-per-capita-mapa,CPV,1999,3346.8799
mpd2020-pib-per-capita-mapa,CPV,2000,3583.5868
mpd2020-pib-per-capita-mapa,CPV,2001,3799.0326
mpd2020-pib-per-capita-mapa,CPV,2002,3998.2617
mpd2020-pib-per-capita-mapa,CPV,2003,4185.4891
mpd2020-pib-per-capita-mapa,CPV,2004,4368.0548
mpd2020-pib-per-capita-mapa,CPV,2005,4659.3962
mpd2020-pib-per-capita-mapa,CPV,2006,5140.8706
mpd2020-pib-per-capita-mapa,CPV,2007,5597.8503
mpd2020-pib-per-capita-mapa,CPV,2008,5985.1068
mpd2020-pib-per-capita-mapa,CPV,2009,5926.5065
mpd2020-pib-per-capita-mapa,CPV,2010,6033.7202
mpd2020-pib-per-capita-mapa,CPV,2011,6295
mpd2020-pib-per-capita-mapa,CPV,2012,6273
mpd2020-pib-per-capita-mapa,CPV,2013,6234
mpd2020-pib-per-capita-mapa,CPV,2014,6262
mpd2020-pib-per-capita-mapa,CPV,2015,6266
mpd2020-pib-per-capita-mapa,CPV,2016,6418
mpd2020-pib-per-capita-mapa,CPV,2017,6576.9429
mpd2020-pib-per-capita-mapa,CPV,2018,6831.216
mpd2020-pib-per-capita-mapa,CRI,1920,2589
mpd2020-pib-per-capita-mapa,CRI,1921,2475
mpd2020-pib-per-capita-mapa,CRI,1922,2695
mpd2020-pib-per-capita-mapa,CRI,1923,2434
mpd2020-pib-per-capita-mapa,CRI,1924,2724
mpd2020-pib-per-capita-mapa,CRI,1925,2654
mpd2020-pib-per-capita-mapa,CRI,1926,2872
mpd2020-pib-per-capita-mapa,CRI,1927,2608
mpd2020-pib-per-capita-mapa,CRI,1928,2686
mpd2020-pib-per-capita-mapa,CRI,1929,2522
mpd2020-pib-per-capita-mapa,CRI,1930,2592
mpd2020-pib-per-capita-mapa,CRI,1931,2511
mpd2020-pib-per-capita-mapa,CRI,1932,2265
mpd2020-pib-per-capita-mapa,CRI,1933,2646
mpd2020-pib-per-capita-mapa,CRI,1934,2291
mpd2020-pib-per-capita-mapa,CRI,1935,2434
mpd2020-pib-per-capita-mapa,CRI,1936,2550
mpd2020-pib-per-capita-mapa,CRI,1937,2872
mpd2020-pib-per-capita-mapa,CRI,1938,2990
mpd2020-pib-per-capita-mapa,CRI,1939,2976
mpd2020-pib-per-capita-mapa,CRI,1940,2810
mpd2020-pib-per-capita-mapa,CRI,1941,3097
mpd2020-pib-per-capita-mapa,CRI,1942,2691
mpd2020-pib-per-capita-mapa,CRI,1943,2644
mpd2020-pib-per-capita-mapa,CRI,1944,2326
mpd2020-pib-per-capita-mapa,CRI,1945,2573
mpd2020-pib-per-capita-mapa,CRI,1946,2804
mpd2020-pib-per-capita-mapa,CRI,1947,3245
mpd2020-pib-per-capita-mapa,CRI,1948,3339
mpd2020-pib-per-capita-mapa,CRI,1949,3384
mpd2020-pib-per-capita-mapa,CRI,1950,3129
mpd2020-pib-per-capita-mapa,CRI,1951,3110
mpd2020-pib-per-capita-mapa,CRI,1952,3370
mpd2020-pib-per-capita-mapa,CRI,1953,3751
mpd2020-pib-per-capita-mapa,CRI,1954,3649
mpd2020-pib-per-capita-mapa,CRI,1955,3921
mpd2020-pib-per-capita-mapa,CRI,1956,3668
mpd2020-pib-per-capita-mapa,CRI,1957,3835
mpd2020-pib-per-capita-mapa,CRI,1958,4152
mpd2020-pib-per-capita-mapa,CRI,1959,4141
mpd2020-pib-per-capita-mapa,CRI,1960,4328
mpd2020-pib-per-capita-mapa,CRI,1961,4340
mpd2020-pib-per-capita-mapa,CRI,1962,4439
mpd2020-pib-per-capita-mapa,CRI,1963,4653
mpd2020-pib-per-capita-mapa,CRI,1964,4720
mpd2020-pib-per-capita-mapa,CRI,1965,4983
mpd2020-pib-per-capita-mapa,CRI,1966,5193
mpd2020-pib-per-capita-mapa,CRI,1967,5338
mpd2020-pib-per-capita-mapa,CRI,1968,5574
mpd2020-pib-per-capita-mapa,CRI,1969,5773
mpd2020-pib-per-capita-mapa,CRI,1970,5984
mpd2020-pib-per-capita-mapa,CRI,1971,6199
mpd2020-pib-per-capita-mapa,CRI,1972,6564
mpd2020-pib-per-capita-mapa,CRI,1973,6884
mpd2020-pib-per-capita-mapa,CRI,1974,7061
mpd2020-pib-per-capita-mapa,CRI,1975,7007
mpd2020-pib-per-capita-mapa,CRI,1976,7182
mpd2020-pib-per-capita-mapa,CRI,1977,7602
mpd2020-pib-per-capita-mapa,CRI,1978,7763
mpd2020-pib-per-capita-mapa,CRI,1979,7905
mpd2020-pib-per-capita-mapa,CRI,1980,7828
mpd2020-pib-per-capita-mapa,CRI,1981,7461
mpd2020-pib-per-capita-mapa,CRI,1982,6751
mpd2020-pib-per-capita-mapa,CRI,1983,6743
mpd2020-pib-per-capita-mapa,CRI,1984,7065
mpd2020-pib-per-capita-mapa,CRI,1985,6918
mpd2020-pib-per-capita-mapa,CRI,1986,7087
mpd2020-pib-per-capita-mapa,CRI,1987,7221
mpd2020-pib-per-capita-mapa,CRI,1988,7270
mpd2020-pib-per-capita-mapa,CRI,1989,7489
mpd2020-pib-per-capita-mapa,CRI,1990,7567
mpd2020-pib-per-capita-mapa,CRI,1991,7552.3622
mpd2020-pib-per-capita-mapa,CRI,1992,8038.7678
mpd2020-pib-per-capita-mapa,CRI,1993,8363.483
mpd2020-pib-per-capita-mapa,CRI,1994,8479.5687
mpd2020-pib-per-capita-mapa,CRI,1995,8576.4224
mpd2020-pib-per-capita-mapa,CRI,1996,8446.7812
mpd2020-pib-per-capita-mapa,CRI,1997,8683.9485
mpd2020-pib-per-capita-mapa,CRI,1998,9053.8516
mpd2020-pib-per-capita-mapa,CRI,1999,9183.895
mpd2020-pib-per-capita-mapa,CRI,2000,9319.7662
mpd2020-pib-per-capita-mapa,CRI,2001,9451.6153
mpd2020-pib-per-capita-mapa,CRI,2002,9591.5533
mpd2020-pib-per-capita-mapa,CRI,2003,9831.2496
mpd2020-pib-per-capita-mapa,CRI,2004,10086.7837
mpd2020-pib-per-capita-mapa,CRI,2005,10308.3741
mpd2020-pib-per-capita-mapa,CRI,2006,10880.4767
mpd2020-pib-per-capita-mapa,CRI,2007,11584.6767
mpd2020-pib-per-capita-mapa,CRI,2008,11935.1578
mpd2020-pib-per-capita-mapa,CRI,2009,11638.0019
mpd2020-pib-per-capita-mapa,CRI,2010,12031.5709
mpd2020-pib-per-capita-mapa,CRI,2011,12366
mpd2020-pib-per-capita-mapa,CRI,2012,12792
mpd2020-pib-per-capita-mapa,CRI,2013,12916
mpd2020-pib-per-capita-mapa,CRI,2014,13222
mpd2020-pib-per-capita-mapa,CRI,2015,13677
mpd2020-pib-per-capita-mapa,CRI,2016,14098
mpd2020-pib-per-capita-mapa,CRI,2017,14470.7773
mpd2020-pib-per-capita-mapa,CRI,2018,14686.2539
mpd2020-pib-per-capita-mapa,CSK,1820,1353
mpd2020-pib-per-capita-mapa,CSK,1850,1720
mpd2020-pib-per-capita-mapa,CSK,1870,1855
mpd2020-pib-per-capita-mapa,CSK,1890,2399
mpd2020-pib-per-capita-mapa,CSK,1900,2756
mpd2020-pib-per-capita-mapa,CSK,1910,3174
mpd2020-pib-per-capita-mapa,CSK,1913,3341
mpd2020-pib-per-capita-mapa,CSK,1920,3081
mpd2020-pib-per-capita-mapa,CSK,1921,3323
mpd2020-pib-per-capita-mapa,CSK,1922,3198
mpd2020-pib-per-capita-mapa,CSK,1923,3429
mpd2020-pib-per-capita-mapa,CSK,1924,3751
mpd2020-pib-per-capita-mapa,CSK,1925,4154
mpd2020-pib-per-capita-mapa,CSK,1926,4105
mpd2020-pib-per-capita-mapa,CSK,1927,4387
mpd2020-pib-per-capita-mapa,CSK,1928,4745
mpd2020-pib-per-capita-mapa,CSK,1929,4849
mpd2020-pib-per-capita-mapa,CSK,1930,4664
mpd2020-pib-per-capita-mapa,CSK,1931,4477
mpd2020-pib-per-capita-mapa,CSK,1932,4272
mpd2020-pib-per-capita-mapa,CSK,1933,4068
mpd2020-pib-per-capita-mapa,CSK,1934,3894
mpd2020-pib-per-capita-mapa,CSK,1935,3841
mpd2020-pib-per-capita-mapa,CSK,1936,4143
mpd2020-pib-per-capita-mapa,CSK,1937,4594
mpd2020-pib-per-capita-mapa,CSK,1948,4922
mpd2020-pib-per-capita-mapa,CSK,1949,5195
mpd2020-pib-per-capita-mapa,CSK,1950,5581
mpd2020-pib-per-capita-mapa,CSK,1951,5617
mpd2020-pib-per-capita-mapa,CSK,1952,5735
mpd2020-pib-per-capita-mapa,CSK,1953,5649
mpd2020-pib-per-capita-mapa,CSK,1954,5821
mpd2020-pib-per-capita-mapa,CSK,1955,6252
mpd2020-pib-per-capita-mapa,CSK,1956,6551
mpd2020-pib-per-capita-mapa,CSK,1957,6886
mpd2020-pib-per-capita-mapa,CSK,1958,7348
mpd2020-pib-per-capita-mapa,CSK,1959,7619
mpd2020-pib-per-capita-mapa,CSK,1960,8142
mpd2020-pib-per-capita-mapa,CSK,1961,8389
mpd2020-pib-per-capita-mapa,CSK,1962,8454
mpd2020-pib-per-capita-mapa,CSK,1963,8241
mpd2020-pib-per-capita-mapa,CSK,1964,8563
mpd2020-pib-per-capita-mapa,CSK,1965,8820
mpd2020-pib-per-capita-mapa,CSK,1966,9151
mpd2020-pib-per-capita-mapa,CSK,1967,9507
mpd2020-pib-per-capita-mapa,CSK,1968,9919
mpd2020-pib-per-capita-mapa,CSK,1969,10128
mpd2020-pib-per-capita-mapa,CSK,1970,10307
mpd2020-pib-per-capita-mapa,CSK,1971,10613
mpd2020-pib-per-capita-mapa,CSK,1972,10932
mpd2020-pib-per-capita-mapa,CSK,1973,11223
mpd2020-pib-per-capita-mapa,CSK,1974,11545
mpd2020-pib-per-capita-mapa,CSK,1975,11794
mpd2020-pib-per-capita-mapa,CSK,1976,11893
mpd2020-pib-per-capita-mapa,CSK,1977,12344
mpd2020-pib-per-capita-mapa,CSK,1978,12411
mpd2020-pib-per-capita-mapa,CSK,1979,12439
mpd2020-pib-per-capita-mapa,CSK,1980,12723
mpd2020-pib-per-capita-mapa,CSK,1981,12612
mpd2020-pib-per-capita-mapa,CSK,1982,12824
mpd2020-pib-per-capita-mapa,CSK,1983,12986
mpd2020-pib-per-capita-mapa,CSK,1984,13260
mpd2020-pib-per-capita-mapa,CSK,1985,13337
mpd2020-pib-per-capita-mapa,CSK,1986,13560
mpd2020-pib-per-capita-mapa,CSK,1987,13603
mpd2020-pib-per-capita-mapa,CSK,1988,13882
mpd2020-pib-per-capita-mapa,CSK,1989,13976
mpd2020-pib-per-capita-mapa,CSK,1990,13570
mpd2020-pib-per-capita-mapa,CSK,1991,11949.6328
mpd2020-pib-per-capita-mapa,CSK,1992,11742.9292
mpd2020-pib-per-capita-mapa,CSK,1993,11879.8085
mpd2020-pib-per-capita-mapa,CSK,1994,12358.111
mpd2020-pib-per-capita-mapa,CSK,1995,13181.2916
mpd2020-pib-per-capita-mapa,CSK,1996,13981.7828
mpd2020-pib-per-capita-mapa,CSK,1997,14199.4082
mpd2020-pib-per-capita-mapa,CSK,1998,14485.9278
mpd2020-pib-per-capita-mapa,CSK,1999,14769.3998
mpd2020-pib-per-capita-mapa,CSK,2000,15378.2064
mpd2020-pib-per-capita-mapa,CSK,2001,15999.6404
mpd2020-pib-per-capita-mapa,CSK,2002,16595.3988
mpd2020-pib-per-capita-mapa,CSK,2003,17407.0739
mpd2020-pib-per-capita-mapa,CSK,2004,18389.2277
mpd2020-pib-per-capita-mapa,CSK,2005,19774.0612
mpd2020-pib-per-capita-mapa,CSK,2006,21409.4276
mpd2020-pib-per-capita-mapa,CSK,2007,23146.2075
mpd2020-pib-per-capita-mapa,CSK,2008,24256.8832
mpd2020-pib-per-capita-mapa,CSK,2009,23659.4751
mpd2020-pib-per-capita-mapa,CSK,2010,24573.3095
mpd2020-pib-per-capita-mapa,CSK,2011,25289
mpd2020-pib-per-capita-mapa,CSK,2012,25279
mpd2020-pib-per-capita-mapa,CSK,2013,25329
mpd2020-pib-per-capita-mapa,CSK,2014,25976
mpd2020-pib-per-capita-mapa,CSK,2015,27041
mpd2020-pib-per-capita-mapa,CSK,2016,27738
mpd2020-pib-per-capita-mapa,CSK,2017,28773.3313
mpd2020-pib-per-capita-mapa,CSK,2018,29600.5982
mpd2020-pib-per-capita-mapa,CUB,1829,787
mpd2020-pib-per-capita-mapa,CUB,1844,799
mpd2020-pib-per-capita-mapa,CUB,1850,888
mpd2020-pib-per-capita-mapa,CUB,1862,1068
mpd2020-pib-per-capita-mapa,CUB,1881,1267
mpd2020-pib-per-capita-mapa,CUB,1892,1737
mpd2020-pib-per-capita-mapa,CUB,1902,1680
mpd2020-pib-per-capita-mapa,CUB,1903,1758
mpd2020-pib-per-capita-mapa,CUB,1904,1809
mpd2020-pib-per-capita-mapa,CUB,1905,1887
mpd2020-pib-per-capita-mapa,CUB,1906,1913
mpd2020-pib-per-capita-mapa,CUB,1907,2069
mpd2020-pib-per-capita-mapa,CUB,1908,1836
mpd2020-pib-per-capita-mapa,CUB,1909,2069
mpd2020-pib-per-capita-mapa,CUB,1910,2069
mpd2020-pib-per-capita-mapa,CUB,1911,1887
mpd2020-pib-per-capita-mapa,CUB,1912,1940
mpd2020-pib-per-capita-mapa,CUB,1913,2120
mpd2020-pib-per-capita-mapa,CUB,1914,2173
mpd2020-pib-per-capita-mapa,CUB,1915,2146
mpd2020-pib-per-capita-mapa,CUB,1916,2249
mpd2020-pib-per-capita-mapa,CUB,1917,2275
mpd2020-pib-per-capita-mapa,CUB,1918,2302
mpd2020-pib-per-capita-mapa,CUB,1919,2378
mpd2020-pib-per-capita-mapa,CUB,1920,2378
mpd2020-pib-per-capita-mapa,CUB,1921,2302
mpd2020-pib-per-capita-mapa,CUB,1922,2275
mpd2020-pib-per-capita-mapa,CUB,1923,2249
mpd2020-pib-per-capita-mapa,CUB,1924,2327
mpd2020-pib-per-capita-mapa,CUB,1925,2560
mpd2020-pib-per-capita-mapa,CUB,1926,2431
mpd2020-pib-per-capita-mapa,CUB,1927,2405
mpd2020-pib-per-capita-mapa,CUB,1928,2275
mpd2020-pib-per-capita-mapa,CUB,1929,2507
mpd2020-pib-per-capita-mapa,CUB,1930,2378
mpd2020-pib-per-capita-mapa,CUB,1931,1758
mpd2020-pib-per-capita-mapa,CUB,1932,1629
mpd2020-pib-per-capita-mapa,CUB,1933,1551
mpd2020-pib-per-capita-mapa,CUB,1934,1680
mpd2020-pib-per-capita-mapa,CUB,1935,1809
mpd2020-pib-per-capita-mapa,CUB,1936,1913
mpd2020-pib-per-capita-mapa,CUB,1937,2042
mpd2020-pib-per-capita-mapa,CUB,1938,2069
mpd2020-pib-per-capita-mapa,CUB,1939,2042
mpd2020-pib-per-capita-mapa,CUB,1940,2069
mpd2020-pib-per-capita-mapa,CUB,1941,2198
mpd2020-pib-per-capita-mapa,CUB,1942,2198
mpd2020-pib-per-capita-mapa,CUB,1943,2069
mpd2020-pib-per-capita-mapa,CUB,1944,2275
mpd2020-pib-per-capita-mapa,CUB,1945,2275
mpd2020-pib-per-capita-mapa,CUB,1946,2405
mpd2020-pib-per-capita-mapa,CUB,1947,2560
mpd2020-pib-per-capita-mapa,CUB,1948,2507
mpd2020-pib-per-capita-mapa,CUB,1949,2482
mpd2020-pib-per-capita-mapa,CUB,1950,2638
mpd2020-pib-per-capita-mapa,CUB,1951,2664
mpd2020-pib-per-capita-mapa,CUB,1952,2844
mpd2020-pib-per-capita-mapa,CUB,1953,2611
mpd2020-pib-per-capita-mapa,CUB,1954,2611
mpd2020-pib-per-capita-mapa,CUB,1955,2638
mpd2020-pib-per-capita-mapa,CUB,1956,2740
mpd2020-pib-per-capita-mapa,CUB,1957,2922
mpd2020-pib-per-capita-mapa,CUB,1958,2922
mpd2020-pib-per-capita-mapa,CUB,1959,3006
mpd2020-pib-per-capita-mapa,CUB,1960,2994
mpd2020-pib-per-capita-mapa,CUB,1961,3068
mpd2020-pib-per-capita-mapa,CUB,1962,2974
mpd2020-pib-per-capita-mapa,CUB,1963,2958
mpd2020-pib-per-capita-mapa,CUB,1964,3158
mpd2020-pib-per-capita-mapa,CUB,1965,3088
mpd2020-pib-per-capita-mapa,CUB,1966,3185
mpd2020-pib-per-capita-mapa,CUB,1967,3489
mpd2020-pib-per-capita-mapa,CUB,1968,3229
mpd2020-pib-per-capita-mapa,CUB,1969,3137
mpd2020-pib-per-capita-mapa,CUB,1970,2976
mpd2020-pib-per-capita-mapa,CUB,1971,3161
mpd2020-pib-per-capita-mapa,CUB,1972,3253
mpd2020-pib-per-capita-mapa,CUB,1973,3486
mpd2020-pib-per-capita-mapa,CUB,1974,3609
mpd2020-pib-per-capita-mapa,CUB,1975,3733
mpd2020-pib-per-capita-mapa,CUB,1976,3786
mpd2020-pib-per-capita-mapa,CUB,1977,3913
mpd2020-pib-per-capita-mapa,CUB,1978,4114
mpd2020-pib-per-capita-mapa,CUB,1979,4183
mpd2020-pib-per-capita-mapa,CUB,1980,4106
mpd2020-pib-per-capita-mapa,CUB,1981,4420
mpd2020-pib-per-capita-mapa,CUB,1982,4487
mpd2020-pib-per-capita-mapa,CUB,1983,4705
mpd2020-pib-per-capita-mapa,CUB,1984,5051
mpd2020-pib-per-capita-mapa,CUB,1985,5120
mpd2020-pib-per-capita-mapa,CUB,1986,5075
mpd2020-pib-per-capita-mapa,CUB,1987,4887
mpd2020-pib-per-capita-mapa,CUB,1988,4994
mpd2020-pib-per-capita-mapa,CUB,1989,4991
mpd2020-pib-per-capita-mapa,CUB,1990,4713
mpd2020-pib-per-capita-mapa,CUB,1991,3982.2657
mpd2020-pib-per-capita-mapa,CUB,1992,3399.9647
mpd2020-pib-per-capita-mapa,CUB,1993,2657.466
mpd2020-pib-per-capita-mapa,CUB,1994,2683.0985
mpd2020-pib-per-capita-mapa,CUB,1995,2860.7573
mpd2020-pib-per-capita-mapa,CUB,1996,3249.6353
mpd2020-pib-per-capita-mapa,CUB,1997,3425.5618
mpd2020-pib-per-capita-mapa,CUB,1998,3415.5452
mpd2020-pib-per-capita-mapa,CUB,1999,3623.5954
mpd2020-pib-per-capita-mapa,CUB,2000,4009.3399
mpd2020-pib-per-capita-mapa,CUB,2001,4231.3238
mpd2020-pib-per-capita-mapa,CUB,2002,4369.0403
mpd2020-pib-per-capita-mapa,CUB,2003,4506.6759
mpd2020-pib-per-capita-mapa,CUB,2004,4561.0167
mpd2020-pib-per-capita-mapa,CUB,2005,4713.7063
mpd2020-pib-per-capita-mapa,CUB,2006,5416.1412
mpd2020-pib-per-capita-mapa,CUB,2007,5635.6883
mpd2020-pib-per-capita-mapa,CUB,2008,6004.8939
mpd2020-pib-per-capita-mapa,CUB,2009,6248.3044
mpd2020-pib-per-capita-mapa,CUB,2010,6578.1906
mpd2020-pib-per-capita-mapa,CUB,2011,6928
mpd2020-pib-per-capita-mapa,CUB,2012,7138
mpd2020-pib-per-capita-mapa,CUB,2013,7379
mpd2020-pib-per-capita-mapa,CUB,2014,7628
mpd2020-pib-per-capita-mapa,CUB,2015,7889
mpd2020-pib-per-capita-mapa,CUB,2016,8000
mpd2020-pib-per-capita-mapa,CUB,2017,8141.7435
mpd2020-pib-per-capita-mapa,CUB,2018,8325.6313
mpd2020-pib-per-capita-mapa,CYP,1950,2885
mpd2020-pib-per-capita-mapa,CYP,1951,2782
mpd2020-pib-per-capita-mapa,CYP,1952,3017
mpd2020-pib-per-capita-mapa,CYP,1953,3274
mpd2020-pib-per-capita-mapa,CYP,1954,3287
mpd2020-pib-per-capita-mapa,CYP,1955,3360
mpd2020-pib-per-capita-mapa,CYP,1956,3688
mpd2020-pib-per-capita-mapa,CYP,1957,3848
mpd2020-pib-per-capita-mapa,CYP,1958,3660
mpd2020-pib-per-capita-mapa,CYP,1959,3814
mpd2020-pib-per-capita-mapa,CYP,1960,3496
mpd2020-pib-per-capita-mapa,CYP,1961,3845
mpd2020-pib-per-capita-mapa,CYP,1962,4211
mpd2020-pib-per-capita-mapa,CYP,1963,4423
mpd2020-pib-per-capita-mapa,CYP,1964,3971
mpd2020-pib-per-capita-mapa,CYP,1965,4825
mpd2020-pib-per-capita-mapa,CYP,1966,5083
mpd2020-pib-per-capita-mapa,CYP,1967,5732
mpd2020-pib-per-capita-mapa,CYP,1968,5947
mpd2020-pib-per-capita-mapa,CYP,1969,6446
mpd2020-pib-per-capita-mapa,CYP,1970,6590
mpd2020-pib-per-capita-mapa,CYP,1971,7382
mpd2020-pib-per-capita-mapa,CYP,1972,7809
mpd2020-pib-per-capita-mapa,CYP,1973,7913
mpd2020-pib-per-capita-mapa,CYP,1974,6503
mpd2020-pib-per-capita-mapa,CYP,1975,5528
mpd2020-pib-per-capita-mapa,CYP,1976,6652
mpd2020-pib-per-capita-mapa,CYP,1977,7704
mpd2020-pib-per-capita-mapa,CYP,1978,8257
mpd2020-pib-per-capita-mapa,CYP,1979,9011
mpd2020-pib-per-capita-mapa,CYP,1980,9451
mpd2020-pib-per-capita-mapa,CYP,1981,9631
mpd2020-pib-per-capita-mapa,CYP,1982,10131
mpd2020-pib-per-capita-mapa,CYP,1983,10544
mpd2020-pib-per-capita-mapa,CYP,1984,11330
mpd2020-pib-per-capita-mapa,CYP,1985,11725
mpd2020-pib-per-capita-mapa,CYP,1986,12121
mpd2020-pib-per-capita-mapa,CYP,1987,12792
mpd2020-pib-per-capita-mapa,CYP,1988,13748
mpd2020-pib-per-capita-mapa,CYP,1989,14712
mpd2020-pib-per-capita-mapa,CYP,1990,15560
mpd2020-pib-per-capita-mapa,CYP,1991,15417.1244
mpd2020-pib-per-capita-mapa,CYP,1992,16570.3973
mpd2020-pib-per-capita-mapa,CYP,1993,16439.2393
mpd2020-pib-per-capita-mapa,CYP,1994,17210.9865
mpd2020-pib-per-capita-mapa,CYP,1995,18751.4865
mpd2020-pib-per-capita-mapa,CYP,1996,18875.2886
mpd2020-pib-per-capita-mapa,CYP,1997,19264.7878
mpd2020-pib-per-capita-mapa,CYP,1998,20212.739
mpd2020-pib-per-capita-mapa,CYP,1999,21147.5251
mpd2020-pib-per-capita-mapa,CYP,2000,22326.798
mpd2020-pib-per-capita-mapa,CYP,2001,23095.736
mpd2020-pib-per-capita-mapa,CYP,2002,23828.0731
mpd2020-pib-per-capita-mapa,CYP,2003,24347.0754
mpd2020-pib-per-capita-mapa,CYP,2004,25355.2402
mpd2020-pib-per-capita-mapa,CYP,2005,26164.2096
mpd2020-pib-per-capita-mapa,CYP,2006,27142.0176
mpd2020-pib-per-capita-mapa,CYP,2007,28109.9961
mpd2020-pib-per-capita-mapa,CYP,2008,28736.9745
mpd2020-pib-per-capita-mapa,CYP,2009,27735.0329
mpd2020-pib-per-capita-mapa,CYP,2010,27630.1039
mpd2020-pib-per-capita-mapa,CYP,2011,27272
mpd2020-pib-per-capita-mapa,CYP,2012,26011
mpd2020-pib-per-capita-mapa,CYP,2013,24519
mpd2020-pib-per-capita-mapa,CYP,2014,24411
mpd2020-pib-per-capita-mapa,CYP,2015,24963
mpd2020-pib-per-capita-mapa,CYP,2016,25577
mpd2020-pib-per-capita-mapa,CYP,2017,26445.2868
mpd2020-pib-per-capita-mapa,CYP,2018,27184.4166
mpd2020-pib-per-capita-mapa,CZE,1970,8748
mpd2020-pib-per-capita-mapa,CZE,1971,9177
mpd2020-pib-per-capita-mapa,CZE,1972,9626
mpd2020-pib-per-capita-mapa,CZE,1973,10026
mpd2020-pib-per-capita-mapa,CZE,1974,10444
mpd2020-pib-per-capita-mapa,CZE,1975,10954
mpd2020-pib-per-capita-mapa,CZE,1976,11317
mpd2020-pib-per-capita-mapa,CZE,1977,11634
mpd2020-pib-per-capita-mapa,CZE,1978,12055
mpd2020-pib-per-capita-mapa,CZE,1979,12164
mpd2020-pib-per-capita-mapa,CZE,1980,12336
mpd2020-pib-per-capita-mapa,CZE,1981,12306
mpd2020-pib-per-capita-mapa,CZE,1982,12109
mpd2020-pib-per-capita-mapa,CZE,1983,12301
mpd2020-pib-per-capita-mapa,CZE,1984,12573
mpd2020-pib-per-capita-mapa,CZE,1985,12855
mpd2020-pib-per-capita-mapa,CZE,1986,13211
mpd2020-pib-per-capita-mapa,CZE,1987,13514
mpd2020-pib-per-capita-mapa,CZE,1988,13791
mpd2020-pib-per-capita-mapa,CZE,1989,14027
mpd2020-pib-per-capita-mapa,CZE,1990,14178
mpd2020-pib-per-capita-mapa,CZE,1991,12724.5409
mpd2020-pib-per-capita-mapa,CZE,1992,12810.4317
mpd2020-pib-per-capita-mapa,CZE,1993,12974.1973
mpd2020-pib-per-capita-mapa,CZE,1994,13517.5819
mpd2020-pib-per-capita-mapa,CZE,1995,14550.1046
mpd2020-pib-per-capita-mapa,CZE,1996,15386.3207
mpd2020-pib-per-capita-mapa,CZE,1997,15494.3169
mpd2020-pib-per-capita-mapa,CZE,1998,15657.4256
mpd2020-pib-per-capita-mapa,CZE,1999,16102.5076
mpd2020-pib-per-capita-mapa,CZE,2000,17056.1595
mpd2020-pib-per-capita-mapa,CZE,2001,17868.5676
mpd2020-pib-per-capita-mapa,CZE,2002,18431.0272
mpd2020-pib-per-capita-mapa,CZE,2003,19344.0902
mpd2020-pib-per-capita-mapa,CZE,2004,20555.0356
mpd2020-pib-per-capita-mapa,CZE,2005,22128.5801
mpd2020-pib-per-capita-mapa,CZE,2006,23888.164
mpd2020-pib-per-capita-mapa,CZE,2007,25382.8075
mpd2020-pib-per-capita-mapa,CZE,2008,26186.0454
mpd2020-pib-per-capita-mapa,CZE,2009,25093.8629
mpd2020-pib-per-capita-mapa,CZE,2010,25922.3941
mpd2020-pib-per-capita-mapa,CZE,2011,26725
mpd2020-pib-per-capita-mapa,CZE,2012,26474
mpd2020-pib-per-capita-mapa,CZE,2013,26338
mpd2020-pib-per-capita-mapa,CZE,2014,27024
mpd2020-pib-per-capita-mapa,CZE,2015,28194
mpd2020-pib-per-capita-mapa,CZE,2016,28823
mpd2020-pib-per-capita-mapa,CZE,2017,29997.7582
mpd2020-pib-per-capita-mapa,CZE,2018,30748.5084
mpd2020-pib-per-capita-mapa,DEU,1820,1572
mpd2020-pib-per-capita-mapa,DEU,1850,2276
mpd2020-pib-per-capita-mapa,DEU,1851,2244
mpd2020-pib-per-capita-mapa,DEU,1852,2273
mpd2020-pib-per-capita-mapa,DEU,1853,2252
mpd2020-pib-per-capita-mapa,DEU,1854,2300
mpd2020-pib-per-capita-mapa,DEU,1855,2263
mpd2020-pib-per-capita-mapa,DEU,1856,2440
mpd2020-pib-per-capita-mapa,DEU,1857,2541
mpd2020-pib-per-capita-mapa,DEU,1858,2509
mpd2020-pib-per-capita-mapa,DEU,1859,2495
mpd2020-pib-per-capita-mapa,DEU,1860,2613
mpd2020-pib-per-capita-mapa,DEU,1861,2523
mpd2020-pib-per-capita-mapa,DEU,1862,2622
mpd2020-pib-per-capita-mapa,DEU,1863,2788
mpd2020-pib-per-capita-mapa,DEU,1864,2837
mpd2020-pib-per-capita-mapa,DEU,1865,2821
mpd2020-pib-per-capita-mapa,DEU,1866,2823
mpd2020-pib-per-capita-mapa,DEU,1867,2815
mpd2020-pib-per-capita-mapa,DEU,1868,2966
mpd2020-pib-per-capita-mapa,DEU,1869,2965
mpd2020-pib-per-capita-mapa,DEU,1870,2931
mpd2020-pib-per-capita-mapa,DEU,1871,2896
mpd2020-pib-per-capita-mapa,DEU,1872,3078
mpd2020-pib-per-capita-mapa,DEU,1873,3186
mpd2020-pib-per-capita-mapa,DEU,1874,3386
mpd2020-pib-per-capita-mapa,DEU,1875,3366
mpd2020-pib-per-capita-mapa,DEU,1876,3301
mpd2020-pib-per-capita-mapa,DEU,1877,3241
mpd2020-pib-per-capita-mapa,DEU,1878,3352
mpd2020-pib-per-capita-mapa,DEU,1879,3234
mpd2020-pib-per-capita-mapa,DEU,1880,3174
mpd2020-pib-per-capita-mapa,DEU,1881,3228
mpd2020-pib-per-capita-mapa,DEU,1882,3258
mpd2020-pib-per-capita-mapa,DEU,1883,3416
mpd2020-pib-per-capita-mapa,DEU,1884,3472
mpd2020-pib-per-capita-mapa,DEU,1885,3532
mpd2020-pib-per-capita-mapa,DEU,1886,3524
mpd2020-pib-per-capita-mapa,DEU,1887,3626
mpd2020-pib-per-capita-mapa,DEU,1888,3732
mpd2020-pib-per-capita-mapa,DEU,1889,3792
mpd2020-pib-per-capita-mapa,DEU,1890,3870
mpd2020-pib-per-capita-mapa,DEU,1891,3821
mpd2020-pib-per-capita-mapa,DEU,1892,3936
mpd2020-pib-per-capita-mapa,DEU,1893,4089
mpd2020-pib-per-capita-mapa,DEU,1894,4141
mpd2020-pib-per-capita-mapa,DEU,1895,4281
mpd2020-pib-per-capita-mapa,DEU,1896,4368
mpd2020-pib-per-capita-mapa,DEU,1897,4423
mpd2020-pib-per-capita-mapa,DEU,1898,4540
mpd2020-pib-per-capita-mapa,DEU,1899,4631
mpd2020-pib-per-capita-mapa,DEU,1900,4758
mpd2020-pib-per-capita-mapa,DEU,1901,4576
mpd2020-pib-per-capita-mapa,DEU,1902,4611
mpd2020-pib-per-capita-mapa,DEU,1903,4795
mpd2020-pib-per-capita-mapa,DEU,1904,4914
mpd2020-pib-per-capita-mapa,DEU,1905,4948
mpd2020-pib-per-capita-mapa,DEU,1906,5024
mpd2020-pib-per-capita-mapa,DEU,1907,5172
mpd2020-pib-per-capita-mapa,DEU,1908,5187
mpd2020-pib-per-capita-mapa,DEU,1909,5220
mpd2020-pib-per-capita-mapa,DEU,1910,5337
mpd2020-pib-per-capita-mapa,DEU,1911,5432
mpd2020-pib-per-capita-mapa,DEU,1912,5617
mpd2020-pib-per-capita-mapa,DEU,1913,5815
mpd2020-pib-per-capita-mapa,DEU,1914,4876
mpd2020-pib-per-capita-mapa,DEU,1915,4621
mpd2020-pib-per-capita-mapa,DEU,1916,4678
mpd2020-pib-per-capita-mapa,DEU,1917,4705
mpd2020-pib-per-capita-mapa,DEU,1918,4755
mpd2020-pib-per-capita-mapa,DEU,1919,4122
mpd2020-pib-per-capita-mapa,DEU,1920,4457
mpd2020-pib-per-capita-mapa,DEU,1921,4906
mpd2020-pib-per-capita-mapa,DEU,1922,5310
mpd2020-pib-per-capita-mapa,DEU,1923,4383
mpd2020-pib-per-capita-mapa,DEU,1924,5099
mpd2020-pib-per-capita-mapa,DEU,1925,5630
mpd2020-pib-per-capita-mapa,DEU,1926,5746
mpd2020-pib-per-capita-mapa,DEU,1927,6282
mpd2020-pib-per-capita-mapa,DEU,1928,6519
mpd2020-pib-per-capita-mapa,DEU,1929,6457
mpd2020-pib-per-capita-mapa,DEU,1930,6333
mpd2020-pib-per-capita-mapa,DEU,1931,5821
mpd2020-pib-per-capita-mapa,DEU,1932,5359
mpd2020-pib-per-capita-mapa,DEU,1933,5668
mpd2020-pib-per-capita-mapa,DEU,1934,6150
mpd2020-pib-per-capita-mapa,DEU,1935,6567
mpd2020-pib-per-capita-mapa,DEU,1936,7095
mpd2020-pib-per-capita-mapa,DEU,1937,7468
mpd2020-pib-per-capita-mapa,DEU,1938,7960
mpd2020-pib-per-capita-mapa,DEU,1939,8617
mpd2020-pib-per-capita-mapa,DEU,1940,8612
mpd2020-pib-per-capita-mapa,DEU,1941,9103
mpd2020-pib-per-capita-mapa,DEU,1942,9149
mpd2020-pib-per-capita-mapa,DEU,1943,9389
mpd2020-pib-per-capita-mapa,DEU,1944,9698
mpd2020-pib-per-capita-mapa,DEU,1945,7195
mpd2020-pib-per-capita-mapa,DEU,1946,3534
mpd2020-pib-per-capita-mapa,DEU,1947,3883
mpd2020-pib-per-capita-mapa,DEU,1948,4517
mpd2020-pib-per-capita-mapa,DEU,1949,5231
mpd2020-pib-per-capita-mapa,DEU,1950,6186
mpd2020-pib-per-capita-mapa,DEU,1951,6704
mpd2020-pib-per-capita-mapa,DEU,1952,7257
mpd2020-pib-per-capita-mapa,DEU,1953,7818
mpd2020-pib-per-capita-mapa,DEU,1954,8364
mpd2020-pib-per-capita-mapa,DEU,1955,9240
mpd2020-pib-per-capita-mapa,DEU,1956,9846
mpd2020-pib-per-capita-mapa,DEU,1957,10348
mpd2020-pib-per-capita-mapa,DEU,1958,10739
mpd2020-pib-per-capita-mapa,DEU,1959,11440
mpd2020-pib-per-capita-mapa,DEU,1960,12282
mpd2020-pib-per-capita-mapa,DEU,1961,12675
mpd2020-pib-per-capita-mapa,DEU,1962,13106
mpd2020-pib-per-capita-mapa,DEU,1963,13367
mpd2020-pib-per-capita-mapa,DEU,1964,14062
mpd2020-pib-per-capita-mapa,DEU,1965,14642
mpd2020-pib-per-capita-mapa,DEU,1966,14964
mpd2020-pib-per-capita-mapa,DEU,1967,14979
mpd2020-pib-per-capita-mapa,DEU,1968,15723
mpd2020-pib-per-capita-mapa,DEU,1969,16641
mpd2020-pib-per-capita-mapa,DEU,1970,17277
mpd2020-pib-per-capita-mapa,DEU,1971,17657
mpd2020-pib-per-capita-mapa,DEU,1972,18301
mpd2020-pib-per-capita-mapa,DEU,1973,19074
mpd2020-pib-per-capita-mapa,DEU,1974,19228
mpd2020-pib-per-capita-mapa,DEU,1975,19193
mpd2020-pib-per-capita-mapa,DEU,1976,20218
mpd2020-pib-per-capita-mapa,DEU,1977,20837
mpd2020-pib-per-capita-mapa,DEU,1978,21447
mpd2020-pib-per-capita-mapa,DEU,1979,22305
mpd2020-pib-per-capita-mapa,DEU,1980,22497
mpd2020-pib-per-capita-mapa,DEU,1981,22553
mpd2020-pib-per-capita-mapa,DEU,1982,22380
mpd2020-pib-per-capita-mapa,DEU,1983,22840
mpd2020-pib-per-capita-mapa,DEU,1984,23564
mpd2020-pib-per-capita-mapa,DEU,1985,24133
mpd2020-pib-per-capita-mapa,DEU,1986,24657
mpd2020-pib-per-capita-mapa,DEU,1987,25027
mpd2020-pib-per-capita-mapa,DEU,1988,25759
mpd2020-pib-per-capita-mapa,DEU,1989,26393
mpd2020-pib-per-capita-mapa,DEU,1990,25391
mpd2020-pib-per-capita-mapa,DEU,1991,26769.9603
mpd2020-pib-per-capita-mapa,DEU,1992,27385.0556
mpd2020-pib-per-capita-mapa,DEU,1993,27250.7006
mpd2020-pib-per-capita-mapa,DEU,1994,28140.0559
mpd2020-pib-per-capita-mapa,DEU,1995,28868.9462
mpd2020-pib-per-capita-mapa,DEU,1996,29349.9828
mpd2020-pib-per-capita-mapa,DEU,1997,30186.9444
mpd2020-pib-per-capita-mapa,DEU,1998,31129.5844
mpd2020-pib-per-capita-mapa,DEU,1999,32087.604
mpd2020-pib-per-capita-mapa,DEU,2000,33367.2838
mpd2020-pib-per-capita-mapa,DEU,2001,34260.2876
mpd2020-pib-per-capita-mapa,DEU,2002,34590.9302
mpd2020-pib-per-capita-mapa,DEU,2003,34716.4405
mpd2020-pib-per-capita-mapa,DEU,2004,35528.7135
mpd2020-pib-per-capita-mapa,DEU,2005,36205.575
mpd2020-pib-per-capita-mapa,DEU,2006,38014.1369
mpd2020-pib-per-capita-mapa,DEU,2007,39752.2067
mpd2020-pib-per-capita-mapa,DEU,2008,40715.4342
mpd2020-pib-per-capita-mapa,DEU,2009,38962.9387
mpd2020-pib-per-capita-mapa,DEU,2010,41109.5818
mpd2020-pib-per-capita-mapa,DEU,2011,43189
mpd2020-pib-per-capita-mapa,DEU,2012,43320
mpd2020-pib-per-capita-mapa,DEU,2013,43413
mpd2020-pib-per-capita-mapa,DEU,2014,43922
mpd2020-pib-per-capita-mapa,DEU,2015,44293
mpd2020-pib-per-capita-mapa,DEU,2016,44689
mpd2020-pib-per-capita-mapa,DEU,2017,45619.7846
mpd2020-pib-per-capita-mapa,DEU,2018,46177.6187
mpd2020-pib-per-capita-mapa,DJI,1950,3459
mpd2020-pib-per-capita-mapa,DJI,1951,3566
mpd2020-pib-per-capita-mapa,DJI,1952,3585
mpd2020-pib-per-capita-mapa,DJI,1953,3633
mpd2020-pib-per-capita-mapa,DJI,1954,3743
mpd2020-pib-per-capita-mapa,DJI,1955,3765
mpd2020-pib-per-capita-mapa,DJI,1956,3810
mpd2020-pib-per-capita-mapa,DJI,1957,3848
mpd2020-pib-per-capita-mapa,DJI,1958,3840
mpd2020-pib-per-capita-mapa,DJI,1959,3948
mpd2020-pib-per-capita-mapa,DJI,1960,4087
mpd2020-pib-per-capita-mapa,DJI,1961,4114
mpd2020-pib-per-capita-mapa,DJI,1962,4057
mpd2020-pib-per-capita-mapa,DJI,1963,4092
mpd2020-pib-per-capita-mapa,DJI,1964,4055
mpd2020-pib-per-capita-mapa,DJI,1965,4047
mpd2020-pib-per-capita-mapa,DJI,1966,4063
mpd2020-pib-per-capita-mapa,DJI,1967,4055
mpd2020-pib-per-capita-mapa,DJI,1968,4028
mpd2020-pib-per-capita-mapa,DJI,1969,4018
mpd2020-pib-per-capita-mapa,DJI,1970,4774
mpd2020-pib-per-capita-mapa,DJI,1971,4846
mpd2020-pib-per-capita-mapa,DJI,1972,4787
mpd2020-pib-per-capita-mapa,DJI,1973,4801
mpd2020-pib-per-capita-mapa,DJI,1974,4414
mpd2020-pib-per-capita-mapa,DJI,1975,4691
mpd2020-pib-per-capita-mapa,DJI,1976,4878
mpd2020-pib-per-capita-mapa,DJI,1977,4036
mpd2020-pib-per-capita-mapa,DJI,1978,3419
mpd2020-pib-per-capita-mapa,DJI,1979,3308
mpd2020-pib-per-capita-mapa,DJI,1980,3167
mpd2020-pib-per-capita-mapa,DJI,1981,3091
mpd2020-pib-per-capita-mapa,DJI,1982,3043
mpd2020-pib-per-capita-mapa,DJI,1983,2963
mpd2020-pib-per-capita-mapa,DJI,1984,2944
mpd2020-pib-per-capita-mapa,DJI,1985,2880
mpd2020-pib-per-capita-mapa,DJI,1986,2743
mpd2020-pib-per-capita-mapa,DJI,1987,2670
mpd2020-pib-per-capita-mapa,DJI,1988,2652
mpd2020-pib-per-capita-mapa,DJI,1989,2436
mpd2020-pib-per-capita-mapa,DJI,1990,2308
mpd2020-pib-per-capita-mapa,DJI,1991,2013.3427
mpd2020-pib-per-capita-mapa,DJI,1992,2141.6341
mpd2020-pib-per-capita-mapa,DJI,1993,2290.7846
mpd2020-pib-per-capita-mapa,DJI,1994,2175.3619
mpd2020-pib-per-capita-mapa,DJI,1995,2262.4287
mpd2020-pib-per-capita-mapa,DJI,1996,2081.9955
mpd2020-pib-per-capita-mapa,DJI,1997,2080.5134
mpd2020-pib-per-capita-mapa,DJI,1998,1974.5657
mpd2020-pib-per-capita-mapa,DJI,1999,1930.5078
mpd2020-pib-per-capita-mapa,DJI,2000,1880.9988
mpd2020-pib-per-capita-mapa,DJI,2001,1845.6991
mpd2020-pib-per-capita-mapa,DJI,2002,1824.4551
mpd2020-pib-per-capita-mapa,DJI,2003,1945.6655
mpd2020-pib-per-capita-mapa,DJI,2004,2097.1234
mpd2020-pib-per-capita-mapa,DJI,2005,2126.8051
mpd2020-pib-per-capita-mapa,DJI,2006,2342.2192
mpd2020-pib-per-capita-mapa,DJI,2007,2396.0181
mpd2020-pib-per-capita-mapa,DJI,2008,2463.4449
mpd2020-pib-per-capita-mapa,DJI,2009,2521.5047
mpd2020-pib-per-capita-mapa,DJI,2010,2543.8733
mpd2020-pib-per-capita-mapa,DJI,2011,2590
mpd2020-pib-per-capita-mapa,DJI,2012,2654
mpd2020-pib-per-capita-mapa,DJI,2013,2724
mpd2020-pib-per-capita-mapa,DJI,2014,2823
mpd2020-pib-per-capita-mapa,DJI,2015,2941
mpd2020-pib-per-capita-mapa,DJI,2016,3064
mpd2020-pib-per-capita-mapa,DJI,2017,3168.4477
mpd2020-pib-per-capita-mapa,DJI,2018,3295.6815
mpd2020-pib-per-capita-mapa,DMA,1950,980
mpd2020-pib-per-capita-mapa,DMA,1951,1066
mpd2020-pib-per-capita-mapa,DMA,1952,1121
mpd2020-pib-per-capita-mapa,DMA,1953,1073
mpd2020-pib-per-capita-mapa,DMA,1954,1098
mpd2020-pib-per-capita-mapa,DMA,1955,1130
mpd2020-pib-per-capita-mapa,DMA,1956,1203
mpd2020-pib-per-capita-mapa,DMA,1957,1239
mpd2020-pib-per-capita-mapa,DMA,1958,1261
mpd2020-pib-per-capita-mapa,DMA,1959,1226
mpd2020-pib-per-capita-mapa,DMA,1960,1245
mpd2020-pib-per-capita-mapa,DMA,1961,1176
mpd2020-pib-per-capita-mapa,DMA,1962,1333
mpd2020-pib-per-capita-mapa,DMA,1963,1372
mpd2020-pib-per-capita-mapa,DMA,1964,1419
mpd2020-pib-per-capita-mapa,DMA,1965,1203
mpd2020-pib-per-capita-mapa,DMA,1966,1323
mpd2020-pib-per-capita-mapa,DMA,1967,1325
mpd2020-pib-per-capita-mapa,DMA,1968,1288
mpd2020-pib-per-capita-mapa,DMA,1969,1388
mpd2020-pib-per-capita-mapa,DMA,1970,1492
mpd2020-pib-per-capita-mapa,DMA,1971,1578
mpd2020-pib-per-capita-mapa,DMA,1972,1674
mpd2020-pib-per-capita-mapa,DMA,1973,1793
mpd2020-pib-per-capita-mapa,DMA,1974,1894
mpd2020-pib-per-capita-mapa,DMA,1975,1940
mpd2020-pib-per-capita-mapa,DMA,1976,2066
mpd2020-pib-per-capita-mapa,DMA,1977,2117
mpd2020-pib-per-capita-mapa,DMA,1978,2365
mpd2020-pib-per-capita-mapa,DMA,1979,1932
mpd2020-pib-per-capita-mapa,DMA,1980,2219
mpd2020-pib-per-capita-mapa,DMA,1981,2499
mpd2020-pib-per-capita-mapa,DMA,1982,2592
mpd2020-pib-per-capita-mapa,DMA,1983,2644
mpd2020-pib-per-capita-mapa,DMA,1984,2802
mpd2020-pib-per-capita-mapa,DMA,1985,2872
mpd2020-pib-per-capita-mapa,DMA,1986,3107
mpd2020-pib-per-capita-mapa,DMA,1987,3370
mpd2020-pib-per-capita-mapa,DMA,1988,3687
mpd2020-pib-per-capita-mapa,DMA,1989,3714
mpd2020-pib-per-capita-mapa,DMA,1990,3939
mpd2020-pib-per-capita-mapa,DMA,1991,4083.996
mpd2020-pib-per-capita-mapa,DMA,1992,4271.6901
mpd2020-pib-per-capita-mapa,DMA,1993,4339.817
mpd2020-pib-per-capita-mapa,DMA,1994,4459.3653
mpd2020-pib-per-capita-mapa,DMA,1995,4606.7337
mpd2020-pib-per-capita-mapa,DMA,1996,4894.8419
mpd2020-pib-per-capita-mapa,DMA,1997,5170.808
mpd2020-pib-per-capita-mapa,DMA,1998,5462.6971
mpd2020-pib-per-capita-mapa,DMA,1999,5584.0238
mpd2020-pib-per-capita-mapa,DMA,2000,5696.9552
mpd2020-pib-per-capita-mapa,DMA,2001,5799.8162
mpd2020-pib-per-capita-mapa,DMA,2002,5771.3748
mpd2020-pib-per-capita-mapa,DMA,2003,6321.9557
mpd2020-pib-per-capita-mapa,DMA,2004,6602.7
mpd2020-pib-per-capita-mapa,DMA,2005,6697.5345
mpd2020-pib-per-capita-mapa,DMA,2006,7133.7813
mpd2020-pib-per-capita-mapa,DMA,2007,7698.7736
mpd2020-pib-per-capita-mapa,DMA,2008,8454.0627
mpd2020-pib-per-capita-mapa,DMA,2009,8511.8581
mpd2020-pib-per-capita-mapa,DMA,2010,8768.4774
mpd2020-pib-per-capita-mapa,DMA,2011,8944
mpd2020-pib-per-capita-mapa,DMA,2012,8823
mpd2020-pib-per-capita-mapa,DMA,2013,9145
mpd2020-pib-per-capita-mapa,DMA,2014,9507
mpd2020-pib-per-capita-mapa,DMA,2015,9319
mpd2020-pib-per-capita-mapa,DMA,2016,9550
mpd2020-pib-per-capita-mapa,DMA,2017,8842.0227
mpd2020-pib-per-capita-mapa,DMA,2018,9021.1737
mpd2020-pib-per-capita-mapa,DNK,1820,2031
mpd2020-pib-per-capita-mapa,DNK,1821,2104
mpd2020-pib-per-capita-mapa,DNK,1822,2115
mpd2020-pib-per-capita-mapa,DNK,1823,2085
mpd2020-pib-per-capita-mapa,DNK,1824,2117
mpd2020-pib-per-capita-mapa,DNK,1825,2107
mpd2020-pib-per-capita-mapa,DNK,1826,2110
mpd2020-pib-per-capita-mapa,DNK,1827,2150
mpd2020-pib-per-capita-mapa,DNK,1828,2163
mpd2020-pib-per-capita-mapa,DNK,1829,2110
mpd2020-pib-per-capita-mapa,DNK,1830,2120
mpd2020-pib-per-capita-mapa,DNK,1831,2101
mpd2020-pib-per-capita-mapa,DNK,1832,2158
mpd2020-pib-per-capita-mapa,DNK,1833,2130
mpd2020-pib-per-capita-mapa,DNK,1834,2227
mpd2020-pib-per-capita-mapa,DNK,1835,2195
mpd2020-pib-per-capita-mapa,DNK,1836,2179
mpd2020-pib-per-capita-mapa,DNK,1837,2219
mpd2020-pib-per-capita-mapa,DNK,1838,2216
mpd2020-pib-per-capita-mapa,DNK,1839,2224
mpd2020-pib-per-capita-mapa,DNK,1840,2276
mpd2020-pib-per-capita-mapa,DNK,1841,2254
mpd2020-pib-per-capita-mapa,DNK,1842,2243
mpd2020-pib-per-capita-mapa,DNK,1843,2353
mpd2020-pib-per-capita-mapa,DNK,1844,2434
mpd2020-pib-per-capita-mapa,DNK,1845,2472
mpd2020-pib-per-capita-mapa,DNK,1846,2501
mpd2020-pib-per-capita-mapa,DNK,1847,2466
mpd2020-pib-per-capita-mapa,DNK,1848,2570
mpd2020-pib-per-capita-mapa,DNK,1849,2695
mpd2020-pib-per-capita-mapa,DNK,1850,2817
mpd2020-pib-per-capita-mapa,DNK,1851,2649
mpd2020-pib-per-capita-mapa,DNK,1852,2713
mpd2020-pib-per-capita-mapa,DNK,1853,2697
mpd2020-pib-per-capita-mapa,DNK,1854,2679
mpd2020-pib-per-capita-mapa,DNK,1855,2938
mpd2020-pib-per-capita-mapa,DNK,1856,2735
mpd2020-pib-per-capita-mapa,DNK,1857,2745
mpd2020-pib-per-capita-mapa,DNK,1858,2691
mpd2020-pib-per-capita-mapa,DNK,1859,2834
mpd2020-pib-per-capita-mapa,DNK,1860,2775
mpd2020-pib-per-capita-mapa,DNK,1861,2785
mpd2020-pib-per-capita-mapa,DNK,1862,2836
mpd2020-pib-per-capita-mapa,DNK,1863,2979
mpd2020-pib-per-capita-mapa,DNK,1864,2922
mpd2020-pib-per-capita-mapa,DNK,1865,2989
mpd2020-pib-per-capita-mapa,DNK,1866,2963
mpd2020-pib-per-capita-mapa,DNK,1867,2933
mpd2020-pib-per-capita-mapa,DNK,1868,2954
mpd2020-pib-per-capita-mapa,DNK,1869,3092
mpd2020-pib-per-capita-mapa,DNK,1870,3193
mpd2020-pib-per-capita-mapa,DNK,1871,3177
mpd2020-pib-per-capita-mapa,DNK,1872,3327
mpd2020-pib-per-capita-mapa,DNK,1873,3279
mpd2020-pib-per-capita-mapa,DNK,1874,3341
mpd2020-pib-per-capita-mapa,DNK,1875,3366
mpd2020-pib-per-capita-mapa,DNK,1876,3395
mpd2020-pib-per-capita-mapa,DNK,1877,3261
mpd2020-pib-per-capita-mapa,DNK,1878,3351
mpd2020-pib-per-capita-mapa,DNK,1879,3425
mpd2020-pib-per-capita-mapa,DNK,1880,3476
mpd2020-pib-per-capita-mapa,DNK,1881,3480
mpd2020-pib-per-capita-mapa,DNK,1882,3571
mpd2020-pib-per-capita-mapa,DNK,1883,3665
mpd2020-pib-per-capita-mapa,DNK,1884,3642
mpd2020-pib-per-capita-mapa,DNK,1885,3625
mpd2020-pib-per-capita-mapa,DNK,1886,3724
mpd2020-pib-per-capita-mapa,DNK,1887,3818
mpd2020-pib-per-capita-mapa,DNK,1888,3808
mpd2020-pib-per-capita-mapa,DNK,1889,3826
mpd2020-pib-per-capita-mapa,DNK,1890,4022
mpd2020-pib-per-capita-mapa,DNK,1891,4073
mpd2020-pib-per-capita-mapa,DNK,1892,4141
mpd2020-pib-per-capita-mapa,DNK,1893,4191
mpd2020-pib-per-capita-mapa,DNK,1894,4235
mpd2020-pib-per-capita-mapa,DNK,1895,4415
mpd2020-pib-per-capita-mapa,DNK,1896,4521
mpd2020-pib-per-capita-mapa,DNK,1897,4564
mpd2020-pib-per-capita-mapa,DNK,1898,4575
mpd2020-pib-per-capita-mapa,DNK,1899,4705
mpd2020-pib-per-capita-mapa,DNK,1900,4809
mpd2020-pib-per-capita-mapa,DNK,1901,4948
mpd2020-pib-per-capita-mapa,DNK,1902,5007
mpd2020-pib-per-capita-mapa,DNK,1903,5244
mpd2020-pib-per-capita-mapa,DNK,1904,5302
mpd2020-pib-per-capita-mapa,DNK,1905,5333
mpd2020-pib-per-capita-mapa,DNK,1906,5423
mpd2020-pib-per-capita-mapa,DNK,1907,5557
mpd2020-pib-per-capita-mapa,DNK,1908,5662
mpd2020-pib-per-capita-mapa,DNK,1909,5807
mpd2020-pib-per-capita-mapa,DNK,1910,5906
mpd2020-pib-per-capita-mapa,DNK,1911,6148
mpd2020-pib-per-capita-mapa,DNK,1912,6076
mpd2020-pib-per-capita-mapa,DNK,1913,6236
mpd2020-pib-per-capita-mapa,DNK,1914,6551
mpd2020-pib-per-capita-mapa,DNK,1915,6022
mpd2020-pib-per-capita-mapa,DNK,1916,6202
mpd2020-pib-per-capita-mapa,DNK,1917,5765
mpd2020-pib-per-capita-mapa,DNK,1918,5514
mpd2020-pib-per-capita-mapa,DNK,1919,6153
mpd2020-pib-per-capita-mapa,DNK,1920,6363
mpd2020-pib-per-capita-mapa,DNK,1921,6099
mpd2020-pib-per-capita-mapa,DNK,1922,6641
mpd2020-pib-per-capita-mapa,DNK,1923,7267
mpd2020-pib-per-capita-mapa,DNK,1924,7218
mpd2020-pib-per-capita-mapa,DNK,1925,6978
mpd2020-pib-per-capita-mapa,DNK,1926,7329
mpd2020-pib-per-capita-mapa,DNK,1927,7425
mpd2020-pib-per-capita-mapa,DNK,1928,7627
mpd2020-pib-per-capita-mapa,DNK,1929,8089
mpd2020-pib-per-capita-mapa,DNK,1930,8513
mpd2020-pib-per-capita-mapa,DNK,1931,8542
mpd2020-pib-per-capita-mapa,DNK,1932,8239
mpd2020-pib-per-capita-mapa,DNK,1933,8434
mpd2020-pib-per-capita-mapa,DNK,1934,8611
mpd2020-pib-per-capita-mapa,DNK,1935,8735
mpd2020-pib-per-capita-mapa,DNK,1936,8886
mpd2020-pib-per-capita-mapa,DNK,1937,9035
mpd2020-pib-per-capita-mapa,DNK,1938,9185
mpd2020-pib-per-capita-mapa,DNK,1939,9553
mpd2020-pib-per-capita-mapa,DNK,1940,8155
mpd2020-pib-per-capita-mapa,DNK,1941,7291
mpd2020-pib-per-capita-mapa,DNK,1942,7379
mpd2020-pib-per-capita-mapa,DNK,1943,8097
mpd2020-pib-per-capita-mapa,DNK,1944,8835
mpd2020-pib-per-capita-mapa,DNK,1945,8075
mpd2020-pib-per-capita-mapa,DNK,1946,9208
mpd2020-pib-per-capita-mapa,DNK,1947,9620
mpd2020-pib-per-capita-mapa,DNK,1948,9776
mpd2020-pib-per-capita-mapa,DNK,1949,10351
mpd2020-pib-per-capita-mapa,DNK,1950,11067
mpd2020-pib-per-capita-mapa,DNK,1951,11056
mpd2020-pib-per-capita-mapa,DNK,1952,11086
mpd2020-pib-per-capita-mapa,DNK,1953,11623
mpd2020-pib-per-capita-mapa,DNK,1954,11749
mpd2020-pib-per-capita-mapa,DNK,1955,11788
mpd2020-pib-per-capita-mapa,DNK,1956,11858
mpd2020-pib-per-capita-mapa,DNK,1957,12696
mpd2020-pib-per-capita-mapa,DNK,1958,12903
mpd2020-pib-per-capita-mapa,DNK,1959,13767
mpd2020-pib-per-capita-mapa,DNK,1960,14046
mpd2020-pib-per-capita-mapa,DNK,1961,14843
mpd2020-pib-per-capita-mapa,DNK,1962,15537
mpd2020-pib-per-capita-mapa,DNK,1963,15513
mpd2020-pib-per-capita-mapa,DNK,1964,16832
mpd2020-pib-per-capita-mapa,DNK,1965,17459
mpd2020-pib-per-capita-mapa,DNK,1966,17789
mpd2020-pib-per-capita-mapa,DNK,1967,18230
mpd2020-pib-per-capita-mapa,DNK,1968,18868
mpd2020-pib-per-capita-mapa,DNK,1969,19974
mpd2020-pib-per-capita-mapa,DNK,1970,20221
mpd2020-pib-per-capita-mapa,DNK,1971,20617
mpd2020-pib-per-capita-mapa,DNK,1972,21579
mpd2020-pib-per-capita-mapa,DNK,1973,22228
mpd2020-pib-per-capita-mapa,DNK,1974,21919
mpd2020-pib-per-capita-mapa,DNK,1975,21712
mpd2020-pib-per-capita-mapa,DNK,1976,23059
mpd2020-pib-per-capita-mapa,DNK,1977,23360
mpd2020-pib-per-capita-mapa,DNK,1978,23632
mpd2020-pib-per-capita-mapa,DNK,1979,24409
mpd2020-pib-per-capita-mapa,DNK,1980,24272
mpd2020-pib-per-capita-mapa,DNK,1981,24063
mpd2020-pib-per-capita-mapa,DNK,1982,24807
mpd2020-pib-per-capita-mapa,DNK,1983,25450
mpd2020-pib-per-capita-mapa,DNK,1984,26581
mpd2020-pib-per-capita-mapa,DNK,1985,27710
mpd2020-pib-per-capita-mapa,DNK,1986,28681
mpd2020-pib-per-capita-mapa,DNK,1987,28728
mpd2020-pib-per-capita-mapa,DNK,1988,29049
mpd2020-pib-per-capita-mapa,DNK,1989,29108
mpd2020-pib-per-capita-mapa,DNK,1990,29412
mpd2020-pib-per-capita-mapa,DNK,1991,29915.4476
mpd2020-pib-per-capita-mapa,DNK,1992,30573.5733
mpd2020-pib-per-capita-mapa,DNK,1993,30649.538
mpd2020-pib-per-capita-mapa,DNK,1994,32359.2962
mpd2020-pib-per-capita-mapa,DNK,1995,33356.1414
mpd2020-pib-per-capita-mapa,DNK,1996,34325.4425
mpd2020-pib-per-capita-mapa,DNK,1997,35499.0633
mpd2020-pib-per-capita-mapa,DNK,1998,36361.2294
mpd2020-pib-per-capita-mapa,DNK,1999,37523.4242
mpd2020-pib-per-capita-mapa,DNK,2000,39021.1776
mpd2020-pib-per-capita-mapa,DNK,2001,39425.8652
mpd2020-pib-per-capita-mapa,DNK,2002,39709.3693
mpd2020-pib-per-capita-mapa,DNK,2003,39983.1434
mpd2020-pib-per-capita-mapa,DNK,2004,41178.5626
mpd2020-pib-per-capita-mapa,DNK,2005,42264.6303
mpd2020-pib-per-capita-mapa,DNK,2006,44025.4827
mpd2020-pib-per-capita-mapa,DNK,2007,44481.4688
mpd2020-pib-per-capita-mapa,DNK,2008,44246.3987
mpd2020-pib-per-capita-mapa,DNK,2009,42090.1733
mpd2020-pib-per-capita-mapa,DNK,2010,42932.3971
mpd2020-pib-per-capita-mapa,DNK,2011,43575
mpd2020-pib-per-capita-mapa,DNK,2012,43510
mpd2020-pib-per-capita-mapa,DNK,2013,43733
mpd2020-pib-per-capita-mapa,DNK,2014,44241
mpd2020-pib-per-capita-mapa,DNK,2015,44635
mpd2020-pib-per-capita-mapa,DNK,2016,44836
mpd2020-pib-per-capita-mapa,DNK,2017,45455.5561
mpd2020-pib-per-capita-mapa,DNK,2018,46312.3443
mpd2020-pib-per-capita-mapa,DOM,1950,1637
mpd2020-pib-per-capita-mapa,DOM,1951,1780
mpd2020-pib-per-capita-mapa,DOM,1952,1868
mpd2020-pib-per-capita-mapa,DOM,1953,1790
mpd2020-pib-per-capita-mapa,DOM,1954,1833
mpd2020-pib-per-capita-mapa,DOM,1955,1886
mpd2020-pib-per-capita-mapa,DOM,1956,2008
mpd2020-pib-per-capita-mapa,DOM,1957,2066
mpd2020-pib-per-capita-mapa,DOM,1958,2104
mpd2020-pib-per-capita-mapa,DOM,1959,2047
mpd2020-pib-per-capita-mapa,DOM,1960,2075
mpd2020-pib-per-capita-mapa,DOM,1961,1964
mpd2020-pib-per-capita-mapa,DOM,1962,2222
mpd2020-pib-per-capita-mapa,DOM,1963,2291
mpd2020-pib-per-capita-mapa,DOM,1964,2365
mpd2020-pib-per-capita-mapa,DOM,1965,2007
mpd2020-pib-per-capita-mapa,DOM,1966,2206
mpd2020-pib-per-capita-mapa,DOM,1967,2211
mpd2020-pib-per-capita-mapa,DOM,1968,2150
mpd2020-pib-per-capita-mapa,DOM,1969,2316
mpd2020-pib-per-capita-mapa,DOM,1970,2488
mpd2020-pib-per-capita-mapa,DOM,1971,2678
mpd2020-pib-per-capita-mapa,DOM,1972,2928
mpd2020-pib-per-capita-mapa,DOM,1973,3196
mpd2020-pib-per-capita-mapa,DOM,1974,3295
mpd2020-pib-per-capita-mapa,DOM,1975,3365
mpd2020-pib-per-capita-mapa,DOM,1976,3504
mpd2020-pib-per-capita-mapa,DOM,1977,3586
mpd2020-pib-per-capita-mapa,DOM,1978,3583
mpd2020-pib-per-capita-mapa,DOM,1979,3649
mpd2020-pib-per-capita-mapa,DOM,1980,3781
mpd2020-pib-per-capita-mapa,DOM,1981,3846
mpd2020-pib-per-capita-mapa,DOM,1982,3826
mpd2020-pib-per-capita-mapa,DOM,1983,3905
mpd2020-pib-per-capita-mapa,DOM,1984,3830
mpd2020-pib-per-capita-mapa,DOM,1985,3653
mpd2020-pib-per-capita-mapa,DOM,1986,3682
mpd2020-pib-per-capita-mapa,DOM,1987,3877
mpd2020-pib-per-capita-mapa,DOM,1988,3821
mpd2020-pib-per-capita-mapa,DOM,1989,4219
mpd2020-pib-per-capita-mapa,DOM,1990,3939
mpd2020-pib-per-capita-mapa,DOM,1991,3969.5687
mpd2020-pib-per-capita-mapa,DOM,1992,4185.4059
mpd2020-pib-per-capita-mapa,DOM,1993,4490.0162
mpd2020-pib-per-capita-mapa,DOM,1994,4597.1508
mpd2020-pib-per-capita-mapa,DOM,1995,4851.6288
mpd2020-pib-per-capita-mapa,DOM,1996,5198.5666
mpd2020-pib-per-capita-mapa,DOM,1997,5616.8899
mpd2020-pib-per-capita-mapa,DOM,1998,6012.6926
mpd2020-pib-per-capita-mapa,DOM,1999,6419.7811
mpd2020-pib-per-capita-mapa,DOM,2000,6788.0839
mpd2020-pib-per-capita-mapa,DOM,2001,6917.0304
mpd2020-pib-per-capita-mapa,DOM,2002,7327.366
mpd2020-pib-per-capita-mapa,DOM,2003,7324.6973
mpd2020-pib-per-capita-mapa,DOM,2004,7441.4476
mpd2020-pib-per-capita-mapa,DOM,2005,8156.431
mpd2020-pib-per-capita-mapa,DOM,2006,9059.8844
mpd2020-pib-per-capita-mapa,DOM,2007,9866.458
mpd2020-pib-per-capita-mapa,DOM,2008,10225.5288
mpd2020-pib-per-capita-mapa,DOM,2009,10365.6749
mpd2020-pib-per-capita-mapa,DOM,2010,11276.4608
mpd2020-pib-per-capita-mapa,DOM,2011,11679
mpd2020-pib-per-capita-mapa,DOM,2012,11848
mpd2020-pib-per-capita-mapa,DOM,2013,12251
mpd2020-pib-per-capita-mapa,DOM,2014,13017
mpd2020-pib-per-capita-mapa,DOM,2015,13762
mpd2020-pib-per-capita-mapa,DOM,2016,14489
mpd2020-pib-per-capita-mapa,DOM,2017,15018.9353
mpd2020-pib-per-capita-mapa,DOM,2018,15912.3995
mpd2020-pib-per-capita-mapa,DZA,1820,685
mpd2020-pib-per-capita-mapa,DZA,1870,1140
mpd2020-pib-per-capita-mapa,DZA,1913,1854
mpd2020-pib-per-capita-mapa,DZA,1950,2176
mpd2020-pib-per-capita-mapa,DZA,1951,2147
mpd2020-pib-per-capita-mapa,DZA,1952,2193
mpd2020-pib-per-capita-mapa,DZA,1953,2182
mpd2020-pib-per-capita-mapa,DZA,1954,2291
mpd2020-pib-per-capita-mapa,DZA,1955,2303
mpd2020-pib-per-capita-mapa,DZA,1956,2475
mpd2020-pib-per-capita-mapa,DZA,1957,2699
mpd2020-pib-per-capita-mapa,DZA,1958,2740
mpd2020-pib-per-capita-mapa,DZA,1959,3178
mpd2020-pib-per-capita-mapa,DZA,1960,3328
mpd2020-pib-per-capita-mapa,DZA,1961,2868
mpd2020-pib-per-capita-mapa,DZA,1962,2284
mpd2020-pib-per-capita-mapa,DZA,1963,2818
mpd2020-pib-per-capita-mapa,DZA,1964,2879
mpd2020-pib-per-capita-mapa,DZA,1965,2981
mpd2020-pib-per-capita-mapa,DZA,1966,2750
mpd2020-pib-per-capita-mapa,DZA,1967,2907
mpd2020-pib-per-capita-mapa,DZA,1968,3151
mpd2020-pib-per-capita-mapa,DZA,1969,3355
mpd2020-pib-per-capita-mapa,DZA,1970,3585
mpd2020-pib-per-capita-mapa,DZA,1971,3188
mpd2020-pib-per-capita-mapa,DZA,1972,3746
mpd2020-pib-per-capita-mapa,DZA,1973,3757
mpd2020-pib-per-capita-mapa,DZA,1974,3870
mpd2020-pib-per-capita-mapa,DZA,1975,4020
mpd2020-pib-per-capita-mapa,DZA,1976,4157
mpd2020-pib-per-capita-mapa,DZA,1977,4398
mpd2020-pib-per-capita-mapa,DZA,1978,4812
mpd2020-pib-per-capita-mapa,DZA,1979,5088
mpd2020-pib-per-capita-mapa,DZA,1980,5024
mpd2020-pib-per-capita-mapa,DZA,1981,4991
mpd2020-pib-per-capita-mapa,DZA,1982,5145
mpd2020-pib-per-capita-mapa,DZA,1983,5243
mpd2020-pib-per-capita-mapa,DZA,1984,5361
mpd2020-pib-per-capita-mapa,DZA,1985,5469
mpd2020-pib-per-capita-mapa,DZA,1986,5262
mpd2020-pib-per-capita-mapa,DZA,1987,5088
mpd2020-pib-per-capita-mapa,DZA,1988,4850
mpd2020-pib-per-capita-mapa,DZA,1989,4889
mpd2020-pib-per-capita-mapa,DZA,1990,4697
mpd2020-pib-per-capita-mapa,DZA,1991,4708.2319
mpd2020-pib-per-capita-mapa,DZA,1992,4850.2233
mpd2020-pib-per-capita-mapa,DZA,1993,4816.9236
mpd2020-pib-per-capita-mapa,DZA,1994,4856.9854
mpd2020-pib-per-capita-mapa,DZA,1995,5142.384
mpd2020-pib-per-capita-mapa,DZA,1996,5451.6344
mpd2020-pib-per-capita-mapa,DZA,1997,5638.4802
mpd2020-pib-per-capita-mapa,DZA,1998,6069.7773
mpd2020-pib-per-capita-mapa,DZA,1999,6421.5085
mpd2020-pib-per-capita-mapa,DZA,2000,6834.5539
mpd2020-pib-per-capita-mapa,DZA,2001,7218.2458
mpd2020-pib-per-capita-mapa,DZA,2002,7814.8382
mpd2020-pib-per-capita-mapa,DZA,2003,8590.1775
mpd2020-pib-per-capita-mapa,DZA,2004,9182.2942
mpd2020-pib-per-capita-mapa,DZA,2005,9969.6226
mpd2020-pib-per-capita-mapa,DZA,2006,10385.7791
mpd2020-pib-per-capita-mapa,DZA,2007,10974.7423
mpd2020-pib-per-capita-mapa,DZA,2008,11475.0024
mpd2020-pib-per-capita-mapa,DZA,2009,11907.0215
mpd2020-pib-per-capita-mapa,DZA,2010,12587.7443
mpd2020-pib-per-capita-mapa,DZA,2011,13204
mpd2020-pib-per-capita-mapa,DZA,2012,13379
mpd2020-pib-per-capita-mapa,DZA,2013,13494
mpd2020-pib-per-capita-mapa,DZA,2014,13744
mpd2020-pib-per-capita-mapa,DZA,2015,14004
mpd2020-pib-per-capita-mapa,DZA,2016,14331
mpd2020-pib-per-capita-mapa,DZA,2017,14267.2306
mpd2020-pib-per-capita-mapa,DZA,2018,14228.025
mpd2020-pib-per-capita-mapa,ECU,1870,760
mpd2020-pib-per-capita-mapa,ECU,1880,760
mpd2020-pib-per-capita-mapa,ECU,1890,893
mpd2020-pib-per-capita-mapa,ECU,1900,1098
mpd2020-pib-per-capita-mapa,ECU,1901,1121
mpd2020-pib-per-capita-mapa,ECU,1902,1143
mpd2020-pib-per-capita-mapa,ECU,1903,1165
mpd2020-pib-per-capita-mapa,ECU,1904,1189
mpd2020-pib-per-capita-mapa,ECU,1905,1213
mpd2020-pib-per-capita-mapa,ECU,1906,1237
mpd2020-pib-per-capita-mapa,ECU,1907,1261
mpd2020-pib-per-capita-mapa,ECU,1908,1299
mpd2020-pib-per-capita-mapa,ECU,1909,1337
mpd2020-pib-per-capita-mapa,ECU,1910,1379
mpd2020-pib-per-capita-mapa,ECU,1911,1420
mpd2020-pib-per-capita-mapa,ECU,1912,1462
mpd2020-pib-per-capita-mapa,ECU,1913,1506
mpd2020-pib-per-capita-mapa,ECU,1914,1537
mpd2020-pib-per-capita-mapa,ECU,1915,1567
mpd2020-pib-per-capita-mapa,ECU,1916,1583
mpd2020-pib-per-capita-mapa,ECU,1917,1599
mpd2020-pib-per-capita-mapa,ECU,1918,1615
mpd2020-pib-per-capita-mapa,ECU,1919,1647
mpd2020-pib-per-capita-mapa,ECU,1920,1680
mpd2020-pib-per-capita-mapa,ECU,1921,1696
mpd2020-pib-per-capita-mapa,ECU,1922,1714
mpd2020-pib-per-capita-mapa,ECU,1923,1731
mpd2020-pib-per-capita-mapa,ECU,1924,1749
mpd2020-pib-per-capita-mapa,ECU,1925,1765
mpd2020-pib-per-capita-mapa,ECU,1926,1784
mpd2020-pib-per-capita-mapa,ECU,1927,1836
mpd2020-pib-per-capita-mapa,ECU,1928,1892
mpd2020-pib-per-capita-mapa,ECU,1929,1948
mpd2020-pib-per-capita-mapa,ECU,1930,1969
mpd2020-pib-per-capita-mapa,ECU,1931,1929
mpd2020-pib-per-capita-mapa,ECU,1932,1890
mpd2020-pib-per-capita-mapa,ECU,1933,1890
mpd2020-pib-per-capita-mapa,ECU,1934,1890
mpd2020-pib-per-capita-mapa,ECU,1935,1890
mpd2020-pib-per-capita-mapa,ECU,1936,1908
mpd2020-pib-per-capita-mapa,ECU,1937,1927
mpd2020-pib-per-capita-mapa,ECU,1938,1948
mpd2020-pib-per-capita-mapa,ECU,1939,1967
mpd2020-pib-per-capita-mapa,ECU,1940,2050
mpd2020-pib-per-capita-mapa,ECU,1941,2016
mpd2020-pib-per-capita-mapa,ECU,1942,2056
mpd2020-pib-per-capita-mapa,ECU,1943,2259
mpd2020-pib-per-capita-mapa,ECU,1944,2230
mpd2020-pib-per-capita-mapa,ECU,1945,2182
mpd2020-pib-per-capita-mapa,ECU,1946,2381
mpd2020-pib-per-capita-mapa,ECU,1947,2571
mpd2020-pib-per-capita-mapa,ECU,1948,2844
mpd2020-pib-per-capita-mapa,ECU,1949,2815
mpd2020-pib-per-capita-mapa,ECU,1950,2970
mpd2020-pib-per-capita-mapa,ECU,1951,2925
mpd2020-pib-per-capita-mapa,ECU,1952,3202
mpd2020-pib-per-capita-mapa,ECU,1953,3185
mpd2020-pib-per-capita-mapa,ECU,1954,3352
mpd2020-pib-per-capita-mapa,ECU,1955,3349
mpd2020-pib-per-capita-mapa,ECU,1956,3381
mpd2020-pib-per-capita-mapa,ECU,1957,3437
mpd2020-pib-per-capita-mapa,ECU,1958,3441
mpd2020-pib-per-capita-mapa,ECU,1959,3524
mpd2020-pib-per-capita-mapa,ECU,1960,3649
mpd2020-pib-per-capita-mapa,ECU,1961,3633
mpd2020-pib-per-capita-mapa,ECU,1962,3716
mpd2020-pib-per-capita-mapa,ECU,1963,3698
mpd2020-pib-per-capita-mapa,ECU,1964,3843
mpd2020-pib-per-capita-mapa,ECU,1965,4090
mpd2020-pib-per-capita-mapa,ECU,1966,4074
mpd2020-pib-per-capita-mapa,ECU,1967,4163
mpd2020-pib-per-capita-mapa,ECU,1968,4264
mpd2020-pib-per-capita-mapa,ECU,1969,4366
mpd2020-pib-per-capita-mapa,ECU,1970,4535
mpd2020-pib-per-capita-mapa,ECU,1971,4658
mpd2020-pib-per-capita-mapa,ECU,1972,4801
mpd2020-pib-per-capita-mapa,ECU,1973,5244
mpd2020-pib-per-capita-mapa,ECU,1974,5392
mpd2020-pib-per-capita-mapa,ECU,1975,5514
mpd2020-pib-per-capita-mapa,ECU,1976,5877
mpd2020-pib-per-capita-mapa,ECU,1977,6073
mpd2020-pib-per-capita-mapa,ECU,1978,6314
mpd2020-pib-per-capita-mapa,ECU,1979,6472
mpd2020-pib-per-capita-mapa,ECU,1980,6582
mpd2020-pib-per-capita-mapa,ECU,1981,6664
mpd2020-pib-per-capita-mapa,ECU,1982,6558
mpd2020-pib-per-capita-mapa,ECU,1983,6252
mpd2020-pib-per-capita-mapa,ECU,1984,6336
mpd2020-pib-per-capita-mapa,ECU,1985,6433
mpd2020-pib-per-capita-mapa,ECU,1986,6452
mpd2020-pib-per-capita-mapa,ECU,1987,5893
mpd2020-pib-per-capita-mapa,ECU,1988,6357
mpd2020-pib-per-capita-mapa,ECU,1989,6207
mpd2020-pib-per-capita-mapa,ECU,1990,6221
mpd2020-pib-per-capita-mapa,ECU,1991,6513.3368
mpd2020-pib-per-capita-mapa,ECU,1992,6715.4743
mpd2020-pib-per-capita-mapa,ECU,1993,6770.1786
mpd2020-pib-per-capita-mapa,ECU,1994,6940.0903
mpd2020-pib-per-capita-mapa,ECU,1995,6985.1555
mpd2020-pib-per-capita-mapa,ECU,1996,6993.6438
mpd2020-pib-per-capita-mapa,ECU,1997,7181.1009
mpd2020-pib-per-capita-mapa,ECU,1998,7307.1694
mpd2020-pib-per-capita-mapa,ECU,1999,6884.7926
mpd2020-pib-per-capita-mapa,ECU,2000,6908.243
mpd2020-pib-per-capita-mapa,ECU,2001,7131.194
mpd2020-pib-per-capita-mapa,ECU,2002,7359.7072
mpd2020-pib-per-capita-mapa,ECU,2003,7468.5035
mpd2020-pib-per-capita-mapa,ECU,2004,7958.9207
mpd2020-pib-per-capita-mapa,ECU,2005,8256.7777
mpd2020-pib-per-capita-mapa,ECU,2006,8521.5598
mpd2020-pib-per-capita-mapa,ECU,2007,8633.5844
mpd2020-pib-per-capita-mapa,ECU,2008,9103.8717
mpd2020-pib-per-capita-mapa,ECU,2009,9081.3705
mpd2020-pib-per-capita-mapa,ECU,2010,9327.2128
mpd2020-pib-per-capita-mapa,ECU,2011,9985
mpd2020-pib-per-capita-mapa,ECU,2012,10398
mpd2020-pib-per-capita-mapa,ECU,2013,10760
mpd2020-pib-per-capita-mapa,ECU,2014,11036
mpd2020-pib-per-capita-mapa,ECU,2015,10905
mpd2020-pib-per-capita-mapa,ECU,2016,10527
mpd2020-pib-per-capita-mapa,ECU,2017,10637.2771
mpd2020-pib-per-capita-mapa,ECU,2018,10638.8251
mpd2020-pib-per-capita-mapa,EGY,1820,956
mpd2020-pib-per-capita-mapa,EGY,1870,1195
mpd2020-pib-per-capita-mapa,EGY,1913,1674
mpd2020-pib-per-capita-mapa,EGY,1950,1450.9724
mpd2020-pib-per-capita-mapa,EGY,1951,1443
mpd2020-pib-per-capita-mapa,EGY,1952,1435
mpd2020-pib-per-capita-mapa,EGY,1953,1425
mpd2020-pib-per-capita-mapa,EGY,1954,1417
mpd2020-pib-per-capita-mapa,EGY,1955,1411
mpd2020-pib-per-capita-mapa,EGY,1956,1443
mpd2020-pib-per-capita-mapa,EGY,1957,1474
mpd2020-pib-per-capita-mapa,EGY,1958,1510
mpd2020-pib-per-capita-mapa,EGY,1959,1545
mpd2020-pib-per-capita-mapa,EGY,1960,1580
mpd2020-pib-per-capita-mapa,EGY,1961,1643
mpd2020-pib-per-capita-mapa,EGY,1962,1712
mpd2020-pib-per-capita-mapa,EGY,1963,1785
mpd2020-pib-per-capita-mapa,EGY,1964,1859
mpd2020-pib-per-capita-mapa,EGY,1965,1934
mpd2020-pib-per-capita-mapa,EGY,1966,1900
mpd2020-pib-per-capita-mapa,EGY,1967,1835
mpd2020-pib-per-capita-mapa,EGY,1968,1827
mpd2020-pib-per-capita-mapa,EGY,1969,1914
mpd2020-pib-per-capita-mapa,EGY,1970,1999
mpd2020-pib-per-capita-mapa,EGY,1971,2045
mpd2020-pib-per-capita-mapa,EGY,1972,2047
mpd2020-pib-per-capita-mapa,EGY,1973,2063
mpd2020-pib-per-capita-mapa,EGY,1974,2099
mpd2020-pib-per-capita-mapa,EGY,1975,2265
mpd2020-pib-per-capita-mapa,EGY,1976,2560
mpd2020-pib-per-capita-mapa,EGY,1977,2817
mpd2020-pib-per-capita-mapa,EGY,1978,2939
mpd2020-pib-per-capita-mapa,EGY,1979,3076
mpd2020-pib-per-capita-mapa,EGY,1980,3298
mpd2020-pib-per-capita-mapa,EGY,1981,3309
mpd2020-pib-per-capita-mapa,EGY,1982,3543
mpd2020-pib-per-capita-mapa,EGY,1983,3701
mpd2020-pib-per-capita-mapa,EGY,1984,3810
mpd2020-pib-per-capita-mapa,EGY,1985,3939
mpd2020-pib-per-capita-mapa,EGY,1986,3921
mpd2020-pib-per-capita-mapa,EGY,1987,3929
mpd2020-pib-per-capita-mapa,EGY,1988,4001
mpd2020-pib-per-capita-mapa,EGY,1989,4030
mpd2020-pib-per-capita-mapa,EGY,1990,4022
mpd2020-pib-per-capita-mapa,EGY,1991,4180.1326
mpd2020-pib-per-capita-mapa,EGY,1992,4338.9538
mpd2020-pib-per-capita-mapa,EGY,1993,4542.6325
mpd2020-pib-per-capita-mapa,EGY,1994,4746.5882
mpd2020-pib-per-capita-mapa,EGY,1995,5001.0667
mpd2020-pib-per-capita-mapa,EGY,1996,5293.1005
mpd2020-pib-per-capita-mapa,EGY,1997,5594.5972
mpd2020-pib-per-capita-mapa,EGY,1998,5884.8018
mpd2020-pib-per-capita-mapa,EGY,1999,6211.0158
mpd2020-pib-per-capita-mapa,EGY,2000,6593.5318
mpd2020-pib-per-capita-mapa,EGY,2001,6914.9368
mpd2020-pib-per-capita-mapa,EGY,2002,7142.6864
mpd2020-pib-per-capita-mapa,EGY,2003,7365.8027
mpd2020-pib-per-capita-mapa,EGY,2004,7661.8599
mpd2020-pib-per-capita-mapa,EGY,2005,8021.8835
mpd2020-pib-per-capita-mapa,EGY,2006,8509.6144
mpd2020-pib-per-capita-mapa,EGY,2007,9130.5979
mpd2020-pib-per-capita-mapa,EGY,2008,9698.0166
mpd2020-pib-per-capita-mapa,EGY,2009,10159.0022
mpd2020-pib-per-capita-mapa,EGY,2010,10719.2913
mpd2020-pib-per-capita-mapa,EGY,2011,10737
mpd2020-pib-per-capita-mapa,EGY,2012,10767
mpd2020-pib-per-capita-mapa,EGY,2013,10775
mpd2020-pib-per-capita-mapa,EGY,2014,11016
mpd2020-pib-per-capita-mapa,EGY,2015,11159
mpd2020-pib-per-capita-mapa,EGY,2016,11351
mpd2020-pib-per-capita-mapa,EGY,2017,11619.6884
mpd2020-pib-per-capita-mapa,EGY,2018,11957.2122
mpd2020-pib-per-capita-mapa,ESP,1820,1600
mpd2020-pib-per-capita-mapa,ESP,1825,1697.65
mpd2020-pib-per-capita-mapa,ESP,1835,1679.78
mpd2020-pib-per-capita-mapa,ESP,1845,1733.39
mpd2020-pib-per-capita-mapa,ESP,1850,1706
mpd2020-pib-per-capita-mapa,ESP,1851,1720
mpd2020-pib-per-capita-mapa,ESP,1852,1785
mpd2020-pib-per-capita-mapa,ESP,1853,1785
mpd2020-pib-per-capita-mapa,ESP,1854,1804
mpd2020-pib-per-capita-mapa,ESP,1855,1892
mpd2020-pib-per-capita-mapa,ESP,1856,1800
mpd2020-pib-per-capita-mapa,ESP,1857,1742
mpd2020-pib-per-capita-mapa,ESP,1858,1774
mpd2020-pib-per-capita-mapa,ESP,1859,1862
mpd2020-pib-per-capita-mapa,ESP,1860,1930
mpd2020-pib-per-capita-mapa,ESP,1861,1932
mpd2020-pib-per-capita-mapa,ESP,1862,1932
mpd2020-pib-per-capita-mapa,ESP,1863,1959
mpd2020-pib-per-capita-mapa,ESP,1864,1946
mpd2020-pib-per-capita-mapa,ESP,1865,1865
mpd2020-pib-per-capita-mapa,ESP,1866,1977
mpd2020-pib-per-capita-mapa,ESP,1867,1946
mpd2020-pib-per-capita-mapa,ESP,1868,1701
mpd2020-pib-per-capita-mapa,ESP,1869,1760
mpd2020-pib-per-capita-mapa,ESP,1870,1809
mpd2020-pib-per-capita-mapa,ESP,1871,1948
mpd2020-pib-per-capita-mapa,ESP,1872,2246
mpd2020-pib-per-capita-mapa,ESP,1873,2428
mpd2020-pib-per-capita-mapa,ESP,1874,2216
mpd2020-pib-per-capita-mapa,ESP,1875,2276
mpd2020-pib-per-capita-mapa,ESP,1876,2346
mpd2020-pib-per-capita-mapa,ESP,1877,2601
mpd2020-pib-per-capita-mapa,ESP,1878,2495
mpd2020-pib-per-capita-mapa,ESP,1879,2316
mpd2020-pib-per-capita-mapa,ESP,1880,2520
mpd2020-pib-per-capita-mapa,ESP,1881,2538
mpd2020-pib-per-capita-mapa,ESP,1882,2547
mpd2020-pib-per-capita-mapa,ESP,1883,2582
mpd2020-pib-per-capita-mapa,ESP,1884,2590
mpd2020-pib-per-capita-mapa,ESP,1885,2493
mpd2020-pib-per-capita-mapa,ESP,1886,2436
mpd2020-pib-per-capita-mapa,ESP,1887,2381
mpd2020-pib-per-capita-mapa,ESP,1888,2475
mpd2020-pib-per-capita-mapa,ESP,1889,2469
mpd2020-pib-per-capita-mapa,ESP,1890,2463
mpd2020-pib-per-capita-mapa,ESP,1891,2509
mpd2020-pib-per-capita-mapa,ESP,1892,2719
mpd2020-pib-per-capita-mapa,ESP,1893,2603
mpd2020-pib-per-capita-mapa,ESP,1894,2633
mpd2020-pib-per-capita-mapa,ESP,1895,2589
mpd2020-pib-per-capita-mapa,ESP,1896,2330
mpd2020-pib-per-capita-mapa,ESP,1897,2469
mpd2020-pib-per-capita-mapa,ESP,1898,2628
mpd2020-pib-per-capita-mapa,ESP,1899,2636
mpd2020-pib-per-capita-mapa,ESP,1900,2676
mpd2020-pib-per-capita-mapa,ESP,1901,2885
mpd2020-pib-per-capita-mapa,ESP,1902,2740
mpd2020-pib-per-capita-mapa,ESP,1903,2713
mpd2020-pib-per-capita-mapa,ESP,1904,2660
mpd2020-pib-per-capita-mapa,ESP,1905,2622
mpd2020-pib-per-capita-mapa,ESP,1906,2775
mpd2020-pib-per-capita-mapa,ESP,1907,2828
mpd2020-pib-per-capita-mapa,ESP,1908,2917
mpd2020-pib-per-capita-mapa,ESP,1909,2978
mpd2020-pib-per-capita-mapa,ESP,1910,2823
mpd2020-pib-per-capita-mapa,ESP,1911,3027
mpd2020-pib-per-capita-mapa,ESP,1912,2915
mpd2020-pib-per-capita-mapa,ESP,1913,3067
mpd2020-pib-per-capita-mapa,ESP,1914,2962
mpd2020-pib-per-capita-mapa,ESP,1915,2973
mpd2020-pib-per-capita-mapa,ESP,1916,3076
mpd2020-pib-per-capita-mapa,ESP,1917,3014
mpd2020-pib-per-capita-mapa,ESP,1918,2979
mpd2020-pib-per-capita-mapa,ESP,1919,3024
mpd2020-pib-per-capita-mapa,ESP,1920,3244
mpd2020-pib-per-capita-mapa,ESP,1921,3322
mpd2020-pib-per-capita-mapa,ESP,1922,3427
mpd2020-pib-per-capita-mapa,ESP,1923,3433
mpd2020-pib-per-capita-mapa,ESP,1924,3518
mpd2020-pib-per-capita-mapa,ESP,1925,3725
mpd2020-pib-per-capita-mapa,ESP,1926,3650
mpd2020-pib-per-capita-mapa,ESP,1927,3959
mpd2020-pib-per-capita-mapa,ESP,1928,3907
mpd2020-pib-per-capita-mapa,ESP,1929,4173
mpd2020-pib-per-capita-mapa,ESP,1930,3923
mpd2020-pib-per-capita-mapa,ESP,1931,3787
mpd2020-pib-per-capita-mapa,ESP,1932,3856
mpd2020-pib-per-capita-mapa,ESP,1933,3690
mpd2020-pib-per-capita-mapa,ESP,1934,3783
mpd2020-pib-per-capita-mapa,ESP,1935,3806
mpd2020-pib-per-capita-mapa,ESP,1936,2876
mpd2020-pib-per-capita-mapa,ESP,1937,2654
mpd2020-pib-per-capita-mapa,ESP,1938,2636
mpd2020-pib-per-capita-mapa,ESP,1939,2885
mpd2020-pib-per-capita-mapa,ESP,1940,3170
mpd2020-pib-per-capita-mapa,ESP,1941,3191
mpd2020-pib-per-capita-mapa,ESP,1942,3394
mpd2020-pib-per-capita-mapa,ESP,1943,3551
mpd2020-pib-per-capita-mapa,ESP,1944,3676
mpd2020-pib-per-capita-mapa,ESP,1945,3357
mpd2020-pib-per-capita-mapa,ESP,1946,3473
mpd2020-pib-per-capita-mapa,ESP,1947,3513
mpd2020-pib-per-capita-mapa,ESP,1948,3478
mpd2020-pib-per-capita-mapa,ESP,1949,3435
mpd2020-pib-per-capita-mapa,ESP,1950,3464
mpd2020-pib-per-capita-mapa,ESP,1951,3790
mpd2020-pib-per-capita-mapa,ESP,1952,4105
mpd2020-pib-per-capita-mapa,ESP,1953,4066
mpd2020-pib-per-capita-mapa,ESP,1954,4328
mpd2020-pib-per-capita-mapa,ESP,1955,4442
mpd2020-pib-per-capita-mapa,ESP,1956,4769
mpd2020-pib-per-capita-mapa,ESP,1957,4900
mpd2020-pib-per-capita-mapa,ESP,1958,5176
mpd2020-pib-per-capita-mapa,ESP,1959,5085
mpd2020-pib-per-capita-mapa,ESP,1960,5037
mpd2020-pib-per-capita-mapa,ESP,1961,5587
mpd2020-pib-per-capita-mapa,ESP,1962,6083
mpd2020-pib-per-capita-mapa,ESP,1963,6639
mpd2020-pib-per-capita-mapa,ESP,1964,6945
mpd2020-pib-per-capita-mapa,ESP,1965,7420
mpd2020-pib-per-capita-mapa,ESP,1966,7881
mpd2020-pib-per-capita-mapa,ESP,1967,8215
mpd2020-pib-per-capita-mapa,ESP,1968,8606
mpd2020-pib-per-capita-mapa,ESP,1969,9307
mpd2020-pib-per-capita-mapa,ESP,1970,9511
mpd2020-pib-per-capita-mapa,ESP,1971,9894
mpd2020-pib-per-capita-mapa,ESP,1972,10796
mpd2020-pib-per-capita-mapa,ESP,1973,11638
mpd2020-pib-per-capita-mapa,ESP,1974,12388
mpd2020-pib-per-capita-mapa,ESP,1975,12621
mpd2020-pib-per-capita-mapa,ESP,1976,13053
mpd2020-pib-per-capita-mapa,ESP,1977,13342
mpd2020-pib-per-capita-mapa,ESP,1978,13573
mpd2020-pib-per-capita-mapa,ESP,1979,13681
mpd2020-pib-per-capita-mapa,ESP,1980,14008
mpd2020-pib-per-capita-mapa,ESP,1981,13895
mpd2020-pib-per-capita-mapa,ESP,1982,14045
mpd2020-pib-per-capita-mapa,ESP,1983,14237
mpd2020-pib-per-capita-mapa,ESP,1984,14308
mpd2020-pib-per-capita-mapa,ESP,1985,14690
mpd2020-pib-per-capita-mapa,ESP,1986,15237
mpd2020-pib-per-capita-mapa,ESP,1987,16268
mpd2020-pib-per-capita-mapa,ESP,1988,17272
mpd2020-pib-per-capita-mapa,ESP,1989,18359
mpd2020-pib-per-capita-mapa,ESP,1990,19215
mpd2020-pib-per-capita-mapa,ESP,1991,19958.0596
mpd2020-pib-per-capita-mapa,ESP,1992,20329.1677
mpd2020-pib-per-capita-mapa,ESP,1993,20056.5396
mpd2020-pib-per-capita-mapa,ESP,1994,20673.9544
mpd2020-pib-per-capita-mapa,ESP,1995,21522.0968
mpd2020-pib-per-capita-mapa,ESP,1996,22185.0668
mpd2020-pib-per-capita-mapa,ESP,1997,23113.6151
mpd2020-pib-per-capita-mapa,ESP,1998,24284.8613
mpd2020-pib-per-capita-mapa,ESP,1999,25549.5396
mpd2020-pib-per-capita-mapa,ESP,2000,26994.8601
mpd2020-pib-per-capita-mapa,ESP,2001,28153.5536
mpd2020-pib-per-capita-mapa,ESP,2002,28753.3228
mpd2020-pib-per-capita-mapa,ESP,2003,29371.8649
mpd2020-pib-per-capita-mapa,ESP,2004,30088.0926
mpd2020-pib-per-capita-mapa,ESP,2005,30885.602
mpd2020-pib-per-capita-mapa,ESP,2006,31907.4235
mpd2020-pib-per-capita-mapa,ESP,2007,32735.4331
mpd2020-pib-per-capita-mapa,ESP,2008,32844.3261
mpd2020-pib-per-capita-mapa,ESP,2009,31669.6906
mpd2020-pib-per-capita-mapa,ESP,2010,31786.404
mpd2020-pib-per-capita-mapa,ESP,2011,31600
mpd2020-pib-per-capita-mapa,ESP,2012,30699
mpd2020-pib-per-capita-mapa,ESP,2013,30280
mpd2020-pib-per-capita-mapa,ESP,2014,30819
mpd2020-pib-per-capita-mapa,ESP,2015,31847
mpd2020-pib-per-capita-mapa,ESP,2016,30110
mpd2020-pib-per-capita-mapa,ESP,2017,30908.1195
mpd2020-pib-per-capita-mapa,ESP,2018,31496.52
mpd2020-pib-per-capita-mapa,EST,1855,1787
mpd2020-pib-per-capita-mapa,EST,1973,13799
mpd2020-pib-per-capita-mapa,EST,1980,15044
mpd2020-pib-per-capita-mapa,EST,1981,15478
mpd2020-pib-per-capita-mapa,EST,1982,15927
mpd2020-pib-per-capita-mapa,EST,1983,16361
mpd2020-pib-per-capita-mapa,EST,1984,16660
mpd2020-pib-per-capita-mapa,EST,1985,16541
mpd2020-pib-per-capita-mapa,EST,1986,16866
mpd2020-pib-per-capita-mapa,EST,1987,16898
mpd2020-pib-per-capita-mapa,EST,1988,17661
mpd2020-pib-per-capita-mapa,EST,1989,18779
mpd2020-pib-per-capita-mapa,EST,1990,17247
mpd2020-pib-per-capita-mapa,EST,1991,15350.6349
mpd2020-pib-per-capita-mapa,EST,1992,13214.3876
mpd2020-pib-per-capita-mapa,EST,1993,12207.1842
mpd2020-pib-per-capita-mapa,EST,1994,12070.0606
mpd2020-pib-per-capita-mapa,EST,1995,12881.2785
mpd2020-pib-per-capita-mapa,EST,1996,13547.6609
mpd2020-pib-per-capita-mapa,EST,1997,15074.7755
mpd2020-pib-per-capita-mapa,EST,1998,15593.0051
mpd2020-pib-per-capita-mapa,EST,1999,15335.1063
mpd2020-pib-per-capita-mapa,EST,2000,16806.9746
mpd2020-pib-per-capita-mapa,EST,2001,17696.6101
mpd2020-pib-per-capita-mapa,EST,2002,18589.1495
mpd2020-pib-per-capita-mapa,EST,2003,19771.743
mpd2020-pib-per-capita-mapa,EST,2004,20803.7576
mpd2020-pib-per-capita-mapa,EST,2005,22518.5412
mpd2020-pib-per-capita-mapa,EST,2006,24578.8162
mpd2020-pib-per-capita-mapa,EST,2007,26177.8717
mpd2020-pib-per-capita-mapa,EST,2008,24429.0222
mpd2020-pib-per-capita-mapa,EST,2009,20538.0481
mpd2020-pib-per-capita-mapa,EST,2010,20713.4256
mpd2020-pib-per-capita-mapa,EST,2011,21997
mpd2020-pib-per-capita-mapa,EST,2012,23026
mpd2020-pib-per-capita-mapa,EST,2013,23436
mpd2020-pib-per-capita-mapa,EST,2014,24146
mpd2020-pib-per-capita-mapa,EST,2015,24493
mpd2020-pib-per-capita-mapa,EST,2016,24857
mpd2020-pib-per-capita-mapa,EST,2017,26254.202
mpd2020-pib-per-capita-mapa,EST,2018,27408.6649
mpd2020-pib-per-capita-mapa,ETH,1950,622
mpd2020-pib-per-capita-mapa,ETH,1951,630
mpd2020-pib-per-capita-mapa,ETH,1952,636
mpd2020-pib-per-capita-mapa,ETH,1953,662
mpd2020-pib-per-capita-mapa,ETH,1954,650
mpd2020-pib-per-capita-mapa,ETH,1955,673
mpd2020-pib-per-capita-mapa,ETH,1956,682
mpd2020-pib-per-capita-mapa,ETH,1957,665
mpd2020-pib-per-capita-mapa,ETH,1958,674
mpd2020-pib-per-capita-mapa,ETH,1959,681
mpd2020-pib-per-capita-mapa,ETH,1960,701
mpd2020-pib-per-capita-mapa,ETH,1961,722
mpd2020-pib-per-capita-mapa,ETH,1962,736
mpd2020-pib-per-capita-mapa,ETH,1963,818
mpd2020-pib-per-capita-mapa,ETH,1964,840
mpd2020-pib-per-capita-mapa,ETH,1965,872
mpd2020-pib-per-capita-mapa,ETH,1966,888
mpd2020-pib-per-capita-mapa,ETH,1967,907
mpd2020-pib-per-capita-mapa,ETH,1968,902
mpd2020-pib-per-capita-mapa,ETH,1969,917
mpd2020-pib-per-capita-mapa,ETH,1970,948
mpd2020-pib-per-capita-mapa,ETH,1971,968
mpd2020-pib-per-capita-mapa,ETH,1972,995
mpd2020-pib-per-capita-mapa,ETH,1973,1004
mpd2020-pib-per-capita-mapa,ETH,1974,993
mpd2020-pib-per-capita-mapa,ETH,1975,972
mpd2020-pib-per-capita-mapa,ETH,1976,974
mpd2020-pib-per-capita-mapa,ETH,1977,977
mpd2020-pib-per-capita-mapa,ETH,1978,952
mpd2020-pib-per-capita-mapa,ETH,1979,999
mpd2020-pib-per-capita-mapa,ETH,1980,1033
mpd2020-pib-per-capita-mapa,ETH,1981,1009
mpd2020-pib-per-capita-mapa,ETH,1982,980
mpd2020-pib-per-capita-mapa,ETH,1983,999
mpd2020-pib-per-capita-mapa,ETH,1984,956
mpd2020-pib-per-capita-mapa,ETH,1985,880
mpd2020-pib-per-capita-mapa,ETH,1986,920
mpd2020-pib-per-capita-mapa,ETH,1987,980
mpd2020-pib-per-capita-mapa,ETH,1988,969
mpd2020-pib-per-capita-mapa,ETH,1989,956
mpd2020-pib-per-capita-mapa,ETH,1990,915
mpd2020-pib-per-capita-mapa,ETH,1991,810.7901
mpd2020-pib-per-capita-mapa,ETH,1992,708.3694
mpd2020-pib-per-capita-mapa,ETH,1993,699.2273
mpd2020-pib-per-capita-mapa,ETH,1994,731.7509
mpd2020-pib-per-capita-mapa,ETH,1995,744.1418
mpd2020-pib-per-capita-mapa,ETH,1996,782.9941
mpd2020-pib-per-capita-mapa,ETH,1997,815.1455
mpd2020-pib-per-capita-mapa,ETH,1998,786.279
mpd2020-pib-per-capita-mapa,ETH,1999,761.9033
mpd2020-pib-per-capita-mapa,ETH,2000,771.7315
mpd2020-pib-per-capita-mapa,ETH,2001,783.8964
mpd2020-pib-per-capita-mapa,ETH,2002,793.9149
mpd2020-pib-per-capita-mapa,ETH,2003,764.5283
mpd2020-pib-per-capita-mapa,ETH,2004,771.4652
mpd2020-pib-per-capita-mapa,ETH,2005,829.2432
mpd2020-pib-per-capita-mapa,ETH,2006,880.6544
mpd2020-pib-per-capita-mapa,ETH,2007,936.3744
mpd2020-pib-per-capita-mapa,ETH,2008,989.9804
mpd2020-pib-per-capita-mapa,ETH,2009,1043.5319
mpd2020-pib-per-capita-mapa,ETH,2010,1106.3831
mpd2020-pib-per-capita-mapa,ETH,2011,1199
mpd2020-pib-per-capita-mapa,ETH,2012,1287
mpd2020-pib-per-capita-mapa,ETH,2013,1365
mpd2020-pib-per-capita-mapa,ETH,2014,1459
mpd2020-pib-per-capita-mapa,ETH,2015,1553
mpd2020-pib-per-capita-mapa,ETH,2016,1635
mpd2020-pib-per-capita-mapa,ETH,2017,1753.3181
mpd2020-pib-per-capita-mapa,ETH,2018,1838.4903
mpd2020-pib-per-capita-mapa,FIN,1820,1313
mpd2020-pib-per-capita-mapa,FIN,1850,1519
mpd2020-pib-per-capita-mapa,FIN,1860,1522
mpd2020-pib-per-capita-mapa,FIN,1861,1527
mpd2020-pib-per-capita-mapa,FIN,1862,1428
mpd2020-pib-per-capita-mapa,FIN,1863,1527
mpd2020-pib-per-capita-mapa,FIN,1864,1545
mpd2020-pib-per-capita-mapa,FIN,1865,1516
mpd2020-pib-per-capita-mapa,FIN,1866,1527
mpd2020-pib-per-capita-mapa,FIN,1867,1412
mpd2020-pib-per-capita-mapa,FIN,1868,1599
mpd2020-pib-per-capita-mapa,FIN,1869,1755
mpd2020-pib-per-capita-mapa,FIN,1870,1817
mpd2020-pib-per-capita-mapa,FIN,1871,1796
mpd2020-pib-per-capita-mapa,FIN,1872,1825
mpd2020-pib-per-capita-mapa,FIN,1873,1902
mpd2020-pib-per-capita-mapa,FIN,1874,1919
mpd2020-pib-per-capita-mapa,FIN,1875,1930
mpd2020-pib-per-capita-mapa,FIN,1876,2007
mpd2020-pib-per-capita-mapa,FIN,1877,1930
mpd2020-pib-per-capita-mapa,FIN,1878,1870
mpd2020-pib-per-capita-mapa,FIN,1879,1860
mpd2020-pib-per-capita-mapa,FIN,1880,1841
mpd2020-pib-per-capita-mapa,FIN,1881,1769
mpd2020-pib-per-capita-mapa,FIN,1882,1918
mpd2020-pib-per-capita-mapa,FIN,1883,1961
mpd2020-pib-per-capita-mapa,FIN,1884,1943
mpd2020-pib-per-capita-mapa,FIN,1885,1962
mpd2020-pib-per-capita-mapa,FIN,1886,2034
mpd2020-pib-per-capita-mapa,FIN,1887,2034
mpd2020-pib-per-capita-mapa,FIN,1888,2075
mpd2020-pib-per-capita-mapa,FIN,1889,2115
mpd2020-pib-per-capita-mapa,FIN,1890,2201
mpd2020-pib-per-capita-mapa,FIN,1891,2152
mpd2020-pib-per-capita-mapa,FIN,1892,2040
mpd2020-pib-per-capita-mapa,FIN,1893,2138
mpd2020-pib-per-capita-mapa,FIN,1894,2230
mpd2020-pib-per-capita-mapa,FIN,1895,2378
mpd2020-pib-per-capita-mapa,FIN,1896,2503
mpd2020-pib-per-capita-mapa,FIN,1897,2589
mpd2020-pib-per-capita-mapa,FIN,1898,2659
mpd2020-pib-per-capita-mapa,FIN,1899,2562
mpd2020-pib-per-capita-mapa,FIN,1900,2659
mpd2020-pib-per-capita-mapa,FIN,1901,2608
mpd2020-pib-per-capita-mapa,FIN,1902,2536
mpd2020-pib-per-capita-mapa,FIN,1903,2687
mpd2020-pib-per-capita-mapa,FIN,1904,2759
mpd2020-pib-per-capita-mapa,FIN,1905,2777
mpd2020-pib-per-capita-mapa,FIN,1906,2860
mpd2020-pib-per-capita-mapa,FIN,1907,2923
mpd2020-pib-per-capita-mapa,FIN,1908,2915
mpd2020-pib-per-capita-mapa,FIN,1909,3003
mpd2020-pib-per-capita-mapa,FIN,1910,3038
mpd2020-pib-per-capita-mapa,FIN,1911,3091
mpd2020-pib-per-capita-mapa,FIN,1912,3223
mpd2020-pib-per-capita-mapa,FIN,1913,3365
mpd2020-pib-per-capita-mapa,FIN,1914,3190
mpd2020-pib-per-capita-mapa,FIN,1915,3000
mpd2020-pib-per-capita-mapa,FIN,1916,3017
mpd2020-pib-per-capita-mapa,FIN,1917,2520
mpd2020-pib-per-capita-mapa,FIN,1918,2184
mpd2020-pib-per-capita-mapa,FIN,1919,2643
mpd2020-pib-per-capita-mapa,FIN,1920,2942
mpd2020-pib-per-capita-mapa,FIN,1921,3003
mpd2020-pib-per-capita-mapa,FIN,1922,3280
mpd2020-pib-per-capita-mapa,FIN,1923,3486
mpd2020-pib-per-capita-mapa,FIN,1924,3545
mpd2020-pib-per-capita-mapa,FIN,1925,3711
mpd2020-pib-per-capita-mapa,FIN,1926,3813
mpd2020-pib-per-capita-mapa,FIN,1927,4076
mpd2020-pib-per-capita-mapa,FIN,1928,4315
mpd2020-pib-per-capita-mapa,FIN,1929,4331
mpd2020-pib-per-capita-mapa,FIN,1930,4250
mpd2020-pib-per-capita-mapa,FIN,1931,4114
mpd2020-pib-per-capita-mapa,FIN,1932,4065
mpd2020-pib-per-capita-mapa,FIN,1933,4307
mpd2020-pib-per-capita-mapa,FIN,1934,4763
mpd2020-pib-per-capita-mapa,FIN,1935,4930
mpd2020-pib-per-capita-mapa,FIN,1936,5227
mpd2020-pib-per-capita-mapa,FIN,1937,5485
mpd2020-pib-per-capita-mapa,FIN,1938,5721
mpd2020-pib-per-capita-mapa,FIN,1939,5432
mpd2020-pib-per-capita-mapa,FIN,1940,5133
mpd2020-pib-per-capita-mapa,FIN,1941,5295
mpd2020-pib-per-capita-mapa,FIN,1942,5303
mpd2020-pib-per-capita-mapa,FIN,1943,5893
mpd2020-pib-per-capita-mapa,FIN,1944,5874
mpd2020-pib-per-capita-mapa,FIN,1945,5499
mpd2020-pib-per-capita-mapa,FIN,1946,5871
mpd2020-pib-per-capita-mapa,FIN,1947,5925
mpd2020-pib-per-capita-mapa,FIN,1948,6307
mpd2020-pib-per-capita-mapa,FIN,1949,6604
mpd2020-pib-per-capita-mapa,FIN,1950,6779
mpd2020-pib-per-capita-mapa,FIN,1951,7286
mpd2020-pib-per-capita-mapa,FIN,1952,7450
mpd2020-pib-per-capita-mapa,FIN,1953,7415
mpd2020-pib-per-capita-mapa,FIN,1954,7973
mpd2020-pib-per-capita-mapa,FIN,1955,8284
mpd2020-pib-per-capita-mapa,FIN,1956,8440
mpd2020-pib-per-capita-mapa,FIN,1957,8751
mpd2020-pib-per-capita-mapa,FIN,1958,8725
mpd2020-pib-per-capita-mapa,FIN,1959,9172
mpd2020-pib-per-capita-mapa,FIN,1960,9931
mpd2020-pib-per-capita-mapa,FIN,1961,10613
mpd2020-pib-per-capita-mapa,FIN,1962,10869
mpd2020-pib-per-capita-mapa,FIN,1963,11148
mpd2020-pib-per-capita-mapa,FIN,1964,11647
mpd2020-pib-per-capita-mapa,FIN,1965,12226
mpd2020-pib-per-capita-mapa,FIN,1966,12471
mpd2020-pib-per-capita-mapa,FIN,1967,12667
mpd2020-pib-per-capita-mapa,FIN,1968,12900
mpd2020-pib-per-capita-mapa,FIN,1969,14151
mpd2020-pib-per-capita-mapa,FIN,1970,15266
mpd2020-pib-per-capita-mapa,FIN,1971,15565
mpd2020-pib-per-capita-mapa,FIN,1972,16654
mpd2020-pib-per-capita-mapa,FIN,1973,17669
mpd2020-pib-per-capita-mapa,FIN,1974,18109
mpd2020-pib-per-capita-mapa,FIN,1975,18237
mpd2020-pib-per-capita-mapa,FIN,1976,18104
mpd2020-pib-per-capita-mapa,FIN,1977,18100
mpd2020-pib-per-capita-mapa,FIN,1978,18425
mpd2020-pib-per-capita-mapa,FIN,1979,19657
mpd2020-pib-per-capita-mapa,FIN,1980,20640
mpd2020-pib-per-capita-mapa,FIN,1981,20935
mpd2020-pib-per-capita-mapa,FIN,1982,21495
mpd2020-pib-per-capita-mapa,FIN,1983,21944
mpd2020-pib-per-capita-mapa,FIN,1984,22486
mpd2020-pib-per-capita-mapa,FIN,1985,23148
mpd2020-pib-per-capita-mapa,FIN,1986,23621
mpd2020-pib-per-capita-mapa,FIN,1987,24519
mpd2020-pib-per-capita-mapa,FIN,1988,25644
mpd2020-pib-per-capita-mapa,FIN,1989,27012
mpd2020-pib-per-capita-mapa,FIN,1990,26884
mpd2020-pib-per-capita-mapa,FIN,1991,25174.899
mpd2020-pib-per-capita-mapa,FIN,1992,24219.7606
mpd2020-pib-per-capita-mapa,FIN,1993,23943.7449
mpd2020-pib-per-capita-mapa,FIN,1994,24797.6594
mpd2020-pib-per-capita-mapa,FIN,1995,25761.6242
mpd2020-pib-per-capita-mapa,FIN,1996,26637.2657
mpd2020-pib-per-capita-mapa,FIN,1997,28239.8745
mpd2020-pib-per-capita-mapa,FIN,1998,29715.3414
mpd2020-pib-per-capita-mapa,FIN,1999,30986.8883
mpd2020-pib-per-capita-mapa,FIN,2000,32689.7689
mpd2020-pib-per-capita-mapa,FIN,2001,33481.6787
mpd2020-pib-per-capita-mapa,FIN,2002,33986.5541
mpd2020-pib-per-capita-mapa,FIN,2003,34607.2193
mpd2020-pib-per-capita-mapa,FIN,2004,35888.6132
mpd2020-pib-per-capita-mapa,FIN,2005,36787.2574
mpd2020-pib-per-capita-mapa,FIN,2006,38160.7026
mpd2020-pib-per-capita-mapa,FIN,2007,39998.5254
mpd2020-pib-per-capita-mapa,FIN,2008,40129.6533
mpd2020-pib-per-capita-mapa,FIN,2009,36662.6133
mpd2020-pib-per-capita-mapa,FIN,2010,37615.1134
mpd2020-pib-per-capita-mapa,FIN,2011,38432
mpd2020-pib-per-capita-mapa,FIN,2012,37704
mpd2020-pib-per-capita-mapa,FIN,2013,37246
mpd2020-pib-per-capita-mapa,FIN,2014,36858
mpd2020-pib-per-capita-mapa,FIN,2015,36836
mpd2020-pib-per-capita-mapa,FIN,2016,37239
mpd2020-pib-per-capita-mapa,FIN,2017,38366.5596
mpd2020-pib-per-capita-mapa,FIN,2018,38896.7005
mpd2020-pib-per-capita-mapa,FRA,1820,1809
mpd2020-pib-per-capita-mapa,FRA,1821,1953
mpd2020-pib-per-capita-mapa,FRA,1822,1875
mpd2020-pib-per-capita-mapa,FRA,1823,1934
mpd2020-pib-per-capita-mapa,FRA,1824,1986
mpd2020-pib-per-capita-mapa,FRA,1825,1898
mpd2020-pib-per-capita-mapa,FRA,1826,1949
mpd2020-pib-per-capita-mapa,FRA,1827,1908
mpd2020-pib-per-capita-mapa,FRA,1828,1897
mpd2020-pib-per-capita-mapa,FRA,1829,1946
mpd2020-pib-per-capita-mapa,FRA,1830,1898
mpd2020-pib-per-capita-mapa,FRA,1831,1926
mpd2020-pib-per-capita-mapa,FRA,1832,2091
mpd2020-pib-per-capita-mapa,FRA,1833,2053
mpd2020-pib-per-capita-mapa,FRA,1834,2056
mpd2020-pib-per-capita-mapa,FRA,1835,2125
mpd2020-pib-per-capita-mapa,FRA,1836,2090
mpd2020-pib-per-capita-mapa,FRA,1837,2118
mpd2020-pib-per-capita-mapa,FRA,1838,2211
mpd2020-pib-per-capita-mapa,FRA,1839,2130
mpd2020-pib-per-capita-mapa,FRA,1840,2276
mpd2020-pib-per-capita-mapa,FRA,1841,2321
mpd2020-pib-per-capita-mapa,FRA,1842,2260
mpd2020-pib-per-capita-mapa,FRA,1843,2370
mpd2020-pib-per-capita-mapa,FRA,1844,2444
mpd2020-pib-per-capita-mapa,FRA,1845,2359
mpd2020-pib-per-capita-mapa,FRA,1846,2356
mpd2020-pib-per-capita-mapa,FRA,1847,2606
mpd2020-pib-per-capita-mapa,FRA,1848,2437
mpd2020-pib-per-capita-mapa,FRA,1849,2506
mpd2020-pib-per-capita-mapa,FRA,1850,2546
mpd2020-pib-per-capita-mapa,FRA,1851,2499
mpd2020-pib-per-capita-mapa,FRA,1852,2652
mpd2020-pib-per-capita-mapa,FRA,1853,2515
mpd2020-pib-per-capita-mapa,FRA,1854,2627
mpd2020-pib-per-capita-mapa,FRA,1855,2577
mpd2020-pib-per-capita-mapa,FRA,1856,2687
mpd2020-pib-per-capita-mapa,FRA,1857,2836
mpd2020-pib-per-capita-mapa,FRA,1858,3029
mpd2020-pib-per-capita-mapa,FRA,1859,2828
mpd2020-pib-per-capita-mapa,FRA,1860,3016
mpd2020-pib-per-capita-mapa,FRA,1861,2820
mpd2020-pib-per-capita-mapa,FRA,1862,3051
mpd2020-pib-per-capita-mapa,FRA,1863,3145
mpd2020-pib-per-capita-mapa,FRA,1864,3169
mpd2020-pib-per-capita-mapa,FRA,1865,3067
mpd2020-pib-per-capita-mapa,FRA,1866,3083
mpd2020-pib-per-capita-mapa,FRA,1867,2890
mpd2020-pib-per-capita-mapa,FRA,1868,3159
mpd2020-pib-per-capita-mapa,FRA,1869,3198
mpd2020-pib-per-capita-mapa,FRA,1870,2990
mpd2020-pib-per-capita-mapa,FRA,1871,3027
mpd2020-pib-per-capita-mapa,FRA,1872,3312
mpd2020-pib-per-capita-mapa,FRA,1873,3064
mpd2020-pib-per-capita-mapa,FRA,1874,3438
mpd2020-pib-per-capita-mapa,FRA,1875,3537
mpd2020-pib-per-capita-mapa,FRA,1876,3233
mpd2020-pib-per-capita-mapa,FRA,1877,3390
mpd2020-pib-per-capita-mapa,FRA,1878,3333
mpd2020-pib-per-capita-mapa,FRA,1879,3113
mpd2020-pib-per-capita-mapa,FRA,1880,3379
mpd2020-pib-per-capita-mapa,FRA,1881,3497
mpd2020-pib-per-capita-mapa,FRA,1882,3647
mpd2020-pib-per-capita-mapa,FRA,1883,3647
mpd2020-pib-per-capita-mapa,FRA,1884,3591
mpd2020-pib-per-capita-mapa,FRA,1885,3518
mpd2020-pib-per-capita-mapa,FRA,1886,3566
mpd2020-pib-per-capita-mapa,FRA,1887,3585
mpd2020-pib-per-capita-mapa,FRA,1888,3617
mpd2020-pib-per-capita-mapa,FRA,1889,3701
mpd2020-pib-per-capita-mapa,FRA,1890,3787
mpd2020-pib-per-capita-mapa,FRA,1891,3877
mpd2020-pib-per-capita-mapa,FRA,1892,3974
mpd2020-pib-per-capita-mapa,FRA,1893,4041
mpd2020-pib-per-capita-mapa,FRA,1894,4186
mpd2020-pib-per-capita-mapa,FRA,1895,4095
mpd2020-pib-per-capita-mapa,FRA,1896,4280
mpd2020-pib-per-capita-mapa,FRA,1897,4207
mpd2020-pib-per-capita-mapa,FRA,1898,4399
mpd2020-pib-per-capita-mapa,FRA,1899,4640
mpd2020-pib-per-capita-mapa,FRA,1900,4584
mpd2020-pib-per-capita-mapa,FRA,1901,4505
mpd2020-pib-per-capita-mapa,FRA,1902,4423
mpd2020-pib-per-capita-mapa,FRA,1903,4513
mpd2020-pib-per-capita-mapa,FRA,1904,4538
mpd2020-pib-per-capita-mapa,FRA,1905,4613
mpd2020-pib-per-capita-mapa,FRA,1906,4691
mpd2020-pib-per-capita-mapa,FRA,1907,4894
mpd2020-pib-per-capita-mapa,FRA,1908,4854
mpd2020-pib-per-capita-mapa,FRA,1909,5048
mpd2020-pib-per-capita-mapa,FRA,1910,4726
mpd2020-pib-per-capita-mapa,FRA,1911,5180
mpd2020-pib-per-capita-mapa,FRA,1912,5601
mpd2020-pib-per-capita-mapa,FRA,1913,5555
mpd2020-pib-per-capita-mapa,FRA,1914,5158
mpd2020-pib-per-capita-mapa,FRA,1915,5177
mpd2020-pib-per-capita-mapa,FRA,1916,5520
mpd2020-pib-per-capita-mapa,FRA,1917,4748
mpd2020-pib-per-capita-mapa,FRA,1918,3819
mpd2020-pib-per-capita-mapa,FRA,1919,4481
mpd2020-pib-per-capita-mapa,FRA,1920,5144
mpd2020-pib-per-capita-mapa,FRA,1921,4901
mpd2020-pib-per-capita-mapa,FRA,1922,5754
mpd2020-pib-per-capita-mapa,FRA,1923,5984
mpd2020-pib-per-capita-mapa,FRA,1924,6661
mpd2020-pib-per-capita-mapa,FRA,1925,6641
mpd2020-pib-per-capita-mapa,FRA,1926,6773
mpd2020-pib-per-capita-mapa,FRA,1927,6621
mpd2020-pib-per-capita-mapa,FRA,1928,7063
mpd2020-pib-per-capita-mapa,FRA,1929,7508
mpd2020-pib-per-capita-mapa,FRA,1930,7224
mpd2020-pib-per-capita-mapa,FRA,1931,6751
mpd2020-pib-per-capita-mapa,FRA,1932,6311
mpd2020-pib-per-capita-mapa,FRA,1933,6757
mpd2020-pib-per-capita-mapa,FRA,1934,6682
mpd2020-pib-per-capita-mapa,FRA,1935,6513
mpd2020-pib-per-capita-mapa,FRA,1936,6765
mpd2020-pib-per-capita-mapa,FRA,1937,7152
mpd2020-pib-per-capita-mapa,FRA,1938,7119
mpd2020-pib-per-capita-mapa,FRA,1939,7640
mpd2020-pib-per-capita-mapa,FRA,1940,6443
mpd2020-pib-per-capita-mapa,FRA,1941,5274
mpd2020-pib-per-capita-mapa,FRA,1942,4752
mpd2020-pib-per-capita-mapa,FRA,1943,4559
mpd2020-pib-per-capita-mapa,FRA,1944,3861
mpd2020-pib-per-capita-mapa,FRA,1945,4101
mpd2020-pib-per-capita-mapa,FRA,1946,6145
mpd2020-pib-per-capita-mapa,FRA,1947,6596
mpd2020-pib-per-capita-mapa,FRA,1948,7002
mpd2020-pib-per-capita-mapa,FRA,1949,7884
mpd2020-pib-per-capita-mapa,FRA,1950,8266
mpd2020-pib-per-capita-mapa,FRA,1951,8705
mpd2020-pib-per-capita-mapa,FRA,1952,8869
mpd2020-pib-per-capita-mapa,FRA,1953,9060
mpd2020-pib-per-capita-mapa,FRA,1954,9428
mpd2020-pib-per-capita-mapa,FRA,1955,9881
mpd2020-pib-per-capita-mapa,FRA,1956,10278
mpd2020-pib-per-capita-mapa,FRA,1957,10779
mpd2020-pib-per-capita-mapa,FRA,1958,10927
mpd2020-pib-per-capita-mapa,FRA,1959,11124
mpd2020-pib-per-capita-mapa,FRA,1960,11792
mpd2020-pib-per-capita-mapa,FRA,1961,12302
mpd2020-pib-per-capita-mapa,FRA,1962,12859
mpd2020-pib-per-capita-mapa,FRA,1963,13330
mpd2020-pib-per-capita-mapa,FRA,1964,14057
mpd2020-pib-per-capita-mapa,FRA,1965,14609
mpd2020-pib-per-capita-mapa,FRA,1966,15213
mpd2020-pib-per-capita-mapa,FRA,1967,15792
mpd2020-pib-per-capita-mapa,FRA,1968,16365
mpd2020-pib-per-capita-mapa,FRA,1969,17352
mpd2020-pib-per-capita-mapa,FRA,1970,18187
mpd2020-pib-per-capita-mapa,FRA,1971,18881
mpd2020-pib-per-capita-mapa,FRA,1972,19549
mpd2020-pib-per-capita-mapa,FRA,1973,20441
mpd2020-pib-per-capita-mapa,FRA,1974,20902
mpd2020-pib-per-capita-mapa,FRA,1975,20653
mpd2020-pib-per-capita-mapa,FRA,1976,21465
mpd2020-pib-per-capita-mapa,FRA,1977,22177
mpd2020-pib-per-capita-mapa,FRA,1978,22698
mpd2020-pib-per-capita-mapa,FRA,1979,23326
mpd2020-pib-per-capita-mapa,FRA,1980,23537
mpd2020-pib-per-capita-mapa,FRA,1981,23655
mpd2020-pib-per-capita-mapa,FRA,1982,24120
mpd2020-pib-per-capita-mapa,FRA,1983,24300
mpd2020-pib-per-capita-mapa,FRA,1984,24519
mpd2020-pib-per-capita-mapa,FRA,1985,24755
mpd2020-pib-per-capita-mapa,FRA,1986,25238
mpd2020-pib-per-capita-mapa,FRA,1987,25756
mpd2020-pib-per-capita-mapa,FRA,1988,26763
mpd2020-pib-per-capita-mapa,FRA,1989,27576
mpd2020-pib-per-capita-mapa,FRA,1990,28129
mpd2020-pib-per-capita-mapa,FRA,1991,28294.2638
mpd2020-pib-per-capita-mapa,FRA,1992,28619.8041
mpd2020-pib-per-capita-mapa,FRA,1993,28336.1603
mpd2020-pib-per-capita-mapa,FRA,1994,28907.9774
mpd2020-pib-per-capita-mapa,FRA,1995,29418.8641
mpd2020-pib-per-capita-mapa,FRA,1996,29736.6448
mpd2020-pib-per-capita-mapa,FRA,1997,30341.8059
mpd2020-pib-per-capita-mapa,FRA,1998,31323.0776
mpd2020-pib-per-capita-mapa,FRA,1999,32284.6116
mpd2020-pib-per-capita-mapa,FRA,2000,33409.6815
mpd2020-pib-per-capita-mapa,FRA,2001,33920.0974
mpd2020-pib-per-capita-mapa,FRA,2002,34152.7745
mpd2020-pib-per-capita-mapa,FRA,2003,34292.0301
mpd2020-pib-per-capita-mapa,FRA,2004,35093.8241
mpd2020-pib-per-capita-mapa,FRA,2005,35495.4647
mpd2020-pib-per-capita-mapa,FRA,2006,36166.1597
mpd2020-pib-per-capita-mapa,FRA,2007,36845.6851
mpd2020-pib-per-capita-mapa,FRA,2008,36761.7921
mpd2020-pib-per-capita-mapa,FRA,2009,35534.9272
mpd2020-pib-per-capita-mapa,FRA,2010,36086.7266
mpd2020-pib-per-capita-mapa,FRA,2011,36691
mpd2020-pib-per-capita-mapa,FRA,2012,36571
mpd2020-pib-per-capita-mapa,FRA,2013,36632
mpd2020-pib-per-capita-mapa,FRA,2014,36527
mpd2020-pib-per-capita-mapa,FRA,2015,36827
mpd2020-pib-per-capita-mapa,FRA,2016,37124
mpd2020-pib-per-capita-mapa,FRA,2017,37895.0004
mpd2020-pib-per-capita-mapa,FRA,2018,38515.9193
mpd2020-pib-per-capita-mapa,GAB,1950,2958
mpd2020-pib-per-capita-mapa,GAB,1951,3049
mpd2020-pib-per-capita-mapa,GAB,1952,3143
mpd2020-pib-per-capita-mapa,GAB,1953,3237
mpd2020-pib-per-capita-mapa,GAB,1954,3335
mpd2020-pib-per-capita-mapa,GAB,1955,3437
mpd2020-pib-per-capita-mapa,GAB,1956,3539
mpd2020-pib-per-capita-mapa,GAB,1957,3642
mpd2020-pib-per-capita-mapa,GAB,1958,3749
mpd2020-pib-per-capita-mapa,GAB,1959,3857
mpd2020-pib-per-capita-mapa,GAB,1960,3982
mpd2020-pib-per-capita-mapa,GAB,1961,4415
mpd2020-pib-per-capita-mapa,GAB,1962,4497
mpd2020-pib-per-capita-mapa,GAB,1963,4599
mpd2020-pib-per-capita-mapa,GAB,1964,4616
mpd2020-pib-per-capita-mapa,GAB,1965,4626
mpd2020-pib-per-capita-mapa,GAB,1966,4761
mpd2020-pib-per-capita-mapa,GAB,1967,4882
mpd2020-pib-per-capita-mapa,GAB,1968,4927
mpd2020-pib-per-capita-mapa,GAB,1969,5252
mpd2020-pib-per-capita-mapa,GAB,1970,5587
mpd2020-pib-per-capita-mapa,GAB,1971,6027
mpd2020-pib-per-capita-mapa,GAB,1972,6559
mpd2020-pib-per-capita-mapa,GAB,1973,6935
mpd2020-pib-per-capita-mapa,GAB,1974,9083
mpd2020-pib-per-capita-mapa,GAB,1975,9985
mpd2020-pib-per-capita-mapa,GAB,1976,12747
mpd2020-pib-per-capita-mapa,GAB,1977,10849
mpd2020-pib-per-capita-mapa,GAB,1978,8013
mpd2020-pib-per-capita-mapa,GAB,1979,8091
mpd2020-pib-per-capita-mapa,GAB,1980,8402
mpd2020-pib-per-capita-mapa,GAB,1981,8625
mpd2020-pib-per-capita-mapa,GAB,1982,8099
mpd2020-pib-per-capita-mapa,GAB,1983,8281
mpd2020-pib-per-capita-mapa,GAB,1984,8612
mpd2020-pib-per-capita-mapa,GAB,1985,8131
mpd2020-pib-per-capita-mapa,GAB,1986,7818
mpd2020-pib-per-capita-mapa,GAB,1987,6320
mpd2020-pib-per-capita-mapa,GAB,1988,6982
mpd2020-pib-per-capita-mapa,GAB,1989,7422
mpd2020-pib-per-capita-mapa,GAB,1990,7646
mpd2020-pib-per-capita-mapa,GAB,1991,8296.5739
mpd2020-pib-per-capita-mapa,GAB,1992,8194.4995
mpd2020-pib-per-capita-mapa,GAB,1993,8551.0587
mpd2020-pib-per-capita-mapa,GAB,1994,9192.563
mpd2020-pib-per-capita-mapa,GAB,1995,9833.989
mpd2020-pib-per-capita-mapa,GAB,1996,10389.2098
mpd2020-pib-per-capita-mapa,GAB,1997,11202.8388
mpd2020-pib-per-capita-mapa,GAB,1998,11758.1601
mpd2020-pib-per-capita-mapa,GAB,1999,10648.0895
mpd2020-pib-per-capita-mapa,GAB,2000,10637.7997
mpd2020-pib-per-capita-mapa,GAB,2001,11104.553
mpd2020-pib-per-capita-mapa,GAB,2002,11141.4627
mpd2020-pib-per-capita-mapa,GAB,2003,11665.8323
mpd2020-pib-per-capita-mapa,GAB,2004,12022.5072
mpd2020-pib-per-capita-mapa,GAB,2005,12437.9597
mpd2020-pib-per-capita-mapa,GAB,2006,12342.7793
mpd2020-pib-per-capita-mapa,GAB,2007,13455.6125
mpd2020-pib-per-capita-mapa,GAB,2008,13330.2548
mpd2020-pib-per-capita-mapa,GAB,2009,13617.8961
mpd2020-pib-per-capita-mapa,GAB,2010,14926.6996
mpd2020-pib-per-capita-mapa,GAB,2011,16403
mpd2020-pib-per-capita-mapa,GAB,2012,16932
mpd2020-pib-per-capita-mapa,GAB,2013,17532
mpd2020-pib-per-capita-mapa,GAB,2014,18053
mpd2020-pib-per-capita-mapa,GAB,2015,18389
mpd2020-pib-per-capita-mapa,GAB,2016,18413
mpd2020-pib-per-capita-mapa,GAB,2017,17963.0127
mpd2020-pib-per-capita-mapa,GAB,2018,17613.5564
mpd2020-pib-per-capita-mapa,GBR,1820,3306
mpd2020-pib-per-capita-mapa,GBR,1821,3308
mpd2020-pib-per-capita-mapa,GBR,1822,3315
mpd2020-pib-per-capita-mapa,GBR,1823,3359
mpd2020-pib-per-capita-mapa,GBR,1824,3492
mpd2020-pib-per-capita-mapa,GBR,1825,3521
mpd2020-pib-per-capita-mapa,GBR,1826,3290
mpd2020-pib-per-capita-mapa,GBR,1827,3499
mpd2020-pib-per-capita-mapa,GBR,1828,3461
mpd2020-pib-per-capita-mapa,GBR,1829,3443
mpd2020-pib-per-capita-mapa,GBR,1830,3550
mpd2020-pib-per-capita-mapa,GBR,1831,3545
mpd2020-pib-per-capita-mapa,GBR,1832,3612
mpd2020-pib-per-capita-mapa,GBR,1833,3599
mpd2020-pib-per-capita-mapa,GBR,1834,3639
mpd2020-pib-per-capita-mapa,GBR,1835,3861
mpd2020-pib-per-capita-mapa,GBR,1836,3937
mpd2020-pib-per-capita-mapa,GBR,1837,3857
mpd2020-pib-per-capita-mapa,GBR,1838,3963
mpd2020-pib-per-capita-mapa,GBR,1839,3881
mpd2020-pib-per-capita-mapa,GBR,1840,4018
mpd2020-pib-per-capita-mapa,GBR,1841,3894
mpd2020-pib-per-capita-mapa,GBR,1842,3808
mpd2020-pib-per-capita-mapa,GBR,1843,3950
mpd2020-pib-per-capita-mapa,GBR,1844,4245
mpd2020-pib-per-capita-mapa,GBR,1845,4387
mpd2020-pib-per-capita-mapa,GBR,1846,4334
mpd2020-pib-per-capita-mapa,GBR,1847,4234
mpd2020-pib-per-capita-mapa,GBR,1848,4361
mpd2020-pib-per-capita-mapa,GBR,1849,4422
mpd2020-pib-per-capita-mapa,GBR,1850,4332
mpd2020-pib-per-capita-mapa,GBR,1851,4477
mpd2020-pib-per-capita-mapa,GBR,1852,4626
mpd2020-pib-per-capita-mapa,GBR,1853,4734
mpd2020-pib-per-capita-mapa,GBR,1854,4909
mpd2020-pib-per-capita-mapa,GBR,1855,4748
mpd2020-pib-per-capita-mapa,GBR,1856,5013
mpd2020-pib-per-capita-mapa,GBR,1857,5019
mpd2020-pib-per-capita-mapa,GBR,1858,4879
mpd2020-pib-per-capita-mapa,GBR,1859,5031
mpd2020-pib-per-capita-mapa,GBR,1860,5086
mpd2020-pib-per-capita-mapa,GBR,1861,5024
mpd2020-pib-per-capita-mapa,GBR,1862,4764
mpd2020-pib-per-capita-mapa,GBR,1863,5165
mpd2020-pib-per-capita-mapa,GBR,1864,5255
mpd2020-pib-per-capita-mapa,GBR,1865,5333
mpd2020-pib-per-capita-mapa,GBR,1866,5451
mpd2020-pib-per-capita-mapa,GBR,1867,5424
mpd2020-pib-per-capita-mapa,GBR,1868,5636
mpd2020-pib-per-capita-mapa,GBR,1869,5635
mpd2020-pib-per-capita-mapa,GBR,1870,5829
mpd2020-pib-per-capita-mapa,GBR,1871,5797
mpd2020-pib-per-capita-mapa,GBR,1872,5769
mpd2020-pib-per-capita-mapa,GBR,1873,5842
mpd2020-pib-per-capita-mapa,GBR,1874,5874
mpd2020-pib-per-capita-mapa,GBR,1875,5950
mpd2020-pib-per-capita-mapa,GBR,1876,5938
mpd2020-pib-per-capita-mapa,GBR,1877,5923
mpd2020-pib-per-capita-mapa,GBR,1878,5879
mpd2020-pib-per-capita-mapa,GBR,1879,5786
mpd2020-pib-per-capita-mapa,GBR,1880,5997
mpd2020-pib-per-capita-mapa,GBR,1881,6146
mpd2020-pib-per-capita-mapa,GBR,1882,6269
mpd2020-pib-per-capita-mapa,GBR,1883,6264
mpd2020-pib-per-capita-mapa,GBR,1884,6220
mpd2020-pib-per-capita-mapa,GBR,1885,6132
mpd2020-pib-per-capita-mapa,GBR,1886,6170
mpd2020-pib-per-capita-mapa,GBR,1887,6358
mpd2020-pib-per-capita-mapa,GBR,1888,6585
mpd2020-pib-per-capita-mapa,GBR,1889,6876
mpd2020-pib-per-capita-mapa,GBR,1890,6845
mpd2020-pib-per-capita-mapa,GBR,1891,6781
mpd2020-pib-per-capita-mapa,GBR,1892,6553
mpd2020-pib-per-capita-mapa,GBR,1893,6486
mpd2020-pib-per-capita-mapa,GBR,1894,6851
mpd2020-pib-per-capita-mapa,GBR,1895,6996
mpd2020-pib-per-capita-mapa,GBR,1896,7211
mpd2020-pib-per-capita-mapa,GBR,1897,7229
mpd2020-pib-per-capita-mapa,GBR,1898,7500
mpd2020-pib-per-capita-mapa,GBR,1899,7729
mpd2020-pib-per-capita-mapa,GBR,1900,7594
mpd2020-pib-per-capita-mapa,GBR,1901,7516
mpd2020-pib-per-capita-mapa,GBR,1902,7635
mpd2020-pib-per-capita-mapa,GBR,1903,7482
mpd2020-pib-per-capita-mapa,GBR,1904,7455
mpd2020-pib-per-capita-mapa,GBR,1905,7603
mpd2020-pib-per-capita-mapa,GBR,1906,7782
mpd2020-pib-per-capita-mapa,GBR,1907,7855
mpd2020-pib-per-capita-mapa,GBR,1908,7461
mpd2020-pib-per-capita-mapa,GBR,1909,7557
mpd2020-pib-per-capita-mapa,GBR,1910,7718
mpd2020-pib-per-capita-mapa,GBR,1911,7874
mpd2020-pib-per-capita-mapa,GBR,1912,7954
mpd2020-pib-per-capita-mapa,GBR,1913,8212
mpd2020-pib-per-capita-mapa,GBR,1914,8131
mpd2020-pib-per-capita-mapa,GBR,1915,8639
mpd2020-pib-per-capita-mapa,GBR,1916,8702
mpd2020-pib-per-capita-mapa,GBR,1917,8665
mpd2020-pib-per-capita-mapa,GBR,1918,8630
mpd2020-pib-per-capita-mapa,GBR,1919,7605
mpd2020-pib-per-capita-mapa,GBR,1920,7017
mpd2020-pib-per-capita-mapa,GBR,1921,6792
mpd2020-pib-per-capita-mapa,GBR,1922,7391
mpd2020-pib-per-capita-mapa,GBR,1923,7587
mpd2020-pib-per-capita-mapa,GBR,1924,7844
mpd2020-pib-per-capita-mapa,GBR,1925,8199
mpd2020-pib-per-capita-mapa,GBR,1926,7868
mpd2020-pib-per-capita-mapa,GBR,1927,8472
mpd2020-pib-per-capita-mapa,GBR,1928,8539
mpd2020-pib-per-capita-mapa,GBR,1929,8772
mpd2020-pib-per-capita-mapa,GBR,1930,8673
mpd2020-pib-per-capita-mapa,GBR,1931,8190
mpd2020-pib-per-capita-mapa,GBR,1932,8206
mpd2020-pib-per-capita-mapa,GBR,1933,8411
mpd2020-pib-per-capita-mapa,GBR,1934,8939
mpd2020-pib-per-capita-mapa,GBR,1935,9244
mpd2020-pib-per-capita-mapa,GBR,1936,9620
mpd2020-pib-per-capita-mapa,GBR,1937,9911
mpd2020-pib-per-capita-mapa,GBR,1938,9988
mpd2020-pib-per-capita-mapa,GBR,1939,9982
mpd2020-pib-per-capita-mapa,GBR,1940,10928
mpd2020-pib-per-capita-mapa,GBR,1941,11926
mpd2020-pib-per-capita-mapa,GBR,1942,12176
mpd2020-pib-per-capita-mapa,GBR,1943,12344
mpd2020-pib-per-capita-mapa,GBR,1944,11803
mpd2020-pib-per-capita-mapa,GBR,1945,11247
mpd2020-pib-per-capita-mapa,GBR,1946,10751
mpd2020-pib-per-capita-mapa,GBR,1947,10527
mpd2020-pib-per-capita-mapa,GBR,1948,10753
mpd2020-pib-per-capita-mapa,GBR,1949,11088
mpd2020-pib-per-capita-mapa,GBR,1950,11061
mpd2020-pib-per-capita-mapa,GBR,1951,11354
mpd2020-pib-per-capita-mapa,GBR,1952,11303
mpd2020-pib-per-capita-mapa,GBR,1953,11709
mpd2020-pib-per-capita-mapa,GBR,1954,12145
mpd2020-pib-per-capita-mapa,GBR,1955,12541
mpd2020-pib-per-capita-mapa,GBR,1956,12639
mpd2020-pib-per-capita-mapa,GBR,1957,12779
mpd2020-pib-per-capita-mapa,GBR,1958,12698
mpd2020-pib-per-capita-mapa,GBR,1959,13134
mpd2020-pib-per-capita-mapa,GBR,1960,13780
mpd2020-pib-per-capita-mapa,GBR,1961,14118
mpd2020-pib-per-capita-mapa,GBR,1962,14131
mpd2020-pib-per-capita-mapa,GBR,1963,14583
mpd2020-pib-per-capita-mapa,GBR,1964,15251
mpd2020-pib-per-capita-mapa,GBR,1965,15545
mpd2020-pib-per-capita-mapa,GBR,1966,15757
mpd2020-pib-per-capita-mapa,GBR,1967,16018
mpd2020-pib-per-capita-mapa,GBR,1968,16593
mpd2020-pib-per-capita-mapa,GBR,1969,16820
mpd2020-pib-per-capita-mapa,GBR,1970,17162
mpd2020-pib-per-capita-mapa,GBR,1971,17440
mpd2020-pib-per-capita-mapa,GBR,1972,18002
mpd2020-pib-per-capita-mapa,GBR,1973,19168
mpd2020-pib-per-capita-mapa,GBR,1974,18903
mpd2020-pib-per-capita-mapa,GBR,1975,18884
mpd2020-pib-per-capita-mapa,GBR,1976,19311
mpd2020-pib-per-capita-mapa,GBR,1977,19740
mpd2020-pib-per-capita-mapa,GBR,1978,20448
mpd2020-pib-per-capita-mapa,GBR,1979,20988
mpd2020-pib-per-capita-mapa,GBR,1980,20612
mpd2020-pib-per-capita-mapa,GBR,1981,20319
mpd2020-pib-per-capita-mapa,GBR,1982,20650
mpd2020-pib-per-capita-mapa,GBR,1983,21366
mpd2020-pib-per-capita-mapa,GBR,1984,21869
mpd2020-pib-per-capita-mapa,GBR,1985,22579
mpd2020-pib-per-capita-mapa,GBR,1986,23498
mpd2020-pib-per-capita-mapa,GBR,1987,24536
mpd2020-pib-per-capita-mapa,GBR,1988,25679
mpd2020-pib-per-capita-mapa,GBR,1989,26164
mpd2020-pib-per-capita-mapa,GBR,1990,26189
mpd2020-pib-per-capita-mapa,GBR,1991,25792.0128
mpd2020-pib-per-capita-mapa,GBR,1992,25790.1847
mpd2020-pib-per-capita-mapa,GBR,1993,26349.342
mpd2020-pib-per-capita-mapa,GBR,1994,27277.5428
mpd2020-pib-per-capita-mapa,GBR,1995,27861.2158
mpd2020-pib-per-capita-mapa,GBR,1996,28472.2482
mpd2020-pib-per-capita-mapa,GBR,1997,29259.7638
mpd2020-pib-per-capita-mapa,GBR,1998,30077.3845
mpd2020-pib-per-capita-mapa,GBR,1999,30932.5362
mpd2020-pib-per-capita-mapa,GBR,2000,31946.0363
mpd2020-pib-per-capita-mapa,GBR,2001,32660.4414
mpd2020-pib-per-capita-mapa,GBR,2002,33271.3025
mpd2020-pib-per-capita-mapa,GBR,2003,34232.4267
mpd2020-pib-per-capita-mapa,GBR,2004,34865.7827
mpd2020-pib-per-capita-mapa,GBR,2005,35623.6256
mpd2020-pib-per-capita-mapa,GBR,2006,36214.0688
mpd2020-pib-per-capita-mapa,GBR,2007,36816.6771
mpd2020-pib-per-capita-mapa,GBR,2008,36264.7906
mpd2020-pib-per-capita-mapa,GBR,2009,34402.358
mpd2020-pib-per-capita-mapa,GBR,2010,34754.4723
mpd2020-pib-per-capita-mapa,GBR,2011,34971
mpd2020-pib-per-capita-mapa,GBR,2012,35185
mpd2020-pib-per-capita-mapa,GBR,2013,35618
mpd2020-pib-per-capita-mapa,GBR,2014,36436
mpd2020-pib-per-capita-mapa,GBR,2015,36941
mpd2020-pib-per-capita-mapa,GBR,2016,37334
mpd2020-pib-per-capita-mapa,GBR,2017,37782.8283
mpd2020-pib-per-capita-mapa,GBR,2018,38058.0856
mpd2020-pib-per-capita-mapa,GEO,1973,9456
mpd2020-pib-per-capita-mapa,GEO,1980,10519
mpd2020-pib-per-capita-mapa,GEO,1981,11053
mpd2020-pib-per-capita-mapa,GEO,1982,11611
mpd2020-pib-per-capita-mapa,GEO,1983,12234
mpd2020-pib-per-capita-mapa,GEO,1984,13128
mpd2020-pib-per-capita-mapa,GEO,1985,13868
mpd2020-pib-per-capita-mapa,GEO,1986,13839
mpd2020-pib-per-capita-mapa,GEO,1987,13707
mpd2020-pib-per-capita-mapa,GEO,1988,14665
mpd2020-pib-per-capita-mapa,GEO,1989,14161
mpd2020-pib-per-capita-mapa,GEO,1990,12140
mpd2020-pib-per-capita-mapa,GEO,1991,9535.0506
mpd2020-pib-per-capita-mapa,GEO,1992,5286.9248
mpd2020-pib-per-capita-mapa,GEO,1993,3792.6177
mpd2020-pib-per-capita-mapa,GEO,1994,3463.4761
mpd2020-pib-per-capita-mapa,GEO,1995,3610.8408
mpd2020-pib-per-capita-mapa,GEO,1996,4030.8847
mpd2020-pib-per-capita-mapa,GEO,1997,4480.8979
mpd2020-pib-per-capita-mapa,GEO,1998,4619.9048
mpd2020-pib-per-capita-mapa,GEO,1999,4763.3506
mpd2020-pib-per-capita-mapa,GEO,2000,4891.6641
mpd2020-pib-per-capita-mapa,GEO,2001,5125.1274
mpd2020-pib-per-capita-mapa,GEO,2002,5406.9533
mpd2020-pib-per-capita-mapa,GEO,2003,6013.0092
mpd2020-pib-per-capita-mapa,GEO,2004,6342.7082
mpd2020-pib-per-capita-mapa,GEO,2005,6849.789
mpd2020-pib-per-capita-mapa,GEO,2006,7398.0526
mpd2020-pib-per-capita-mapa,GEO,2007,8300.1439
mpd2020-pib-per-capita-mapa,GEO,2008,8461.9173
mpd2020-pib-per-capita-mapa,GEO,2009,8062.0838
mpd2020-pib-per-capita-mapa,GEO,2010,8443.4361
mpd2020-pib-per-capita-mapa,GEO,2011,8946
mpd2020-pib-per-capita-mapa,GEO,2012,9491
mpd2020-pib-per-capita-mapa,GEO,2013,9829
mpd2020-pib-per-capita-mapa,GEO,2014,10297
mpd2020-pib-per-capita-mapa,GEO,2015,10603
mpd2020-pib-per-capita-mapa,GEO,2016,10899
mpd2020-pib-per-capita-mapa,GEO,2017,11430.7238
mpd2020-pib-per-capita-mapa,GEO,2018,11984.9049
mpd2020-pib-per-capita-mapa,GHA,1870,700
mpd2020-pib-per-capita-mapa,GHA,1913,1245
mpd2020-pib-per-capita-mapa,GHA,1950,1788
mpd2020-pib-per-capita-mapa,GHA,1951,1808
mpd2020-pib-per-capita-mapa,GHA,1952,1728
mpd2020-pib-per-capita-mapa,GHA,1953,1916
mpd2020-pib-per-capita-mapa,GHA,1954,2099
mpd2020-pib-per-capita-mapa,GHA,1955,1913
mpd2020-pib-per-capita-mapa,GHA,1956,1970
mpd2020-pib-per-capita-mapa,GHA,1957,1978
mpd2020-pib-per-capita-mapa,GHA,1958,1892
mpd2020-pib-per-capita-mapa,GHA,1959,2106
mpd2020-pib-per-capita-mapa,GHA,1960,2197
mpd2020-pib-per-capita-mapa,GHA,1961,2212
mpd2020-pib-per-capita-mapa,GHA,1962,2257
mpd2020-pib-per-capita-mapa,GHA,1963,2270
mpd2020-pib-per-capita-mapa,GHA,1964,2254
mpd2020-pib-per-capita-mapa,GHA,1965,2220
mpd2020-pib-per-capita-mapa,GHA,1966,2158
mpd2020-pib-per-capita-mapa,GHA,1967,2134
mpd2020-pib-per-capita-mapa,GHA,1968,2101
mpd2020-pib-per-capita-mapa,GHA,1969,2112
mpd2020-pib-per-capita-mapa,GHA,1970,2270
mpd2020-pib-per-capita-mapa,GHA,1971,2377
mpd2020-pib-per-capita-mapa,GHA,1972,2235
mpd2020-pib-per-capita-mapa,GHA,1973,2227
mpd2020-pib-per-capita-mapa,GHA,1974,2319
mpd2020-pib-per-capita-mapa,GHA,1975,1988
mpd2020-pib-per-capita-mapa,GHA,1976,1878
mpd2020-pib-per-capita-mapa,GHA,1977,1882
mpd2020-pib-per-capita-mapa,GHA,1978,2008
mpd2020-pib-per-capita-mapa,GHA,1979,1929
mpd2020-pib-per-capita-mapa,GHA,1980,1844
mpd2020-pib-per-capita-mapa,GHA,1981,1820
mpd2020-pib-per-capita-mapa,GHA,1982,1661
mpd2020-pib-per-capita-mapa,GHA,1983,1487
mpd2020-pib-per-capita-mapa,GHA,1984,1530
mpd2020-pib-per-capita-mapa,GHA,1985,1559
mpd2020-pib-per-capita-mapa,GHA,1986,1575
mpd2020-pib-per-capita-mapa,GHA,1987,1605
mpd2020-pib-per-capita-mapa,GHA,1988,1648
mpd2020-pib-per-capita-mapa,GHA,1989,1685
mpd2020-pib-per-capita-mapa,GHA,1990,1693
mpd2020-pib-per-capita-mapa,GHA,1991,1742.6276
mpd2020-pib-per-capita-mapa,GHA,1992,1771.6004
mpd2020-pib-per-capita-mapa,GHA,1993,1791.1127
mpd2020-pib-per-capita-mapa,GHA,1994,1813.6117
mpd2020-pib-per-capita-mapa,GHA,1995,1856.5728
mpd2020-pib-per-capita-mapa,GHA,1996,1907.9348
mpd2020-pib-per-capita-mapa,GHA,1997,1964.9124
mpd2020-pib-per-capita-mapa,GHA,1998,2017.9896
mpd2020-pib-per-capita-mapa,GHA,1999,2066.7412
mpd2020-pib-per-capita-mapa,GHA,2000,2100.2931
mpd2020-pib-per-capita-mapa,GHA,2001,2143.1062
mpd2020-pib-per-capita-mapa,GHA,2002,2192.0203
mpd2020-pib-per-capita-mapa,GHA,2003,2256.8173
mpd2020-pib-per-capita-mapa,GHA,2004,2329.5157
mpd2020-pib-per-capita-mapa,GHA,2005,2411.2876
mpd2020-pib-per-capita-mapa,GHA,2006,2503.9577
mpd2020-pib-per-capita-mapa,GHA,2007,2553.1659
mpd2020-pib-per-capita-mapa,GHA,2008,2725.7884
mpd2020-pib-per-capita-mapa,GHA,2009,2793.8709
mpd2020-pib-per-capita-mapa,GHA,2010,2946.0393
mpd2020-pib-per-capita-mapa,GHA,2011,3283
mpd2020-pib-per-capita-mapa,GHA,2012,3508
mpd2020-pib-per-capita-mapa,GHA,2013,3683
mpd2020-pib-per-capita-mapa,GHA,2014,3747
mpd2020-pib-per-capita-mapa,GHA,2015,3809
mpd2020-pib-per-capita-mapa,GHA,2016,3878
mpd2020-pib-per-capita-mapa,GHA,2017,4103.5561
mpd2020-pib-per-capita-mapa,GHA,2018,4267.0667
mpd2020-pib-per-capita-mapa,GIN,1950,520
mpd2020-pib-per-capita-mapa,GIN,1951,542
mpd2020-pib-per-capita-mapa,GIN,1952,550
mpd2020-pib-per-capita-mapa,GIN,1953,563
mpd2020-pib-per-capita-mapa,GIN,1954,587
mpd2020-pib-per-capita-mapa,GIN,1955,598
mpd2020-pib-per-capita-mapa,GIN,1956,610
mpd2020-pib-per-capita-mapa,GIN,1957,622
mpd2020-pib-per-capita-mapa,GIN,1958,630
mpd2020-pib-per-capita-mapa,GIN,1959,655
mpd2020-pib-per-capita-mapa,GIN,1960,671
mpd2020-pib-per-capita-mapa,GIN,1961,703
mpd2020-pib-per-capita-mapa,GIN,1962,741
mpd2020-pib-per-capita-mapa,GIN,1963,689
mpd2020-pib-per-capita-mapa,GIN,1964,720
mpd2020-pib-per-capita-mapa,GIN,1965,756
mpd2020-pib-per-capita-mapa,GIN,1966,759
mpd2020-pib-per-capita-mapa,GIN,1967,767
mpd2020-pib-per-capita-mapa,GIN,1968,776
mpd2020-pib-per-capita-mapa,GIN,1969,784
mpd2020-pib-per-capita-mapa,GIN,1970,795
mpd2020-pib-per-capita-mapa,GIN,1971,822
mpd2020-pib-per-capita-mapa,GIN,1972,826
mpd2020-pib-per-capita-mapa,GIN,1973,821
mpd2020-pib-per-capita-mapa,GIN,1974,848
mpd2020-pib-per-capita-mapa,GIN,1975,854
mpd2020-pib-per-capita-mapa,GIN,1976,905
mpd2020-pib-per-capita-mapa,GIN,1977,858
mpd2020-pib-per-capita-mapa,GIN,1978,897
mpd2020-pib-per-capita-mapa,GIN,1979,869
mpd2020-pib-per-capita-mapa,GIN,1980,872
mpd2020-pib-per-capita-mapa,GIN,1981,859
mpd2020-pib-per-capita-mapa,GIN,1982,858
mpd2020-pib-per-capita-mapa,GIN,1983,850
mpd2020-pib-per-capita-mapa,GIN,1984,824
mpd2020-pib-per-capita-mapa,GIN,1985,821
mpd2020-pib-per-capita-mapa,GIN,1986,819
mpd2020-pib-per-capita-mapa,GIN,1987,826
mpd2020-pib-per-capita-mapa,GIN,1988,856
mpd2020-pib-per-capita-mapa,GIN,1989,869
mpd2020-pib-per-capita-mapa,GIN,1990,861
mpd2020-pib-per-capita-mapa,GIN,1991,827.0069
mpd2020-pib-per-capita-mapa,GIN,1992,833.2268
mpd2020-pib-per-capita-mapa,GIN,1993,862.7313
mpd2020-pib-per-capita-mapa,GIN,1994,882.4944
mpd2020-pib-per-capita-mapa,GIN,1995,906.2644
mpd2020-pib-per-capita-mapa,GIN,1996,927.1295
mpd2020-pib-per-capita-mapa,GIN,1997,976.4966
mpd2020-pib-per-capita-mapa,GIN,1998,1010.7919
mpd2020-pib-per-capita-mapa,GIN,1999,1031.3825
mpd2020-pib-per-capita-mapa,GIN,2000,1046.5671
mpd2020-pib-per-capita-mapa,GIN,2001,1090.652
mpd2020-pib-per-capita-mapa,GIN,2002,1148.5447
mpd2020-pib-per-capita-mapa,GIN,2003,1146.3353
mpd2020-pib-per-capita-mapa,GIN,2004,1159.825
mpd2020-pib-per-capita-mapa,GIN,2005,1186.6048
mpd2020-pib-per-capita-mapa,GIN,2006,1188.4846
mpd2020-pib-per-capita-mapa,GIN,2007,1253.4077
mpd2020-pib-per-capita-mapa,GIN,2008,1290.4037
mpd2020-pib-per-capita-mapa,GIN,2009,1255.2419
mpd2020-pib-per-capita-mapa,GIN,2010,1291.6962
mpd2020-pib-per-capita-mapa,GIN,2011,1347
mpd2020-pib-per-capita-mapa,GIN,2012,1397
mpd2020-pib-per-capita-mapa,GIN,2013,1421
mpd2020-pib-per-capita-mapa,GIN,2014,1399
mpd2020-pib-per-capita-mapa,GIN,2015,1364
mpd2020-pib-per-capita-mapa,GIN,2016,1417
mpd2020-pib-per-capita-mapa,GIN,2017,1562.5074
mpd2020-pib-per-capita-mapa,GIN,2018,1606.4666
mpd2020-pib-per-capita-mapa,GMB,1950,982
mpd2020-pib-per-capita-mapa,GMB,1951,1015
mpd2020-pib-per-capita-mapa,GMB,1952,1022
mpd2020-pib-per-capita-mapa,GMB,1953,1036
mpd2020-pib-per-capita-mapa,GMB,1954,1068
mpd2020-pib-per-capita-mapa,GMB,1955,1074
mpd2020-pib-per-capita-mapa,GMB,1956,1086
mpd2020-pib-per-capita-mapa,GMB,1957,1097
mpd2020-pib-per-capita-mapa,GMB,1958,1097
mpd2020-pib-per-capita-mapa,GMB,1959,1129
mpd2020-pib-per-capita-mapa,GMB,1960,1167
mpd2020-pib-per-capita-mapa,GMB,1961,1318
mpd2020-pib-per-capita-mapa,GMB,1962,1262
mpd2020-pib-per-capita-mapa,GMB,1963,1232
mpd2020-pib-per-capita-mapa,GMB,1964,1274
mpd2020-pib-per-capita-mapa,GMB,1965,1368
mpd2020-pib-per-capita-mapa,GMB,1966,1545
mpd2020-pib-per-capita-mapa,GMB,1967,1548
mpd2020-pib-per-capita-mapa,GMB,1968,1519
mpd2020-pib-per-capita-mapa,GMB,1969,1629
mpd2020-pib-per-capita-mapa,GMB,1970,1422
mpd2020-pib-per-capita-mapa,GMB,1971,1376
mpd2020-pib-per-capita-mapa,GMB,1972,1334
mpd2020-pib-per-capita-mapa,GMB,1973,1411
mpd2020-pib-per-capita-mapa,GMB,1974,1452
mpd2020-pib-per-capita-mapa,GMB,1975,1497
mpd2020-pib-per-capita-mapa,GMB,1976,1436
mpd2020-pib-per-capita-mapa,GMB,1977,1417
mpd2020-pib-per-capita-mapa,GMB,1978,1446
mpd2020-pib-per-capita-mapa,GMB,1979,1360
mpd2020-pib-per-capita-mapa,GMB,1980,1325
mpd2020-pib-per-capita-mapa,GMB,1981,1521
mpd2020-pib-per-capita-mapa,GMB,1982,1581
mpd2020-pib-per-capita-mapa,GMB,1983,1482
mpd2020-pib-per-capita-mapa,GMB,1984,1462
mpd2020-pib-per-capita-mapa,GMB,1985,1451
mpd2020-pib-per-capita-mapa,GMB,1986,1422
mpd2020-pib-per-capita-mapa,GMB,1987,1406
mpd2020-pib-per-capita-mapa,GMB,1988,1417
mpd2020-pib-per-capita-mapa,GMB,1989,1407
mpd2020-pib-per-capita-mapa,GMB,1990,1400
mpd2020-pib-per-capita-mapa,GMB,1991,1390.705
mpd2020-pib-per-capita-mapa,GMB,1992,1391.4055
mpd2020-pib-per-capita-mapa,GMB,1993,1385.5908
mpd2020-pib-per-capita-mapa,GMB,1994,1345.035
mpd2020-pib-per-capita-mapa,GMB,1995,1317.2425
mpd2020-pib-per-capita-mapa,GMB,1996,1336.8473
mpd2020-pib-per-capita-mapa,GMB,1997,1308.4867
mpd2020-pib-per-capita-mapa,GMB,1998,1324.9245
mpd2020-pib-per-capita-mapa,GMB,1999,1385.6318
mpd2020-pib-per-capita-mapa,GMB,2000,1440.8619
mpd2020-pib-per-capita-mapa,GMB,2001,1495.0918
mpd2020-pib-per-capita-mapa,GMB,2002,1473.4007
mpd2020-pib-per-capita-mapa,GMB,2003,1478.9562
mpd2020-pib-per-capita-mapa,GMB,2004,1585.7992
mpd2020-pib-per-capita-mapa,GMB,2005,1541.6116
mpd2020-pib-per-capita-mapa,GMB,2006,1530.6844
mpd2020-pib-per-capita-mapa,GMB,2007,1557.8474
mpd2020-pib-per-capita-mapa,GMB,2008,1618.4445
mpd2020-pib-per-capita-mapa,GMB,2009,1692.6423
mpd2020-pib-per-capita-mapa,GMB,2010,1772.7269
mpd2020-pib-per-capita-mapa,GMB,2011,1669
mpd2020-pib-per-capita-mapa,GMB,2012,1725
mpd2020-pib-per-capita-mapa,GMB,2013,1767
mpd2020-pib-per-capita-mapa,GMB,2014,1743
mpd2020-pib-per-capita-mapa,GMB,2015,1786
mpd2020-pib-per-capita-mapa,GMB,2016,1788
mpd2020-pib-per-capita-mapa,GMB,2017,1819.4099
mpd2020-pib-per-capita-mapa,GMB,2018,1882.2399
mpd2020-pib-per-capita-mapa,GNB,1950,462
mpd2020-pib-per-capita-mapa,GNB,1951,489
mpd2020-pib-per-capita-mapa,GNB,1952,516
mpd2020-pib-per-capita-mapa,GNB,1953,547
mpd2020-pib-per-capita-mapa,GNB,1954,652
mpd2020-pib-per-capita-mapa,GNB,1955,622
mpd2020-pib-per-capita-mapa,GNB,1956,703
mpd2020-pib-per-capita-mapa,GNB,1957,744
mpd2020-pib-per-capita-mapa,GNB,1958,762
mpd2020-pib-per-capita-mapa,GNB,1959,765
mpd2020-pib-per-capita-mapa,GNB,1960,800
mpd2020-pib-per-capita-mapa,GNB,1961,851
mpd2020-pib-per-capita-mapa,GNB,1962,899
mpd2020-pib-per-capita-mapa,GNB,1963,932
mpd2020-pib-per-capita-mapa,GNB,1964,1027
mpd2020-pib-per-capita-mapa,GNB,1965,1097
mpd2020-pib-per-capita-mapa,GNB,1966,1165
mpd2020-pib-per-capita-mapa,GNB,1967,1232
mpd2020-pib-per-capita-mapa,GNB,1968,1270
mpd2020-pib-per-capita-mapa,GNB,1969,1333
mpd2020-pib-per-capita-mapa,GNB,1970,1395
mpd2020-pib-per-capita-mapa,GNB,1971,1333
mpd2020-pib-per-capita-mapa,GNB,1972,1412
mpd2020-pib-per-capita-mapa,GNB,1973,1411
mpd2020-pib-per-capita-mapa,GNB,1974,1458
mpd2020-pib-per-capita-mapa,GNB,1975,1479
mpd2020-pib-per-capita-mapa,GNB,1976,1443
mpd2020-pib-per-capita-mapa,GNB,1977,1317
mpd2020-pib-per-capita-mapa,GNB,1978,1465
mpd2020-pib-per-capita-mapa,GNB,1979,1468
mpd2020-pib-per-capita-mapa,GNB,1980,1207
mpd2020-pib-per-capita-mapa,GNB,1981,1173
mpd2020-pib-per-capita-mapa,GNB,1982,1195
mpd2020-pib-per-capita-mapa,GNB,1983,1129
mpd2020-pib-per-capita-mapa,GNB,1984,1162
mpd2020-pib-per-capita-mapa,GNB,1985,1184
mpd2020-pib-per-capita-mapa,GNB,1986,1146
mpd2020-pib-per-capita-mapa,GNB,1987,1183
mpd2020-pib-per-capita-mapa,GNB,1988,1235
mpd2020-pib-per-capita-mapa,GNB,1989,1259
mpd2020-pib-per-capita-mapa,GNB,1990,1270
mpd2020-pib-per-capita-mapa,GNB,1991,1282.7288
mpd2020-pib-per-capita-mapa,GNB,1992,1287.2765
mpd2020-pib-per-capita-mapa,GNB,1993,1280.342
mpd2020-pib-per-capita-mapa,GNB,1994,1284.927
mpd2020-pib-per-capita-mapa,GNB,1995,1310.1873
mpd2020-pib-per-capita-mapa,GNB,1996,1337.4676
mpd2020-pib-per-capita-mapa,GNB,1997,1388.1027
mpd2020-pib-per-capita-mapa,GNB,1998,1130.8127
mpd2020-pib-per-capita-mapa,GNB,1999,1256.0825
mpd2020-pib-per-capita-mapa,GNB,2000,1230.6406
mpd2020-pib-per-capita-mapa,GNB,2001,1233.072
mpd2020-pib-per-capita-mapa,GNB,2002,1196.2325
mpd2020-pib-per-capita-mapa,GNB,2003,1181.9435
mpd2020-pib-per-capita-mapa,GNB,2004,1194.6708
mpd2020-pib-per-capita-mapa,GNB,2005,1226.5609
mpd2020-pib-per-capita-mapa,GNB,2006,1233.8132
mpd2020-pib-per-capita-mapa,GNB,2007,1252.5739
mpd2020-pib-per-capita-mapa,GNB,2008,1270.7228
mpd2020-pib-per-capita-mapa,GNB,2009,1292.0293
mpd2020-pib-per-capita-mapa,GNB,2010,1329.3724
mpd2020-pib-per-capita-mapa,GNB,2011,1413
mpd2020-pib-per-capita-mapa,GNB,2012,1361
mpd2020-pib-per-capita-mapa,GNB,2013,1378
mpd2020-pib-per-capita-mapa,GNB,2014,1355
mpd2020-pib-per-capita-mapa,GNB,2015,1393
mpd2020-pib-per-capita-mapa,GNB,2016,1436
mpd2020-pib-per-capita-mapa,GNB,2017,1482.9693
mpd2020-pib-per-capita-mapa,GNB,2018,1501.4136
mpd2020-pib-per-capita-mapa,GNQ,1950,797
mpd2020-pib-per-capita-mapa,GNQ,1951,827
mpd2020-pib-per-capita-mapa,GNQ,1952,845
mpd2020-pib-per-capita-mapa,GNQ,1953,867
mpd2020-pib-per-capita-mapa,GNQ,1954,901
mpd2020-pib-per-capita-mapa,GNQ,1955,915
mpd2020-pib-per-capita-mapa,GNQ,1956,940
mpd2020-pib-per-capita-mapa,GNQ,1957,958
mpd2020-pib-per-capita-mapa,GNQ,1958,974
mpd2020-pib-per-capita-mapa,GNQ,1959,1015
mpd2020-pib-per-capita-mapa,GNQ,1960,1101
mpd2020-pib-per-capita-mapa,GNQ,1961,1191
mpd2020-pib-per-capita-mapa,GNQ,1962,1310
mpd2020-pib-per-capita-mapa,GNQ,1963,1486
mpd2020-pib-per-capita-mapa,GNQ,1964,1690
mpd2020-pib-per-capita-mapa,GNQ,1965,1898
mpd2020-pib-per-capita-mapa,GNQ,1966,1953
mpd2020-pib-per-capita-mapa,GNQ,1967,2058
mpd2020-pib-per-capita-mapa,GNQ,1968,2102
mpd2020-pib-per-capita-mapa,GNQ,1969,2015
mpd2020-pib-per-capita-mapa,GNQ,1970,1934
mpd2020-pib-per-capita-mapa,GNQ,1971,1989
mpd2020-pib-per-capita-mapa,GNQ,1972,2007
mpd2020-pib-per-capita-mapa,GNQ,1973,2204
mpd2020-pib-per-capita-mapa,GNQ,1974,2466
mpd2020-pib-per-capita-mapa,GNQ,1975,3080
mpd2020-pib-per-capita-mapa,GNQ,1976,3453
mpd2020-pib-per-capita-mapa,GNQ,1977,3668
mpd2020-pib-per-capita-mapa,GNQ,1978,3451
mpd2020-pib-per-capita-mapa,GNQ,1979,2882
mpd2020-pib-per-capita-mapa,GNQ,1980,2613
mpd2020-pib-per-capita-mapa,GNQ,1981,2603
mpd2020-pib-per-capita-mapa,GNQ,1982,2533
mpd2020-pib-per-capita-mapa,GNQ,1983,2534
mpd2020-pib-per-capita-mapa,GNQ,1984,2437
mpd2020-pib-per-capita-mapa,GNQ,1985,2662
mpd2020-pib-per-capita-mapa,GNQ,1986,2534
mpd2020-pib-per-capita-mapa,GNQ,1987,2579
mpd2020-pib-per-capita-mapa,GNQ,1988,2577
mpd2020-pib-per-capita-mapa,GNQ,1989,2479
mpd2020-pib-per-capita-mapa,GNQ,1990,2474
mpd2020-pib-per-capita-mapa,GNQ,1991,2427.8802
mpd2020-pib-per-capita-mapa,GNQ,1992,2690.6331
mpd2020-pib-per-capita-mapa,GNQ,1993,2880.204
mpd2020-pib-per-capita-mapa,GNQ,1994,3081.1525
mpd2020-pib-per-capita-mapa,GNQ,1995,3364.6326
mpd2020-pib-per-capita-mapa,GNQ,1996,4426.3378
mpd2020-pib-per-capita-mapa,GNQ,1997,8445.645
mpd2020-pib-per-capita-mapa,GNQ,1998,9712.2262
mpd2020-pib-per-capita-mapa,GNQ,1999,11690.1352
mpd2020-pib-per-capita-mapa,GNQ,2000,12914.8513
mpd2020-pib-per-capita-mapa,GNQ,2001,21167.7414
mpd2020-pib-per-capita-mapa,GNQ,2002,24845.0422
mpd2020-pib-per-capita-mapa,GNQ,2003,27571.159
mpd2020-pib-per-capita-mapa,GNQ,2004,33419.8858
mpd2020-pib-per-capita-mapa,GNQ,2005,35569.7076
mpd2020-pib-per-capita-mapa,GNQ,2006,36615.7057
mpd2020-pib-per-capita-mapa,GNQ,2007,41277.7557
mpd2020-pib-per-capita-mapa,GNQ,2008,47562.3195
mpd2020-pib-per-capita-mapa,GNQ,2009,47161.2847
mpd2020-pib-per-capita-mapa,GNQ,2010,42037.8974
mpd2020-pib-per-capita-mapa,GNQ,2011,43841
mpd2020-pib-per-capita-mapa,GNQ,2012,46255
mpd2020-pib-per-capita-mapa,GNQ,2013,43209
mpd2020-pib-per-capita-mapa,GNQ,2014,41907
mpd2020-pib-per-capita-mapa,GNQ,2015,37822
mpd2020-pib-per-capita-mapa,GNQ,2016,33317
mpd2020-pib-per-capita-mapa,GNQ,2017,31047.8288
mpd2020-pib-per-capita-mapa,GNQ,2018,28528.953
mpd2020-pib-per-capita-mapa,GRC,1833,1537
mpd2020-pib-per-capita-mapa,GRC,1834,1635
mpd2020-pib-per-capita-mapa,GRC,1835,2138
mpd2020-pib-per-capita-mapa,GRC,1836,2067
mpd2020-pib-per-capita-mapa,GRC,1837,2120
mpd2020-pib-per-capita-mapa,GRC,1838,2230
mpd2020-pib-per-capita-mapa,GRC,1839,2020
mpd2020-pib-per-capita-mapa,GRC,1840,1932
mpd2020-pib-per-capita-mapa,GRC,1841,1918
mpd2020-pib-per-capita-mapa,GRC,1842,1959
mpd2020-pib-per-capita-mapa,GRC,1843,1653
mpd2020-pib-per-capita-mapa,GRC,1844,1602
mpd2020-pib-per-capita-mapa,GRC,1845,1543
mpd2020-pib-per-capita-mapa,GRC,1846,1691
mpd2020-pib-per-capita-mapa,GRC,1847,1441
mpd2020-pib-per-capita-mapa,GRC,1848,1554
mpd2020-pib-per-capita-mapa,GRC,1849,1591
mpd2020-pib-per-capita-mapa,GRC,1850,1607
mpd2020-pib-per-capita-mapa,GRC,1851,1969
mpd2020-pib-per-capita-mapa,GRC,1852,1663
mpd2020-pib-per-capita-mapa,GRC,1853,1822
mpd2020-pib-per-capita-mapa,GRC,1854,1908
mpd2020-pib-per-capita-mapa,GRC,1855,2007
mpd2020-pib-per-capita-mapa,GRC,1856,1757
mpd2020-pib-per-capita-mapa,GRC,1857,2278
mpd2020-pib-per-capita-mapa,GRC,1858,2197
mpd2020-pib-per-capita-mapa,GRC,1859,2161
mpd2020-pib-per-capita-mapa,GRC,1860,2125
mpd2020-pib-per-capita-mapa,GRC,1861,2262
mpd2020-pib-per-capita-mapa,GRC,1862,2283
mpd2020-pib-per-capita-mapa,GRC,1863,2039
mpd2020-pib-per-capita-mapa,GRC,1864,1854
mpd2020-pib-per-capita-mapa,GRC,1865,1981
mpd2020-pib-per-capita-mapa,GRC,1866,1890
mpd2020-pib-per-capita-mapa,GRC,1867,1997
mpd2020-pib-per-capita-mapa,GRC,1868,2020
mpd2020-pib-per-capita-mapa,GRC,1869,1992
mpd2020-pib-per-capita-mapa,GRC,1870,1938
mpd2020-pib-per-capita-mapa,GRC,1871,1859
mpd2020-pib-per-capita-mapa,GRC,1872,1806
mpd2020-pib-per-capita-mapa,GRC,1873,2128
mpd2020-pib-per-capita-mapa,GRC,1874,2013
mpd2020-pib-per-capita-mapa,GRC,1875,1929
mpd2020-pib-per-capita-mapa,GRC,1876,1921
mpd2020-pib-per-capita-mapa,GRC,1877,1804
mpd2020-pib-per-capita-mapa,GRC,1878,1985
mpd2020-pib-per-capita-mapa,GRC,1879,2063
mpd2020-pib-per-capita-mapa,GRC,1880,2028
mpd2020-pib-per-capita-mapa,GRC,1881,1970
mpd2020-pib-per-capita-mapa,GRC,1882,2098
mpd2020-pib-per-capita-mapa,GRC,1883,2091
mpd2020-pib-per-capita-mapa,GRC,1884,2351
mpd2020-pib-per-capita-mapa,GRC,1885,2536
mpd2020-pib-per-capita-mapa,GRC,1886,2426
mpd2020-pib-per-capita-mapa,GRC,1887,2511
mpd2020-pib-per-capita-mapa,GRC,1888,2566
mpd2020-pib-per-capita-mapa,GRC,1889,2391
mpd2020-pib-per-capita-mapa,GRC,1890,2257
mpd2020-pib-per-capita-mapa,GRC,1891,1967
mpd2020-pib-per-capita-mapa,GRC,1892,2053
mpd2020-pib-per-capita-mapa,GRC,1893,2185
mpd2020-pib-per-capita-mapa,GRC,1894,2233
mpd2020-pib-per-capita-mapa,GRC,1895,2149
mpd2020-pib-per-capita-mapa,GRC,1896,2359
mpd2020-pib-per-capita-mapa,GRC,1897,2004
mpd2020-pib-per-capita-mapa,GRC,1898,2165
mpd2020-pib-per-capita-mapa,GRC,1899,2209
mpd2020-pib-per-capita-mapa,GRC,1900,1972
mpd2020-pib-per-capita-mapa,GRC,1901,1890
mpd2020-pib-per-capita-mapa,GRC,1902,2423
mpd2020-pib-per-capita-mapa,GRC,1903,2367
mpd2020-pib-per-capita-mapa,GRC,1904,2498
mpd2020-pib-per-capita-mapa,GRC,1905,2560
mpd2020-pib-per-capita-mapa,GRC,1906,2530
mpd2020-pib-per-capita-mapa,GRC,1907,2565
mpd2020-pib-per-capita-mapa,GRC,1908,2550
mpd2020-pib-per-capita-mapa,GRC,1909,2601
mpd2020-pib-per-capita-mapa,GRC,1910,2592
mpd2020-pib-per-capita-mapa,GRC,1911,3231
mpd2020-pib-per-capita-mapa,GRC,1912,3135
mpd2020-pib-per-capita-mapa,GRC,1913,1876
mpd2020-pib-per-capita-mapa,GRC,1914,2394
mpd2020-pib-per-capita-mapa,GRC,1915,1822
mpd2020-pib-per-capita-mapa,GRC,1916,1549
mpd2020-pib-per-capita-mapa,GRC,1917,1352
mpd2020-pib-per-capita-mapa,GRC,1918,2279
mpd2020-pib-per-capita-mapa,GRC,1919,2031
mpd2020-pib-per-capita-mapa,GRC,1920,2284
mpd2020-pib-per-capita-mapa,GRC,1921,3057
mpd2020-pib-per-capita-mapa,GRC,1922,3129
mpd2020-pib-per-capita-mapa,GRC,1923,3169
mpd2020-pib-per-capita-mapa,GRC,1924,3279
mpd2020-pib-per-capita-mapa,GRC,1925,3411
mpd2020-pib-per-capita-mapa,GRC,1926,3475
mpd2020-pib-per-capita-mapa,GRC,1927,3539
mpd2020-pib-per-capita-mapa,GRC,1928,3561
mpd2020-pib-per-capita-mapa,GRC,1929,3733
mpd2020-pib-per-capita-mapa,GRC,1930,3599
mpd2020-pib-per-capita-mapa,GRC,1931,3402
mpd2020-pib-per-capita-mapa,GRC,1932,3649
mpd2020-pib-per-capita-mapa,GRC,1933,3818
mpd2020-pib-per-capita-mapa,GRC,1934,3854
mpd2020-pib-per-capita-mapa,GRC,1935,3953
mpd2020-pib-per-capita-mapa,GRC,1936,3913
mpd2020-pib-per-capita-mapa,GRC,1937,4414
mpd2020-pib-per-capita-mapa,GRC,1938,4267
mpd2020-pib-per-capita-mapa,GRC,1939,4205
mpd2020-pib-per-capita-mapa,GRC,1940,3543
mpd2020-pib-per-capita-mapa,GRC,1941,2987
mpd2020-pib-per-capita-mapa,GRC,1942,2517
mpd2020-pib-per-capita-mapa,GRC,1943,2115
mpd2020-pib-per-capita-mapa,GRC,1944,1779
mpd2020-pib-per-capita-mapa,GRC,1945,1495
mpd2020-pib-per-capita-mapa,GRC,1946,2209
mpd2020-pib-per-capita-mapa,GRC,1947,2810
mpd2020-pib-per-capita-mapa,GRC,1948,2866
mpd2020-pib-per-capita-mapa,GRC,1949,2979
mpd2020-pib-per-capita-mapa,GRC,1950,3052
mpd2020-pib-per-capita-mapa,GRC,1951,3287
mpd2020-pib-per-capita-mapa,GRC,1952,3272
mpd2020-pib-per-capita-mapa,GRC,1953,3681
mpd2020-pib-per-capita-mapa,GRC,1954,3759
mpd2020-pib-per-capita-mapa,GRC,1955,4007
mpd2020-pib-per-capita-mapa,GRC,1956,4313
mpd2020-pib-per-capita-mapa,GRC,1957,4557
mpd2020-pib-per-capita-mapa,GRC,1958,4723
mpd2020-pib-per-capita-mapa,GRC,1959,4846
mpd2020-pib-per-capita-mapa,GRC,1960,5015
mpd2020-pib-per-capita-mapa,GRC,1961,5408
mpd2020-pib-per-capita-mapa,GRC,1962,5577
mpd2020-pib-per-capita-mapa,GRC,1963,6122
mpd2020-pib-per-capita-mapa,GRC,1964,6601
mpd2020-pib-per-capita-mapa,GRC,1965,7187
mpd2020-pib-per-capita-mapa,GRC,1966,7570
mpd2020-pib-per-capita-mapa,GRC,1967,7892
mpd2020-pib-per-capita-mapa,GRC,1968,8394
mpd2020-pib-per-capita-mapa,GRC,1969,9191
mpd2020-pib-per-capita-mapa,GRC,1970,9900
mpd2020-pib-per-capita-mapa,GRC,1971,10559
mpd2020-pib-per-capita-mapa,GRC,1972,11795
mpd2020-pib-per-capita-mapa,GRC,1973,12202
mpd2020-pib-per-capita-mapa,GRC,1974,11716
mpd2020-pib-per-capita-mapa,GRC,1975,12309
mpd2020-pib-per-capita-mapa,GRC,1976,12919
mpd2020-pib-per-capita-mapa,GRC,1977,13158
mpd2020-pib-per-capita-mapa,GRC,1978,13860
mpd2020-pib-per-capita-mapa,GRC,1979,14193
mpd2020-pib-per-capita-mapa,GRC,1980,14300
mpd2020-pib-per-capita-mapa,GRC,1981,14180
mpd2020-pib-per-capita-mapa,GRC,1982,14153
mpd2020-pib-per-capita-mapa,GRC,1983,14132
mpd2020-pib-per-capita-mapa,GRC,1984,14453
mpd2020-pib-per-capita-mapa,GRC,1985,14850
mpd2020-pib-per-capita-mapa,GRC,1986,15047
mpd2020-pib-per-capita-mapa,GRC,1987,14944
mpd2020-pib-per-capita-mapa,GRC,1988,15596
mpd2020-pib-per-capita-mapa,GRC,1989,16117
mpd2020-pib-per-capita-mapa,GRC,1990,15964
mpd2020-pib-per-capita-mapa,GRC,1991,16409.6894
mpd2020-pib-per-capita-mapa,GRC,1992,16545.9638
mpd2020-pib-per-capita-mapa,GRC,1993,16331.3147
mpd2020-pib-per-capita-mapa,GRC,1994,16724.2881
mpd2020-pib-per-capita-mapa,GRC,1995,17148.1972
mpd2020-pib-per-capita-mapa,GRC,1996,17719.5574
mpd2020-pib-per-capita-mapa,GRC,1997,18588.2955
mpd2020-pib-per-capita-mapa,GRC,1998,19378.7099
mpd2020-pib-per-capita-mapa,GRC,1999,20076.5594
mpd2020-pib-per-capita-mapa,GRC,2000,20965.3318
mpd2020-pib-per-capita-mapa,GRC,2001,21913.7977
mpd2020-pib-per-capita-mapa,GRC,2002,22893.9591
mpd2020-pib-per-capita-mapa,GRC,2003,24380.0663
mpd2020-pib-per-capita-mapa,GRC,2004,25780.3851
mpd2020-pib-per-capita-mapa,GRC,2005,26091.5242
mpd2020-pib-per-capita-mapa,GRC,2006,27731.1109
mpd2020-pib-per-capita-mapa,GRC,2007,28822.9156
mpd2020-pib-per-capita-mapa,GRC,2008,28907.925
mpd2020-pib-per-capita-mapa,GRC,2009,27839.8975
mpd2020-pib-per-capita-mapa,GRC,2010,26517.4651
mpd2020-pib-per-capita-mapa,GRC,2011,24349
mpd2020-pib-per-capita-mapa,GRC,2012,22693
mpd2020-pib-per-capita-mapa,GRC,2013,22118
mpd2020-pib-per-capita-mapa,GRC,2014,22344
mpd2020-pib-per-capita-mapa,GRC,2015,22442
mpd2020-pib-per-capita-mapa,GRC,2016,22574
mpd2020-pib-per-capita-mapa,GRC,2017,22959.1219
mpd2020-pib-per-capita-mapa,GRC,2018,23450.7658
mpd2020-pib-per-capita-mapa,GTM,1920,2028
mpd2020-pib-per-capita-mapa,GTM,1921,2203
mpd2020-pib-per-capita-mapa,GTM,1922,2058
mpd2020-pib-per-capita-mapa,GTM,1923,2240
mpd2020-pib-per-capita-mapa,GTM,1924,2397
mpd2020-pib-per-capita-mapa,GTM,1925,2327
mpd2020-pib-per-capita-mapa,GTM,1926,2327
mpd2020-pib-per-capita-mapa,GTM,1927,2453
mpd2020-pib-per-capita-mapa,GTM,1928,2482
mpd2020-pib-per-capita-mapa,GTM,1929,2742
mpd2020-pib-per-capita-mapa,GTM,1930,2831
mpd2020-pib-per-capita-mapa,GTM,1931,2582
mpd2020-pib-per-capita-mapa,GTM,1932,2200
mpd2020-pib-per-capita-mapa,GTM,1933,2165
mpd2020-pib-per-capita-mapa,GTM,1934,2410
mpd2020-pib-per-capita-mapa,GTM,1935,2729
mpd2020-pib-per-capita-mapa,GTM,1936,3674
mpd2020-pib-per-capita-mapa,GTM,1937,3516
mpd2020-pib-per-capita-mapa,GTM,1938,3545
mpd2020-pib-per-capita-mapa,GTM,1939,3916
mpd2020-pib-per-capita-mapa,GTM,1940,4371
mpd2020-pib-per-capita-mapa,GTM,1941,4503
mpd2020-pib-per-capita-mapa,GTM,1942,4463
mpd2020-pib-per-capita-mapa,GTM,1943,2925
mpd2020-pib-per-capita-mapa,GTM,1944,2775
mpd2020-pib-per-capita-mapa,GTM,1945,2761
mpd2020-pib-per-capita-mapa,GTM,1946,3191
mpd2020-pib-per-capita-mapa,GTM,1947,3148
mpd2020-pib-per-capita-mapa,GTM,1948,3169
mpd2020-pib-per-capita-mapa,GTM,1949,3365
mpd2020-pib-per-capita-mapa,GTM,1950,3323
mpd2020-pib-per-capita-mapa,GTM,1951,3263
mpd2020-pib-per-capita-mapa,GTM,1952,3226
mpd2020-pib-per-capita-mapa,GTM,1953,3239
mpd2020-pib-per-capita-mapa,GTM,1954,3194
mpd2020-pib-per-capita-mapa,GTM,1955,3170
mpd2020-pib-per-capita-mapa,GTM,1956,3347
mpd2020-pib-per-capita-mapa,GTM,1957,3424
mpd2020-pib-per-capita-mapa,GTM,1958,3470
mpd2020-pib-per-capita-mapa,GTM,1959,3524
mpd2020-pib-per-capita-mapa,GTM,1960,3496
mpd2020-pib-per-capita-mapa,GTM,1961,3532
mpd2020-pib-per-capita-mapa,GTM,1962,3543
mpd2020-pib-per-capita-mapa,GTM,1963,3762
mpd2020-pib-per-capita-mapa,GTM,1964,3814
mpd2020-pib-per-capita-mapa,GTM,1965,3900
mpd2020-pib-per-capita-mapa,GTM,1966,4033
mpd2020-pib-per-capita-mapa,GTM,1967,4114
mpd2020-pib-per-capita-mapa,GTM,1968,4385
mpd2020-pib-per-capita-mapa,GTM,1969,4497
mpd2020-pib-per-capita-mapa,GTM,1970,4653
mpd2020-pib-per-capita-mapa,GTM,1971,4801
mpd2020-pib-per-capita-mapa,GTM,1972,5037
mpd2020-pib-per-capita-mapa,GTM,1973,5255
mpd2020-pib-per-capita-mapa,GTM,1974,5461
mpd2020-pib-per-capita-mapa,GTM,1975,5439
mpd2020-pib-per-capita-mapa,GTM,1976,5705
mpd2020-pib-per-capita-mapa,GTM,1977,6005
mpd2020-pib-per-capita-mapa,GTM,1978,6156
mpd2020-pib-per-capita-mapa,GTM,1979,6298
mpd2020-pib-per-capita-mapa,GTM,1980,6384
mpd2020-pib-per-capita-mapa,GTM,1981,6256
mpd2020-pib-per-capita-mapa,GTM,1982,5903
mpd2020-pib-per-capita-mapa,GTM,1983,5585
mpd2020-pib-per-capita-mapa,GTM,1984,5469
mpd2020-pib-per-capita-mapa,GTM,1985,5292
mpd2020-pib-per-capita-mapa,GTM,1986,5136
mpd2020-pib-per-capita-mapa,GTM,1987,5098
mpd2020-pib-per-capita-mapa,GTM,1988,5086
mpd2020-pib-per-capita-mapa,GTM,1989,5144
mpd2020-pib-per-capita-mapa,GTM,1990,5165
mpd2020-pib-per-capita-mapa,GTM,1991,5166.5499
mpd2020-pib-per-capita-mapa,GTM,1992,5303.5985
mpd2020-pib-per-capita-mapa,GTM,1993,5382.9787
mpd2020-pib-per-capita-mapa,GTM,1994,5414.5412
mpd2020-pib-per-capita-mapa,GTM,1995,5501.0422
mpd2020-pib-per-capita-mapa,GTM,1996,5511.9047
mpd2020-pib-per-capita-mapa,GTM,1997,5601.2075
mpd2020-pib-per-capita-mapa,GTM,1998,5730.6458
mpd2020-pib-per-capita-mapa,GTM,1999,5824.8833
mpd2020-pib-per-capita-mapa,GTM,2000,5860.2719
mpd2020-pib-per-capita-mapa,GTM,2001,5882.7197
mpd2020-pib-per-capita-mapa,GTM,2002,5980.242
mpd2020-pib-per-capita-mapa,GTM,2003,6004.1447
mpd2020-pib-per-capita-mapa,GTM,2004,6070.1942
mpd2020-pib-per-capita-mapa,GTM,2005,6130.4823
mpd2020-pib-per-capita-mapa,GTM,2006,6305.8186
mpd2020-pib-per-capita-mapa,GTM,2007,6545.7524
mpd2020-pib-per-capita-mapa,GTM,2008,6604.6824
mpd2020-pib-per-capita-mapa,GTM,2009,6488.6462
mpd2020-pib-per-capita-mapa,GTM,2010,6526.4576
mpd2020-pib-per-capita-mapa,GTM,2011,6650
mpd2020-pib-per-capita-mapa,GTM,2012,6714
mpd2020-pib-per-capita-mapa,GTM,2013,6829
mpd2020-pib-per-capita-mapa,GTM,2014,6981
mpd2020-pib-per-capita-mapa,GTM,2015,7138
mpd2020-pib-per-capita-mapa,GTM,2016,7221
mpd2020-pib-per-capita-mapa,GTM,2017,7308.2695
mpd2020-pib-per-capita-mapa,GTM,2018,7402.1146
mpd2020-pib-per-capita-mapa,HKG,1820,1132
mpd2020-pib-per-capita-mapa,HKG,1870,1256
mpd2020-pib-per-capita-mapa,HKG,1913,2354
mpd2020-pib-per-capita-mapa,HKG,1950,4082
mpd2020-pib-per-capita-mapa,HKG,1951,3688
mpd2020-pib-per-capita-mapa,HKG,1952,3846
mpd2020-pib-per-capita-mapa,HKG,1953,3982
mpd2020-pib-per-capita-mapa,HKG,1954,4124
mpd2020-pib-per-capita-mapa,HKG,1955,4280
mpd2020-pib-per-capita-mapa,HKG,1956,4450
mpd2020-pib-per-capita-mapa,HKG,1957,4626
mpd2020-pib-per-capita-mapa,HKG,1958,4799
mpd2020-pib-per-capita-mapa,HKG,1959,4957
mpd2020-pib-per-capita-mapa,HKG,1960,5088
mpd2020-pib-per-capita-mapa,HKG,1961,5169
mpd2020-pib-per-capita-mapa,HKG,1962,5780
mpd2020-pib-per-capita-mapa,HKG,1963,6381
mpd2020-pib-per-capita-mapa,HKG,1964,6664
mpd2020-pib-per-capita-mapa,HKG,1965,7414
mpd2020-pib-per-capita-mapa,HKG,1966,7412
mpd2020-pib-per-capita-mapa,HKG,1967,7474
mpd2020-pib-per-capita-mapa,HKG,1968,7696
mpd2020-pib-per-capita-mapa,HKG,1969,8534
mpd2020-pib-per-capita-mapa,HKG,1970,9250
mpd2020-pib-per-capita-mapa,HKG,1971,9787
mpd2020-pib-per-capita-mapa,HKG,1972,10632
mpd2020-pib-per-capita-mapa,HKG,1973,11717
mpd2020-pib-per-capita-mapa,HKG,1974,11719
mpd2020-pib-per-capita-mapa,HKG,1975,11456
mpd2020-pib-per-capita-mapa,HKG,1976,12929
mpd2020-pib-per-capita-mapa,HKG,1977,13986
mpd2020-pib-per-capita-mapa,HKG,1978,14689
mpd2020-pib-per-capita-mapa,HKG,1979,15903
mpd2020-pib-per-capita-mapa,HKG,1980,17086
mpd2020-pib-per-capita-mapa,HKG,1981,18301
mpd2020-pib-per-capita-mapa,HKG,1982,18527
mpd2020-pib-per-capita-mapa,HKG,1983,19349
mpd2020-pib-per-capita-mapa,HKG,1984,21042
mpd2020-pib-per-capita-mapa,HKG,1985,20883
mpd2020-pib-per-capita-mapa,HKG,1986,22823
mpd2020-pib-per-capita-mapa,HKG,1987,25414
mpd2020-pib-per-capita-mapa,HKG,1988,27063
mpd2020-pib-per-capita-mapa,HKG,1989,27377
mpd2020-pib-per-capita-mapa,HKG,1990,27960
mpd2020-pib-per-capita-mapa,HKG,1991,29008.6989
mpd2020-pib-per-capita-mapa,HKG,1992,30202.5394
mpd2020-pib-per-capita-mapa,HKG,1993,31242.1989
mpd2020-pib-per-capita-mapa,HKG,1994,32219.3573
mpd2020-pib-per-capita-mapa,HKG,1995,31941.9087
mpd2020-pib-per-capita-mapa,HKG,1996,32261.8037
mpd2020-pib-per-capita-mapa,HKG,1997,33385.8194
mpd2020-pib-per-capita-mapa,HKG,1998,30866.4285
mpd2020-pib-per-capita-mapa,HKG,1999,31134.1663
mpd2020-pib-per-capita-mapa,HKG,2000,32894.0108
mpd2020-pib-per-capita-mapa,HKG,2001,32734.2005
mpd2020-pib-per-capita-mapa,HKG,2002,33038.15
mpd2020-pib-per-capita-mapa,HKG,2003,33594.3163
mpd2020-pib-per-capita-mapa,HKG,2004,36052.9912
mpd2020-pib-per-capita-mapa,HKG,2005,38191.8984
mpd2020-pib-per-capita-mapa,HKG,2006,40172.8544
mpd2020-pib-per-capita-mapa,HKG,2007,42230.8863
mpd2020-pib-per-capita-mapa,HKG,2008,42635.4803
mpd2020-pib-per-capita-mapa,HKG,2009,41076.2343
mpd2020-pib-per-capita-mapa,HKG,2010,43170.5515
mpd2020-pib-per-capita-mapa,HKG,2011,44532
mpd2020-pib-per-capita-mapa,HKG,2012,44904
mpd2020-pib-per-capita-mapa,HKG,2013,46040
mpd2020-pib-per-capita-mapa,HKG,2014,47038
mpd2020-pib-per-capita-mapa,HKG,2015,47777
mpd2020-pib-per-capita-mapa,HKG,2016,48330
mpd2020-pib-per-capita-mapa,HKG,2017,49918.6025
mpd2020-pib-per-capita-mapa,HKG,2018,50839.3714
mpd2020-pib-per-capita-mapa,HND,1920,1957
mpd2020-pib-per-capita-mapa,HND,1921,1924
mpd2020-pib-per-capita-mapa,HND,1922,2012
mpd2020-pib-per-capita-mapa,HND,1923,1924
mpd2020-pib-per-capita-mapa,HND,1924,1753
mpd2020-pib-per-capita-mapa,HND,1925,2042
mpd2020-pib-per-capita-mapa,HND,1926,1991
mpd2020-pib-per-capita-mapa,HND,1927,2161
mpd2020-pib-per-capita-mapa,HND,1928,2377
mpd2020-pib-per-capita-mapa,HND,1929,2303
mpd2020-pib-per-capita-mapa,HND,1930,2402
mpd2020-pib-per-capita-mapa,HND,1931,2402
mpd2020-pib-per-capita-mapa,HND,1932,2109
mpd2020-pib-per-capita-mapa,HND,1933,1940
mpd2020-pib-per-capita-mapa,HND,1934,1860
mpd2020-pib-per-capita-mapa,HND,1935,1744
mpd2020-pib-per-capita-mapa,HND,1936,1741
mpd2020-pib-per-capita-mapa,HND,1937,1632
mpd2020-pib-per-capita-mapa,HND,1938,1698
mpd2020-pib-per-capita-mapa,HND,1939,1714
mpd2020-pib-per-capita-mapa,HND,1940,1782
mpd2020-pib-per-capita-mapa,HND,1941,1747
mpd2020-pib-per-capita-mapa,HND,1942,1557
mpd2020-pib-per-capita-mapa,HND,1943,1548
mpd2020-pib-per-capita-mapa,HND,1944,1545
mpd2020-pib-per-capita-mapa,HND,1945,1873
mpd2020-pib-per-capita-mapa,HND,1946,1969
mpd2020-pib-per-capita-mapa,HND,1947,2048
mpd2020-pib-per-capita-mapa,HND,1948,2045
mpd2020-pib-per-capita-mapa,HND,1949,2013
mpd2020-pib-per-capita-mapa,HND,1950,2018
mpd2020-pib-per-capita-mapa,HND,1951,2066
mpd2020-pib-per-capita-mapa,HND,1952,2083
mpd2020-pib-per-capita-mapa,HND,1953,2184
mpd2020-pib-per-capita-mapa,HND,1954,1997
mpd2020-pib-per-capita-mapa,HND,1955,1986
mpd2020-pib-per-capita-mapa,HND,1956,2080
mpd2020-pib-per-capita-mapa,HND,1957,2107
mpd2020-pib-per-capita-mapa,HND,1958,2106
mpd2020-pib-per-capita-mapa,HND,1959,2090
mpd2020-pib-per-capita-mapa,HND,1960,2147
mpd2020-pib-per-capita-mapa,HND,1961,2130
mpd2020-pib-per-capita-mapa,HND,1962,2174
mpd2020-pib-per-capita-mapa,HND,1963,2177
mpd2020-pib-per-capita-mapa,HND,1964,2209
mpd2020-pib-per-capita-mapa,HND,1965,2314
mpd2020-pib-per-capita-mapa,HND,1966,2364
mpd2020-pib-per-capita-mapa,HND,1967,2410
mpd2020-pib-per-capita-mapa,HND,1968,2463
mpd2020-pib-per-capita-mapa,HND,1969,2396
mpd2020-pib-per-capita-mapa,HND,1970,2391
mpd2020-pib-per-capita-mapa,HND,1971,2404
mpd2020-pib-per-capita-mapa,HND,1972,2448
mpd2020-pib-per-capita-mapa,HND,1973,2544
mpd2020-pib-per-capita-mapa,HND,1974,2797
mpd2020-pib-per-capita-mapa,HND,1975,2764
mpd2020-pib-per-capita-mapa,HND,1976,2954
mpd2020-pib-per-capita-mapa,HND,1977,3153
mpd2020-pib-per-capita-mapa,HND,1978,3346
mpd2020-pib-per-capita-mapa,HND,1979,3382
mpd2020-pib-per-capita-mapa,HND,1980,3282
mpd2020-pib-per-capita-mapa,HND,1981,3231
mpd2020-pib-per-capita-mapa,HND,1982,3076
mpd2020-pib-per-capita-mapa,HND,1983,2947
mpd2020-pib-per-capita-mapa,HND,1984,2968
mpd2020-pib-per-capita-mapa,HND,1985,2982
mpd2020-pib-per-capita-mapa,HND,1986,2898
mpd2020-pib-per-capita-mapa,HND,1987,2970
mpd2020-pib-per-capita-mapa,HND,1988,3009
mpd2020-pib-per-capita-mapa,HND,1989,3045
mpd2020-pib-per-capita-mapa,HND,1990,2960
mpd2020-pib-per-capita-mapa,HND,1991,2993.124
mpd2020-pib-per-capita-mapa,HND,1992,3094.5478
mpd2020-pib-per-capita-mapa,HND,1993,3216.8805
mpd2020-pib-per-capita-mapa,HND,1994,3105.972
mpd2020-pib-per-capita-mapa,HND,1995,3163.8263
mpd2020-pib-per-capita-mapa,HND,1996,3210.2703
mpd2020-pib-per-capita-mapa,HND,1997,3303.2675
mpd2020-pib-per-capita-mapa,HND,1998,3332.9067
mpd2020-pib-per-capita-mapa,HND,1999,3215.1847
mpd2020-pib-per-capita-mapa,HND,2000,3335.7154
mpd2020-pib-per-capita-mapa,HND,2001,3365.233
mpd2020-pib-per-capita-mapa,HND,2002,3431.2512
mpd2020-pib-per-capita-mapa,HND,2003,3527.1218
mpd2020-pib-per-capita-mapa,HND,2004,3686.6669
mpd2020-pib-per-capita-mapa,HND,2005,3851.0554
mpd2020-pib-per-capita-mapa,HND,2006,4045.2976
mpd2020-pib-per-capita-mapa,HND,2007,4237.302
mpd2020-pib-per-capita-mapa,HND,2008,4358.7629
mpd2020-pib-per-capita-mapa,HND,2009,4200.1605
mpd2020-pib-per-capita-mapa,HND,2010,4305.892
mpd2020-pib-per-capita-mapa,HND,2011,4421
mpd2020-pib-per-capita-mapa,HND,2012,4518
mpd2020-pib-per-capita-mapa,HND,2013,4561
mpd2020-pib-per-capita-mapa,HND,2014,4620
mpd2020-pib-per-capita-mapa,HND,2015,4706
mpd2020-pib-per-capita-mapa,HND,2016,4796
mpd2020-pib-per-capita-mapa,HND,2017,4941.2991
mpd2020-pib-per-capita-mapa,HND,2018,5041.6354
mpd2020-pib-per-capita-mapa,HRV,1952,2738
mpd2020-pib-per-capita-mapa,HRV,1953,2952
mpd2020-pib-per-capita-mapa,HRV,1954,3193
mpd2020-pib-per-capita-mapa,HRV,1955,3749
mpd2020-pib-per-capita-mapa,HRV,1956,3564
mpd2020-pib-per-capita-mapa,HRV,1957,4203
mpd2020-pib-per-capita-mapa,HRV,1958,4285
mpd2020-pib-per-capita-mapa,HRV,1959,4640
mpd2020-pib-per-capita-mapa,HRV,1960,5067
mpd2020-pib-per-capita-mapa,HRV,1961,5404
mpd2020-pib-per-capita-mapa,HRV,1962,5509
mpd2020-pib-per-capita-mapa,HRV,1963,6059
mpd2020-pib-per-capita-mapa,HRV,1964,6591
mpd2020-pib-per-capita-mapa,HRV,1965,6741
mpd2020-pib-per-capita-mapa,HRV,1966,7184
mpd2020-pib-per-capita-mapa,HRV,1967,7382
mpd2020-pib-per-capita-mapa,HRV,1968,7667
mpd2020-pib-per-capita-mapa,HRV,1969,8209
mpd2020-pib-per-capita-mapa,HRV,1970,8751
mpd2020-pib-per-capita-mapa,HRV,1971,9414
mpd2020-pib-per-capita-mapa,HRV,1972,9631
mpd2020-pib-per-capita-mapa,HRV,1973,9969
mpd2020-pib-per-capita-mapa,HRV,1974,10786
mpd2020-pib-per-capita-mapa,HRV,1975,11053
mpd2020-pib-per-capita-mapa,HRV,1976,11469
mpd2020-pib-per-capita-mapa,HRV,1977,12385
mpd2020-pib-per-capita-mapa,HRV,1978,13265
mpd2020-pib-per-capita-mapa,HRV,1979,13994
mpd2020-pib-per-capita-mapa,HRV,1980,14193
mpd2020-pib-per-capita-mapa,HRV,1981,14182
mpd2020-pib-per-capita-mapa,HRV,1982,14123
mpd2020-pib-per-capita-mapa,HRV,1983,13841
mpd2020-pib-per-capita-mapa,HRV,1984,14104
mpd2020-pib-per-capita-mapa,HRV,1985,14067
mpd2020-pib-per-capita-mapa,HRV,1986,14416
mpd2020-pib-per-capita-mapa,HRV,1987,14362
mpd2020-pib-per-capita-mapa,HRV,1988,14207
mpd2020-pib-per-capita-mapa,HRV,1989,13959
mpd2020-pib-per-capita-mapa,HRV,1990,12948
mpd2020-pib-per-capita-mapa,HRV,1991,10296.1907
mpd2020-pib-per-capita-mapa,HRV,1992,9331.8927
mpd2020-pib-per-capita-mapa,HRV,1993,8739.5402
mpd2020-pib-per-capita-mapa,HRV,1994,9352.584
mpd2020-pib-per-capita-mapa,HRV,1995,10180.2515
mpd2020-pib-per-capita-mapa,HRV,1996,11030.0793
mpd2020-pib-per-capita-mapa,HRV,1997,11997.5931
mpd2020-pib-per-capita-mapa,HRV,1998,12476.0465
mpd2020-pib-per-capita-mapa,HRV,1999,12579.8768
mpd2020-pib-per-capita-mapa,HRV,2000,13244.5407
mpd2020-pib-per-capita-mapa,HRV,2001,13817.6808
mpd2020-pib-per-capita-mapa,HRV,2002,14683.8377
mpd2020-pib-per-capita-mapa,HRV,2003,15740.4986
mpd2020-pib-per-capita-mapa,HRV,2004,16628.5744
mpd2020-pib-per-capita-mapa,HRV,2005,17581.3584
mpd2020-pib-per-capita-mapa,HRV,2006,18707.4909
mpd2020-pib-per-capita-mapa,HRV,2007,19984.0374
mpd2020-pib-per-capita-mapa,HRV,2008,20717.3157
mpd2020-pib-per-capita-mapa,HRV,2009,19501.5886
mpd2020-pib-per-capita-mapa,HRV,2010,19511.3503
mpd2020-pib-per-capita-mapa,HRV,2011,19813
mpd2020-pib-per-capita-mapa,HRV,2012,19441
mpd2020-pib-per-capita-mapa,HRV,2013,19298
mpd2020-pib-per-capita-mapa,HRV,2014,19284
mpd2020-pib-per-capita-mapa,HRV,2015,19698
mpd2020-pib-per-capita-mapa,HRV,2016,20376
mpd2020-pib-per-capita-mapa,HRV,2017,21232.3607
mpd2020-pib-per-capita-mapa,HRV,2018,22012.3147
mpd2020-pib-per-capita-mapa,HTI,1945,1780
mpd2020-pib-per-capita-mapa,HTI,1946,1776
mpd2020-pib-per-capita-mapa,HTI,1947,1785
mpd2020-pib-per-capita-mapa,HTI,1948,1784
mpd2020-pib-per-capita-mapa,HTI,1949,1782
mpd2020-pib-per-capita-mapa,HTI,1950,1790
mpd2020-pib-per-capita-mapa,HTI,1951,1788
mpd2020-pib-per-capita-mapa,HTI,1952,1860
mpd2020-pib-per-capita-mapa,HTI,1953,1771
mpd2020-pib-per-capita-mapa,HTI,1954,1884
mpd2020-pib-per-capita-mapa,HTI,1955,1776
mpd2020-pib-per-capita-mapa,HTI,1956,1897
mpd2020-pib-per-capita-mapa,HTI,1957,1752
mpd2020-pib-per-capita-mapa,HTI,1958,1855
mpd2020-pib-per-capita-mapa,HTI,1959,1734
mpd2020-pib-per-capita-mapa,HTI,1960,1809
mpd2020-pib-per-capita-mapa,HTI,1961,1702
mpd2020-pib-per-capita-mapa,HTI,1962,1828
mpd2020-pib-per-capita-mapa,HTI,1963,1675
mpd2020-pib-per-capita-mapa,HTI,1964,1604
mpd2020-pib-per-capita-mapa,HTI,1965,1588
mpd2020-pib-per-capita-mapa,HTI,1966,1546
mpd2020-pib-per-capita-mapa,HTI,1967,1482
mpd2020-pib-per-capita-mapa,HTI,1968,1510
mpd2020-pib-per-capita-mapa,HTI,1969,1527
mpd2020-pib-per-capita-mapa,HTI,1970,1567
mpd2020-pib-per-capita-mapa,HTI,1971,1651
mpd2020-pib-per-capita-mapa,HTI,1972,1635
mpd2020-pib-per-capita-mapa,HTI,1973,1678
mpd2020-pib-per-capita-mapa,HTI,1974,1742
mpd2020-pib-per-capita-mapa,HTI,1975,1726
mpd2020-pib-per-capita-mapa,HTI,1976,1835
mpd2020-pib-per-capita-mapa,HTI,1977,1808
mpd2020-pib-per-capita-mapa,HTI,1978,1859
mpd2020-pib-per-capita-mapa,HTI,1979,1959
mpd2020-pib-per-capita-mapa,HTI,1980,2063
mpd2020-pib-per-capita-mapa,HTI,1981,1964
mpd2020-pib-per-capita-mapa,HTI,1982,1855
mpd2020-pib-per-capita-mapa,HTI,1983,1835
mpd2020-pib-per-capita-mapa,HTI,1984,1803
mpd2020-pib-per-capita-mapa,HTI,1985,1776
mpd2020-pib-per-capita-mapa,HTI,1986,1729
mpd2020-pib-per-capita-mapa,HTI,1987,1682
mpd2020-pib-per-capita-mapa,HTI,1988,1701
mpd2020-pib-per-capita-mapa,HTI,1989,1619
mpd2020-pib-per-capita-mapa,HTI,1990,1602
mpd2020-pib-per-capita-mapa,HTI,1991,1628.7188
mpd2020-pib-per-capita-mapa,HTI,1992,1535.9707
mpd2020-pib-per-capita-mapa,HTI,1993,1443.1808
mpd2020-pib-per-capita-mapa,HTI,1994,1262.3371
mpd2020-pib-per-capita-mapa,HTI,1995,1378.5417
mpd2020-pib-per-capita-mapa,HTI,1996,1426.4126
mpd2020-pib-per-capita-mapa,HTI,1997,1456.2339
mpd2020-pib-per-capita-mapa,HTI,1998,1480.5769
mpd2020-pib-per-capita-mapa,HTI,1999,1513.3318
mpd2020-pib-per-capita-mapa,HTI,2000,1520.7292
mpd2020-pib-per-capita-mapa,HTI,2001,1501.1025
mpd2020-pib-per-capita-mapa,HTI,2002,1494.1837
mpd2020-pib-per-capita-mapa,HTI,2003,1495.8921
mpd2020-pib-per-capita-mapa,HTI,2004,1439.2077
mpd2020-pib-per-capita-mapa,HTI,2005,1461.8
mpd2020-pib-per-capita-mapa,HTI,2006,1493.0382
mpd2020-pib-per-capita-mapa,HTI,2007,1541.7674
mpd2020-pib-per-capita-mapa,HTI,2008,1555.4932
mpd2020-pib-per-capita-mapa,HTI,2009,1604.1127
mpd2020-pib-per-capita-mapa,HTI,2010,1556.5504
mpd2020-pib-per-capita-mapa,HTI,2011,1648
mpd2020-pib-per-capita-mapa,HTI,2012,1674
mpd2020-pib-per-capita-mapa,HTI,2013,1722
mpd2020-pib-per-capita-mapa,HTI,2014,1749
mpd2020-pib-per-capita-mapa,HTI,2015,1742
mpd2020-pib-per-capita-mapa,HTI,2016,1728
mpd2020-pib-per-capita-mapa,HTI,2017,1725.6064
mpd2020-pib-per-capita-mapa,HTI,2018,1729.0432
mpd2020-pib-per-capita-mapa,HUN,1870,1741
mpd2020-pib-per-capita-mapa,HUN,1890,2348
mpd2020-pib-per-capita-mapa,HUN,1900,2681
mpd2020-pib-per-capita-mapa,HUN,1910,3188
mpd2020-pib-per-capita-mapa,HUN,1913,3344
mpd2020-pib-per-capita-mapa,HUN,1920,2724
mpd2020-pib-per-capita-mapa,HUN,1924,3048
mpd2020-pib-per-capita-mapa,HUN,1925,3633
mpd2020-pib-per-capita-mapa,HUN,1926,3446
mpd2020-pib-per-capita-mapa,HUN,1927,3566
mpd2020-pib-per-capita-mapa,HUN,1928,3849
mpd2020-pib-per-capita-mapa,HUN,1929,3947
mpd2020-pib-per-capita-mapa,HUN,1930,3832
mpd2020-pib-per-capita-mapa,HUN,1931,3615
mpd2020-pib-per-capita-mapa,HUN,1932,3494
mpd2020-pib-per-capita-mapa,HUN,1933,3784
mpd2020-pib-per-capita-mapa,HUN,1934,3778
mpd2020-pib-per-capita-mapa,HUN,1935,3939
mpd2020-pib-per-capita-mapa,HUN,1936,4173
mpd2020-pib-per-capita-mapa,HUN,1937,4053
mpd2020-pib-per-capita-mapa,HUN,1938,4232
mpd2020-pib-per-capita-mapa,HUN,1939,4524
mpd2020-pib-per-capita-mapa,HUN,1940,4186
mpd2020-pib-per-capita-mapa,HUN,1941,4186
mpd2020-pib-per-capita-mapa,HUN,1942,4372
mpd2020-pib-per-capita-mapa,HUN,1946,2743
mpd2020-pib-per-capita-mapa,HUN,1947,2828
mpd2020-pib-per-capita-mapa,HUN,1948,3507
mpd2020-pib-per-capita-mapa,HUN,1949,3752
mpd2020-pib-per-capita-mapa,HUN,1950,3953
mpd2020-pib-per-capita-mapa,HUN,1951,4296
mpd2020-pib-per-capita-mapa,HUN,1952,4403
mpd2020-pib-per-capita-mapa,HUN,1953,4441
mpd2020-pib-per-capita-mapa,HUN,1954,4543
mpd2020-pib-per-capita-mapa,HUN,1955,4894
mpd2020-pib-per-capita-mapa,HUN,1956,4632
mpd2020-pib-per-capita-mapa,HUN,1957,5051
mpd2020-pib-per-capita-mapa,HUN,1958,5367
mpd2020-pib-per-capita-mapa,HUN,1959,5553
mpd2020-pib-per-capita-mapa,HUN,1960,5816
mpd2020-pib-per-capita-mapa,HUN,1961,6083
mpd2020-pib-per-capita-mapa,HUN,1962,6315
mpd2020-pib-per-capita-mapa,HUN,1963,6644
mpd2020-pib-per-capita-mapa,HUN,1964,6994
mpd2020-pib-per-capita-mapa,HUN,1965,7029
mpd2020-pib-per-capita-mapa,HUN,1966,7406
mpd2020-pib-per-capita-mapa,HUN,1967,7801
mpd2020-pib-per-capita-mapa,HUN,1968,7865
mpd2020-pib-per-capita-mapa,HUN,1969,8069
mpd2020-pib-per-capita-mapa,HUN,1970,8015
mpd2020-pib-per-capita-mapa,HUN,1971,8349
mpd2020-pib-per-capita-mapa,HUN,1972,8505
mpd2020-pib-per-capita-mapa,HUN,1973,8920
mpd2020-pib-per-capita-mapa,HUN,1974,9111
mpd2020-pib-per-capita-mapa,HUN,1975,9253
mpd2020-pib-per-capita-mapa,HUN,1976,9231
mpd2020-pib-per-capita-mapa,HUN,1977,9765
mpd2020-pib-per-capita-mapa,HUN,1978,9967
mpd2020-pib-per-capita-mapa,HUN,1979,9964
mpd2020-pib-per-capita-mapa,HUN,1980,10052
mpd2020-pib-per-capita-mapa,HUN,1981,10123
mpd2020-pib-per-capita-mapa,HUN,1982,10493
mpd2020-pib-per-capita-mapa,HUN,1983,10401
mpd2020-pib-per-capita-mapa,HUN,1984,10696
mpd2020-pib-per-capita-mapa,HUN,1985,10452
mpd2020-pib-per-capita-mapa,HUN,1986,10678
mpd2020-pib-per-capita-mapa,HUN,1987,10861
mpd2020-pib-per-capita-mapa,HUN,1988,11207
mpd2020-pib-per-capita-mapa,HUN,1989,11003
mpd2020-pib-per-capita-mapa,HUN,1990,10296
mpd2020-pib-per-capita-mapa,HUN,1991,9255.9096
mpd2020-pib-per-capita-mapa,HUN,1992,9153.9208
mpd2020-pib-per-capita-mapa,HUN,1993,9294.464
mpd2020-pib-per-capita-mapa,HUN,1994,9772.2235
mpd2020-pib-per-capita-mapa,HUN,1995,10134.8339
mpd2020-pib-per-capita-mapa,HUN,1996,10359.1814
mpd2020-pib-per-capita-mapa,HUN,1997,10942.3259
mpd2020-pib-per-capita-mapa,HUN,1998,11663.0285
mpd2020-pib-per-capita-mapa,HUN,1999,12316.724
mpd2020-pib-per-capita-mapa,HUN,2000,13129.2731
mpd2020-pib-per-capita-mapa,HUN,2001,13933.5613
mpd2020-pib-per-capita-mapa,HUN,2002,14899.3063
mpd2020-pib-per-capita-mapa,HUN,2003,15829.8999
mpd2020-pib-per-capita-mapa,HUN,2004,16999.0055
mpd2020-pib-per-capita-mapa,HUN,2005,18140.6174
mpd2020-pib-per-capita-mapa,HUN,2006,19253.0631
mpd2020-pib-per-capita-mapa,HUN,2007,19763.7907
mpd2020-pib-per-capita-mapa,HUN,2008,20380.6318
mpd2020-pib-per-capita-mapa,HUN,2009,19461.0703
mpd2020-pib-per-capita-mapa,HUN,2010,20036.3347
mpd2020-pib-per-capita-mapa,HUN,2011,20886
mpd2020-pib-per-capita-mapa,HUN,2012,20631
mpd2020-pib-per-capita-mapa,HUN,2013,21126
mpd2020-pib-per-capita-mapa,HUN,2014,22040
mpd2020-pib-per-capita-mapa,HUN,2015,22788
mpd2020-pib-per-capita-mapa,HUN,2016,23279
mpd2020-pib-per-capita-mapa,HUN,2017,24349.9582
mpd2020-pib-per-capita-mapa,HUN,2018,25622.8123
mpd2020-pib-per-capita-mapa,IDN,1820,827
mpd2020-pib-per-capita-mapa,IDN,1821,837
mpd2020-pib-per-capita-mapa,IDN,1822,835
mpd2020-pib-per-capita-mapa,IDN,1823,837
mpd2020-pib-per-capita-mapa,IDN,1824,795
mpd2020-pib-per-capita-mapa,IDN,1825,818
mpd2020-pib-per-capita-mapa,IDN,1826,867
mpd2020-pib-per-capita-mapa,IDN,1827,874
mpd2020-pib-per-capita-mapa,IDN,1828,858
mpd2020-pib-per-capita-mapa,IDN,1829,834
mpd2020-pib-per-capita-mapa,IDN,1830,822
mpd2020-pib-per-capita-mapa,IDN,1831,811
mpd2020-pib-per-capita-mapa,IDN,1832,811
mpd2020-pib-per-capita-mapa,IDN,1833,840
mpd2020-pib-per-capita-mapa,IDN,1834,867
mpd2020-pib-per-capita-mapa,IDN,1835,838
mpd2020-pib-per-capita-mapa,IDN,1836,821
mpd2020-pib-per-capita-mapa,IDN,1837,862
mpd2020-pib-per-capita-mapa,IDN,1838,859
mpd2020-pib-per-capita-mapa,IDN,1839,843
mpd2020-pib-per-capita-mapa,IDN,1840,883
mpd2020-pib-per-capita-mapa,IDN,1841,877
mpd2020-pib-per-capita-mapa,IDN,1842,878
mpd2020-pib-per-capita-mapa,IDN,1843,861
mpd2020-pib-per-capita-mapa,IDN,1844,832
mpd2020-pib-per-capita-mapa,IDN,1845,783
mpd2020-pib-per-capita-mapa,IDN,1846,759
mpd2020-pib-per-capita-mapa,IDN,1847,748
mpd2020-pib-per-capita-mapa,IDN,1848,775
mpd2020-pib-per-capita-mapa,IDN,1849,746
mpd2020-pib-per-capita-mapa,IDN,1850,724
mpd2020-pib-per-capita-mapa,IDN,1851,744
mpd2020-pib-per-capita-mapa,IDN,1852,717
mpd2020-pib-per-capita-mapa,IDN,1853,743
mpd2020-pib-per-capita-mapa,IDN,1854,711
mpd2020-pib-per-capita-mapa,IDN,1855,746
mpd2020-pib-per-capita-mapa,IDN,1856,797
mpd2020-pib-per-capita-mapa,IDN,1857,764
mpd2020-pib-per-capita-mapa,IDN,1858,815
mpd2020-pib-per-capita-mapa,IDN,1859,816
mpd2020-pib-per-capita-mapa,IDN,1860,819
mpd2020-pib-per-capita-mapa,IDN,1861,824
mpd2020-pib-per-capita-mapa,IDN,1862,770
mpd2020-pib-per-capita-mapa,IDN,1863,773
mpd2020-pib-per-capita-mapa,IDN,1864,764
mpd2020-pib-per-capita-mapa,IDN,1865,784
mpd2020-pib-per-capita-mapa,IDN,1866,800
mpd2020-pib-per-capita-mapa,IDN,1867,826
mpd2020-pib-per-capita-mapa,IDN,1868,800
mpd2020-pib-per-capita-mapa,IDN,1869,787
mpd2020-pib-per-capita-mapa,IDN,1870,810
mpd2020-pib-per-capita-mapa,IDN,1871,811
mpd2020-pib-per-capita-mapa,IDN,1872,830
mpd2020-pib-per-capita-mapa,IDN,1873,813
mpd2020-pib-per-capita-mapa,IDN,1874,802
mpd2020-pib-per-capita-mapa,IDN,1875,832
mpd2020-pib-per-capita-mapa,IDN,1876,827
mpd2020-pib-per-capita-mapa,IDN,1877,838
mpd2020-pib-per-capita-mapa,IDN,1878,864
mpd2020-pib-per-capita-mapa,IDN,1879,859
mpd2020-pib-per-capita-mapa,IDN,1880,1041
mpd2020-pib-per-capita-mapa,IDN,1881,1097
mpd2020-pib-per-capita-mapa,IDN,1882,1054
mpd2020-pib-per-capita-mapa,IDN,1883,1030
mpd2020-pib-per-capita-mapa,IDN,1884,1108
mpd2020-pib-per-capita-mapa,IDN,1885,1108
mpd2020-pib-per-capita-mapa,IDN,1886,1089
mpd2020-pib-per-capita-mapa,IDN,1887,1090
mpd2020-pib-per-capita-mapa,IDN,1888,1081
mpd2020-pib-per-capita-mapa,IDN,1889,1070
mpd2020-pib-per-capita-mapa,IDN,1890,1030
mpd2020-pib-per-capita-mapa,IDN,1891,1049
mpd2020-pib-per-capita-mapa,IDN,1892,1081
mpd2020-pib-per-capita-mapa,IDN,1893,1103
mpd2020-pib-per-capita-mapa,IDN,1894,1106
mpd2020-pib-per-capita-mapa,IDN,1895,1097
mpd2020-pib-per-capita-mapa,IDN,1896,1092
mpd2020-pib-per-capita-mapa,IDN,1897,1092
mpd2020-pib-per-capita-mapa,IDN,1898,1084
mpd2020-pib-per-capita-mapa,IDN,1899,1127
mpd2020-pib-per-capita-mapa,IDN,1900,1151
mpd2020-pib-per-capita-mapa,IDN,1901,1121
mpd2020-pib-per-capita-mapa,IDN,1902,1087
mpd2020-pib-per-capita-mapa,IDN,1903,1135
mpd2020-pib-per-capita-mapa,IDN,1904,1138
mpd2020-pib-per-capita-mapa,IDN,1905,1140
mpd2020-pib-per-capita-mapa,IDN,1906,1157
mpd2020-pib-per-capita-mapa,IDN,1907,1175
mpd2020-pib-per-capita-mapa,IDN,1908,1160
mpd2020-pib-per-capita-mapa,IDN,1909,1205
mpd2020-pib-per-capita-mapa,IDN,1910,1264
mpd2020-pib-per-capita-mapa,IDN,1911,1309
mpd2020-pib-per-capita-mapa,IDN,1912,1315
mpd2020-pib-per-capita-mapa,IDN,1913,1361
mpd2020-pib-per-capita-mapa,IDN,1914,1345
mpd2020-pib-per-capita-mapa,IDN,1915,1349
mpd2020-pib-per-capita-mapa,IDN,1916,1344
mpd2020-pib-per-capita-mapa,IDN,1917,1333
mpd2020-pib-per-capita-mapa,IDN,1918,1358
mpd2020-pib-per-capita-mapa,IDN,1919,1468
mpd2020-pib-per-capita-mapa,IDN,1920,1409
mpd2020-pib-per-capita-mapa,IDN,1921,1395
mpd2020-pib-per-capita-mapa,IDN,1922,1417
mpd2020-pib-per-capita-mapa,IDN,1923,1428
mpd2020-pib-per-capita-mapa,IDN,1924,1486
mpd2020-pib-per-capita-mapa,IDN,1925,1497
mpd2020-pib-per-capita-mapa,IDN,1926,1565
mpd2020-pib-per-capita-mapa,IDN,1927,1645
mpd2020-pib-per-capita-mapa,IDN,1928,1685
mpd2020-pib-per-capita-mapa,IDN,1929,1702
mpd2020-pib-per-capita-mapa,IDN,1930,1704
mpd2020-pib-per-capita-mapa,IDN,1931,1568
mpd2020-pib-per-capita-mapa,IDN,1932,1481
mpd2020-pib-per-capita-mapa,IDN,1933,1470
mpd2020-pib-per-capita-mapa,IDN,1934,1465
mpd2020-pib-per-capita-mapa,IDN,1935,1478
mpd2020-pib-per-capita-mapa,IDN,1936,1543
mpd2020-pib-per-capita-mapa,IDN,1937,1694
mpd2020-pib-per-capita-mapa,IDN,1938,1655
mpd2020-pib-per-capita-mapa,IDN,1939,1639
mpd2020-pib-per-capita-mapa,IDN,1940,1766
mpd2020-pib-per-capita-mapa,IDN,1941,1808
mpd2020-pib-per-capita-mapa,IDN,1949,1159
mpd2020-pib-per-capita-mapa,IDN,1950,1280
mpd2020-pib-per-capita-mapa,IDN,1951,1356
mpd2020-pib-per-capita-mapa,IDN,1952,1401
mpd2020-pib-per-capita-mapa,IDN,1953,1451
mpd2020-pib-per-capita-mapa,IDN,1954,1517
mpd2020-pib-per-capita-mapa,IDN,1955,1537
mpd2020-pib-per-capita-mapa,IDN,1956,1533
mpd2020-pib-per-capita-mapa,IDN,1957,1613
mpd2020-pib-per-capita-mapa,IDN,1958,1530
mpd2020-pib-per-capita-mapa,IDN,1959,1570
mpd2020-pib-per-capita-mapa,IDN,1960,1613
mpd2020-pib-per-capita-mapa,IDN,1961,1690
mpd2020-pib-per-capita-mapa,IDN,1962,1653
mpd2020-pib-per-capita-mapa,IDN,1963,1557
mpd2020-pib-per-capita-mapa,IDN,1964,1583
mpd2020-pib-per-capita-mapa,IDN,1965,1567
mpd2020-pib-per-capita-mapa,IDN,1966,1535
mpd2020-pib-per-capita-mapa,IDN,1967,1470
mpd2020-pib-per-capita-mapa,IDN,1968,1580
mpd2020-pib-per-capita-mapa,IDN,1969,1739
mpd2020-pib-per-capita-mapa,IDN,1970,1882
mpd2020-pib-per-capita-mapa,IDN,1971,1946
mpd2020-pib-per-capita-mapa,IDN,1972,2117
mpd2020-pib-per-capita-mapa,IDN,1973,2375
mpd2020-pib-per-capita-mapa,IDN,1974,2439
mpd2020-pib-per-capita-mapa,IDN,1975,2386
mpd2020-pib-per-capita-mapa,IDN,1976,2536
mpd2020-pib-per-capita-mapa,IDN,1977,2670
mpd2020-pib-per-capita-mapa,IDN,1978,2727
mpd2020-pib-per-capita-mapa,IDN,1979,2810
mpd2020-pib-per-capita-mapa,IDN,1980,2981
mpd2020-pib-per-capita-mapa,IDN,1981,3119
mpd2020-pib-per-capita-mapa,IDN,1982,2941
mpd2020-pib-per-capita-mapa,IDN,1983,2994
mpd2020-pib-per-capita-mapa,IDN,1984,3134
mpd2020-pib-per-capita-mapa,IDN,1985,3143
mpd2020-pib-per-capita-mapa,IDN,1986,3269
mpd2020-pib-per-capita-mapa,IDN,1987,3370
mpd2020-pib-per-capita-mapa,IDN,1988,3500
mpd2020-pib-per-capita-mapa,IDN,1989,3747
mpd2020-pib-per-capita-mapa,IDN,1990,4007
mpd2020-pib-per-capita-mapa,IDN,1991,4310.7779
mpd2020-pib-per-capita-mapa,IDN,1992,4536.4099
mpd2020-pib-per-capita-mapa,IDN,1993,4837.1313
mpd2020-pib-per-capita-mapa,IDN,1994,5140.025
mpd2020-pib-per-capita-mapa,IDN,1995,5494.9037
mpd2020-pib-per-capita-mapa,IDN,1996,5851.2955
mpd2020-pib-per-capita-mapa,IDN,1997,6055.8485
mpd2020-pib-per-capita-mapa,IDN,1998,5203.5794
mpd2020-pib-per-capita-mapa,IDN,1999,5186.7134
mpd2020-pib-per-capita-mapa,IDN,2000,5384.3867
mpd2020-pib-per-capita-mapa,IDN,2001,5526.1473
mpd2020-pib-per-capita-mapa,IDN,2002,5720.2819
mpd2020-pib-per-capita-mapa,IDN,2003,5938.8778
mpd2020-pib-per-capita-mapa,IDN,2004,6180.91
mpd2020-pib-per-capita-mapa,IDN,2005,6482.0121
mpd2020-pib-per-capita-mapa,IDN,2006,6782.6245
mpd2020-pib-per-capita-mapa,IDN,2007,7157.3132
mpd2020-pib-per-capita-mapa,IDN,2008,7633.1658
mpd2020-pib-per-capita-mapa,IDN,2009,7935.8443
mpd2020-pib-per-capita-mapa,IDN,2010,8386.4332
mpd2020-pib-per-capita-mapa,IDN,2011,8849
mpd2020-pib-per-capita-mapa,IDN,2012,9285
mpd2020-pib-per-capita-mapa,IDN,2013,9703
mpd2020-pib-per-capita-mapa,IDN,2014,10090
mpd2020-pib-per-capita-mapa,IDN,2015,10484
mpd2020-pib-per-capita-mapa,IDN,2016,10911
mpd2020-pib-per-capita-mapa,IDN,2017,11364.5533
mpd2020-pib-per-capita-mapa,IDN,2018,11851.7372
mpd2020-pib-per-capita-mapa,IND,1821,937
mpd2020-pib-per-capita-mapa,IND,1831,945
mpd2020-pib-per-capita-mapa,IND,1841,944
mpd2020-pib-per-capita-mapa,IND,1850,947
mpd2020-pib-per-capita-mapa,IND,1851,947
mpd2020-pib-per-capita-mapa,IND,1861,896
mpd2020-pib-per-capita-mapa,IND,1870,850
mpd2020-pib-per-capita-mapa,IND,1884,878
mpd2020-pib-per-capita-mapa,IND,1885,904
mpd2020-pib-per-capita-mapa,IND,1886,874
mpd2020-pib-per-capita-mapa,IND,1887,912
mpd2020-pib-per-capita-mapa,IND,1888,918
mpd2020-pib-per-capita-mapa,IND,1889,891
mpd2020-pib-per-capita-mapa,IND,1890,931
mpd2020-pib-per-capita-mapa,IND,1891,843
mpd2020-pib-per-capita-mapa,IND,1892,910
mpd2020-pib-per-capita-mapa,IND,1893,931
mpd2020-pib-per-capita-mapa,IND,1894,944
mpd2020-pib-per-capita-mapa,IND,1895,920
mpd2020-pib-per-capita-mapa,IND,1896,850
mpd2020-pib-per-capita-mapa,IND,1897,1004
mpd2020-pib-per-capita-mapa,IND,1898,1004
mpd2020-pib-per-capita-mapa,IND,1899,925
mpd2020-pib-per-capita-mapa,IND,1900,955
mpd2020-pib-per-capita-mapa,IND,1901,969
mpd2020-pib-per-capita-mapa,IND,1902,1044
mpd2020-pib-per-capita-mapa,IND,1903,1052
mpd2020-pib-per-capita-mapa,IND,1904,1050
mpd2020-pib-per-capita-mapa,IND,1905,1025
mpd2020-pib-per-capita-mapa,IND,1906,1047
mpd2020-pib-per-capita-mapa,IND,1907,979
mpd2020-pib-per-capita-mapa,IND,1908,987
mpd2020-pib-per-capita-mapa,IND,1909,1116
mpd2020-pib-per-capita-mapa,IND,1910,1111
mpd2020-pib-per-capita-mapa,IND,1911,1101
mpd2020-pib-per-capita-mapa,IND,1912,1098
mpd2020-pib-per-capita-mapa,IND,1913,1073
mpd2020-pib-per-capita-mapa,IND,1914,1130
mpd2020-pib-per-capita-mapa,IND,1915,1101
mpd2020-pib-per-capita-mapa,IND,1916,1132
mpd2020-pib-per-capita-mapa,IND,1917,1111
mpd2020-pib-per-capita-mapa,IND,1918,968
mpd2020-pib-per-capita-mapa,IND,1919,1100
mpd2020-pib-per-capita-mapa,IND,1920,1012
mpd2020-pib-per-capita-mapa,IND,1921,1082
mpd2020-pib-per-capita-mapa,IND,1922,1117
mpd2020-pib-per-capita-mapa,IND,1923,1070
mpd2020-pib-per-capita-mapa,IND,1924,1111
mpd2020-pib-per-capita-mapa,IND,1925,1113
mpd2020-pib-per-capita-mapa,IND,1926,1137
mpd2020-pib-per-capita-mapa,IND,1927,1125
mpd2020-pib-per-capita-mapa,IND,1928,1125
mpd2020-pib-per-capita-mapa,IND,1929,1160
mpd2020-pib-per-capita-mapa,IND,1930,1157
mpd2020-pib-per-capita-mapa,IND,1931,1133
mpd2020-pib-per-capita-mapa,IND,1932,1130
mpd2020-pib-per-capita-mapa,IND,1933,1116
mpd2020-pib-per-capita-mapa,IND,1934,1111
mpd2020-pib-per-capita-mapa,IND,1935,1084
mpd2020-pib-per-capita-mapa,IND,1936,1111
mpd2020-pib-per-capita-mapa,IND,1937,1078
mpd2020-pib-per-capita-mapa,IND,1938,1065
mpd2020-pib-per-capita-mapa,IND,1939,1074
mpd2020-pib-per-capita-mapa,IND,1940,1093
mpd2020-pib-per-capita-mapa,IND,1941,1101
mpd2020-pib-per-capita-mapa,IND,1942,1082
mpd2020-pib-per-capita-mapa,IND,1943,1113
mpd2020-pib-per-capita-mapa,IND,1944,1089
mpd2020-pib-per-capita-mapa,IND,1945,1058
mpd2020-pib-per-capita-mapa,IND,1946,991
mpd2020-pib-per-capita-mapa,IND,1947,985
mpd2020-pib-per-capita-mapa,IND,1948,983
mpd2020-pib-per-capita-mapa,IND,1949,995
mpd2020-pib-per-capita-mapa,IND,1950,987
mpd2020-pib-per-capita-mapa,IND,1951,993
mpd2020-pib-per-capita-mapa,IND,1952,1003
mpd2020-pib-per-capita-mapa,IND,1953,1047
mpd2020-pib-per-capita-mapa,IND,1954,1071
mpd2020-pib-per-capita-mapa,IND,1955,1078
mpd2020-pib-per-capita-mapa,IND,1956,1117
mpd2020-pib-per-capita-mapa,IND,1957,1084
mpd2020-pib-per-capita-mapa,IND,1958,1141
mpd2020-pib-per-capita-mapa,IND,1959,1143
mpd2020-pib-per-capita-mapa,IND,1960,1200
mpd2020-pib-per-capita-mapa,IND,1961,1208
mpd2020-pib-per-capita-mapa,IND,1962,1208
mpd2020-pib-per-capita-mapa,IND,1963,1242
mpd2020-pib-per-capita-mapa,IND,1964,1309
mpd2020-pib-per-capita-mapa,IND,1965,1229
mpd2020-pib-per-capita-mapa,IND,1966,1215
mpd2020-pib-per-capita-mapa,IND,1967,1286
mpd2020-pib-per-capita-mapa,IND,1968,1290
mpd2020-pib-per-capita-mapa,IND,1969,1347
mpd2020-pib-per-capita-mapa,IND,1970,1384
mpd2020-pib-per-capita-mapa,IND,1971,1364
mpd2020-pib-per-capita-mapa,IND,1972,1329
mpd2020-pib-per-capita-mapa,IND,1973,1360
mpd2020-pib-per-capita-mapa,IND,1974,1344
mpd2020-pib-per-capita-mapa,IND,1975,1430
mpd2020-pib-per-capita-mapa,IND,1976,1417
mpd2020-pib-per-capita-mapa,IND,1977,1494
mpd2020-pib-per-capita-mapa,IND,1978,1540
mpd2020-pib-per-capita-mapa,IND,1979,1427
mpd2020-pib-per-capita-mapa,IND,1980,1495
mpd2020-pib-per-capita-mapa,IND,1981,1557
mpd2020-pib-per-capita-mapa,IND,1982,1570
mpd2020-pib-per-capita-mapa,IND,1983,1663
mpd2020-pib-per-capita-mapa,IND,1984,1690
mpd2020-pib-per-capita-mapa,IND,1985,1720
mpd2020-pib-per-capita-mapa,IND,1986,1755
mpd2020-pib-per-capita-mapa,IND,1987,1793
mpd2020-pib-per-capita-mapa,IND,1988,1938
mpd2020-pib-per-capita-mapa,IND,1989,2024
mpd2020-pib-per-capita-mapa,IND,1990,2087
mpd2020-pib-per-capita-mapa,IND,1991,2062.3102
mpd2020-pib-per-capita-mapa,IND,1992,2115.2574
mpd2020-pib-per-capita-mapa,IND,1993,2176.4278
mpd2020-pib-per-capita-mapa,IND,1994,2254.8989
mpd2020-pib-per-capita-mapa,IND,1995,2355.9632
mpd2020-pib-per-capita-mapa,IND,1996,2475.5681
mpd2020-pib-per-capita-mapa,IND,1997,2514.0217
mpd2020-pib-per-capita-mapa,IND,1998,2611.7814
mpd2020-pib-per-capita-mapa,IND,1999,2707.7406
mpd2020-pib-per-capita-mapa,IND,2000,2753.0855
mpd2020-pib-per-capita-mapa,IND,2001,2837.8555
mpd2020-pib-per-capita-mapa,IND,2002,2870.9236
mpd2020-pib-per-capita-mapa,IND,2003,3035.9225
mpd2020-pib-per-capita-mapa,IND,2004,3212.511
mpd2020-pib-per-capita-mapa,IND,2005,3396.6487
mpd2020-pib-per-capita-mapa,IND,2006,3629.4111
mpd2020-pib-per-capita-mapa,IND,2007,3870.6989
mpd2020-pib-per-capita-mapa,IND,2008,4030.6544
mpd2020-pib-per-capita-mapa,IND,2009,4270.7078
mpd2020-pib-per-capita-mapa,IND,2010,4525.7455
mpd2020-pib-per-capita-mapa,IND,2011,4768
mpd2020-pib-per-capita-mapa,IND,2012,4932
mpd2020-pib-per-capita-mapa,IND,2013,5172
mpd2020-pib-per-capita-mapa,IND,2014,5458
mpd2020-pib-per-capita-mapa,IND,2015,5794
mpd2020-pib-per-capita-mapa,IND,2016,6125
mpd2020-pib-per-capita-mapa,IND,2017,6449.1134
mpd2020-pib-per-capita-mapa,IND,2018,6806.4986
mpd2020-pib-per-capita-mapa,IRL,1820,1398
mpd2020-pib-per-capita-mapa,IRL,1870,2829
mpd2020-pib-per-capita-mapa,IRL,1913,4361
mpd2020-pib-per-capita-mapa,IRL,1921,4038
mpd2020-pib-per-capita-mapa,IRL,1922,4141
mpd2020-pib-per-capita-mapa,IRL,1923,4105
mpd2020-pib-per-capita-mapa,IRL,1924,4095
mpd2020-pib-per-capita-mapa,IRL,1925,4101
mpd2020-pib-per-capita-mapa,IRL,1926,4100
mpd2020-pib-per-capita-mapa,IRL,1927,4229
mpd2020-pib-per-capita-mapa,IRL,1928,4363
mpd2020-pib-per-capita-mapa,IRL,1929,4501
mpd2020-pib-per-capita-mapa,IRL,1930,4618
mpd2020-pib-per-capita-mapa,IRL,1931,4737
mpd2020-pib-per-capita-mapa,IRL,1932,4599
mpd2020-pib-per-capita-mapa,IRL,1933,4463
mpd2020-pib-per-capita-mapa,IRL,1934,4594
mpd2020-pib-per-capita-mapa,IRL,1935,4728
mpd2020-pib-per-capita-mapa,IRL,1936,4865
mpd2020-pib-per-capita-mapa,IRL,1937,4713
mpd2020-pib-per-capita-mapa,IRL,1938,4865
mpd2020-pib-per-capita-mapa,IRL,1939,4865
mpd2020-pib-per-capita-mapa,IRL,1940,4865
mpd2020-pib-per-capita-mapa,IRL,1941,4865
mpd2020-pib-per-capita-mapa,IRL,1942,4865
mpd2020-pib-per-capita-mapa,IRL,1943,4865
mpd2020-pib-per-capita-mapa,IRL,1944,4865
mpd2020-pib-per-capita-mapa,IRL,1945,4812
mpd2020-pib-per-capita-mapa,IRL,1946,4865
mpd2020-pib-per-capita-mapa,IRL,1947,4929
mpd2020-pib-per-capita-mapa,IRL,1948,5149
mpd2020-pib-per-capita-mapa,IRL,1949,5426
mpd2020-pib-per-capita-mapa,IRL,1950,5504
mpd2020-pib-per-capita-mapa,IRL,1951,5649
mpd2020-pib-per-capita-mapa,IRL,1952,5805
mpd2020-pib-per-capita-mapa,IRL,1953,5973
mpd2020-pib-per-capita-mapa,IRL,1954,6048
mpd2020-pib-per-capita-mapa,IRL,1955,6248
mpd2020-pib-per-capita-mapa,IRL,1956,6212
mpd2020-pib-per-capita-mapa,IRL,1957,6239
mpd2020-pib-per-capita-mapa,IRL,1958,6169
mpd2020-pib-per-capita-mapa,IRL,1959,6437
mpd2020-pib-per-capita-mapa,IRL,1960,6825
mpd2020-pib-per-capita-mapa,IRL,1961,7186
mpd2020-pib-per-capita-mapa,IRL,1962,7390
mpd2020-pib-per-capita-mapa,IRL,1963,7685
mpd2020-pib-per-capita-mapa,IRL,1964,7948
mpd2020-pib-per-capita-mapa,IRL,1965,8051
mpd2020-pib-per-capita-mapa,IRL,1966,8097
mpd2020-pib-per-capita-mapa,IRL,1967,8531
mpd2020-pib-per-capita-mapa,IRL,1968,9197
mpd2020-pib-per-capita-mapa,IRL,1969,9706
mpd2020-pib-per-capita-mapa,IRL,1970,9881
mpd2020-pib-per-capita-mapa,IRL,1971,10128
mpd2020-pib-per-capita-mapa,IRL,1972,10621
mpd2020-pib-per-capita-mapa,IRL,1973,10946
mpd2020-pib-per-capita-mapa,IRL,1974,11225
mpd2020-pib-per-capita-mapa,IRL,1975,11662
mpd2020-pib-per-capita-mapa,IRL,1976,11639
mpd2020-pib-per-capita-mapa,IRL,1977,12425
mpd2020-pib-per-capita-mapa,IRL,1978,13150
mpd2020-pib-per-capita-mapa,IRL,1979,13335
mpd2020-pib-per-capita-mapa,IRL,1980,13614
mpd2020-pib-per-capita-mapa,IRL,1981,13893
mpd2020-pib-per-capita-mapa,IRL,1982,14061
mpd2020-pib-per-capita-mapa,IRL,1983,13931
mpd2020-pib-per-capita-mapa,IRL,1984,14435
mpd2020-pib-per-capita-mapa,IRL,1985,14834
mpd2020-pib-per-capita-mapa,IRL,1986,14768
mpd2020-pib-per-capita-mapa,IRL,1987,15458
mpd2020-pib-per-capita-mapa,IRL,1988,16313
mpd2020-pib-per-capita-mapa,IRL,1989,17343
mpd2020-pib-per-capita-mapa,IRL,1990,18838
mpd2020-pib-per-capita-mapa,IRL,1991,19253.9435
mpd2020-pib-per-capita-mapa,IRL,1992,20032.7187
mpd2020-pib-per-capita-mapa,IRL,1993,20627.0786
mpd2020-pib-per-capita-mapa,IRL,1994,22004.8139
mpd2020-pib-per-capita-mapa,IRL,1995,24266.1422
mpd2020-pib-per-capita-mapa,IRL,1996,26562.909
mpd2020-pib-per-capita-mapa,IRL,1997,29455.9203
mpd2020-pib-per-capita-mapa,IRL,1998,31908.6479
mpd2020-pib-per-capita-mapa,IRL,1999,35377.1622
mpd2020-pib-per-capita-mapa,IRL,2000,38806.5014
mpd2020-pib-per-capita-mapa,IRL,2001,40966.333
mpd2020-pib-per-capita-mapa,IRL,2002,43012.8146
mpd2020-pib-per-capita-mapa,IRL,2003,44372.7564
mpd2020-pib-per-capita-mapa,IRL,2004,47028.8647
mpd2020-pib-per-capita-mapa,IRL,2005,49223.3831
mpd2020-pib-per-capita-mapa,IRL,2006,51296.1944
mpd2020-pib-per-capita-mapa,IRL,2007,52322.2313
mpd2020-pib-per-capita-mapa,IRL,2008,49583.1415
mpd2020-pib-per-capita-mapa,IRL,2009,47375.7345
mpd2020-pib-per-capita-mapa,IRL,2010,48623.8105
mpd2020-pib-per-capita-mapa,IRL,2011,48980
mpd2020-pib-per-capita-mapa,IRL,2012,48333
mpd2020-pib-per-capita-mapa,IRL,2013,48743
mpd2020-pib-per-capita-mapa,IRL,2014,52651
mpd2020-pib-per-capita-mapa,IRL,2015,54278
mpd2020-pib-per-capita-mapa,IRL,2016,56597
mpd2020-pib-per-capita-mapa,IRL,2017,60544.2773
mpd2020-pib-per-capita-mapa,IRL,2018,64684.302
mpd2020-pib-per-capita-mapa,IRN,1820,877
mpd2020-pib-per-capita-mapa,IRN,1870,956
mpd2020-pib-per-capita-mapa,IRN,1913,1275
mpd2020-pib-per-capita-mapa,IRN,1950,2742
mpd2020-pib-per-capita-mapa,IRN,1951,2668
mpd2020-pib-per-capita-mapa,IRN,1952,2597
mpd2020-pib-per-capita-mapa,IRN,1953,2531
mpd2020-pib-per-capita-mapa,IRN,1954,2464
mpd2020-pib-per-capita-mapa,IRN,1955,2397
mpd2020-pib-per-capita-mapa,IRN,1956,2541
mpd2020-pib-per-capita-mapa,IRN,1957,2817
mpd2020-pib-per-capita-mapa,IRN,1958,3057
mpd2020-pib-per-capita-mapa,IRN,1959,3226
mpd2020-pib-per-capita-mapa,IRN,1960,3437
mpd2020-pib-per-capita-mapa,IRN,1961,3622
mpd2020-pib-per-capita-mapa,IRN,1962,3586
mpd2020-pib-per-capita-mapa,IRN,1963,3867
mpd2020-pib-per-capita-mapa,IRN,1964,4026
mpd2020-pib-per-capita-mapa,IRN,1965,4388
mpd2020-pib-per-capita-mapa,IRN,1966,4686
mpd2020-pib-per-capita-mapa,IRN,1967,5062
mpd2020-pib-per-capita-mapa,IRN,1968,5659
mpd2020-pib-per-capita-mapa,IRN,1969,6212
mpd2020-pib-per-capita-mapa,IRN,1970,6677
mpd2020-pib-per-capita-mapa,IRN,1971,7296
mpd2020-pib-per-capita-mapa,IRN,1972,8247
mpd2020-pib-per-capita-mapa,IRN,1973,8706
mpd2020-pib-per-capita-mapa,IRN,1974,9210
mpd2020-pib-per-capita-mapa,IRN,1975,9377
mpd2020-pib-per-capita-mapa,IRN,1976,10665
mpd2020-pib-per-capita-mapa,IRN,1977,10205
mpd2020-pib-per-capita-mapa,IRN,1978,8710
mpd2020-pib-per-capita-mapa,IRN,1979,7678
mpd2020-pib-per-capita-mapa,IRN,1980,6334
mpd2020-pib-per-capita-mapa,IRN,1981,5887
mpd2020-pib-per-capita-mapa,IRN,1982,6535
mpd2020-pib-per-capita-mapa,IRN,1983,7108
mpd2020-pib-per-capita-mapa,IRN,1984,6951
mpd2020-pib-per-capita-mapa,IRN,1985,6853
mpd2020-pib-per-capita-mapa,IRN,1986,5984
mpd2020-pib-per-capita-mapa,IRN,1987,5713
mpd2020-pib-per-capita-mapa,IRN,1988,5249
mpd2020-pib-per-capita-mapa,IRN,1989,5303
mpd2020-pib-per-capita-mapa,IRN,1990,5620
mpd2020-pib-per-capita-mapa,IRN,1991,6380.5499
mpd2020-pib-per-capita-mapa,IRN,1992,7036.3151
mpd2020-pib-per-capita-mapa,IRN,1993,6914.7666
mpd2020-pib-per-capita-mapa,IRN,1994,6884.7062
mpd2020-pib-per-capita-mapa,IRN,1995,7093.7349
mpd2020-pib-per-capita-mapa,IRN,1996,7746.409
mpd2020-pib-per-capita-mapa,IRN,1997,8113.7242
mpd2020-pib-per-capita-mapa,IRN,1998,8458.3864
mpd2020-pib-per-capita-mapa,IRN,1999,8714.6266
mpd2020-pib-per-capita-mapa,IRN,2000,9104.763
mpd2020-pib-per-capita-mapa,IRN,2001,9620.6267
mpd2020-pib-per-capita-mapa,IRN,2002,10467.3706
mpd2020-pib-per-capita-mapa,IRN,2003,11502.8522
mpd2020-pib-per-capita-mapa,IRN,2004,12404.3237
mpd2020-pib-per-capita-mapa,IRN,2005,13110.1423
mpd2020-pib-per-capita-mapa,IRN,2006,14185.7533
mpd2020-pib-per-capita-mapa,IRN,2007,15467.1074
mpd2020-pib-per-capita-mapa,IRN,2008,15739.9839
mpd2020-pib-per-capita-mapa,IRN,2009,16575.0711
mpd2020-pib-per-capita-mapa,IRN,2010,17751.3308
mpd2020-pib-per-capita-mapa,IRN,2011,18024
mpd2020-pib-per-capita-mapa,IRN,2012,16745
mpd2020-pib-per-capita-mapa,IRN,2013,16248
mpd2020-pib-per-capita-mapa,IRN,2014,16493
mpd2020-pib-per-capita-mapa,IRN,2015,16253
mpd2020-pib-per-capita-mapa,IRN,2016,16783
mpd2020-pib-per-capita-mapa,IRN,2017,17686.8048
mpd2020-pib-per-capita-mapa,IRN,2018,17011.3042
mpd2020-pib-per-capita-mapa,IRQ,1820,877
mpd2020-pib-per-capita-mapa,IRQ,1870,956
mpd2020-pib-per-capita-mapa,IRQ,1913,1275
mpd2020-pib-per-capita-mapa,IRQ,1950,2174
mpd2020-pib-per-capita-mapa,IRQ,1951,2303
mpd2020-pib-per-capita-mapa,IRQ,1952,2482
mpd2020-pib-per-capita-mapa,IRQ,1953,3394
mpd2020-pib-per-capita-mapa,IRQ,1954,3926
mpd2020-pib-per-capita-mapa,IRQ,1955,3663
mpd2020-pib-per-capita-mapa,IRQ,1956,3808
mpd2020-pib-per-capita-mapa,IRQ,1957,3666
mpd2020-pib-per-capita-mapa,IRQ,1958,3974
mpd2020-pib-per-capita-mapa,IRQ,1959,4022
mpd2020-pib-per-capita-mapa,IRQ,1960,4360
mpd2020-pib-per-capita-mapa,IRQ,1961,4720
mpd2020-pib-per-capita-mapa,IRQ,1962,4809
mpd2020-pib-per-capita-mapa,IRQ,1963,4578
mpd2020-pib-per-capita-mapa,IRQ,1964,4965
mpd2020-pib-per-capita-mapa,IRQ,1965,5241
mpd2020-pib-per-capita-mapa,IRQ,1966,5338
mpd2020-pib-per-capita-mapa,IRQ,1967,5043
mpd2020-pib-per-capita-mapa,IRQ,1968,5745
mpd2020-pib-per-capita-mapa,IRQ,1969,5745
mpd2020-pib-per-capita-mapa,IRQ,1970,5536
mpd2020-pib-per-capita-mapa,IRQ,1971,5686
mpd2020-pib-per-capita-mapa,IRQ,1972,5297
mpd2020-pib-per-capita-mapa,IRQ,1973,5982
mpd2020-pib-per-capita-mapa,IRQ,1974,6097
mpd2020-pib-per-capita-mapa,IRQ,1975,6878
mpd2020-pib-per-capita-mapa,IRQ,1976,8007
mpd2020-pib-per-capita-mapa,IRQ,1977,7957
mpd2020-pib-per-capita-mapa,IRQ,1978,9075
mpd2020-pib-per-capita-mapa,IRQ,1979,10769
mpd2020-pib-per-capita-mapa,IRQ,1980,10165
mpd2020-pib-per-capita-mapa,IRQ,1981,8035
mpd2020-pib-per-capita-mapa,IRQ,1982,7704
mpd2020-pib-per-capita-mapa,IRQ,1983,6805
mpd2020-pib-per-capita-mapa,IRQ,1984,6593
mpd2020-pib-per-capita-mapa,IRQ,1985,6268
mpd2020-pib-per-capita-mapa,IRQ,1986,5992
mpd2020-pib-per-capita-mapa,IRQ,1987,6052
mpd2020-pib-per-capita-mapa,IRQ,1988,4635
mpd2020-pib-per-capita-mapa,IRQ,1989,4098
mpd2020-pib-per-capita-mapa,IRQ,1990,3918
mpd2020-pib-per-capita-mapa,IRQ,1991,1518.7421
mpd2020-pib-per-capita-mapa,IRQ,1992,2046.1809
mpd2020-pib-per-capita-mapa,IRQ,1993,2132.3823
mpd2020-pib-per-capita-mapa,IRQ,1994,2108.538
mpd2020-pib-per-capita-mapa,IRQ,1995,1996.9278
mpd2020-pib-per-capita-mapa,IRQ,1996,2337.5227
mpd2020-pib-per-capita-mapa,IRQ,1997,2337.9479
mpd2020-pib-per-capita-mapa,IRQ,1998,2794.7865
mpd2020-pib-per-capita-mapa,IRQ,1999,3157.1125
mpd2020-pib-per-capita-mapa,IRQ,2000,3649.4929
mpd2020-pib-per-capita-mapa,IRQ,2001,4147.6485
mpd2020-pib-per-capita-mapa,IRQ,2002,4631.6525
mpd2020-pib-per-capita-mapa,IRQ,2003,3782.4526
mpd2020-pib-per-capita-mapa,IRQ,2004,6061.5546
mpd2020-pib-per-capita-mapa,IRQ,2005,6441.4102
mpd2020-pib-per-capita-mapa,IRQ,2006,7117.6135
mpd2020-pib-per-capita-mapa,IRQ,2007,7587.6057
mpd2020-pib-per-capita-mapa,IRQ,2008,8587.2647
mpd2020-pib-per-capita-mapa,IRQ,2009,9268.7092
mpd2020-pib-per-capita-mapa,IRQ,2010,10274.3303
mpd2020-pib-per-capita-mapa,IRQ,2011,11484
mpd2020-pib-per-capita-mapa,IRQ,2012,12652
mpd2020-pib-per-capita-mapa,IRQ,2013,13158
mpd2020-pib-per-capita-mapa,IRQ,2014,12817
mpd2020-pib-per-capita-mapa,IRQ,2015,13014
mpd2020-pib-per-capita-mapa,IRQ,2016,13898
mpd2020-pib-per-capita-mapa,IRQ,2017,13211.2623
mpd2020-pib-per-capita-mapa,IRQ,2018,12835.8126
mpd2020-pib-per-capita-mapa,ISL,1950,8498
mpd2020-pib-per-capita-mapa,ISL,1951,8080
mpd2020-pib-per-capita-mapa,ISL,1952,8823
mpd2020-pib-per-capita-mapa,ISL,1953,8886
mpd2020-pib-per-capita-mapa,ISL,1954,9446
mpd2020-pib-per-capita-mapa,ISL,1955,10096
mpd2020-pib-per-capita-mapa,ISL,1956,10323
mpd2020-pib-per-capita-mapa,ISL,1957,10079
mpd2020-pib-per-capita-mapa,ISL,1958,10568
mpd2020-pib-per-capita-mapa,ISL,1959,10702
mpd2020-pib-per-capita-mapa,ISL,1960,10959
mpd2020-pib-per-capita-mapa,ISL,1961,10728
mpd2020-pib-per-capita-mapa,ISL,1962,11435
mpd2020-pib-per-capita-mapa,ISL,1963,12366
mpd2020-pib-per-capita-mapa,ISL,1964,13386
mpd2020-pib-per-capita-mapa,ISL,1965,14100
mpd2020-pib-per-capita-mapa,ISL,1966,15058
mpd2020-pib-per-capita-mapa,ISL,1967,14642
mpd2020-pib-per-capita-mapa,ISL,1968,13648
mpd2020-pib-per-capita-mapa,ISL,1969,13880
mpd2020-pib-per-capita-mapa,ISL,1970,14830
mpd2020-pib-per-capita-mapa,ISL,1971,16606
mpd2020-pib-per-capita-mapa,ISL,1972,17366
mpd2020-pib-per-capita-mapa,ISL,1973,18277
mpd2020-pib-per-capita-mapa,ISL,1974,19054
mpd2020-pib-per-capita-mapa,ISL,1975,18935
mpd2020-pib-per-capita-mapa,ISL,1976,19877
mpd2020-pib-per-capita-mapa,ISL,1977,21465
mpd2020-pib-per-capita-mapa,ISL,1978,22579
mpd2020-pib-per-capita-mapa,ISL,1979,23443
mpd2020-pib-per-capita-mapa,ISL,1980,24528
mpd2020-pib-per-capita-mapa,ISL,1981,25284
mpd2020-pib-per-capita-mapa,ISL,1982,25477
mpd2020-pib-per-capita-mapa,ISL,1983,24605
mpd2020-pib-per-capita-mapa,ISL,1984,25357
mpd2020-pib-per-capita-mapa,ISL,1985,25990
mpd2020-pib-per-capita-mapa,ISL,1986,27439
mpd2020-pib-per-capita-mapa,ISL,1987,29576
mpd2020-pib-per-capita-mapa,ISL,1988,28934
mpd2020-pib-per-capita-mapa,ISL,1989,28652
mpd2020-pib-per-capita-mapa,ISL,1990,28760
mpd2020-pib-per-capita-mapa,ISL,1991,28258.0168
mpd2020-pib-per-capita-mapa,ISL,1992,26859.2819
mpd2020-pib-per-capita-mapa,ISL,1993,26833.8012
mpd2020-pib-per-capita-mapa,ISL,1994,27457.8069
mpd2020-pib-per-capita-mapa,ISL,1995,27235.8333
mpd2020-pib-per-capita-mapa,ISL,1996,28277.7871
mpd2020-pib-per-capita-mapa,ISL,1997,29939.1428
mpd2020-pib-per-capita-mapa,ISL,1998,31444.616
mpd2020-pib-per-capita-mapa,ISL,1999,32186.9311
mpd2020-pib-per-capita-mapa,ISL,2000,33108.291
mpd2020-pib-per-capita-mapa,ISL,2001,33794.4515
mpd2020-pib-per-capita-mapa,ISL,2002,33470.4948
mpd2020-pib-per-capita-mapa,ISL,2003,33920.7087
mpd2020-pib-per-capita-mapa,ISL,2004,36209.2439
mpd2020-pib-per-capita-mapa,ISL,2005,37884.057
mpd2020-pib-per-capita-mapa,ISL,2006,38707.2131
mpd2020-pib-per-capita-mapa,ISL,2007,41111.1543
mpd2020-pib-per-capita-mapa,ISL,2008,40810.2291
mpd2020-pib-per-capita-mapa,ISL,2009,37701.8511
mpd2020-pib-per-capita-mapa,ISL,2010,36272.687
mpd2020-pib-per-capita-mapa,ISL,2011,36740
mpd2020-pib-per-capita-mapa,ISL,2012,36990
mpd2020-pib-per-capita-mapa,ISL,2013,38258
mpd2020-pib-per-capita-mapa,ISL,2014,38563
mpd2020-pib-per-capita-mapa,ISL,2015,39727
mpd2020-pib-per-capita-mapa,ISL,2016,42085
mpd2020-pib-per-capita-mapa,ISL,2017,42978.2349
mpd2020-pib-per-capita-mapa,ISL,2018,43438.5412
mpd2020-pib-per-capita-mapa,ISR,1950,4490
mpd2020-pib-per-capita-mapa,ISR,1951,5035
mpd2020-pib-per-capita-mapa,ISR,1952,4828
mpd2020-pib-per-capita-mapa,ISR,1953,4638
mpd2020-pib-per-capita-mapa,ISR,1954,5378
mpd2020-pib-per-capita-mapa,ISR,1955,5899
mpd2020-pib-per-capita-mapa,ISR,1956,6153
mpd2020-pib-per-capita-mapa,ISR,1957,6363
mpd2020-pib-per-capita-mapa,ISR,1958,6550
mpd2020-pib-per-capita-mapa,ISR,1959,7175
mpd2020-pib-per-capita-mapa,ISR,1960,7433
mpd2020-pib-per-capita-mapa,ISR,1961,7964
mpd2020-pib-per-capita-mapa,ISR,1962,8396
mpd2020-pib-per-capita-mapa,ISR,1963,8915
mpd2020-pib-per-capita-mapa,ISR,1964,9430
mpd2020-pib-per-capita-mapa,ISR,1965,9997
mpd2020-pib-per-capita-mapa,ISR,1966,9867
mpd2020-pib-per-capita-mapa,ISR,1967,9918
mpd2020-pib-per-capita-mapa,ISR,1968,11210
mpd2020-pib-per-capita-mapa,ISR,1969,12310
mpd2020-pib-per-capita-mapa,ISR,1970,12913
mpd2020-pib-per-capita-mapa,ISR,1971,13885
mpd2020-pib-per-capita-mapa,ISR,1972,15108
mpd2020-pib-per-capita-mapa,ISR,1973,15374
mpd2020-pib-per-capita-mapa,ISR,1974,15980
mpd2020-pib-per-capita-mapa,ISR,1975,16176
mpd2020-pib-per-capita-mapa,ISR,1976,16053
mpd2020-pib-per-capita-mapa,ISR,1977,15721
mpd2020-pib-per-capita-mapa,ISR,1978,16139
mpd2020-pib-per-capita-mapa,ISR,1979,16761
mpd2020-pib-per-capita-mapa,ISR,1980,17508
mpd2020-pib-per-capita-mapa,ISR,1981,18103
mpd2020-pib-per-capita-mapa,ISR,1982,18155
mpd2020-pib-per-capita-mapa,ISR,1983,18468
mpd2020-pib-per-capita-mapa,ISR,1984,18305
mpd2020-pib-per-capita-mapa,ISR,1985,18605
mpd2020-pib-per-capita-mapa,ISR,1986,19160
mpd2020-pib-per-capita-mapa,ISR,1987,20196
mpd2020-pib-per-capita-mapa,ISR,1988,20256
mpd2020-pib-per-capita-mapa,ISR,1989,20091
mpd2020-pib-per-capita-mapa,ISR,1990,20829
mpd2020-pib-per-capita-mapa,ISR,1991,20912.9406
mpd2020-pib-per-capita-mapa,ISR,1992,21531.5961
mpd2020-pib-per-capita-mapa,ISR,1993,21484.9794
mpd2020-pib-per-capita-mapa,ISR,1994,22128.8047
mpd2020-pib-per-capita-mapa,ISR,1995,23378.1595
mpd2020-pib-per-capita-mapa,ISR,1996,23979.9953
mpd2020-pib-per-capita-mapa,ISR,1997,24226.7312
mpd2020-pib-per-capita-mapa,ISR,1998,24506.1607
mpd2020-pib-per-capita-mapa,ISR,1999,24644.2043
mpd2020-pib-per-capita-mapa,ISR,2000,26058.8406
mpd2020-pib-per-capita-mapa,ISR,2001,25427.3194
mpd2020-pib-per-capita-mapa,ISR,2002,24823.5529
mpd2020-pib-per-capita-mapa,ISR,2003,24545.245
mpd2020-pib-per-capita-mapa,ISR,2004,25210.8788
mpd2020-pib-per-capita-mapa,ISR,2005,25686.4057
mpd2020-pib-per-capita-mapa,ISR,2006,26571.2554
mpd2020-pib-per-capita-mapa,ISR,2007,27624.8831
mpd2020-pib-per-capita-mapa,ISR,2008,27857.6187
mpd2020-pib-per-capita-mapa,ISR,2009,27644.6975
mpd2020-pib-per-capita-mapa,ISR,2010,28575.5315
mpd2020-pib-per-capita-mapa,ISR,2011,29370
mpd2020-pib-per-capita-mapa,ISR,2012,29517
mpd2020-pib-per-capita-mapa,ISR,2013,30257
mpd2020-pib-per-capita-mapa,ISR,2014,30686
mpd2020-pib-per-capita-mapa,ISR,2015,30954
mpd2020-pib-per-capita-mapa,ISR,2016,31701
mpd2020-pib-per-capita-mapa,ISR,2017,32339.0925
mpd2020-pib-per-capita-mapa,ISR,2018,32954.7701
mpd2020-pib-per-capita-mapa,ITA,1820,2665.0738
mpd2020-pib-per-capita-mapa,ITA,1821,2618.9918
mpd2020-pib-per-capita-mapa,ITA,1822,2649.7131
mpd2020-pib-per-capita-mapa,ITA,1823,2672.7541
mpd2020-pib-per-capita-mapa,ITA,1824,2741.877
mpd2020-pib-per-capita-mapa,ITA,1825,2703.4754
mpd2020-pib-per-capita-mapa,ITA,1826,2780.2787
mpd2020-pib-per-capita-mapa,ITA,1827,2734.1967
mpd2020-pib-per-capita-mapa,ITA,1828,2703.4754
mpd2020-pib-per-capita-mapa,ITA,1829,2695.7951
mpd2020-pib-per-capita-mapa,ITA,1830,2657.3934
mpd2020-pib-per-capita-mapa,ITA,1831,2749.5574
mpd2020-pib-per-capita-mapa,ITA,1832,2772.5984
mpd2020-pib-per-capita-mapa,ITA,1833,2787.959
mpd2020-pib-per-capita-mapa,ITA,1834,2811
mpd2020-pib-per-capita-mapa,ITA,1835,2887.8033
mpd2020-pib-per-capita-mapa,ITA,1836,2680.4344
mpd2020-pib-per-capita-mapa,ITA,1837,2611.3115
mpd2020-pib-per-capita-mapa,ITA,1838,2649.7131
mpd2020-pib-per-capita-mapa,ITA,1839,2626.6721
mpd2020-pib-per-capita-mapa,ITA,1840,2711.1557
mpd2020-pib-per-capita-mapa,ITA,1841,2764.918
mpd2020-pib-per-capita-mapa,ITA,1842,2787.959
mpd2020-pib-per-capita-mapa,ITA,1843,2649.7131
mpd2020-pib-per-capita-mapa,ITA,1844,2649.7131
mpd2020-pib-per-capita-mapa,ITA,1845,2672.7541
mpd2020-pib-per-capita-mapa,ITA,1846,2649.7131
mpd2020-pib-per-capita-mapa,ITA,1847,2588.2705
mpd2020-pib-per-capita-mapa,ITA,1848,2657.3934
mpd2020-pib-per-capita-mapa,ITA,1849,2642.0328
mpd2020-pib-per-capita-mapa,ITA,1850,2611.3115
mpd2020-pib-per-capita-mapa,ITA,1851,2611.3115
mpd2020-pib-per-capita-mapa,ITA,1852,2572.9098
mpd2020-pib-per-capita-mapa,ITA,1853,2519.1475
mpd2020-pib-per-capita-mapa,ITA,1854,2350.1803
mpd2020-pib-per-capita-mapa,ITA,1855,2373.2213
mpd2020-pib-per-capita-mapa,ITA,1856,2380.9016
mpd2020-pib-per-capita-mapa,ITA,1857,2572.9098
mpd2020-pib-per-capita-mapa,ITA,1858,2672.7541
mpd2020-pib-per-capita-mapa,ITA,1859,2588.2705
mpd2020-pib-per-capita-mapa,ITA,1860,2572.9098
mpd2020-pib-per-capita-mapa,ITA,1861,2557.5492
mpd2020-pib-per-capita-mapa,ITA,1862,2634.3525
mpd2020-pib-per-capita-mapa,ITA,1863,2688.1148
mpd2020-pib-per-capita-mapa,ITA,1864,2642.0328
mpd2020-pib-per-capita-mapa,ITA,1865,2780.2787
mpd2020-pib-per-capita-mapa,ITA,1866,2588.2705
mpd2020-pib-per-capita-mapa,ITA,1867,2611.3115
mpd2020-pib-per-capita-mapa,ITA,1868,2626.6721
mpd2020-pib-per-capita-mapa,ITA,1869,2695.7951
mpd2020-pib-per-capita-mapa,ITA,1870,2826.3607
mpd2020-pib-per-capita-mapa,ITA,1871,2811.12
mpd2020-pib-per-capita-mapa,ITA,1872,2593
mpd2020-pib-per-capita-mapa,ITA,1873,2581
mpd2020-pib-per-capita-mapa,ITA,1874,2715
mpd2020-pib-per-capita-mapa,ITA,1875,2727
mpd2020-pib-per-capita-mapa,ITA,1876,2662
mpd2020-pib-per-capita-mapa,ITA,1877,2678
mpd2020-pib-per-capita-mapa,ITA,1878,2745
mpd2020-pib-per-capita-mapa,ITA,1879,2753
mpd2020-pib-per-capita-mapa,ITA,1880,2796
mpd2020-pib-per-capita-mapa,ITA,1881,2880
mpd2020-pib-per-capita-mapa,ITA,1882,2915
mpd2020-pib-per-capita-mapa,ITA,1883,2942
mpd2020-pib-per-capita-mapa,ITA,1884,2898
mpd2020-pib-per-capita-mapa,ITA,1885,2941
mpd2020-pib-per-capita-mapa,ITA,1886,3005
mpd2020-pib-per-capita-mapa,ITA,1887,3081
mpd2020-pib-per-capita-mapa,ITA,1888,3065
mpd2020-pib-per-capita-mapa,ITA,1889,2971
mpd2020-pib-per-capita-mapa,ITA,1890,2974
mpd2020-pib-per-capita-mapa,ITA,1891,3014
mpd2020-pib-per-capita-mapa,ITA,1892,3017
mpd2020-pib-per-capita-mapa,ITA,1893,3064
mpd2020-pib-per-capita-mapa,ITA,1894,3081
mpd2020-pib-per-capita-mapa,ITA,1895,3107
mpd2020-pib-per-capita-mapa,ITA,1896,3153
mpd2020-pib-per-capita-mapa,ITA,1897,3158
mpd2020-pib-per-capita-mapa,ITA,1898,3145
mpd2020-pib-per-capita-mapa,ITA,1899,3180
mpd2020-pib-per-capita-mapa,ITA,1900,3264
mpd2020-pib-per-capita-mapa,ITA,1901,3317
mpd2020-pib-per-capita-mapa,ITA,1902,3371
mpd2020-pib-per-capita-mapa,ITA,1903,3402
mpd2020-pib-per-capita-mapa,ITA,1904,3461
mpd2020-pib-per-capita-mapa,ITA,1905,3532
mpd2020-pib-per-capita-mapa,ITA,1906,3652
mpd2020-pib-per-capita-mapa,ITA,1907,3716
mpd2020-pib-per-capita-mapa,ITA,1908,3795
mpd2020-pib-per-capita-mapa,ITA,1909,3826
mpd2020-pib-per-capita-mapa,ITA,1910,3829
mpd2020-pib-per-capita-mapa,ITA,1911,3870
mpd2020-pib-per-capita-mapa,ITA,1912,3875
mpd2020-pib-per-capita-mapa,ITA,1913,4057
mpd2020-pib-per-capita-mapa,ITA,1914,3835
mpd2020-pib-per-capita-mapa,ITA,1915,3642
mpd2020-pib-per-capita-mapa,ITA,1916,3942
mpd2020-pib-per-capita-mapa,ITA,1917,3955
mpd2020-pib-per-capita-mapa,ITA,1918,3856
mpd2020-pib-per-capita-mapa,ITA,1919,3701
mpd2020-pib-per-capita-mapa,ITA,1920,3789
mpd2020-pib-per-capita-mapa,ITA,1921,3660
mpd2020-pib-per-capita-mapa,ITA,1922,3928
mpd2020-pib-per-capita-mapa,ITA,1923,4248
mpd2020-pib-per-capita-mapa,ITA,1924,4324
mpd2020-pib-per-capita-mapa,ITA,1925,4580
mpd2020-pib-per-capita-mapa,ITA,1926,4576
mpd2020-pib-per-capita-mapa,ITA,1927,4454
mpd2020-pib-per-capita-mapa,ITA,1928,4693
mpd2020-pib-per-capita-mapa,ITA,1929,4889
mpd2020-pib-per-capita-mapa,ITA,1930,4631
mpd2020-pib-per-capita-mapa,ITA,1931,4538
mpd2020-pib-per-capita-mapa,ITA,1932,4602
mpd2020-pib-per-capita-mapa,ITA,1933,4514
mpd2020-pib-per-capita-mapa,ITA,1934,4466
mpd2020-pib-per-capita-mapa,ITA,1935,4670
mpd2020-pib-per-capita-mapa,ITA,1936,4471
mpd2020-pib-per-capita-mapa,ITA,1937,4879
mpd2020-pib-per-capita-mapa,ITA,1938,4981
mpd2020-pib-per-capita-mapa,ITA,1939,5246
mpd2020-pib-per-capita-mapa,ITA,1940,5099
mpd2020-pib-per-capita-mapa,ITA,1941,4967
mpd2020-pib-per-capita-mapa,ITA,1942,4661
mpd2020-pib-per-capita-mapa,ITA,1943,3931
mpd2020-pib-per-capita-mapa,ITA,1944,3162
mpd2020-pib-per-capita-mapa,ITA,1945,2831
mpd2020-pib-per-capita-mapa,ITA,1946,3805
mpd2020-pib-per-capita-mapa,ITA,1947,4498
mpd2020-pib-per-capita-mapa,ITA,1948,4814
mpd2020-pib-per-capita-mapa,ITA,1949,5188
mpd2020-pib-per-capita-mapa,ITA,1950,5582
mpd2020-pib-per-capita-mapa,ITA,1951,5958
mpd2020-pib-per-capita-mapa,ITA,1952,6371
mpd2020-pib-per-capita-mapa,ITA,1953,6790
mpd2020-pib-per-capita-mapa,ITA,1954,7092
mpd2020-pib-per-capita-mapa,ITA,1955,7453
mpd2020-pib-per-capita-mapa,ITA,1956,7745
mpd2020-pib-per-capita-mapa,ITA,1957,8158
mpd2020-pib-per-capita-mapa,ITA,1958,8544
mpd2020-pib-per-capita-mapa,ITA,1959,9011
mpd2020-pib-per-capita-mapa,ITA,1960,9430
mpd2020-pib-per-capita-mapa,ITA,1961,10158
mpd2020-pib-per-capita-mapa,ITA,1962,10882
mpd2020-pib-per-capita-mapa,ITA,1963,11576
mpd2020-pib-per-capita-mapa,ITA,1964,11934
mpd2020-pib-per-capita-mapa,ITA,1965,12111
mpd2020-pib-per-capita-mapa,ITA,1966,12659
mpd2020-pib-per-capita-mapa,ITA,1967,13476
mpd2020-pib-per-capita-mapa,ITA,1968,14513
mpd2020-pib-per-capita-mapa,ITA,1969,15248
mpd2020-pib-per-capita-mapa,ITA,1970,15492
mpd2020-pib-per-capita-mapa,ITA,1971,15683
mpd2020-pib-per-capita-mapa,ITA,1972,16035
mpd2020-pib-per-capita-mapa,ITA,1973,16950
mpd2020-pib-per-capita-mapa,ITA,1974,17607
mpd2020-pib-per-capita-mapa,ITA,1975,17123
mpd2020-pib-per-capita-mapa,ITA,1976,18147
mpd2020-pib-per-capita-mapa,ITA,1977,18599
mpd2020-pib-per-capita-mapa,ITA,1978,19230
mpd2020-pib-per-capita-mapa,ITA,1979,20275
mpd2020-pib-per-capita-mapa,ITA,1980,20959
mpd2020-pib-per-capita-mapa,ITA,1981,21041
mpd2020-pib-per-capita-mapa,ITA,1982,21123
mpd2020-pib-per-capita-mapa,ITA,1983,21345
mpd2020-pib-per-capita-mapa,ITA,1984,21868
mpd2020-pib-per-capita-mapa,ITA,1985,22469
mpd2020-pib-per-capita-mapa,ITA,1986,23106
mpd2020-pib-per-capita-mapa,ITA,1987,23824
mpd2020-pib-per-capita-mapa,ITA,1988,24743
mpd2020-pib-per-capita-mapa,ITA,1989,25454
mpd2020-pib-per-capita-mapa,ITA,1990,26003
mpd2020-pib-per-capita-mapa,ITA,1991,26570.363
mpd2020-pib-per-capita-mapa,ITA,1992,26960.6108
mpd2020-pib-per-capita-mapa,ITA,1993,26902.3982
mpd2020-pib-per-capita-mapa,ITA,1994,27668.258
mpd2020-pib-per-capita-mapa,ITA,1995,28666.3523
mpd2020-pib-per-capita-mapa,ITA,1996,29231.2756
mpd2020-pib-per-capita-mapa,ITA,1997,29960.6998
mpd2020-pib-per-capita-mapa,ITA,1998,30649.6291
mpd2020-pib-per-capita-mapa,ITA,1999,31340.4814
mpd2020-pib-per-capita-mapa,ITA,2000,32716.9801
mpd2020-pib-per-capita-mapa,ITA,2001,33511.4333
mpd2020-pib-per-capita-mapa,ITA,2002,33780.054
mpd2020-pib-per-capita-mapa,ITA,2003,33917.7994
mpd2020-pib-per-capita-mapa,ITA,2004,34472.1276
mpd2020-pib-per-capita-mapa,ITA,2005,34872.1266
mpd2020-pib-per-capita-mapa,ITA,2006,35713.8042
mpd2020-pib-per-capita-mapa,ITA,2007,36310.7349
mpd2020-pib-per-capita-mapa,ITA,2008,35942.9393
mpd2020-pib-per-capita-mapa,ITA,2009,34055.2256
mpd2020-pib-per-capita-mapa,ITA,2010,34765.9379
mpd2020-pib-per-capita-mapa,ITA,2011,35151
mpd2020-pib-per-capita-mapa,ITA,2012,34068
mpd2020-pib-per-capita-mapa,ITA,2013,33094
mpd2020-pib-per-capita-mapa,ITA,2014,32829
mpd2020-pib-per-capita-mapa,ITA,2015,33118
mpd2020-pib-per-capita-mapa,ITA,2016,33419
mpd2020-pib-per-capita-mapa,ITA,2017,34027.3374
mpd2020-pib-per-capita-mapa,ITA,2018,34364.1682
mpd2020-pib-per-capita-mapa,JAM,1820,1117
mpd2020-pib-per-capita-mapa,JAM,1850,867
mpd2020-pib-per-capita-mapa,JAM,1860,856
mpd2020-pib-per-capita-mapa,JAM,1870,845
mpd2020-pib-per-capita-mapa,JAM,1880,864
mpd2020-pib-per-capita-mapa,JAM,1890,881
mpd2020-pib-per-capita-mapa,JAM,1900,926
mpd2020-pib-per-capita-mapa,JAM,1913,974
mpd2020-pib-per-capita-mapa,JAM,1925,1078
mpd2020-pib-per-capita-mapa,JAM,1929,1116
mpd2020-pib-per-capita-mapa,JAM,1933,1154
mpd2020-pib-per-capita-mapa,JAM,1938,1549
mpd2020-pib-per-capita-mapa,JAM,1942,1546
mpd2020-pib-per-capita-mapa,JAM,1943,1833
mpd2020-pib-per-capita-mapa,JAM,1946,2628
mpd2020-pib-per-capita-mapa,JAM,1947,2410
mpd2020-pib-per-capita-mapa,JAM,1950,2115
mpd2020-pib-per-capita-mapa,JAM,1951,2251
mpd2020-pib-per-capita-mapa,JAM,1952,2397
mpd2020-pib-per-capita-mapa,JAM,1953,2695
mpd2020-pib-per-capita-mapa,JAM,1954,2962
mpd2020-pib-per-capita-mapa,JAM,1955,3220
mpd2020-pib-per-capita-mapa,JAM,1956,3491
mpd2020-pib-per-capita-mapa,JAM,1957,3934
mpd2020-pib-per-capita-mapa,JAM,1958,3918
mpd2020-pib-per-capita-mapa,JAM,1959,4050
mpd2020-pib-per-capita-mapa,JAM,1960,4230
mpd2020-pib-per-capita-mapa,JAM,1961,4307
mpd2020-pib-per-capita-mapa,JAM,1962,4339
mpd2020-pib-per-capita-mapa,JAM,1963,4395
mpd2020-pib-per-capita-mapa,JAM,1964,4629
mpd2020-pib-per-capita-mapa,JAM,1965,4894
mpd2020-pib-per-capita-mapa,JAM,1966,4988
mpd2020-pib-per-capita-mapa,JAM,1967,5066
mpd2020-pib-per-capita-mapa,JAM,1968,5235
mpd2020-pib-per-capita-mapa,JAM,1969,5547
mpd2020-pib-per-capita-mapa,JAM,1970,6135
mpd2020-pib-per-capita-mapa,JAM,1971,6062
mpd2020-pib-per-capita-mapa,JAM,1972,6150
mpd2020-pib-per-capita-mapa,JAM,1973,6583
mpd2020-pib-per-capita-mapa,JAM,1974,6229
mpd2020-pib-per-capita-mapa,JAM,1975,6129
mpd2020-pib-per-capita-mapa,JAM,1976,5681
mpd2020-pib-per-capita-mapa,JAM,1977,5501
mpd2020-pib-per-capita-mapa,JAM,1978,5482
mpd2020-pib-per-capita-mapa,JAM,1979,5318
mpd2020-pib-per-capita-mapa,JAM,1980,4975
mpd2020-pib-per-capita-mapa,JAM,1981,5040
mpd2020-pib-per-capita-mapa,JAM,1982,5019
mpd2020-pib-per-capita-mapa,JAM,1983,5117
mpd2020-pib-per-capita-mapa,JAM,1984,5059
mpd2020-pib-per-capita-mapa,JAM,1985,4814
mpd2020-pib-per-capita-mapa,JAM,1986,4884
mpd2020-pib-per-capita-mapa,JAM,1987,5254
mpd2020-pib-per-capita-mapa,JAM,1988,5397
mpd2020-pib-per-capita-mapa,JAM,1989,5748
mpd2020-pib-per-capita-mapa,JAM,1990,6035
mpd2020-pib-per-capita-mapa,JAM,1991,6116.5833
mpd2020-pib-per-capita-mapa,JAM,1992,6292.0289
mpd2020-pib-per-capita-mapa,JAM,1993,6414.475
mpd2020-pib-per-capita-mapa,JAM,1994,6517.0516
mpd2020-pib-per-capita-mapa,JAM,1995,6656.2832
mpd2020-pib-per-capita-mapa,JAM,1996,6648.9332
mpd2020-pib-per-capita-mapa,JAM,1997,6523.6364
mpd2020-pib-per-capita-mapa,JAM,1998,6432.653
mpd2020-pib-per-capita-mapa,JAM,1999,6485.3228
mpd2020-pib-per-capita-mapa,JAM,2000,6531.2848
mpd2020-pib-per-capita-mapa,JAM,2001,6615.193
mpd2020-pib-per-capita-mapa,JAM,2002,6660.763
mpd2020-pib-per-capita-mapa,JAM,2003,6908.6668
mpd2020-pib-per-capita-mapa,JAM,2004,7004.9845
mpd2020-pib-per-capita-mapa,JAM,2005,7073.7703
mpd2020-pib-per-capita-mapa,JAM,2006,7286.9667
mpd2020-pib-per-capita-mapa,JAM,2007,7402.1784
mpd2020-pib-per-capita-mapa,JAM,2008,7353.1071
mpd2020-pib-per-capita-mapa,JAM,2009,7115.3731
mpd2020-pib-per-capita-mapa,JAM,2010,7025.9302
mpd2020-pib-per-capita-mapa,JAM,2011,7141
mpd2020-pib-per-capita-mapa,JAM,2012,7053
mpd2020-pib-per-capita-mapa,JAM,2013,7017
mpd2020-pib-per-capita-mapa,JAM,2014,7005
mpd2020-pib-per-capita-mapa,JAM,2015,7024
mpd2020-pib-per-capita-mapa,JAM,2016,7084
mpd2020-pib-per-capita-mapa,JAM,2017,7135.1796
mpd2020-pib-per-capita-mapa,JAM,2018,7272.9805
mpd2020-pib-per-capita-mapa,JOR,1820,877
mpd2020-pib-per-capita-mapa,JOR,1870,1116
mpd2020-pib-per-capita-mapa,JOR,1913,1594
mpd2020-pib-per-capita-mapa,JOR,1950,2651
mpd2020-pib-per-capita-mapa,JOR,1951,2702
mpd2020-pib-per-capita-mapa,JOR,1952,2751
mpd2020-pib-per-capita-mapa,JOR,1953,2801
mpd2020-pib-per-capita-mapa,JOR,1954,2848
mpd2020-pib-per-capita-mapa,JOR,1955,2590
mpd2020-pib-per-capita-mapa,JOR,1956,3410
mpd2020-pib-per-capita-mapa,JOR,1957,3354
mpd2020-pib-per-capita-mapa,JOR,1958,3539
mpd2020-pib-per-capita-mapa,JOR,1959,3645
mpd2020-pib-per-capita-mapa,JOR,1960,3714
mpd2020-pib-per-capita-mapa,JOR,1961,4280
mpd2020-pib-per-capita-mapa,JOR,1962,4176
mpd2020-pib-per-capita-mapa,JOR,1963,4222
mpd2020-pib-per-capita-mapa,JOR,1964,4752
mpd2020-pib-per-capita-mapa,JOR,1965,5074
mpd2020-pib-per-capita-mapa,JOR,1966,5000
mpd2020-pib-per-capita-mapa,JOR,1967,4876
mpd2020-pib-per-capita-mapa,JOR,1968,4262
mpd2020-pib-per-capita-mapa,JOR,1969,4420
mpd2020-pib-per-capita-mapa,JOR,1970,3818
mpd2020-pib-per-capita-mapa,JOR,1971,3771
mpd2020-pib-per-capita-mapa,JOR,1972,3754
mpd2020-pib-per-capita-mapa,JOR,1973,3806
mpd2020-pib-per-capita-mapa,JOR,1974,3995
mpd2020-pib-per-capita-mapa,JOR,1975,4117
mpd2020-pib-per-capita-mapa,JOR,1976,4935
mpd2020-pib-per-capita-mapa,JOR,1977,5072
mpd2020-pib-per-capita-mapa,JOR,1978,5926
mpd2020-pib-per-capita-mapa,JOR,1979,6247
mpd2020-pib-per-capita-mapa,JOR,1980,7141
mpd2020-pib-per-capita-mapa,JOR,1981,7176
mpd2020-pib-per-capita-mapa,JOR,1982,7401
mpd2020-pib-per-capita-mapa,JOR,1983,7262
mpd2020-pib-per-capita-mapa,JOR,1984,7599
mpd2020-pib-per-capita-mapa,JOR,1985,7578
mpd2020-pib-per-capita-mapa,JOR,1986,7973
mpd2020-pib-per-capita-mapa,JOR,1987,7911
mpd2020-pib-per-capita-mapa,JOR,1988,7571
mpd2020-pib-per-capita-mapa,JOR,1989,6540
mpd2020-pib-per-capita-mapa,JOR,1990,6044
mpd2020-pib-per-capita-mapa,JOR,1991,5900.5093
mpd2020-pib-per-capita-mapa,JOR,1992,6456.1231
mpd2020-pib-per-capita-mapa,JOR,1993,6460.6628
mpd2020-pib-per-capita-mapa,JOR,1994,6538.1733
mpd2020-pib-per-capita-mapa,JOR,1995,6760.1085
mpd2020-pib-per-capita-mapa,JOR,1996,6783.229
mpd2020-pib-per-capita-mapa,JOR,1997,6942.459
mpd2020-pib-per-capita-mapa,JOR,1998,7120.4937
mpd2020-pib-per-capita-mapa,JOR,1999,7340.4937
mpd2020-pib-per-capita-mapa,JOR,2000,7621.8406
mpd2020-pib-per-capita-mapa,JOR,2001,7982.7407
mpd2020-pib-per-capita-mapa,JOR,2002,8394.0551
mpd2020-pib-per-capita-mapa,JOR,2003,8669.6246
mpd2020-pib-per-capita-mapa,JOR,2004,9288.6166
mpd2020-pib-per-capita-mapa,JOR,2005,9860.8081
mpd2020-pib-per-capita-mapa,JOR,2006,10404.5617
mpd2020-pib-per-capita-mapa,JOR,2007,10938.8044
mpd2020-pib-per-capita-mapa,JOR,2008,11378.2563
mpd2020-pib-per-capita-mapa,JOR,2009,11651.2498
mpd2020-pib-per-capita-mapa,JOR,2010,11601.0875
mpd2020-pib-per-capita-mapa,JOR,2011,11615
mpd2020-pib-per-capita-mapa,JOR,2012,11523
mpd2020-pib-per-capita-mapa,JOR,2013,11488
mpd2020-pib-per-capita-mapa,JOR,2014,11523
mpd2020-pib-per-capita-mapa,JOR,2015,11519
mpd2020-pib-per-capita-mapa,JOR,2016,11529
mpd2020-pib-per-capita-mapa,JOR,2017,11494.3767
mpd2020-pib-per-capita-mapa,JOR,2018,11506.3383
mpd2020-pib-per-capita-mapa,JPN,1820,1317
mpd2020-pib-per-capita-mapa,JPN,1846,1435.77
mpd2020-pib-per-capita-mapa,JPN,1850,1436
mpd2020-pib-per-capita-mapa,JPN,1870,1580
mpd2020-pib-per-capita-mapa,JPN,1874,1607.49
mpd2020-pib-per-capita-mapa,JPN,1885,1728.6805
mpd2020-pib-per-capita-mapa,JPN,1886,1831.8822
mpd2020-pib-per-capita-mapa,JPN,1887,1847.5295
mpd2020-pib-per-capita-mapa,JPN,1888,1723.5686
mpd2020-pib-per-capita-mapa,JPN,1889,1754.5338
mpd2020-pib-per-capita-mapa,JPN,1890,1853.5754
mpd2020-pib-per-capita-mapa,JPN,1891,1749.7371
mpd2020-pib-per-capita-mapa,JPN,1892,1841.7019
mpd2020-pib-per-capita-mapa,JPN,1893,1832.4439
mpd2020-pib-per-capita-mapa,JPN,1894,2016.4187
mpd2020-pib-per-capita-mapa,JPN,1895,2021.8254
mpd2020-pib-per-capita-mapa,JPN,1896,1904.4432
mpd2020-pib-per-capita-mapa,JPN,1897,1904.511
mpd2020-pib-per-capita-mapa,JPN,1898,2232.8545
mpd2020-pib-per-capita-mapa,JPN,1899,2104.5572
mpd2020-pib-per-capita-mapa,JPN,1900,2123.2506
mpd2020-pib-per-capita-mapa,JPN,1901,2161.5148
mpd2020-pib-per-capita-mapa,JPN,1902,2012.7671
mpd2020-pib-per-capita-mapa,JPN,1903,2203.8716
mpd2020-pib-per-capita-mapa,JPN,1904,2178.9911
mpd2020-pib-per-capita-mapa,JPN,1905,2111.251
mpd2020-pib-per-capita-mapa,JPN,1906,2328.9773
mpd2020-pib-per-capita-mapa,JPN,1907,2358.2205
mpd2020-pib-per-capita-mapa,JPN,1908,2356.9176
mpd2020-pib-per-capita-mapa,JPN,1909,2333.2012
mpd2020-pib-per-capita-mapa,JPN,1910,2316.9759
mpd2020-pib-per-capita-mapa,JPN,1911,2399.7748
mpd2020-pib-per-capita-mapa,JPN,1912,2419.7095
mpd2020-pib-per-capita-mapa,JPN,1913,2430.625
mpd2020-pib-per-capita-mapa,JPN,1914,2357.8039
mpd2020-pib-per-capita-mapa,JPN,1915,2512.0648
mpd2020-pib-per-capita-mapa,JPN,1916,2829.2871
mpd2020-pib-per-capita-mapa,JPN,1917,2940.6258
mpd2020-pib-per-capita-mapa,JPN,1918,2973.488
mpd2020-pib-per-capita-mapa,JPN,1919,3219.3054
mpd2020-pib-per-capita-mapa,JPN,1920,2973.9623
mpd2020-pib-per-capita-mapa,JPN,1921,3244.3521
mpd2020-pib-per-capita-mapa,JPN,1922,3243.8301
mpd2020-pib-per-capita-mapa,JPN,1923,3243.5498
mpd2020-pib-per-capita-mapa,JPN,1924,3316.3572
mpd2020-pib-per-capita-mapa,JPN,1925,3414.354
mpd2020-pib-per-capita-mapa,JPN,1926,3358.5393
mpd2020-pib-per-capita-mapa,JPN,1927,3346.8922
mpd2020-pib-per-capita-mapa,JPN,1928,3554.1157
mpd2020-pib-per-capita-mapa,JPN,1929,3665.0867
mpd2020-pib-per-capita-mapa,JPN,1930,3334.1082
mpd2020-pib-per-capita-mapa,JPN,1931,3320.8107
mpd2020-pib-per-capita-mapa,JPN,1932,3529.2879
mpd2020-pib-per-capita-mapa,JPN,1933,3786.8017
mpd2020-pib-per-capita-mapa,JPN,1934,3755.6878
mpd2020-pib-per-capita-mapa,JPN,1935,3825.303
mpd2020-pib-per-capita-mapa,JPN,1936,3985.5456
mpd2020-pib-per-capita-mapa,JPN,1937,4074.9223
mpd2020-pib-per-capita-mapa,JPN,1938,4256.8411
mpd2020-pib-per-capita-mapa,JPN,1939,4803.7828
mpd2020-pib-per-capita-mapa,JPN,1940,4882.3985
mpd2020-pib-per-capita-mapa,JPN,1941,4986.24
mpd2020-pib-per-capita-mapa,JPN,1942,4938.54
mpd2020-pib-per-capita-mapa,JPN,1943,4825.65
mpd2020-pib-per-capita-mapa,JPN,1944,4816.11
mpd2020-pib-per-capita-mapa,JPN,1945,3677.67
mpd2020-pib-per-capita-mapa,JPN,1946,2771.37
mpd2020-pib-per-capita-mapa,JPN,1947,2710.95
mpd2020-pib-per-capita-mapa,JPN,1948,2857.23
mpd2020-pib-per-capita-mapa,JPN,1949,2866.77
mpd2020-pib-per-capita-mapa,JPN,1950,3062
mpd2020-pib-per-capita-mapa,JPN,1951,3389
mpd2020-pib-per-capita-mapa,JPN,1952,3724
mpd2020-pib-per-capita-mapa,JPN,1953,3944
mpd2020-pib-per-capita-mapa,JPN,1954,4116
mpd2020-pib-per-capita-mapa,JPN,1955,4417
mpd2020-pib-per-capita-mapa,JPN,1956,4699
mpd2020-pib-per-capita-mapa,JPN,1957,4999
mpd2020-pib-per-capita-mapa,JPN,1958,5243
mpd2020-pib-per-capita-mapa,JPN,1959,5665
mpd2020-pib-per-capita-mapa,JPN,1960,6354
mpd2020-pib-per-capita-mapa,JPN,1961,7055
mpd2020-pib-per-capita-mapa,JPN,1962,7614
mpd2020-pib-per-capita-mapa,JPN,1963,8176
mpd2020-pib-per-capita-mapa,JPN,1964,9035
mpd2020-pib-per-capita-mapa,JPN,1965,9459
mpd2020-pib-per-capita-mapa,JPN,1966,10370
mpd2020-pib-per-capita-mapa,JPN,1967,11400
mpd2020-pib-per-capita-mapa,JPN,1968,12725
mpd2020-pib-per-capita-mapa,JPN,1969,14145
mpd2020-pib-per-capita-mapa,JPN,1970,15484
mpd2020-pib-per-capita-mapa,JPN,1971,16004
mpd2020-pib-per-capita-mapa,JPN,1972,17110
mpd2020-pib-per-capita-mapa,JPN,1973,18226
mpd2020-pib-per-capita-mapa,JPN,1974,17765
mpd2020-pib-per-capita-mapa,JPN,1975,18082
mpd2020-pib-per-capita-mapa,JPN,1976,18600
mpd2020-pib-per-capita-mapa,JPN,1977,19230
mpd2020-pib-per-capita-mapa,JPN,1978,20060
mpd2020-pib-per-capita-mapa,JPN,1979,20982
mpd2020-pib-per-capita-mapa,JPN,1980,21404
mpd2020-pib-per-capita-mapa,JPN,1981,21924
mpd2020-pib-per-capita-mapa,JPN,1982,22440
mpd2020-pib-per-capita-mapa,JPN,1983,22805
mpd2020-pib-per-capita-mapa,JPN,1984,23548
mpd2020-pib-per-capita-mapa,JPN,1985,24437
mpd2020-pib-per-capita-mapa,JPN,1986,24992
mpd2020-pib-per-capita-mapa,JPN,1987,25904
mpd2020-pib-per-capita-mapa,JPN,1988,27393
mpd2020-pib-per-capita-mapa,JPN,1989,28601
mpd2020-pib-per-capita-mapa,JPN,1990,29949
mpd2020-pib-per-capita-mapa,JPN,1991,30837.4307
mpd2020-pib-per-capita-mapa,JPN,1992,30977.8145
mpd2020-pib-per-capita-mapa,JPN,1993,30920.6593
mpd2020-pib-per-capita-mapa,JPN,1994,31135.4272
mpd2020-pib-per-capita-mapa,JPN,1995,31887.2776
mpd2020-pib-per-capita-mapa,JPN,1996,32784.1582
mpd2020-pib-per-capita-mapa,JPN,1997,33038.293
mpd2020-pib-per-capita-mapa,JPN,1998,32558.1866
mpd2020-pib-per-capita-mapa,JPN,1999,32394.5155
mpd2020-pib-per-capita-mapa,JPN,2000,33210.8078
mpd2020-pib-per-capita-mapa,JPN,2001,33246.3921
mpd2020-pib-per-capita-mapa,JPN,2002,33195.4005
mpd2020-pib-per-capita-mapa,JPN,2003,33619.9481
mpd2020-pib-per-capita-mapa,JPN,2004,34313.5569
mpd2020-pib-per-capita-mapa,JPN,2005,34857.7558
mpd2020-pib-per-capita-mapa,JPN,2006,35333.1131
mpd2020-pib-per-capita-mapa,JPN,2007,35892.7128
mpd2020-pib-per-capita-mapa,JPN,2008,35496.2275
mpd2020-pib-per-capita-mapa,JPN,2009,33590.0109
mpd2020-pib-per-capita-mapa,JPN,2010,35011.4025
mpd2020-pib-per-capita-mapa,JPN,2011,34979
mpd2020-pib-per-capita-mapa,JPN,2012,35580
mpd2020-pib-per-capita-mapa,JPN,2013,36354
mpd2020-pib-per-capita-mapa,JPN,2014,36537
mpd2020-pib-per-capita-mapa,JPN,2015,37031
mpd2020-pib-per-capita-mapa,JPN,2016,37465
mpd2020-pib-per-capita-mapa,JPN,2017,38414.8618
mpd2020-pib-per-capita-mapa,JPN,2018,38673.8081
mpd2020-pib-per-capita-mapa,KAZ,1973,12154
mpd2020-pib-per-capita-mapa,KAZ,1980,11899
mpd2020-pib-per-capita-mapa,KAZ,1981,11604
mpd2020-pib-per-capita-mapa,KAZ,1982,11322
mpd2020-pib-per-capita-mapa,KAZ,1983,11735
mpd2020-pib-per-capita-mapa,KAZ,1984,11553
mpd2020-pib-per-capita-mapa,KAZ,1985,11545
mpd2020-pib-per-capita-mapa,KAZ,1986,11576
mpd2020-pib-per-capita-mapa,KAZ,1987,11389
mpd2020-pib-per-capita-mapa,KAZ,1988,12256
mpd2020-pib-per-capita-mapa,KAZ,1989,12153
mpd2020-pib-per-capita-mapa,KAZ,1990,11888
mpd2020-pib-per-capita-mapa,KAZ,1991,10557.1155
mpd2020-pib-per-capita-mapa,KAZ,1992,10012.6112
mpd2020-pib-per-capita-mapa,KAZ,1993,9173.6373
mpd2020-pib-per-capita-mapa,KAZ,1994,8178.7908
mpd2020-pib-per-capita-mapa,KAZ,1995,7674.0632
mpd2020-pib-per-capita-mapa,KAZ,1996,7826.8577
mpd2020-pib-per-capita-mapa,KAZ,1997,8093.796
mpd2020-pib-per-capita-mapa,KAZ,1998,8088.648
mpd2020-pib-per-capita-mapa,KAZ,1999,8421.3481
mpd2020-pib-per-capita-mapa,KAZ,2000,9309.4195
mpd2020-pib-per-capita-mapa,KAZ,2001,10589.1028
mpd2020-pib-per-capita-mapa,KAZ,2002,11640.1801
mpd2020-pib-per-capita-mapa,KAZ,2003,12726.2868
mpd2020-pib-per-capita-mapa,KAZ,2004,13929.7298
mpd2020-pib-per-capita-mapa,KAZ,2005,15233.8408
mpd2020-pib-per-capita-mapa,KAZ,2006,16786.5548
mpd2020-pib-per-capita-mapa,KAZ,2007,18181.0598
mpd2020-pib-per-capita-mapa,KAZ,2008,18665.7653
mpd2020-pib-per-capita-mapa,KAZ,2009,18750.5403
mpd2020-pib-per-capita-mapa,KAZ,2010,19964.5299
mpd2020-pib-per-capita-mapa,KAZ,2011,21302
mpd2020-pib-per-capita-mapa,KAZ,2012,22089
mpd2020-pib-per-capita-mapa,KAZ,2013,23131
mpd2020-pib-per-capita-mapa,KAZ,2014,23841
mpd2020-pib-per-capita-mapa,KAZ,2015,23850
mpd2020-pib-per-capita-mapa,KAZ,2016,23842
mpd2020-pib-per-capita-mapa,KAZ,2017,24556.9112
mpd2020-pib-per-capita-mapa,KAZ,2018,25307.5554
mpd2020-pib-per-capita-mapa,KEN,1950,1038
mpd2020-pib-per-capita-mapa,KEN,1951,1229
mpd2020-pib-per-capita-mapa,KEN,1952,1063
mpd2020-pib-per-capita-mapa,KEN,1953,1009
mpd2020-pib-per-capita-mapa,KEN,1954,1095
mpd2020-pib-per-capita-mapa,KEN,1955,1144
mpd2020-pib-per-capita-mapa,KEN,1956,1173
mpd2020-pib-per-capita-mapa,KEN,1957,1176
mpd2020-pib-per-capita-mapa,KEN,1958,1156
mpd2020-pib-per-capita-mapa,KEN,1959,1148
mpd2020-pib-per-capita-mapa,KEN,1960,1157
mpd2020-pib-per-capita-mapa,KEN,1961,1093
mpd2020-pib-per-capita-mapa,KEN,1962,1117
mpd2020-pib-per-capita-mapa,KEN,1963,1138
mpd2020-pib-per-capita-mapa,KEN,1964,1208
mpd2020-pib-per-capita-mapa,KEN,1965,1184
mpd2020-pib-per-capita-mapa,KEN,1966,1294
mpd2020-pib-per-capita-mapa,KEN,1967,1317
mpd2020-pib-per-capita-mapa,KEN,1968,1366
mpd2020-pib-per-capita-mapa,KEN,1969,1404
mpd2020-pib-per-capita-mapa,KEN,1970,1458
mpd2020-pib-per-capita-mapa,KEN,1971,1500
mpd2020-pib-per-capita-mapa,KEN,1972,1524
mpd2020-pib-per-capita-mapa,KEN,1973,1546
mpd2020-pib-per-capita-mapa,KEN,1974,1564
mpd2020-pib-per-capita-mapa,KEN,1975,1502
mpd2020-pib-per-capita-mapa,KEN,1976,1503
mpd2020-pib-per-capita-mapa,KEN,1977,1580
mpd2020-pib-per-capita-mapa,KEN,1978,1656
mpd2020-pib-per-capita-mapa,KEN,1979,1651
mpd2020-pib-per-capita-mapa,KEN,1980,1675
mpd2020-pib-per-capita-mapa,KEN,1981,1647
mpd2020-pib-per-capita-mapa,KEN,1982,1680
mpd2020-pib-per-capita-mapa,KEN,1983,1627
mpd2020-pib-per-capita-mapa,KEN,1984,1594
mpd2020-pib-per-capita-mapa,KEN,1985,1604
mpd2020-pib-per-capita-mapa,KEN,1986,1658
mpd2020-pib-per-capita-mapa,KEN,1987,1698
mpd2020-pib-per-capita-mapa,KEN,1988,1741
mpd2020-pib-per-capita-mapa,KEN,1989,1761
mpd2020-pib-per-capita-mapa,KEN,1990,1780
mpd2020-pib-per-capita-mapa,KEN,1991,1777.7838
mpd2020-pib-per-capita-mapa,KEN,1992,1724.8744
mpd2020-pib-per-capita-mapa,KEN,1993,1698.2541
mpd2020-pib-per-capita-mapa,KEN,1994,1729.7172
mpd2020-pib-per-capita-mapa,KEN,1995,1789.8945
mpd2020-pib-per-capita-mapa,KEN,1996,1851.2814
mpd2020-pib-per-capita-mapa,KEN,1997,1846.3738
mpd2020-pib-per-capita-mapa,KEN,1998,1889.9731
mpd2020-pib-per-capita-mapa,KEN,1999,1920.8339
mpd2020-pib-per-capita-mapa,KEN,2000,1914.8864
mpd2020-pib-per-capita-mapa,KEN,2001,1972.3811
mpd2020-pib-per-capita-mapa,KEN,2002,1961.8949
mpd2020-pib-per-capita-mapa,KEN,2003,1997.7768
mpd2020-pib-per-capita-mapa,KEN,2004,2066.2102
mpd2020-pib-per-capita-mapa,KEN,2005,2157.8416
mpd2020-pib-per-capita-mapa,KEN,2006,2255.2586
mpd2020-pib-per-capita-mapa,KEN,2007,2380.7763
mpd2020-pib-per-capita-mapa,KEN,2008,2357.2325
mpd2020-pib-per-capita-mapa,KEN,2009,2404.6296
mpd2020-pib-per-capita-mapa,KEN,2010,2579.5309
mpd2020-pib-per-capita-mapa,KEN,2011,2712
mpd2020-pib-per-capita-mapa,KEN,2012,2765
mpd2020-pib-per-capita-mapa,KEN,2013,2854
mpd2020-pib-per-capita-mapa,KEN,2014,2942
mpd2020-pib-per-capita-mapa,KEN,2015,3046
mpd2020-pib-per-capita-mapa,KEN,2016,3169
mpd2020-pib-per-capita-mapa,KEN,2017,3249.8771
mpd2020-pib-per-capita-mapa,KEN,2018,3377.4704
mpd2020-pib-per-capita-mapa,KGZ,1973,5941
mpd2020-pib-per-capita-mapa,KGZ,1980,5848
mpd2020-pib-per-capita-mapa,KGZ,1981,5789
mpd2020-pib-per-capita-mapa,KGZ,1982,5726
mpd2020-pib-per-capita-mapa,KGZ,1983,5992
mpd2020-pib-per-capita-mapa,KGZ,1984,5952
mpd2020-pib-per-capita-mapa,KGZ,1985,5616
mpd2020-pib-per-capita-mapa,KGZ,1986,5413
mpd2020-pib-per-capita-mapa,KGZ,1987,5241
mpd2020-pib-per-capita-mapa,KGZ,1988,5679
mpd2020-pib-per-capita-mapa,KGZ,1989,5719
mpd2020-pib-per-capita-mapa,KGZ,1990,5742
mpd2020-pib-per-capita-mapa,KGZ,1991,5161.9041
mpd2020-pib-per-capita-mapa,KGZ,1992,4362.1127
mpd2020-pib-per-capita-mapa,KGZ,1993,3764.9421
mpd2020-pib-per-capita-mapa,KGZ,1994,2993.8278
mpd2020-pib-per-capita-mapa,KGZ,1995,2776.0303
mpd2020-pib-per-capita-mapa,KGZ,1996,2901.5542
mpd2020-pib-per-capita-mapa,KGZ,1997,3114.675
mpd2020-pib-per-capita-mapa,KGZ,1998,3105.961
mpd2020-pib-per-capita-mapa,KGZ,1999,3144.4612
mpd2020-pib-per-capita-mapa,KGZ,2000,3246.3831
mpd2020-pib-per-capita-mapa,KGZ,2001,3357.993
mpd2020-pib-per-capita-mapa,KGZ,2002,3299.246
mpd2020-pib-per-capita-mapa,KGZ,2003,3464.8201
mpd2020-pib-per-capita-mapa,KGZ,2004,3632.1471
mpd2020-pib-per-capita-mapa,KGZ,2005,3554.1857
mpd2020-pib-per-capita-mapa,KGZ,2006,3594.5652
mpd2020-pib-per-capita-mapa,KGZ,2007,3831.4948
mpd2020-pib-per-capita-mapa,KGZ,2008,4046.7208
mpd2020-pib-per-capita-mapa,KGZ,2009,4075.8339
mpd2020-pib-per-capita-mapa,KGZ,2010,3977.6489
mpd2020-pib-per-capita-mapa,KGZ,2011,4142
mpd2020-pib-per-capita-mapa,KGZ,2012,4104
mpd2020-pib-per-capita-mapa,KGZ,2013,4509
mpd2020-pib-per-capita-mapa,KGZ,2014,4644
mpd2020-pib-per-capita-mapa,KGZ,2015,4754
mpd2020-pib-per-capita-mapa,KGZ,2016,4879
mpd2020-pib-per-capita-mapa,KGZ,2017,5055.9154
mpd2020-pib-per-capita-mapa,KGZ,2018,5176.9883
mpd2020-pib-per-capita-mapa,KHM,1950,768
mpd2020-pib-per-capita-mapa,KHM,1951,775
mpd2020-pib-per-capita-mapa,KHM,1952,803
mpd2020-pib-per-capita-mapa,KHM,1953,792
mpd2020-pib-per-capita-mapa,KHM,1954,864
mpd2020-pib-per-capita-mapa,KHM,1955,826
mpd2020-pib-per-capita-mapa,KHM,1956,912
mpd2020-pib-per-capita-mapa,KHM,1957,947
mpd2020-pib-per-capita-mapa,KHM,1958,969
mpd2020-pib-per-capita-mapa,KHM,1959,1036
mpd2020-pib-per-capita-mapa,KHM,1960,1070
mpd2020-pib-per-capita-mapa,KHM,1961,1031
mpd2020-pib-per-capita-mapa,KHM,1962,1084
mpd2020-pib-per-capita-mapa,KHM,1963,1135
mpd2020-pib-per-capita-mapa,KHM,1964,1074
mpd2020-pib-per-capita-mapa,KHM,1965,1095
mpd2020-pib-per-capita-mapa,KHM,1966,1116
mpd2020-pib-per-capita-mapa,KHM,1967,1143
mpd2020-pib-per-capita-mapa,KHM,1968,1164
mpd2020-pib-per-capita-mapa,KHM,1969,1151
mpd2020-pib-per-capita-mapa,KHM,1970,1031
mpd2020-pib-per-capita-mapa,KHM,1971,980
mpd2020-pib-per-capita-mapa,KHM,1972,920
mpd2020-pib-per-capita-mapa,KHM,1973,1239
mpd2020-pib-per-capita-mapa,KHM,1974,1049
mpd2020-pib-per-capita-mapa,KHM,1975,925
mpd2020-pib-per-capita-mapa,KHM,1976,1025
mpd2020-pib-per-capita-mapa,KHM,1977,1143
mpd2020-pib-per-capita-mapa,KHM,1978,1291
mpd2020-pib-per-capita-mapa,KHM,1979,1325
mpd2020-pib-per-capita-mapa,KHM,1980,1320
mpd2020-pib-per-capita-mapa,KHM,1981,1301
mpd2020-pib-per-capita-mapa,KHM,1982,1358
mpd2020-pib-per-capita-mapa,KHM,1983,1412
mpd2020-pib-per-capita-mapa,KHM,1984,1476
mpd2020-pib-per-capita-mapa,KHM,1985,1540
mpd2020-pib-per-capita-mapa,KHM,1986,1578
mpd2020-pib-per-capita-mapa,KHM,1987,1490
mpd2020-pib-per-capita-mapa,KHM,1988,1473
mpd2020-pib-per-capita-mapa,KHM,1989,1455
mpd2020-pib-per-capita-mapa,KHM,1990,1404
mpd2020-pib-per-capita-mapa,KHM,1991,1425.0456
mpd2020-pib-per-capita-mapa,KHM,1992,1427.2857
mpd2020-pib-per-capita-mapa,KHM,1993,1384.2925
mpd2020-pib-per-capita-mapa,KHM,1994,1416.4637
mpd2020-pib-per-capita-mapa,KHM,1995,1439.2865
mpd2020-pib-per-capita-mapa,KHM,1996,1450.5251
mpd2020-pib-per-capita-mapa,KHM,1997,1466.3667
mpd2020-pib-per-capita-mapa,KHM,1998,1476.296
mpd2020-pib-per-capita-mapa,KHM,1999,1586.2105
mpd2020-pib-per-capita-mapa,KHM,2000,1659.0891
mpd2020-pib-per-capita-mapa,KHM,2001,1726.4713
mpd2020-pib-per-capita-mapa,KHM,2002,1770.9571
mpd2020-pib-per-capita-mapa,KHM,2003,1850.2043
mpd2020-pib-per-capita-mapa,KHM,2004,1965.8786
mpd2020-pib-per-capita-mapa,KHM,2005,2144.845
mpd2020-pib-per-capita-mapa,KHM,2006,2286.3847
mpd2020-pib-per-capita-mapa,KHM,2007,2422.7565
mpd2020-pib-per-capita-mapa,KHM,2008,2482.0068
mpd2020-pib-per-capita-mapa,KHM,2009,2433.3061
mpd2020-pib-per-capita-mapa,KHM,2010,2426.687
mpd2020-pib-per-capita-mapa,KHM,2011,2496
mpd2020-pib-per-capita-mapa,KHM,2012,2634
mpd2020-pib-per-capita-mapa,KHM,2013,2782
mpd2020-pib-per-capita-mapa,KHM,2014,2930
mpd2020-pib-per-capita-mapa,KHM,2015,3086
mpd2020-pib-per-capita-mapa,KHM,2016,3251
mpd2020-pib-per-capita-mapa,KHM,2017,3425.3947
mpd2020-pib-per-capita-mapa,KHM,2018,3628.5611
mpd2020-pib-per-capita-mapa,KOR,1820,815.7743
mpd2020-pib-per-capita-mapa,KOR,1870,820.3573
mpd2020-pib-per-capita-mapa,KOR,1911,1107.5587
mpd2020-pib-per-capita-mapa,KOR,1912,1090.4381
mpd2020-pib-per-capita-mapa,KOR,1913,1171.0439
mpd2020-pib-per-capita-mapa,KOR,1914,1254.4019
mpd2020-pib-per-capita-mapa,KOR,1915,1261.2614
mpd2020-pib-per-capita-mapa,KOR,1916,1314.9944
mpd2020-pib-per-capita-mapa,KOR,1917,1366.1466
mpd2020-pib-per-capita-mapa,KOR,1918,1427.0303
mpd2020-pib-per-capita-mapa,KOR,1919,1363.1521
mpd2020-pib-per-capita-mapa,KOR,1920,1428.8164
mpd2020-pib-per-capita-mapa,KOR,1921,1473.8791
mpd2020-pib-per-capita-mapa,KOR,1922,1492.9811
mpd2020-pib-per-capita-mapa,KOR,1923,1505.5023
mpd2020-pib-per-capita-mapa,KOR,1924,1422.1493
mpd2020-pib-per-capita-mapa,KOR,1925,1469.8882
mpd2020-pib-per-capita-mapa,KOR,1926,1529.5438
mpd2020-pib-per-capita-mapa,KOR,1927,1611.7197
mpd2020-pib-per-capita-mapa,KOR,1928,1492.937
mpd2020-pib-per-capita-mapa,KOR,1929,1495.8643
mpd2020-pib-per-capita-mapa,KOR,1930,1637.2098
mpd2020-pib-per-capita-mapa,KOR,1931,1620.7774
mpd2020-pib-per-capita-mapa,KOR,1932,1620.9446
mpd2020-pib-per-capita-mapa,KOR,1933,1655.0253
mpd2020-pib-per-capita-mapa,KOR,1934,1673.3032
mpd2020-pib-per-capita-mapa,KOR,1935,1759.597
mpd2020-pib-per-capita-mapa,KOR,1936,1692.8866
mpd2020-pib-per-capita-mapa,KOR,1937,2005.7491
mpd2020-pib-per-capita-mapa,KOR,1938,1935.0964
mpd2020-pib-per-capita-mapa,KOR,1939,1610.7312
mpd2020-pib-per-capita-mapa,KOR,1940,1975.2361
mpd2020-pib-per-capita-mapa,KOR,1941,2107.2475
mpd2020-pib-per-capita-mapa,KOR,1942,1645.722
mpd2020-pib-per-capita-mapa,KOR,1943,1685.9387
mpd2020-pib-per-capita-mapa,KOR,1946,915.7651
mpd2020-pib-per-capita-mapa,KOR,1947,937.2627
mpd2020-pib-per-capita-mapa,KOR,1948,1098.8715
mpd2020-pib-per-capita-mapa,KOR,1949,1188.9807
mpd2020-pib-per-capita-mapa,KOR,1950,998.0888
mpd2020-pib-per-capita-mapa,KOR,1951,990.77
mpd2020-pib-per-capita-mapa,KOR,1952,1038.041
mpd2020-pib-per-capita-mapa,KOR,1953,1316.6911
mpd2020-pib-per-capita-mapa,KOR,1954,1372.6798
mpd2020-pib-per-capita-mapa,KOR,1955,1411.3336
mpd2020-pib-per-capita-mapa,KOR,1956,1381.9828
mpd2020-pib-per-capita-mapa,KOR,1957,1466.7677
mpd2020-pib-per-capita-mapa,KOR,1958,1517.8839
mpd2020-pib-per-capita-mapa,KOR,1959,1555.7272
mpd2020-pib-per-capita-mapa,KOR,1960,1547.6918
mpd2020-pib-per-capita-mapa,KOR,1961,1605.8468
mpd2020-pib-per-capita-mapa,KOR,1962,1620.4902
mpd2020-pib-per-capita-mapa,KOR,1963,1720.8241
mpd2020-pib-per-capita-mapa,KOR,1964,1834.9778
mpd2020-pib-per-capita-mapa,KOR,1965,1917.4283
mpd2020-pib-per-capita-mapa,KOR,1966,2093.888
mpd2020-pib-per-capita-mapa,KOR,1967,2232.0535
mpd2020-pib-per-capita-mapa,KOR,1968,2468.4836
mpd2020-pib-per-capita-mapa,KOR,1969,2764.1534
mpd2020-pib-per-capita-mapa,KOR,1970,2974.8073
mpd2020-pib-per-capita-mapa,KOR,1971,3221.6745
mpd2020-pib-per-capita-mapa,KOR,1972,3387.8905
mpd2020-pib-per-capita-mapa,KOR,1973,3822.0458
mpd2020-pib-per-capita-mapa,KOR,1974,4112.6013
mpd2020-pib-per-capita-mapa,KOR,1975,4362.0067
mpd2020-pib-per-capita-mapa,KOR,1976,4855.9407
mpd2020-pib-per-capita-mapa,KOR,1977,5367.7949
mpd2020-pib-per-capita-mapa,KOR,1978,5856.4965
mpd2020-pib-per-capita-mapa,KOR,1979,6265.8862
mpd2020-pib-per-capita-mapa,KOR,1980,6064.0401
mpd2020-pib-per-capita-mapa,KOR,1981,6398.8511
mpd2020-pib-per-capita-mapa,KOR,1982,6821.4749
mpd2020-pib-per-capita-mapa,KOR,1983,7611.7341
mpd2020-pib-per-capita-mapa,KOR,1984,8303.519
mpd2020-pib-per-capita-mapa,KOR,1985,8859.3553
mpd2020-pib-per-capita-mapa,KOR,1986,9756.2055
mpd2020-pib-per-capita-mapa,KOR,1987,10864.9741
mpd2020-pib-per-capita-mapa,KOR,1988,12039.9458
mpd2020-pib-per-capita-mapa,KOR,1989,12759.4896
mpd2020-pib-per-capita-mapa,KOR,1990,13874
mpd2020-pib-per-capita-mapa,KOR,1991,15056.1603
mpd2020-pib-per-capita-mapa,KOR,1992,15712.0022
mpd2020-pib-per-capita-mapa,KOR,1993,16503.4339
mpd2020-pib-per-capita-mapa,KOR,1994,17720.3953
mpd2020-pib-per-capita-mapa,KOR,1995,19089.2991
mpd2020-pib-per-capita-mapa,KOR,1996,20204.5614
mpd2020-pib-per-capita-mapa,KOR,1997,21055.9462
mpd2020-pib-per-capita-mapa,KOR,1998,19624.6916
mpd2020-pib-per-capita-mapa,KOR,1999,21540.6926
mpd2020-pib-per-capita-mapa,KOR,2000,23108.0175
mpd2020-pib-per-capita-mapa,KOR,2001,23804.4377
mpd2020-pib-per-capita-mapa,KOR,2002,25250.6374
mpd2020-pib-per-capita-mapa,KOR,2003,25679.2466
mpd2020-pib-per-capita-mapa,KOR,2004,26646.5033
mpd2020-pib-per-capita-mapa,KOR,2005,27443.2834
mpd2020-pib-per-capita-mapa,KOR,2006,28516.4838
mpd2020-pib-per-capita-mapa,KOR,2007,29716.5704
mpd2020-pib-per-capita-mapa,KOR,2008,30117.7286
mpd2020-pib-per-capita-mapa,KOR,2009,29967.5631
mpd2020-pib-per-capita-mapa,KOR,2010,31537.7729
mpd2020-pib-per-capita-mapa,KOR,2011,32225
mpd2020-pib-per-capita-mapa,KOR,2012,32791
mpd2020-pib-per-capita-mapa,KOR,2013,33588
mpd2020-pib-per-capita-mapa,KOR,2014,34493
mpd2020-pib-per-capita-mapa,KOR,2015,35269
mpd2020-pib-per-capita-mapa,KOR,2016,36103
mpd2020-pib-per-capita-mapa,KOR,2017,37093.2166
mpd2020-pib-per-capita-mapa,KOR,2018,37927.6095
mpd2020-pib-per-capita-mapa,KWT,1950,46031
mpd2020-pib-per-capita-mapa,KWT,1951,47464
mpd2020-pib-per-capita-mapa,KWT,1952,47856
mpd2020-pib-per-capita-mapa,KWT,1953,49989
mpd2020-pib-per-capita-mapa,KWT,1954,52920
mpd2020-pib-per-capita-mapa,KWT,1955,51417
mpd2020-pib-per-capita-mapa,KWT,1956,52404
mpd2020-pib-per-capita-mapa,KWT,1957,50126
mpd2020-pib-per-capita-mapa,KWT,1958,47671
mpd2020-pib-per-capita-mapa,KWT,1959,47131
mpd2020-pib-per-capita-mapa,KWT,1960,45929
mpd2020-pib-per-capita-mapa,KWT,1961,41622
mpd2020-pib-per-capita-mapa,KWT,1962,42150
mpd2020-pib-per-capita-mapa,KWT,1963,40377
mpd2020-pib-per-capita-mapa,KWT,1964,40333
mpd2020-pib-per-capita-mapa,KWT,1965,37511
mpd2020-pib-per-capita-mapa,KWT,1966,38335
mpd2020-pib-per-capita-mapa,KWT,1967,35720
mpd2020-pib-per-capita-mapa,KWT,1968,35546
mpd2020-pib-per-capita-mapa,KWT,1969,33415
mpd2020-pib-per-capita-mapa,KWT,1970,48927
mpd2020-pib-per-capita-mapa,KWT,1971,49302
mpd2020-pib-per-capita-mapa,KWT,1972,48283
mpd2020-pib-per-capita-mapa,KWT,1973,42542
mpd2020-pib-per-capita-mapa,KWT,1974,34962
mpd2020-pib-per-capita-mapa,KWT,1975,28950
mpd2020-pib-per-capita-mapa,KWT,1976,28956
mpd2020-pib-per-capita-mapa,KWT,1977,26168
mpd2020-pib-per-capita-mapa,KWT,1978,26363
mpd2020-pib-per-capita-mapa,KWT,1979,28174
mpd2020-pib-per-capita-mapa,KWT,1980,21154
mpd2020-pib-per-capita-mapa,KWT,1981,16402
mpd2020-pib-per-capita-mapa,KWT,1982,13845
mpd2020-pib-per-capita-mapa,KWT,1983,14292
mpd2020-pib-per-capita-mapa,KWT,1984,14384
mpd2020-pib-per-capita-mapa,KWT,1985,13015
mpd2020-pib-per-capita-mapa,KWT,1986,13509
mpd2020-pib-per-capita-mapa,KWT,1987,12416
mpd2020-pib-per-capita-mapa,KWT,1988,12317
mpd2020-pib-per-capita-mapa,KWT,1989,12701
mpd2020-pib-per-capita-mapa,KWT,1990,9757
mpd2020-pib-per-capita-mapa,KWT,1991,6310.9068
mpd2020-pib-per-capita-mapa,KWT,1992,12965.0669
mpd2020-pib-per-capita-mapa,KWT,1993,19955.3143
mpd2020-pib-per-capita-mapa,KWT,1994,24532.4135
mpd2020-pib-per-capita-mapa,KWT,1995,27552.961
mpd2020-pib-per-capita-mapa,KWT,1996,29612.6601
mpd2020-pib-per-capita-mapa,KWT,1997,31511.1913
mpd2020-pib-per-capita-mapa,KWT,1998,33331.2986
mpd2020-pib-per-capita-mapa,KWT,1999,33351.195
mpd2020-pib-per-capita-mapa,KWT,2000,35844.7475
mpd2020-pib-per-capita-mapa,KWT,2001,37225.8694
mpd2020-pib-per-capita-mapa,KWT,2002,39943.1482
mpd2020-pib-per-capita-mapa,KWT,2003,48809.7128
mpd2020-pib-per-capita-mapa,KWT,2004,55911.7936
mpd2020-pib-per-capita-mapa,KWT,2005,62959.6014
mpd2020-pib-per-capita-mapa,KWT,2006,68546.1429
mpd2020-pib-per-capita-mapa,KWT,2007,73096.871
mpd2020-pib-per-capita-mapa,KWT,2008,75138.1197
mpd2020-pib-per-capita-mapa,KWT,2009,70072.7294
mpd2020-pib-per-capita-mapa,KWT,2010,68865.3096
mpd2020-pib-per-capita-mapa,KWT,2011,77126
mpd2020-pib-per-capita-mapa,KWT,2012,78801
mpd2020-pib-per-capita-mapa,KWT,2013,75256
mpd2020-pib-per-capita-mapa,KWT,2014,72508
mpd2020-pib-per-capita-mapa,KWT,2015,71354
mpd2020-pib-per-capita-mapa,KWT,2016,71010
mpd2020-pib-per-capita-mapa,KWT,2017,66010.1354
mpd2020-pib-per-capita-mapa,KWT,2018,65520.7367
mpd2020-pib-per-capita-mapa,LAO,1950,697
mpd2020-pib-per-capita-mapa,LAO,1951,706
mpd2020-pib-per-capita-mapa,LAO,1952,714
mpd2020-pib-per-capita-mapa,LAO,1953,722
mpd2020-pib-per-capita-mapa,LAO,1954,730
mpd2020-pib-per-capita-mapa,LAO,1955,738
mpd2020-pib-per-capita-mapa,LAO,1956,744
mpd2020-pib-per-capita-mapa,LAO,1957,751
mpd2020-pib-per-capita-mapa,LAO,1958,759
mpd2020-pib-per-capita-mapa,LAO,1959,765
mpd2020-pib-per-capita-mapa,LAO,1960,771
mpd2020-pib-per-capita-mapa,LAO,1961,779
mpd2020-pib-per-capita-mapa,LAO,1962,787
mpd2020-pib-per-capita-mapa,LAO,1963,794
mpd2020-pib-per-capita-mapa,LAO,1964,802
mpd2020-pib-per-capita-mapa,LAO,1965,810
mpd2020-pib-per-capita-mapa,LAO,1966,818
mpd2020-pib-per-capita-mapa,LAO,1967,826
mpd2020-pib-per-capita-mapa,LAO,1968,834
mpd2020-pib-per-capita-mapa,LAO,1969,842
mpd2020-pib-per-capita-mapa,LAO,1970,850
mpd2020-pib-per-capita-mapa,LAO,1971,875
mpd2020-pib-per-capita-mapa,LAO,1972,886
mpd2020-pib-per-capita-mapa,LAO,1973,944
mpd2020-pib-per-capita-mapa,LAO,1974,958
mpd2020-pib-per-capita-mapa,LAO,1975,999
mpd2020-pib-per-capita-mapa,LAO,1976,1023
mpd2020-pib-per-capita-mapa,LAO,1977,993
mpd2020-pib-per-capita-mapa,LAO,1978,991
mpd2020-pib-per-capita-mapa,LAO,1979,966
mpd2020-pib-per-capita-mapa,LAO,1980,1054
mpd2020-pib-per-capita-mapa,LAO,1981,1199
mpd2020-pib-per-capita-mapa,LAO,1982,1256
mpd2020-pib-per-capita-mapa,LAO,1983,1283
mpd2020-pib-per-capita-mapa,LAO,1984,1344
mpd2020-pib-per-capita-mapa,LAO,1985,1382
mpd2020-pib-per-capita-mapa,LAO,1986,1409
mpd2020-pib-per-capita-mapa,LAO,1987,1350
mpd2020-pib-per-capita-mapa,LAO,1988,1286
mpd2020-pib-per-capita-mapa,LAO,1989,1428
mpd2020-pib-per-capita-mapa,LAO,1990,1481
mpd2020-pib-per-capita-mapa,LAO,1991,1512.4799
mpd2020-pib-per-capita-mapa,LAO,1992,1563.9057
mpd2020-pib-per-capita-mapa,LAO,1993,1622.5545
mpd2020-pib-per-capita-mapa,LAO,1994,1718.1159
mpd2020-pib-per-capita-mapa,LAO,1995,1801.544
mpd2020-pib-per-capita-mapa,LAO,1996,1899.8959
mpd2020-pib-per-capita-mapa,LAO,1997,2002.236
mpd2020-pib-per-capita-mapa,LAO,1998,2050.8838
mpd2020-pib-per-capita-mapa,LAO,1999,2167.7796
mpd2020-pib-per-capita-mapa,LAO,2000,2262.2356
mpd2020-pib-per-capita-mapa,LAO,2001,2365.1033
mpd2020-pib-per-capita-mapa,LAO,2002,2486.9892
mpd2020-pib-per-capita-mapa,LAO,2003,2625.3482
mpd2020-pib-per-capita-mapa,LAO,2004,2784.6801
mpd2020-pib-per-capita-mapa,LAO,2005,2948.6996
mpd2020-pib-per-capita-mapa,LAO,2006,2896.1355
mpd2020-pib-per-capita-mapa,LAO,2007,3389.3641
mpd2020-pib-per-capita-mapa,LAO,2008,3614.4768
mpd2020-pib-per-capita-mapa,LAO,2009,3843.8297
mpd2020-pib-per-capita-mapa,LAO,2010,4114.0103
mpd2020-pib-per-capita-mapa,LAO,2011,4401
mpd2020-pib-per-capita-mapa,LAO,2012,4670
mpd2020-pib-per-capita-mapa,LAO,2013,4961
mpd2020-pib-per-capita-mapa,LAO,2014,5251
mpd2020-pib-per-capita-mapa,LAO,2015,5559
mpd2020-pib-per-capita-mapa,LAO,2016,5859
mpd2020-pib-per-capita-mapa,LAO,2017,6166.2762
mpd2020-pib-per-capita-mapa,LAO,2018,6450.9066
mpd2020-pib-per-capita-mapa,LBN,1820,1084
mpd2020-pib-per-capita-mapa,LBN,1870,1514
mpd2020-pib-per-capita-mapa,LBN,1913,2311
mpd2020-pib-per-capita-mapa,LBN,1950,3872
mpd2020-pib-per-capita-mapa,LBN,1951,5150
mpd2020-pib-per-capita-mapa,LBN,1952,5327
mpd2020-pib-per-capita-mapa,LBN,1953,5968
mpd2020-pib-per-capita-mapa,LBN,1954,6668
mpd2020-pib-per-capita-mapa,LBN,1955,7010
mpd2020-pib-per-capita-mapa,LBN,1956,6663
mpd2020-pib-per-capita-mapa,LBN,1957,6599
mpd2020-pib-per-capita-mapa,LBN,1958,5510
mpd2020-pib-per-capita-mapa,LBN,1959,5818
mpd2020-pib-per-capita-mapa,LBN,1960,5812
mpd2020-pib-per-capita-mapa,LBN,1961,6027
mpd2020-pib-per-capita-mapa,LBN,1962,6089
mpd2020-pib-per-capita-mapa,LBN,1963,5973
mpd2020-pib-per-capita-mapa,LBN,1964,6156
mpd2020-pib-per-capita-mapa,LBN,1965,6572
mpd2020-pib-per-capita-mapa,LBN,1966,6811
mpd2020-pib-per-capita-mapa,LBN,1967,6295
mpd2020-pib-per-capita-mapa,LBN,1968,6876
mpd2020-pib-per-capita-mapa,LBN,1969,6824
mpd2020-pib-per-capita-mapa,LBN,1970,7084
mpd2020-pib-per-capita-mapa,LBN,1971,7533
mpd2020-pib-per-capita-mapa,LBN,1972,8228
mpd2020-pib-per-capita-mapa,LBN,1973,8397
mpd2020-pib-per-capita-mapa,LBN,1974,8383
mpd2020-pib-per-capita-mapa,LBN,1975,5742
mpd2020-pib-per-capita-mapa,LBN,1976,2442
mpd2020-pib-per-capita-mapa,LBN,1977,4417
mpd2020-pib-per-capita-mapa,LBN,1978,4218
mpd2020-pib-per-capita-mapa,LBN,1979,4536
mpd2020-pib-per-capita-mapa,LBN,1980,4608
mpd2020-pib-per-capita-mapa,LBN,1981,4549
mpd2020-pib-per-capita-mapa,LBN,1982,2823
mpd2020-pib-per-capita-mapa,LBN,1983,3402
mpd2020-pib-per-capita-mapa,LBN,1984,4828
mpd2020-pib-per-capita-mapa,LBN,1985,5895
mpd2020-pib-per-capita-mapa,LBN,1986,5400
mpd2020-pib-per-capita-mapa,LBN,1987,6202
mpd2020-pib-per-capita-mapa,LBN,1988,4385
mpd2020-pib-per-capita-mapa,LBN,1989,2488
mpd2020-pib-per-capita-mapa,LBN,1990,3086
mpd2020-pib-per-capita-mapa,LBN,1991,4326.2994
mpd2020-pib-per-capita-mapa,LBN,1992,4618.0054
mpd2020-pib-per-capita-mapa,LBN,1993,5053.2803
mpd2020-pib-per-capita-mapa,LBN,1994,5585.667
mpd2020-pib-per-capita-mapa,LBN,1995,6095.397
mpd2020-pib-per-capita-mapa,LBN,1996,6567.4006
mpd2020-pib-per-capita-mapa,LBN,1997,6581.0531
mpd2020-pib-per-capita-mapa,LBN,1998,6994.1569
mpd2020-pib-per-capita-mapa,LBN,1999,7147.5548
mpd2020-pib-per-capita-mapa,LBN,2000,7405.707
mpd2020-pib-per-capita-mapa,LBN,2001,7836.8266
mpd2020-pib-per-capita-mapa,LBN,2002,8248.1002
mpd2020-pib-per-capita-mapa,LBN,2003,8671.1878
mpd2020-pib-per-capita-mapa,LBN,2004,9491.6107
mpd2020-pib-per-capita-mapa,LBN,2005,9933.0819
mpd2020-pib-per-capita-mapa,LBN,2006,10236.8683
mpd2020-pib-per-capita-mapa,LBN,2007,11276.5067
mpd2020-pib-per-capita-mapa,LBN,2008,12479.1077
mpd2020-pib-per-capita-mapa,LBN,2009,14039.3462
mpd2020-pib-per-capita-mapa,LBN,2010,15622.3671
mpd2020-pib-per-capita-mapa,LBN,2011,16230
mpd2020-pib-per-capita-mapa,LBN,2012,16315
mpd2020-pib-per-capita-mapa,LBN,2013,15055
mpd2020-pib-per-capita-mapa,LBN,2014,13416
mpd2020-pib-per-capita-mapa,LBN,2015,12953
mpd2020-pib-per-capita-mapa,LBN,2016,12972
mpd2020-pib-per-capita-mapa,LBN,2017,12880.7816
mpd2020-pib-per-capita-mapa,LBN,2018,12558.9669
mpd2020-pib-per-capita-mapa,LBR,1950,3151
mpd2020-pib-per-capita-mapa,LBR,1951,3257
mpd2020-pib-per-capita-mapa,LBR,1952,3277
mpd2020-pib-per-capita-mapa,LBR,1953,3325
mpd2020-pib-per-capita-mapa,LBR,1954,3427
mpd2020-pib-per-capita-mapa,LBR,1955,3454
mpd2020-pib-per-capita-mapa,LBR,1956,3494
mpd2020-pib-per-capita-mapa,LBR,1957,3537
mpd2020-pib-per-capita-mapa,LBR,1958,3545
mpd2020-pib-per-capita-mapa,LBR,1959,3655
mpd2020-pib-per-capita-mapa,LBR,1960,3674
mpd2020-pib-per-capita-mapa,LBR,1961,3663
mpd2020-pib-per-capita-mapa,LBR,1962,3612
mpd2020-pib-per-capita-mapa,LBR,1963,3598
mpd2020-pib-per-capita-mapa,LBR,1964,3679
mpd2020-pib-per-capita-mapa,LBR,1965,3639
mpd2020-pib-per-capita-mapa,LBR,1966,4208
mpd2020-pib-per-capita-mapa,LBR,1967,4065
mpd2020-pib-per-capita-mapa,LBR,1968,4136
mpd2020-pib-per-capita-mapa,LBR,1969,4309
mpd2020-pib-per-capita-mapa,LBR,1970,4457
mpd2020-pib-per-capita-mapa,LBR,1971,4544
mpd2020-pib-per-capita-mapa,LBR,1972,4568
mpd2020-pib-per-capita-mapa,LBR,1973,4603
mpd2020-pib-per-capita-mapa,LBR,1974,4616
mpd2020-pib-per-capita-mapa,LBR,1975,4326
mpd2020-pib-per-capita-mapa,LBR,1976,4415
mpd2020-pib-per-capita-mapa,LBR,1977,4339
mpd2020-pib-per-capita-mapa,LBR,1978,4463
mpd2020-pib-per-capita-mapa,LBR,1979,4546
mpd2020-pib-per-capita-mapa,LBR,1980,4138
mpd2020-pib-per-capita-mapa,LBR,1981,3862
mpd2020-pib-per-capita-mapa,LBR,1982,3813
mpd2020-pib-per-capita-mapa,LBR,1983,3572
mpd2020-pib-per-capita-mapa,LBR,1984,3443
mpd2020-pib-per-capita-mapa,LBR,1985,3269
mpd2020-pib-per-capita-mapa,LBR,1986,3129
mpd2020-pib-per-capita-mapa,LBR,1987,3084
mpd2020-pib-per-capita-mapa,LBR,1988,3070
mpd2020-pib-per-capita-mapa,LBR,1989,3054
mpd2020-pib-per-capita-mapa,LBR,1990,1690
mpd2020-pib-per-capita-mapa,LBR,1991,1568.4043
mpd2020-pib-per-capita-mapa,LBR,1992,915.1206
mpd2020-pib-per-capita-mapa,LBR,1993,560.333
mpd2020-pib-per-capita-mapa,LBR,1994,418.1216
mpd2020-pib-per-capita-mapa,LBR,1995,377.5801
mpd2020-pib-per-capita-mapa,LBR,1996,391.0859
mpd2020-pib-per-capita-mapa,LBR,1997,701.7854
mpd2020-pib-per-capita-mapa,LBR,1998,772.6765
mpd2020-pib-per-capita-mapa,LBR,1999,848.4212
mpd2020-pib-per-capita-mapa,LBR,2000,971.933
mpd2020-pib-per-capita-mapa,LBR,2001,1097.2496
mpd2020-pib-per-capita-mapa,LBR,2002,1342.7588
mpd2020-pib-per-capita-mapa,LBR,2003,851.911
mpd2020-pib-per-capita-mapa,LBR,2004,760.8758
mpd2020-pib-per-capita-mapa,LBR,2005,755.2236
mpd2020-pib-per-capita-mapa,LBR,2006,769.293
mpd2020-pib-per-capita-mapa,LBR,2007,768.207
mpd2020-pib-per-capita-mapa,LBR,2008,811.158
mpd2020-pib-per-capita-mapa,LBR,2009,838.452
mpd2020-pib-per-capita-mapa,LBR,2010,854.235
mpd2020-pib-per-capita-mapa,LBR,2011,820
mpd2020-pib-per-capita-mapa,LBR,2012,853
mpd2020-pib-per-capita-mapa,LBR,2013,900
mpd2020-pib-per-capita-mapa,LBR,2014,884
mpd2020-pib-per-capita-mapa,LBR,2015,865
mpd2020-pib-per-capita-mapa,LBR,2016,829
mpd2020-pib-per-capita-mapa,LBR,2017,828.6107
mpd2020-pib-per-capita-mapa,LBR,2018,818.4211
mpd2020-pib-per-capita-mapa,LBY,1950,620
mpd2020-pib-per-capita-mapa,LBY,1951,668
mpd2020-pib-per-capita-mapa,LBY,1952,697
mpd2020-pib-per-capita-mapa,LBY,1953,685
mpd2020-pib-per-capita-mapa,LBY,1954,662
mpd2020-pib-per-capita-mapa,LBY,1955,807
mpd2020-pib-per-capita-mapa,LBY,1956,950
mpd2020-pib-per-capita-mapa,LBY,1957,958
mpd2020-pib-per-capita-mapa,LBY,1958,1020
mpd2020-pib-per-capita-mapa,LBY,1959,1063
mpd2020-pib-per-capita-mapa,LBY,1960,1323
mpd2020-pib-per-capita-mapa,LBY,1961,1400
mpd2020-pib-per-capita-mapa,LBY,1962,1788
mpd2020-pib-per-capita-mapa,LBY,1963,2322
mpd2020-pib-per-capita-mapa,LBY,1964,3156
mpd2020-pib-per-capita-mapa,LBY,1965,3889
mpd2020-pib-per-capita-mapa,LBY,1966,4417
mpd2020-pib-per-capita-mapa,LBY,1967,4733
mpd2020-pib-per-capita-mapa,LBY,1968,6071
mpd2020-pib-per-capita-mapa,LBY,1969,6539
mpd2020-pib-per-capita-mapa,LBY,1970,6591
mpd2020-pib-per-capita-mapa,LBY,1971,6008
mpd2020-pib-per-capita-mapa,LBY,1972,6237
mpd2020-pib-per-capita-mapa,LBY,1973,6005
mpd2020-pib-per-capita-mapa,LBY,1974,6923
mpd2020-pib-per-capita-mapa,LBY,1975,6872
mpd2020-pib-per-capita-mapa,LBY,1976,8142
mpd2020-pib-per-capita-mapa,LBY,1977,8682
mpd2020-pib-per-capita-mapa,LBY,1978,8730
mpd2020-pib-per-capita-mapa,LBY,1979,9086
mpd2020-pib-per-capita-mapa,LBY,1980,8741
mpd2020-pib-per-capita-mapa,LBY,1981,6760
mpd2020-pib-per-capita-mapa,LBY,1982,6661
mpd2020-pib-per-capita-mapa,LBY,1983,6237
mpd2020-pib-per-capita-mapa,LBY,1984,5695
mpd2020-pib-per-capita-mapa,LBY,1985,6092
mpd2020-pib-per-capita-mapa,LBY,1986,5370
mpd2020-pib-per-capita-mapa,LBY,1987,4465
mpd2020-pib-per-capita-mapa,LBY,1988,4670
mpd2020-pib-per-capita-mapa,LBY,1989,4873
mpd2020-pib-per-capita-mapa,LBY,1990,4921
mpd2020-pib-per-capita-mapa,LBY,1991,5977.3369
mpd2020-pib-per-capita-mapa,LBY,1992,6113.3535
mpd2020-pib-per-capita-mapa,LBY,1993,6190.6814
mpd2020-pib-per-capita-mapa,LBY,1994,6645.0766
mpd2020-pib-per-capita-mapa,LBY,1995,6898.9524
mpd2020-pib-per-capita-mapa,LBY,1996,7543.9354
mpd2020-pib-per-capita-mapa,LBY,1997,8422.2147
mpd2020-pib-per-capita-mapa,LBY,1998,8545.4807
mpd2020-pib-per-capita-mapa,LBY,1999,9064.0673
mpd2020-pib-per-capita-mapa,LBY,2000,9770.9804
mpd2020-pib-per-capita-mapa,LBY,2001,10354.4826
mpd2020-pib-per-capita-mapa,LBY,2002,10787.6747
mpd2020-pib-per-capita-mapa,LBY,2003,12870.5745
mpd2020-pib-per-capita-mapa,LBY,2004,14193.259
mpd2020-pib-per-capita-mapa,LBY,2005,16538.5566
mpd2020-pib-per-capita-mapa,LBY,2006,18657.0617
mpd2020-pib-per-capita-mapa,LBY,2007,20731.7178
mpd2020-pib-per-capita-mapa,LBY,2008,25140.5988
mpd2020-pib-per-capita-mapa,LBY,2009,26403.788
mpd2020-pib-per-capita-mapa,LBY,2010,29157.1421
mpd2020-pib-per-capita-mapa,LBY,2011,12893
mpd2020-pib-per-capita-mapa,LBY,2012,29766
mpd2020-pib-per-capita-mapa,LBY,2013,13326
mpd2020-pib-per-capita-mapa,LBY,2014,9736
mpd2020-pib-per-capita-mapa,LBY,2015,8514
mpd2020-pib-per-capita-mapa,LBY,2016,8096
mpd2020-pib-per-capita-mapa,LBY,2017,13008.4454
mpd2020-pib-per-capita-mapa,LBY,2018,15013.3124
mpd2020-pib-per-capita-mapa,LCA,1950,1231
mpd2020-pib-per-capita-mapa,LCA,1951,1254
mpd2020-pib-per-capita-mapa,LCA,1952,1288
mpd2020-pib-per-capita-mapa,LCA,1953,1326
mpd2020-pib-per-capita-mapa,LCA,1954,1364
mpd2020-pib-per-capita-mapa,LCA,1955,1400
mpd2020-pib-per-capita-mapa,LCA,1956,1433
mpd2020-pib-per-capita-mapa,LCA,1957,1479
mpd2020-pib-per-capita-mapa,LCA,1958,1545
mpd2020-pib-per-capita-mapa,LCA,1959,1623
mpd2020-pib-per-capita-mapa,LCA,1960,1691
mpd2020-pib-per-capita-mapa,LCA,1961,1747
mpd2020-pib-per-capita-mapa,LCA,1962,1798
mpd2020-pib-per-capita-mapa,LCA,1963,1849
mpd2020-pib-per-capita-mapa,LCA,1964,1900
mpd2020-pib-per-capita-mapa,LCA,1965,1946
mpd2020-pib-per-capita-mapa,LCA,1966,1989
mpd2020-pib-per-capita-mapa,LCA,1967,2036
mpd2020-pib-per-capita-mapa,LCA,1968,2091
mpd2020-pib-per-capita-mapa,LCA,1969,2150
mpd2020-pib-per-capita-mapa,LCA,1970,2203
mpd2020-pib-per-capita-mapa,LCA,1971,2265
mpd2020-pib-per-capita-mapa,LCA,1972,2279
mpd2020-pib-per-capita-mapa,LCA,1973,2268
mpd2020-pib-per-capita-mapa,LCA,1974,2356
mpd2020-pib-per-capita-mapa,LCA,1975,2428
mpd2020-pib-per-capita-mapa,LCA,1976,2820
mpd2020-pib-per-capita-mapa,LCA,1977,3027
mpd2020-pib-per-capita-mapa,LCA,1978,3196
mpd2020-pib-per-capita-mapa,LCA,1979,3247
mpd2020-pib-per-capita-mapa,LCA,1980,3011
mpd2020-pib-per-capita-mapa,LCA,1981,3051
mpd2020-pib-per-capita-mapa,LCA,1982,3102
mpd2020-pib-per-capita-mapa,LCA,1983,3229
mpd2020-pib-per-capita-mapa,LCA,1984,3403
mpd2020-pib-per-capita-mapa,LCA,1985,3606
mpd2020-pib-per-capita-mapa,LCA,1986,4157
mpd2020-pib-per-capita-mapa,LCA,1987,4224
mpd2020-pib-per-capita-mapa,LCA,1988,4779
mpd2020-pib-per-capita-mapa,LCA,1989,5093
mpd2020-pib-per-capita-mapa,LCA,1990,5203
mpd2020-pib-per-capita-mapa,LCA,1991,5270.2546
mpd2020-pib-per-capita-mapa,LCA,1992,5737.2884
mpd2020-pib-per-capita-mapa,LCA,1993,5804.0557
mpd2020-pib-per-capita-mapa,LCA,1994,5945.7686
mpd2020-pib-per-capita-mapa,LCA,1995,6095.8301
mpd2020-pib-per-capita-mapa,LCA,1996,6330.9345
mpd2020-pib-per-capita-mapa,LCA,1997,6344.7846
mpd2020-pib-per-capita-mapa,LCA,1998,6831.2296
mpd2020-pib-per-capita-mapa,LCA,1999,7111.8685
mpd2020-pib-per-capita-mapa,LCA,2000,7191.2747
mpd2020-pib-per-capita-mapa,LCA,2001,7014.2881
mpd2020-pib-per-capita-mapa,LCA,2002,7141.7545
mpd2020-pib-per-capita-mapa,LCA,2003,7602.129
mpd2020-pib-per-capita-mapa,LCA,2004,8322.3455
mpd2020-pib-per-capita-mapa,LCA,2005,8418.9115
mpd2020-pib-per-capita-mapa,LCA,2006,9135.3395
mpd2020-pib-per-capita-mapa,LCA,2007,9377.8958
mpd2020-pib-per-capita-mapa,LCA,2008,9931.6842
mpd2020-pib-per-capita-mapa,LCA,2009,10061.6342
mpd2020-pib-per-capita-mapa,LCA,2010,10058.6232
mpd2020-pib-per-capita-mapa,LCA,2011,10255
mpd2020-pib-per-capita-mapa,LCA,2012,10067
mpd2020-pib-per-capita-mapa,LCA,2013,10037
mpd2020-pib-per-capita-mapa,LCA,2014,10035
mpd2020-pib-per-capita-mapa,LCA,2015,10185
mpd2020-pib-per-capita-mapa,LCA,2016,10233
mpd2020-pib-per-capita-mapa,LCA,2017,10440.0105
mpd2020-pib-per-capita-mapa,LCA,2018,10475.3689
mpd2020-pib-per-capita-mapa,LKA,1820,877
mpd2020-pib-per-capita-mapa,LKA,1850,899
mpd2020-pib-per-capita-mapa,LKA,1870,1356
mpd2020-pib-per-capita-mapa,LKA,1871,1318
mpd2020-pib-per-capita-mapa,LKA,1872,1251
mpd2020-pib-per-capita-mapa,LKA,1873,1256
mpd2020-pib-per-capita-mapa,LKA,1874,1235
mpd2020-pib-per-capita-mapa,LKA,1875,1245
mpd2020-pib-per-capita-mapa,LKA,1876,1258
mpd2020-pib-per-capita-mapa,LKA,1877,1264
mpd2020-pib-per-capita-mapa,LKA,1878,1144
mpd2020-pib-per-capita-mapa,LKA,1879,1227
mpd2020-pib-per-capita-mapa,LKA,1880,1325
mpd2020-pib-per-capita-mapa,LKA,1881,1414
mpd2020-pib-per-capita-mapa,LKA,1882,1490
mpd2020-pib-per-capita-mapa,LKA,1883,1500
mpd2020-pib-per-capita-mapa,LKA,1884,1443
mpd2020-pib-per-capita-mapa,LKA,1885,1342
mpd2020-pib-per-capita-mapa,LKA,1886,1291
mpd2020-pib-per-capita-mapa,LKA,1887,1506
mpd2020-pib-per-capita-mapa,LKA,1888,1468
mpd2020-pib-per-capita-mapa,LKA,1889,1438
mpd2020-pib-per-capita-mapa,LKA,1890,1666
mpd2020-pib-per-capita-mapa,LKA,1891,1653
mpd2020-pib-per-capita-mapa,LKA,1892,1677
mpd2020-pib-per-capita-mapa,LKA,1893,1677
mpd2020-pib-per-capita-mapa,LKA,1894,1663
mpd2020-pib-per-capita-mapa,LKA,1895,1729
mpd2020-pib-per-capita-mapa,LKA,1896,1734
mpd2020-pib-per-capita-mapa,LKA,1897,1793
mpd2020-pib-per-capita-mapa,LKA,1898,1862
mpd2020-pib-per-capita-mapa,LKA,1899,1967
mpd2020-pib-per-capita-mapa,LKA,1900,2056
mpd2020-pib-per-capita-mapa,LKA,1901,1900
mpd2020-pib-per-capita-mapa,LKA,1902,1873
mpd2020-pib-per-capita-mapa,LKA,1903,1953
mpd2020-pib-per-capita-mapa,LKA,1904,1937
mpd2020-pib-per-capita-mapa,LKA,1905,1879
mpd2020-pib-per-capita-mapa,LKA,1906,1897
mpd2020-pib-per-capita-mapa,LKA,1907,1965
mpd2020-pib-per-capita-mapa,LKA,1908,1946
mpd2020-pib-per-capita-mapa,LKA,1909,1838
mpd2020-pib-per-capita-mapa,LKA,1910,1926
mpd2020-pib-per-capita-mapa,LKA,1911,1849
mpd2020-pib-per-capita-mapa,LKA,1912,1844
mpd2020-pib-per-capita-mapa,LKA,1913,1967
mpd2020-pib-per-capita-mapa,LKA,1914,1929
mpd2020-pib-per-capita-mapa,LKA,1915,1811
mpd2020-pib-per-capita-mapa,LKA,1916,1870
mpd2020-pib-per-capita-mapa,LKA,1917,1941
mpd2020-pib-per-capita-mapa,LKA,1918,1765
mpd2020-pib-per-capita-mapa,LKA,1919,1859
mpd2020-pib-per-capita-mapa,LKA,1920,1741
mpd2020-pib-per-capita-mapa,LKA,1921,1688
mpd2020-pib-per-capita-mapa,LKA,1922,1731
mpd2020-pib-per-capita-mapa,LKA,1923,1699
mpd2020-pib-per-capita-mapa,LKA,1924,1798
mpd2020-pib-per-capita-mapa,LKA,1925,1892
mpd2020-pib-per-capita-mapa,LKA,1926,2018
mpd2020-pib-per-capita-mapa,LKA,1927,2010
mpd2020-pib-per-capita-mapa,LKA,1928,2004
mpd2020-pib-per-capita-mapa,LKA,1929,2130
mpd2020-pib-per-capita-mapa,LKA,1930,2016
mpd2020-pib-per-capita-mapa,LKA,1931,1918
mpd2020-pib-per-capita-mapa,LKA,1932,1819
mpd2020-pib-per-capita-mapa,LKA,1933,1833
mpd2020-pib-per-capita-mapa,LKA,1934,2008
mpd2020-pib-per-capita-mapa,LKA,1935,1887
mpd2020-pib-per-capita-mapa,LKA,1936,1873
mpd2020-pib-per-capita-mapa,LKA,1937,1988
mpd2020-pib-per-capita-mapa,LKA,1938,1953
mpd2020-pib-per-capita-mapa,LKA,1939,1890
mpd2020-pib-per-capita-mapa,LKA,1940,1994
mpd2020-pib-per-capita-mapa,LKA,1941,2036
mpd2020-pib-per-capita-mapa,LKA,1942,2109
mpd2020-pib-per-capita-mapa,LKA,1943,2047
mpd2020-pib-per-capita-mapa,LKA,1944,1839
mpd2020-pib-per-capita-mapa,LKA,1945,1779
mpd2020-pib-per-capita-mapa,LKA,1946,1674
mpd2020-pib-per-capita-mapa,LKA,1947,1710
mpd2020-pib-per-capita-mapa,LKA,1948,1847
mpd2020-pib-per-capita-mapa,LKA,1949,1911
mpd2020-pib-per-capita-mapa,LKA,1950,1997
mpd2020-pib-per-capita-mapa,LKA,1951,2061
mpd2020-pib-per-capita-mapa,LKA,1952,2093
mpd2020-pib-per-capita-mapa,LKA,1953,2071
mpd2020-pib-per-capita-mapa,LKA,1954,2066
mpd2020-pib-per-capita-mapa,LKA,1955,2131
mpd2020-pib-per-capita-mapa,LKA,1956,2091
mpd2020-pib-per-capita-mapa,LKA,1957,2067
mpd2020-pib-per-capita-mapa,LKA,1958,2074
mpd2020-pib-per-capita-mapa,LKA,1959,2048
mpd2020-pib-per-capita-mapa,LKA,1960,2064
mpd2020-pib-per-capita-mapa,LKA,1961,2050
mpd2020-pib-per-capita-mapa,LKA,1962,2067
mpd2020-pib-per-capita-mapa,LKA,1963,2058
mpd2020-pib-per-capita-mapa,LKA,1964,2104
mpd2020-pib-per-capita-mapa,LKA,1965,2118
mpd2020-pib-per-capita-mapa,LKA,1966,2047
mpd2020-pib-per-capita-mapa,LKA,1967,2181
mpd2020-pib-per-capita-mapa,LKA,1968,2291
mpd2020-pib-per-capita-mapa,LKA,1969,2329
mpd2020-pib-per-capita-mapa,LKA,1970,2389
mpd2020-pib-per-capita-mapa,LKA,1971,2322
mpd2020-pib-per-capita-mapa,LKA,1972,2327
mpd2020-pib-per-capita-mapa,LKA,1973,2378
mpd2020-pib-per-capita-mapa,LKA,1974,2418
mpd2020-pib-per-capita-mapa,LKA,1975,2434
mpd2020-pib-per-capita-mapa,LKA,1976,2464
mpd2020-pib-per-capita-mapa,LKA,1977,2582
mpd2020-pib-per-capita-mapa,LKA,1978,2694
mpd2020-pib-per-capita-mapa,LKA,1979,2815
mpd2020-pib-per-capita-mapa,LKA,1980,2917
mpd2020-pib-per-capita-mapa,LKA,1981,3049
mpd2020-pib-per-capita-mapa,LKA,1982,3151
mpd2020-pib-per-capita-mapa,LKA,1983,3268
mpd2020-pib-per-capita-mapa,LKA,1984,3387
mpd2020-pib-per-capita-mapa,LKA,1985,3484
mpd2020-pib-per-capita-mapa,LKA,1986,3607
mpd2020-pib-per-capita-mapa,LKA,1987,3590
mpd2020-pib-per-capita-mapa,LKA,1988,3633
mpd2020-pib-per-capita-mapa,LKA,1989,3677
mpd2020-pib-per-capita-mapa,LKA,1990,3864
mpd2020-pib-per-capita-mapa,LKA,1991,4214.9819
mpd2020-pib-per-capita-mapa,LKA,1992,4020.9742
mpd2020-pib-per-capita-mapa,LKA,1993,4247.023
mpd2020-pib-per-capita-mapa,LKA,1994,4500.8196
mpd2020-pib-per-capita-mapa,LKA,1995,4702.2947
mpd2020-pib-per-capita-mapa,LKA,1996,5187.7088
mpd2020-pib-per-capita-mapa,LKA,1997,5628.5303
mpd2020-pib-per-capita-mapa,LKA,1998,5440.221
mpd2020-pib-per-capita-mapa,LKA,1999,5488.5154
mpd2020-pib-per-capita-mapa,LKA,2000,5841.0941
mpd2020-pib-per-capita-mapa,LKA,2001,5620.9658
mpd2020-pib-per-capita-mapa,LKA,2002,5721.3087
mpd2020-pib-per-capita-mapa,LKA,2003,5963.5697
mpd2020-pib-per-capita-mapa,LKA,2004,6191.9664
mpd2020-pib-per-capita-mapa,LKA,2005,6491.1982
mpd2020-pib-per-capita-mapa,LKA,2006,6904.0361
mpd2020-pib-per-capita-mapa,LKA,2007,7283.6321
mpd2020-pib-per-capita-mapa,LKA,2008,7622.4089
mpd2020-pib-per-capita-mapa,LKA,2009,7796.6474
mpd2020-pib-per-capita-mapa,LKA,2010,8319.7029
mpd2020-pib-per-capita-mapa,LKA,2011,8918
mpd2020-pib-per-capita-mapa,LKA,2012,9678
mpd2020-pib-per-capita-mapa,LKA,2013,9928
mpd2020-pib-per-capita-mapa,LKA,2014,10342
mpd2020-pib-per-capita-mapa,LKA,2015,10763
mpd2020-pib-per-capita-mapa,LKA,2016,11149
mpd2020-pib-per-capita-mapa,LKA,2017,11418.1292
mpd2020-pib-per-capita-mapa,LKA,2018,11662.9064
mpd2020-pib-per-capita-mapa,LSO,1950,631
mpd2020-pib-per-capita-mapa,LSO,1951,657
mpd2020-pib-per-capita-mapa,LSO,1952,666
mpd2020-pib-per-capita-mapa,LSO,1953,682
mpd2020-pib-per-capita-mapa,LSO,1954,708
mpd2020-pib-per-capita-mapa,LSO,1955,719
mpd2020-pib-per-capita-mapa,LSO,1956,735
mpd2020-pib-per-capita-mapa,LSO,1957,749
mpd2020-pib-per-capita-mapa,LSO,1958,764
mpd2020-pib-per-capita-mapa,LSO,1959,773
mpd2020-pib-per-capita-mapa,LSO,1960,813
mpd2020-pib-per-capita-mapa,LSO,1961,813
mpd2020-pib-per-capita-mapa,LSO,1962,918
mpd2020-pib-per-capita-mapa,LSO,1963,995
mpd2020-pib-per-capita-mapa,LSO,1964,1054
mpd2020-pib-per-capita-mapa,LSO,1965,1054
mpd2020-pib-per-capita-mapa,LSO,1966,1025
mpd2020-pib-per-capita-mapa,LSO,1967,1113
mpd2020-pib-per-capita-mapa,LSO,1968,1084
mpd2020-pib-per-capita-mapa,LSO,1969,1074
mpd2020-pib-per-capita-mapa,LSO,1970,1073
mpd2020-pib-per-capita-mapa,LSO,1971,952
mpd2020-pib-per-capita-mapa,LSO,1972,1108
mpd2020-pib-per-capita-mapa,LSO,1973,1364
mpd2020-pib-per-capita-mapa,LSO,1974,1414
mpd2020-pib-per-capita-mapa,LSO,1975,1270
mpd2020-pib-per-capita-mapa,LSO,1976,1447
mpd2020-pib-per-capita-mapa,LSO,1977,1658
mpd2020-pib-per-capita-mapa,LSO,1978,1934
mpd2020-pib-per-capita-mapa,LSO,1979,1678
mpd2020-pib-per-capita-mapa,LSO,1980,1589
mpd2020-pib-per-capita-mapa,LSO,1981,1564
mpd2020-pib-per-capita-mapa,LSO,1982,1576
mpd2020-pib-per-capita-mapa,LSO,1983,1561
mpd2020-pib-per-capita-mapa,LSO,1984,1589
mpd2020-pib-per-capita-mapa,LSO,1985,1600
mpd2020-pib-per-capita-mapa,LSO,1986,1645
mpd2020-pib-per-capita-mapa,LSO,1987,1621
mpd2020-pib-per-capita-mapa,LSO,1988,1736
mpd2020-pib-per-capita-mapa,LSO,1989,1804
mpd2020-pib-per-capita-mapa,LSO,1990,1882
mpd2020-pib-per-capita-mapa,LSO,1991,1853.543
mpd2020-pib-per-capita-mapa,LSO,1992,1914.6238
mpd2020-pib-per-capita-mapa,LSO,1993,1903.6762
mpd2020-pib-per-capita-mapa,LSO,1994,1924.0947
mpd2020-pib-per-capita-mapa,LSO,1995,1888.699
mpd2020-pib-per-capita-mapa,LSO,1996,1931.6608
mpd2020-pib-per-capita-mapa,LSO,1997,1940.3106
mpd2020-pib-per-capita-mapa,LSO,1998,1922.6794
mpd2020-pib-per-capita-mapa,LSO,1999,1923.9032
mpd2020-pib-per-capita-mapa,LSO,2000,1967.4333
mpd2020-pib-per-capita-mapa,LSO,2001,1997.3576
mpd2020-pib-per-capita-mapa,LSO,2002,1959.0279
mpd2020-pib-per-capita-mapa,LSO,2003,2003.0899
mpd2020-pib-per-capita-mapa,LSO,2004,2004.0602
mpd2020-pib-per-capita-mapa,LSO,2005,2013.8078
mpd2020-pib-per-capita-mapa,LSO,2006,2056.3297
mpd2020-pib-per-capita-mapa,LSO,2007,2106.8401
mpd2020-pib-per-capita-mapa,LSO,2008,2177.8574
mpd2020-pib-per-capita-mapa,LSO,2009,2199.3949
mpd2020-pib-per-capita-mapa,LSO,2010,2313.8821
mpd2020-pib-per-capita-mapa,LSO,2011,2346
mpd2020-pib-per-capita-mapa,LSO,2012,2456
mpd2020-pib-per-capita-mapa,LSO,2013,2559
mpd2020-pib-per-capita-mapa,LSO,2014,2644
mpd2020-pib-per-capita-mapa,LSO,2015,2710
mpd2020-pib-per-capita-mapa,LSO,2016,2767
mpd2020-pib-per-capita-mapa,LSO,2017,2720.6535
mpd2020-pib-per-capita-mapa,LSO,2018,2731.4661
mpd2020-pib-per-capita-mapa,LTU,1973,12103
mpd2020-pib-per-capita-mapa,LTU,1980,12734
mpd2020-pib-per-capita-mapa,LTU,1981,13190
mpd2020-pib-per-capita-mapa,LTU,1982,13654
mpd2020-pib-per-capita-mapa,LTU,1983,13718
mpd2020-pib-per-capita-mapa,LTU,1984,13796
mpd2020-pib-per-capita-mapa,LTU,1985,13287
mpd2020-pib-per-capita-mapa,LTU,1986,13667
mpd2020-pib-per-capita-mapa,LTU,1987,13831
mpd2020-pib-per-capita-mapa,LTU,1988,14851
mpd2020-pib-per-capita-mapa,LTU,1989,14693
mpd2020-pib-per-capita-mapa,LTU,1990,13809
mpd2020-pib-per-capita-mapa,LTU,1991,12999.3089
mpd2020-pib-per-capita-mapa,LTU,1992,10240.9392
mpd2020-pib-per-capita-mapa,LTU,1993,8621.0965
mpd2020-pib-per-capita-mapa,LTU,1994,7830.0051
mpd2020-pib-per-capita-mapa,LTU,1995,8299.4699
mpd2020-pib-per-capita-mapa,LTU,1996,8793.7008
mpd2020-pib-per-capita-mapa,LTU,1997,9592.6397
mpd2020-pib-per-capita-mapa,LTU,1998,10382.1174
mpd2020-pib-per-capita-mapa,LTU,1999,10336.3952
mpd2020-pib-per-capita-mapa,LTU,2000,10806.8739
mpd2020-pib-per-capita-mapa,LTU,2001,11606.7289
mpd2020-pib-per-capita-mapa,LTU,2002,12490.6212
mpd2020-pib-per-capita-mapa,LTU,2003,13917.5077
mpd2020-pib-per-capita-mapa,LTU,2004,14995.767
mpd2020-pib-per-capita-mapa,LTU,2005,16417.9484
mpd2020-pib-per-capita-mapa,LTU,2006,17916.0592
mpd2020-pib-per-capita-mapa,LTU,2007,20138.4724
mpd2020-pib-per-capita-mapa,LTU,2008,20879.8025
mpd2020-pib-per-capita-mapa,LTU,2009,17983.349
mpd2020-pib-per-capita-mapa,LTU,2010,18663.7609
mpd2020-pib-per-capita-mapa,LTU,2011,20243
mpd2020-pib-per-capita-mapa,LTU,2012,21303
mpd2020-pib-per-capita-mapa,LTU,2013,22274
mpd2020-pib-per-capita-mapa,LTU,2014,23252
mpd2020-pib-per-capita-mapa,LTU,2015,23889
mpd2020-pib-per-capita-mapa,LTU,2016,24743
mpd2020-pib-per-capita-mapa,LTU,2017,26157.2057
mpd2020-pib-per-capita-mapa,LTU,2018,27370.5548
mpd2020-pib-per-capita-mapa,LUX,1950,13378
mpd2020-pib-per-capita-mapa,LUX,1951,12337
mpd2020-pib-per-capita-mapa,LUX,1952,13162
mpd2020-pib-per-capita-mapa,LUX,1953,13256
mpd2020-pib-per-capita-mapa,LUX,1954,13238
mpd2020-pib-per-capita-mapa,LUX,1955,13818
mpd2020-pib-per-capita-mapa,LUX,1956,14343
mpd2020-pib-per-capita-mapa,LUX,1957,14961
mpd2020-pib-per-capita-mapa,LUX,1958,15093
mpd2020-pib-per-capita-mapa,LUX,1959,15382
mpd2020-pib-per-capita-mapa,LUX,1960,15870
mpd2020-pib-per-capita-mapa,LUX,1961,16349
mpd2020-pib-per-capita-mapa,LUX,1962,16370
mpd2020-pib-per-capita-mapa,LUX,1963,16766
mpd2020-pib-per-capita-mapa,LUX,1964,17864
mpd2020-pib-per-capita-mapa,LUX,1965,18002
mpd2020-pib-per-capita-mapa,LUX,1966,18084
mpd2020-pib-per-capita-mapa,LUX,1967,18066
mpd2020-pib-per-capita-mapa,LUX,1968,18774
mpd2020-pib-per-capita-mapa,LUX,1969,20516
mpd2020-pib-per-capita-mapa,LUX,1970,20763
mpd2020-pib-per-capita-mapa,LUX,1971,21117
mpd2020-pib-per-capita-mapa,LUX,1972,22236
mpd2020-pib-per-capita-mapa,LUX,1973,23820
mpd2020-pib-per-capita-mapa,LUX,1974,24503
mpd2020-pib-per-capita-mapa,LUX,1975,22643
mpd2020-pib-per-capita-mapa,LUX,1976,23100
mpd2020-pib-per-capita-mapa,LUX,1977,23417
mpd2020-pib-per-capita-mapa,LUX,1978,24331
mpd2020-pib-per-capita-mapa,LUX,1979,24836
mpd2020-pib-per-capita-mapa,LUX,1980,24951
mpd2020-pib-per-capita-mapa,LUX,1981,25136
mpd2020-pib-per-capita-mapa,LUX,1982,25005
mpd2020-pib-per-capita-mapa,LUX,1983,25738
mpd2020-pib-per-capita-mapa,LUX,1984,27303
mpd2020-pib-per-capita-mapa,LUX,1985,28032
mpd2020-pib-per-capita-mapa,LUX,1986,30051
mpd2020-pib-per-capita-mapa,LUX,1987,30533
mpd2020-pib-per-capita-mapa,LUX,1988,33351
mpd2020-pib-per-capita-mapa,LUX,1989,36442
mpd2020-pib-per-capita-mapa,LUX,1990,36706
mpd2020-pib-per-capita-mapa,LUX,1991,39198.299
mpd2020-pib-per-capita-mapa,LUX,1992,39231.5935
mpd2020-pib-per-capita-mapa,LUX,1993,40179.4945
mpd2020-pib-per-capita-mapa,LUX,1994,40990.7128
mpd2020-pib-per-capita-mapa,LUX,1995,40838.5646
mpd2020-pib-per-capita-mapa,LUX,1996,40687.903
mpd2020-pib-per-capita-mapa,LUX,1997,42311.343
mpd2020-pib-per-capita-mapa,LUX,1998,44142.5603
mpd2020-pib-per-capita-mapa,LUX,1999,47061.1111
mpd2020-pib-per-capita-mapa,LUX,2000,50063.8241
mpd2020-pib-per-capita-mapa,LUX,2001,50527.6639
mpd2020-pib-per-capita-mapa,LUX,2002,51709.7359
mpd2020-pib-per-capita-mapa,LUX,2003,51717.0331
mpd2020-pib-per-capita-mapa,LUX,2004,52624.1625
mpd2020-pib-per-capita-mapa,LUX,2005,53262.0939
mpd2020-pib-per-capita-mapa,LUX,2006,54920.81
mpd2020-pib-per-capita-mapa,LUX,2007,58369.7015
mpd2020-pib-per-capita-mapa,LUX,2008,56383.1908
mpd2020-pib-per-capita-mapa,LUX,2009,52731.3895
mpd2020-pib-per-capita-mapa,LUX,2010,54086.3373
mpd2020-pib-per-capita-mapa,LUX,2011,54031
mpd2020-pib-per-capita-mapa,LUX,2012,52562
mpd2020-pib-per-capita-mapa,LUX,2013,53411
mpd2020-pib-per-capita-mapa,LUX,2014,55102
mpd2020-pib-per-capita-mapa,LUX,2015,55972
mpd2020-pib-per-capita-mapa,LUX,2016,57006
mpd2020-pib-per-capita-mapa,LUX,2017,56779.5514
mpd2020-pib-per-capita-mapa,LUX,2018,57427.5003
mpd2020-pib-per-capita-mapa,LVA,1973,12506
mpd2020-pib-per-capita-mapa,LVA,1980,13739
mpd2020-pib-per-capita-mapa,LVA,1981,13970
mpd2020-pib-per-capita-mapa,LVA,1982,14190
mpd2020-pib-per-capita-mapa,LVA,1983,14376
mpd2020-pib-per-capita-mapa,LVA,1984,14682
mpd2020-pib-per-capita-mapa,LVA,1985,14273
mpd2020-pib-per-capita-mapa,LVA,1986,14539
mpd2020-pib-per-capita-mapa,LVA,1987,14360
mpd2020-pib-per-capita-mapa,LVA,1988,14875
mpd2020-pib-per-capita-mapa,LVA,1989,15661
mpd2020-pib-per-capita-mapa,LVA,1990,15806
mpd2020-pib-per-capita-mapa,LVA,1991,13774.934
mpd2020-pib-per-capita-mapa,LVA,1992,9411.195
mpd2020-pib-per-capita-mapa,LVA,1993,8439.3303
mpd2020-pib-per-capita-mapa,LVA,1994,8704.2662
mpd2020-pib-per-capita-mapa,LVA,1995,8709.0701
mpd2020-pib-per-capita-mapa,LVA,1996,8947.2681
mpd2020-pib-per-capita-mapa,LVA,1997,9773.4995
mpd2020-pib-per-capita-mapa,LVA,1998,10429.7666
mpd2020-pib-per-capita-mapa,LVA,1999,10707.7057
mpd2020-pib-per-capita-mapa,LVA,2000,11309.7404
mpd2020-pib-per-capita-mapa,LVA,2001,12103.8282
mpd2020-pib-per-capita-mapa,LVA,2002,13015.4745
mpd2020-pib-per-capita-mapa,LVA,2003,14142.1245
mpd2020-pib-per-capita-mapa,LVA,2004,15371.1813
mpd2020-pib-per-capita-mapa,LVA,2005,17069.6572
mpd2020-pib-per-capita-mapa,LVA,2006,19128.6892
mpd2020-pib-per-capita-mapa,LVA,2007,21042.3665
mpd2020-pib-per-capita-mapa,LVA,2008,20342.1983
mpd2020-pib-per-capita-mapa,LVA,2009,17582.1117
mpd2020-pib-per-capita-mapa,LVA,2010,17140.2265
mpd2020-pib-per-capita-mapa,LVA,2011,18428
mpd2020-pib-per-capita-mapa,LVA,2012,19405
mpd2020-pib-per-capita-mapa,LVA,2013,20129
mpd2020-pib-per-capita-mapa,LVA,2014,20751
mpd2020-pib-per-capita-mapa,LVA,2015,21488
mpd2020-pib-per-capita-mapa,LVA,2016,22092
mpd2020-pib-per-capita-mapa,LVA,2017,23132.7978
mpd2020-pib-per-capita-mapa,LVA,2018,24312.6778
mpd2020-pib-per-capita-mapa,MAR,1820,685
mpd2020-pib-per-capita-mapa,MAR,1870,897
mpd2020-pib-per-capita-mapa,MAR,1913,1132
mpd2020-pib-per-capita-mapa,MAR,1950,2319
mpd2020-pib-per-capita-mapa,MAR,1951,2324
mpd2020-pib-per-capita-mapa,MAR,1952,2327
mpd2020-pib-per-capita-mapa,MAR,1953,2340
mpd2020-pib-per-capita-mapa,MAR,1954,2353
mpd2020-pib-per-capita-mapa,MAR,1955,2364
mpd2020-pib-per-capita-mapa,MAR,1956,2313
mpd2020-pib-per-capita-mapa,MAR,1957,2263
mpd2020-pib-per-capita-mapa,MAR,1958,2214
mpd2020-pib-per-capita-mapa,MAR,1959,2165
mpd2020-pib-per-capita-mapa,MAR,1960,2118
mpd2020-pib-per-capita-mapa,MAR,1961,2138
mpd2020-pib-per-capita-mapa,MAR,1962,2158
mpd2020-pib-per-capita-mapa,MAR,1963,2179
mpd2020-pib-per-capita-mapa,MAR,1964,2201
mpd2020-pib-per-capita-mapa,MAR,1965,2222
mpd2020-pib-per-capita-mapa,MAR,1966,2289
mpd2020-pib-per-capita-mapa,MAR,1967,2359
mpd2020-pib-per-capita-mapa,MAR,1968,2429
mpd2020-pib-per-capita-mapa,MAR,1969,2503
mpd2020-pib-per-capita-mapa,MAR,1970,2576
mpd2020-pib-per-capita-mapa,MAR,1971,2654
mpd2020-pib-per-capita-mapa,MAR,1972,2660
mpd2020-pib-per-capita-mapa,MAR,1973,2700
mpd2020-pib-per-capita-mapa,MAR,1974,2791
mpd2020-pib-per-capita-mapa,MAR,1975,2919
mpd2020-pib-per-capita-mapa,MAR,1976,3175
mpd2020-pib-per-capita-mapa,MAR,1977,3268
mpd2020-pib-per-capita-mapa,MAR,1978,3298
mpd2020-pib-per-capita-mapa,MAR,1979,3382
mpd2020-pib-per-capita-mapa,MAR,1980,3622
mpd2020-pib-per-capita-mapa,MAR,1981,3457
mpd2020-pib-per-capita-mapa,MAR,1982,3725
mpd2020-pib-per-capita-mapa,MAR,1983,3606
mpd2020-pib-per-capita-mapa,MAR,1984,3657
mpd2020-pib-per-capita-mapa,MAR,1985,3784
mpd2020-pib-per-capita-mapa,MAR,1986,3977
mpd2020-pib-per-capita-mapa,MAR,1987,3790
mpd2020-pib-per-capita-mapa,MAR,1988,4077
mpd2020-pib-per-capita-mapa,MAR,1989,4073
mpd2020-pib-per-capita-mapa,MAR,1990,4130
mpd2020-pib-per-capita-mapa,MAR,1991,4353.7297
mpd2020-pib-per-capita-mapa,MAR,1992,4194.4469
mpd2020-pib-per-capita-mapa,MAR,1993,4097.2806
mpd2020-pib-per-capita-mapa,MAR,1994,4461.0626
mpd2020-pib-per-capita-mapa,MAR,1995,4156.9251
mpd2020-pib-per-capita-mapa,MAR,1996,4603.652
mpd2020-pib-per-capita-mapa,MAR,1997,4469.1898
mpd2020-pib-per-capita-mapa,MAR,1998,4729.1829
mpd2020-pib-per-capita-mapa,MAR,1999,4720.7713
mpd2020-pib-per-capita-mapa,MAR,2000,4753.6383
mpd2020-pib-per-capita-mapa,MAR,2001,5042.0731
mpd2020-pib-per-capita-mapa,MAR,2002,5140.8725
mpd2020-pib-per-capita-mapa,MAR,2003,5386.8504
mpd2020-pib-per-capita-mapa,MAR,2004,5584.1538
mpd2020-pib-per-capita-mapa,MAR,2005,5708.0311
mpd2020-pib-per-capita-mapa,MAR,2006,6076.9525
mpd2020-pib-per-capita-mapa,MAR,2007,6228.4317
mpd2020-pib-per-capita-mapa,MAR,2008,6530.9781
mpd2020-pib-per-capita-mapa,MAR,2009,6741.4603
mpd2020-pib-per-capita-mapa,MAR,2010,6931.5583
mpd2020-pib-per-capita-mapa,MAR,2011,7226
mpd2020-pib-per-capita-mapa,MAR,2012,7365
mpd2020-pib-per-capita-mapa,MAR,2013,7619
mpd2020-pib-per-capita-mapa,MAR,2014,7733
mpd2020-pib-per-capita-mapa,MAR,2015,8001
mpd2020-pib-per-capita-mapa,MAR,2016,8039
mpd2020-pib-per-capita-mapa,MAR,2017,8290.8142
mpd2020-pib-per-capita-mapa,MAR,2018,8451.1355
mpd2020-pib-per-capita-mapa,MDA,1973,8552
mpd2020-pib-per-capita-mapa,MDA,1980,9078
mpd2020-pib-per-capita-mapa,MDA,1981,9538
mpd2020-pib-per-capita-mapa,MDA,1982,10026
mpd2020-pib-per-capita-mapa,MDA,1983,10378
mpd2020-pib-per-capita-mapa,MDA,1984,10508
mpd2020-pib-per-capita-mapa,MDA,1985,9398
mpd2020-pib-per-capita-mapa,MDA,1986,9937
mpd2020-pib-per-capita-mapa,MDA,1987,9852
mpd2020-pib-per-capita-mapa,MDA,1988,9731
mpd2020-pib-per-capita-mapa,MDA,1989,10288
mpd2020-pib-per-capita-mapa,MDA,1990,9835
mpd2020-pib-per-capita-mapa,MDA,1991,7957.6883
mpd2020-pib-per-capita-mapa,MDA,1992,5546.3664
mpd2020-pib-per-capita-mapa,MDA,1993,5383.8582
mpd2020-pib-per-capita-mapa,MDA,1994,3662.2088
mpd2020-pib-per-capita-mapa,MDA,1995,3558.8267
mpd2020-pib-per-capita-mapa,MDA,1996,3305.4967
mpd2020-pib-per-capita-mapa,MDA,1997,3322.479
mpd2020-pib-per-capita-mapa,MDA,1998,3078.0096
mpd2020-pib-per-capita-mapa,MDA,1999,2949.9066
mpd2020-pib-per-capita-mapa,MDA,2000,2989.5348
mpd2020-pib-per-capita-mapa,MDA,2001,3150.6314
mpd2020-pib-per-capita-mapa,MDA,2002,3373.7092
mpd2020-pib-per-capita-mapa,MDA,2003,3575.268
mpd2020-pib-per-capita-mapa,MDA,2004,3813.4311
mpd2020-pib-per-capita-mapa,MDA,2005,4073.6736
mpd2020-pib-per-capita-mapa,MDA,2006,4243.0704
mpd2020-pib-per-capita-mapa,MDA,2007,4342.7456
mpd2020-pib-per-capita-mapa,MDA,2008,4652.4573
mpd2020-pib-per-capita-mapa,MDA,2009,4342.5279
mpd2020-pib-per-capita-mapa,MDA,2010,4615.324
mpd2020-pib-per-capita-mapa,MDA,2011,4892
mpd2020-pib-per-capita-mapa,MDA,2012,4905
mpd2020-pib-per-capita-mapa,MDA,2013,5421
mpd2020-pib-per-capita-mapa,MDA,2014,5739
mpd2020-pib-per-capita-mapa,MDA,2015,5775
mpd2020-pib-per-capita-mapa,MDA,2016,6068
mpd2020-pib-per-capita-mapa,MDA,2017,6419.1438
mpd2020-pib-per-capita-mapa,MDA,2018,6746.7285
mpd2020-pib-per-capita-mapa,MDG,1950,1516
mpd2020-pib-per-capita-mapa,MDG,1951,1549
mpd2020-pib-per-capita-mapa,MDG,1952,1581
mpd2020-pib-per-capita-mapa,MDG,1953,1613
mpd2020-pib-per-capita-mapa,MDG,1954,1645
mpd2020-pib-per-capita-mapa,MDG,1955,1677
mpd2020-pib-per-capita-mapa,MDG,1956,1709
mpd2020-pib-per-capita-mapa,MDG,1957,1741
mpd2020-pib-per-capita-mapa,MDG,1958,1773
mpd2020-pib-per-capita-mapa,MDG,1959,1804
mpd2020-pib-per-capita-mapa,MDG,1960,1793
mpd2020-pib-per-capita-mapa,MDG,1961,1795
mpd2020-pib-per-capita-mapa,MDG,1962,1800
mpd2020-pib-per-capita-mapa,MDG,1963,1747
mpd2020-pib-per-capita-mapa,MDG,1964,1779
mpd2020-pib-per-capita-mapa,MDG,1965,1734
mpd2020-pib-per-capita-mapa,MDG,1966,1733
mpd2020-pib-per-capita-mapa,MDG,1967,1790
mpd2020-pib-per-capita-mapa,MDG,1968,1871
mpd2020-pib-per-capita-mapa,MDG,1969,1900
mpd2020-pib-per-capita-mapa,MDG,1970,1954
mpd2020-pib-per-capita-mapa,MDG,1971,1986
mpd2020-pib-per-capita-mapa,MDG,1972,1916
mpd2020-pib-per-capita-mapa,MDG,1973,1824
mpd2020-pib-per-capita-mapa,MDG,1974,1816
mpd2020-pib-per-capita-mapa,MDG,1975,1795
mpd2020-pib-per-capita-mapa,MDG,1976,1694
mpd2020-pib-per-capita-mapa,MDG,1977,1691
mpd2020-pib-per-capita-mapa,MDG,1978,1604
mpd2020-pib-per-capita-mapa,MDG,1979,1714
mpd2020-pib-per-capita-mapa,MDG,1980,1680
mpd2020-pib-per-capita-mapa,MDG,1981,1492
mpd2020-pib-per-capita-mapa,MDG,1982,1423
mpd2020-pib-per-capita-mapa,MDG,1983,1395
mpd2020-pib-per-capita-mapa,MDG,1984,1305
mpd2020-pib-per-capita-mapa,MDG,1985,1296
mpd2020-pib-per-capita-mapa,MDG,1986,1267
mpd2020-pib-per-capita-mapa,MDG,1987,1258
mpd2020-pib-per-capita-mapa,MDG,1988,1240
mpd2020-pib-per-capita-mapa,MDG,1989,1251
mpd2020-pib-per-capita-mapa,MDG,1990,1262
mpd2020-pib-per-capita-mapa,MDG,1991,1160.6705
mpd2020-pib-per-capita-mapa,MDG,1992,1152.6461
mpd2020-pib-per-capita-mapa,MDG,1993,1154.1895
mpd2020-pib-per-capita-mapa,MDG,1994,1132.1718
mpd2020-pib-per-capita-mapa,MDG,1995,1129.8485
mpd2020-pib-per-capita-mapa,MDG,1996,1132.4437
mpd2020-pib-per-capita-mapa,MDG,1997,1152.1546
mpd2020-pib-per-capita-mapa,MDG,1998,1174.2272
mpd2020-pib-per-capita-mapa,MDG,1999,1206.8938
mpd2020-pib-per-capita-mapa,MDG,2000,1238.7764
mpd2020-pib-per-capita-mapa,MDG,2001,1290.1064
mpd2020-pib-per-capita-mapa,MDG,2002,1110.8217
mpd2020-pib-per-capita-mapa,MDG,2003,1198.4433
mpd2020-pib-per-capita-mapa,MDG,2004,1239.897
mpd2020-pib-per-capita-mapa,MDG,2005,1276.4868
mpd2020-pib-per-capita-mapa,MDG,2006,1322.4795
mpd2020-pib-per-capita-mapa,MDG,2007,1384.185
mpd2020-pib-per-capita-mapa,MDG,2008,1458.7853
mpd2020-pib-per-capita-mapa,MDG,2009,1367.6863
mpd2020-pib-per-capita-mapa,MDG,2010,1349.6198
mpd2020-pib-per-capita-mapa,MDG,2011,1347
mpd2020-pib-per-capita-mapa,MDG,2012,1351
mpd2020-pib-per-capita-mapa,MDG,2013,1345
mpd2020-pib-per-capita-mapa,MDG,2014,1354
mpd2020-pib-per-capita-mapa,MDG,2015,1360
mpd2020-pib-per-capita-mapa,MDG,2016,1381
mpd2020-pib-per-capita-mapa,MDG,2017,1399.5761
mpd2020-pib-per-capita-mapa,MDG,2018,1427.6004
mpd2020-pib-per-capita-mapa,MEX,1820,1007
mpd2020-pib-per-capita-mapa,MEX,1850,1054
mpd2020-pib-per-capita-mapa,MEX,1860,921
mpd2020-pib-per-capita-mapa,MEX,1870,1046
mpd2020-pib-per-capita-mapa,MEX,1890,1568
mpd2020-pib-per-capita-mapa,MEX,1895,1757
mpd2020-pib-per-capita-mapa,MEX,1896,1785
mpd2020-pib-per-capita-mapa,MEX,1897,1878
mpd2020-pib-per-capita-mapa,MEX,1898,1959
mpd2020-pib-per-capita-mapa,MEX,1899,1835
mpd2020-pib-per-capita-mapa,MEX,1900,1822
mpd2020-pib-per-capita-mapa,MEX,1901,1957
mpd2020-pib-per-capita-mapa,MEX,1902,1796
mpd2020-pib-per-capita-mapa,MEX,1903,1978
mpd2020-pib-per-capita-mapa,MEX,1904,1992
mpd2020-pib-per-capita-mapa,MEX,1905,2177
mpd2020-pib-per-capita-mapa,MEX,1906,2130
mpd2020-pib-per-capita-mapa,MEX,1907,2232
mpd2020-pib-per-capita-mapa,MEX,1908,2203
mpd2020-pib-per-capita-mapa,MEX,1909,2244
mpd2020-pib-per-capita-mapa,MEX,1910,2240
mpd2020-pib-per-capita-mapa,MEX,1911,2150
mpd2020-pib-per-capita-mapa,MEX,1912,2131
mpd2020-pib-per-capita-mapa,MEX,1913,2004
mpd2020-pib-per-capita-mapa,MEX,1914,2007
mpd2020-pib-per-capita-mapa,MEX,1915,1978
mpd2020-pib-per-capita-mapa,MEX,1916,2130
mpd2020-pib-per-capita-mapa,MEX,1917,2220
mpd2020-pib-per-capita-mapa,MEX,1918,2308
mpd2020-pib-per-capita-mapa,MEX,1919,2399
mpd2020-pib-per-capita-mapa,MEX,1920,2552
mpd2020-pib-per-capita-mapa,MEX,1921,2542
mpd2020-pib-per-capita-mapa,MEX,1922,2562
mpd2020-pib-per-capita-mapa,MEX,1923,2608
mpd2020-pib-per-capita-mapa,MEX,1924,2523
mpd2020-pib-per-capita-mapa,MEX,1925,2640
mpd2020-pib-per-capita-mapa,MEX,1926,2756
mpd2020-pib-per-capita-mapa,MEX,1927,2590
mpd2020-pib-per-capita-mapa,MEX,1928,2565
mpd2020-pib-per-capita-mapa,MEX,1929,2424
mpd2020-pib-per-capita-mapa,MEX,1930,2233
mpd2020-pib-per-capita-mapa,MEX,1931,2268
mpd2020-pib-per-capita-mapa,MEX,1932,1890
mpd2020-pib-per-capita-mapa,MEX,1933,2071
mpd2020-pib-per-capita-mapa,MEX,1934,2176
mpd2020-pib-per-capita-mapa,MEX,1935,2299
mpd2020-pib-per-capita-mapa,MEX,1936,2444
mpd2020-pib-per-capita-mapa,MEX,1937,2482
mpd2020-pib-per-capita-mapa,MEX,1938,2479
mpd2020-pib-per-capita-mapa,MEX,1939,2570
mpd2020-pib-per-capita-mapa,MEX,1940,2560
mpd2020-pib-per-capita-mapa,MEX,1941,2738
mpd2020-pib-per-capita-mapa,MEX,1942,2817
mpd2020-pib-per-capita-mapa,MEX,1943,2844
mpd2020-pib-per-capita-mapa,MEX,1944,2998
mpd2020-pib-per-capita-mapa,MEX,1945,3009
mpd2020-pib-per-capita-mapa,MEX,1946,3124
mpd2020-pib-per-capita-mapa,MEX,1947,3145
mpd2020-pib-per-capita-mapa,MEX,1948,3188
mpd2020-pib-per-capita-mapa,MEX,1949,3276
mpd2020-pib-per-capita-mapa,MEX,1950,3510
mpd2020-pib-per-capita-mapa,MEX,1951,3673
mpd2020-pib-per-capita-mapa,MEX,1952,3706
mpd2020-pib-per-capita-mapa,MEX,1953,3602
mpd2020-pib-per-capita-mapa,MEX,1954,3851
mpd2020-pib-per-capita-mapa,MEX,1955,4060
mpd2020-pib-per-capita-mapa,MEX,1956,4213
mpd2020-pib-per-capita-mapa,MEX,1957,4403
mpd2020-pib-per-capita-mapa,MEX,1958,4501
mpd2020-pib-per-capita-mapa,MEX,1959,4497
mpd2020-pib-per-capita-mapa,MEX,1960,4723
mpd2020-pib-per-capita-mapa,MEX,1961,4807
mpd2020-pib-per-capita-mapa,MEX,1962,4881
mpd2020-pib-per-capita-mapa,MEX,1963,5118
mpd2020-pib-per-capita-mapa,MEX,1964,5555
mpd2020-pib-per-capita-mapa,MEX,1965,5737
mpd2020-pib-per-capita-mapa,MEX,1966,5950
mpd2020-pib-per-capita-mapa,MEX,1967,6132
mpd2020-pib-per-capita-mapa,MEX,1968,6432
mpd2020-pib-per-capita-mapa,MEX,1969,6629
mpd2020-pib-per-capita-mapa,MEX,1970,6873
mpd2020-pib-per-capita-mapa,MEX,1971,6912
mpd2020-pib-per-capita-mapa,MEX,1972,7256
mpd2020-pib-per-capita-mapa,MEX,1973,7597
mpd2020-pib-per-capita-mapa,MEX,1974,7801
mpd2020-pib-per-capita-mapa,MEX,1975,8011
mpd2020-pib-per-capita-mapa,MEX,1976,8131
mpd2020-pib-per-capita-mapa,MEX,1977,8177
mpd2020-pib-per-capita-mapa,MEX,1978,8690
mpd2020-pib-per-capita-mapa,MEX,1979,9307
mpd2020-pib-per-capita-mapa,MEX,1980,9929
mpd2020-pib-per-capita-mapa,MEX,1981,10538
mpd2020-pib-per-capita-mapa,MEX,1982,10240
mpd2020-pib-per-capita-mapa,MEX,1983,9656
mpd2020-pib-per-capita-mapa,MEX,1984,9777
mpd2020-pib-per-capita-mapa,MEX,1985,9785
mpd2020-pib-per-capita-mapa,MEX,1986,9283
mpd2020-pib-per-capita-mapa,MEX,1987,9256
mpd2020-pib-per-capita-mapa,MEX,1988,9193
mpd2020-pib-per-capita-mapa,MEX,1989,9392
mpd2020-pib-per-capita-mapa,MEX,1990,9699
mpd2020-pib-per-capita-mapa,MEX,1991,10008.5507
mpd2020-pib-per-capita-mapa,MEX,1992,10262.2107
mpd2020-pib-per-capita-mapa,MEX,1993,10357.8291
mpd2020-pib-per-capita-mapa,MEX,1994,10721.0082
mpd2020-pib-per-capita-mapa,MEX,1995,9944.9527
mpd2020-pib-per-capita-mapa,MEX,1996,10386.4991
mpd2020-pib-per-capita-mapa,MEX,1997,11030.3432
mpd2020-pib-per-capita-mapa,MEX,1998,11510.8774
mpd2020-pib-per-capita-mapa,MEX,1999,11894.2028
mpd2020-pib-per-capita-mapa,MEX,2000,12613.3961
mpd2020-pib-per-capita-mapa,MEX,2001,12565.4652
mpd2020-pib-per-capita-mapa,MEX,2002,12645.5036
mpd2020-pib-per-capita-mapa,MEX,2003,12793.9556
mpd2020-pib-per-capita-mapa,MEX,2004,13287.5999
mpd2020-pib-per-capita-mapa,MEX,2005,13655.8012
mpd2020-pib-per-capita-mapa,MEX,2006,14287.5583
mpd2020-pib-per-capita-mapa,MEX,2007,14684.728
mpd2020-pib-per-capita-mapa,MEX,2008,14808.09
mpd2020-pib-per-capita-mapa,MEX,2009,14026.989
mpd2020-pib-per-capita-mapa,MEX,2010,14697.2981
mpd2020-pib-per-capita-mapa,MEX,2011,15210
mpd2020-pib-per-capita-mapa,MEX,2012,15639
mpd2020-pib-per-capita-mapa,MEX,2013,15680
mpd2020-pib-per-capita-mapa,MEX,2014,15856
mpd2020-pib-per-capita-mapa,MEX,2015,16096
mpd2020-pib-per-capita-mapa,MEX,2016,16133
mpd2020-pib-per-capita-mapa,MEX,2017,16308.6402
mpd2020-pib-per-capita-mapa,MEX,2018,16494.079
mpd2020-pib-per-capita-mapa,MKD,1952,2150
mpd2020-pib-per-capita-mapa,MKD,1953,2240
mpd2020-pib-per-capita-mapa,MKD,1954,2289
mpd2020-pib-per-capita-mapa,MKD,1955,2766
mpd2020-pib-per-capita-mapa,MKD,1956,2799
mpd2020-pib-per-capita-mapa,MKD,1957,3062
mpd2020-pib-per-capita-mapa,MKD,1958,3301
mpd2020-pib-per-capita-mapa,MKD,1959,3381
mpd2020-pib-per-capita-mapa,MKD,1960,3586
mpd2020-pib-per-capita-mapa,MKD,1961,3634
mpd2020-pib-per-capita-mapa,MKD,1962,3666
mpd2020-pib-per-capita-mapa,MKD,1963,4261
mpd2020-pib-per-capita-mapa,MKD,1964,5450
mpd2020-pib-per-capita-mapa,MKD,1965,4933
mpd2020-pib-per-capita-mapa,MKD,1966,5308
mpd2020-pib-per-capita-mapa,MKD,1967,5485
mpd2020-pib-per-capita-mapa,MKD,1968,5606
mpd2020-pib-per-capita-mapa,MKD,1969,6129
mpd2020-pib-per-capita-mapa,MKD,1970,6545
mpd2020-pib-per-capita-mapa,MKD,1971,6884
mpd2020-pib-per-capita-mapa,MKD,1972,7127
mpd2020-pib-per-capita-mapa,MKD,1973,7471
mpd2020-pib-per-capita-mapa,MKD,1974,7803
mpd2020-pib-per-capita-mapa,MKD,1975,8064
mpd2020-pib-per-capita-mapa,MKD,1976,8319
mpd2020-pib-per-capita-mapa,MKD,1977,8738
mpd2020-pib-per-capita-mapa,MKD,1978,9341
mpd2020-pib-per-capita-mapa,MKD,1979,9891
mpd2020-pib-per-capita-mapa,MKD,1980,9899
mpd2020-pib-per-capita-mapa,MKD,1981,9937
mpd2020-pib-per-capita-mapa,MKD,1982,9977
mpd2020-pib-per-capita-mapa,MKD,1983,9728
mpd2020-pib-per-capita-mapa,MKD,1984,10007
mpd2020-pib-per-capita-mapa,MKD,1985,9894
mpd2020-pib-per-capita-mapa,MKD,1986,10551
mpd2020-pib-per-capita-mapa,MKD,1987,10385
mpd2020-pib-per-capita-mapa,MKD,1988,10034
mpd2020-pib-per-capita-mapa,MKD,1989,10206
mpd2020-pib-per-capita-mapa,MKD,1990,9173
mpd2020-pib-per-capita-mapa,MKD,1991,8615.7591
mpd2020-pib-per-capita-mapa,MKD,1992,7991.5979
mpd2020-pib-per-capita-mapa,MKD,1993,7317.8347
mpd2020-pib-per-capita-mapa,MKD,1994,7154.0671
mpd2020-pib-per-capita-mapa,MKD,1995,7039.1198
mpd2020-pib-per-capita-mapa,MKD,1996,7095.1665
mpd2020-pib-per-capita-mapa,MKD,1997,7179.0262
mpd2020-pib-per-capita-mapa,MKD,1998,7411.548
mpd2020-pib-per-capita-mapa,MKD,1999,7732.0471
mpd2020-pib-per-capita-mapa,MKD,2000,8083.7897
mpd2020-pib-per-capita-mapa,MKD,2001,7835.0269
mpd2020-pib-per-capita-mapa,MKD,2002,7964.0778
mpd2020-pib-per-capita-mapa,MKD,2003,8160.4128
mpd2020-pib-per-capita-mapa,MKD,2004,8561.3837
mpd2020-pib-per-capita-mapa,MKD,2005,8984.5452
mpd2020-pib-per-capita-mapa,MKD,2006,9466.2641
mpd2020-pib-per-capita-mapa,MKD,2007,10099.407
mpd2020-pib-per-capita-mapa,MKD,2008,10674.2084
mpd2020-pib-per-capita-mapa,MKD,2009,10657.8779
mpd2020-pib-per-capita-mapa,MKD,2010,11038.2896
mpd2020-pib-per-capita-mapa,MKD,2011,11321
mpd2020-pib-per-capita-mapa,MKD,2012,11242
mpd2020-pib-per-capita-mapa,MKD,2013,11544
mpd2020-pib-per-capita-mapa,MKD,2014,11937
mpd2020-pib-per-capita-mapa,MKD,2015,12371
mpd2020-pib-per-capita-mapa,MKD,2016,12644
mpd2020-pib-per-capita-mapa,MKD,2017,12753.2148
mpd2020-pib-per-capita-mapa,MKD,2018,13074.2313
mpd2020-pib-per-capita-mapa,MLI,1950,728
mpd2020-pib-per-capita-mapa,MLI,1951,740
mpd2020-pib-per-capita-mapa,MLI,1952,752
mpd2020-pib-per-capita-mapa,MLI,1953,765
mpd2020-pib-per-capita-mapa,MLI,1954,778
mpd2020-pib-per-capita-mapa,MLI,1955,791
mpd2020-pib-per-capita-mapa,MLI,1956,803
mpd2020-pib-per-capita-mapa,MLI,1957,816
mpd2020-pib-per-capita-mapa,MLI,1958,830
mpd2020-pib-per-capita-mapa,MLI,1959,845
mpd2020-pib-per-capita-mapa,MLI,1960,851
mpd2020-pib-per-capita-mapa,MLI,1961,840
mpd2020-pib-per-capita-mapa,MLI,1962,827
mpd2020-pib-per-capita-mapa,MLI,1963,866
mpd2020-pib-per-capita-mapa,MLI,1964,888
mpd2020-pib-per-capita-mapa,MLI,1965,881
mpd2020-pib-per-capita-mapa,MLI,1966,899
mpd2020-pib-per-capita-mapa,MLI,1967,910
mpd2020-pib-per-capita-mapa,MLI,1968,923
mpd2020-pib-per-capita-mapa,MLI,1969,899
mpd2020-pib-per-capita-mapa,MLI,1970,934
mpd2020-pib-per-capita-mapa,MLI,1971,945
mpd2020-pib-per-capita-mapa,MLI,1972,971
mpd2020-pib-per-capita-mapa,MLI,1973,926
mpd2020-pib-per-capita-mapa,MLI,1974,883
mpd2020-pib-per-capita-mapa,MLI,1975,982
mpd2020-pib-per-capita-mapa,MLI,1976,1090
mpd2020-pib-per-capita-mapa,MLI,1977,1148
mpd2020-pib-per-capita-mapa,MLI,1978,1101
mpd2020-pib-per-capita-mapa,MLI,1979,1345
mpd2020-pib-per-capita-mapa,MLI,1980,1168
mpd2020-pib-per-capita-mapa,MLI,1981,1111
mpd2020-pib-per-capita-mapa,MLI,1982,1030
mpd2020-pib-per-capita-mapa,MLI,1983,1057
mpd2020-pib-per-capita-mapa,MLI,1984,1084
mpd2020-pib-per-capita-mapa,MLI,1985,1089
mpd2020-pib-per-capita-mapa,MLI,1986,1138
mpd2020-pib-per-capita-mapa,MLI,1987,1138
mpd2020-pib-per-capita-mapa,MLI,1988,1116
mpd2020-pib-per-capita-mapa,MLI,1989,1205
mpd2020-pib-per-capita-mapa,MLI,1990,1191
mpd2020-pib-per-capita-mapa,MLI,1991,1186.7577
mpd2020-pib-per-capita-mapa,MLI,1992,1115.406
mpd2020-pib-per-capita-mapa,MLI,1993,1115.1002
mpd2020-pib-per-capita-mapa,MLI,1994,1111.7854
mpd2020-pib-per-capita-mapa,MLI,1995,1100.2432
mpd2020-pib-per-capita-mapa,MLI,1996,1130.5097
mpd2020-pib-per-capita-mapa,MLI,1997,1160.9517
mpd2020-pib-per-capita-mapa,MLI,1998,1167.4326
mpd2020-pib-per-capita-mapa,MLI,1999,1192.3168
mpd2020-pib-per-capita-mapa,MLI,2000,1153.0461
mpd2020-pib-per-capita-mapa,MLI,2001,1309.2558
mpd2020-pib-per-capita-mapa,MLI,2002,1321.3388
mpd2020-pib-per-capita-mapa,MLI,2003,1391.2635
mpd2020-pib-per-capita-mapa,MLI,2004,1366.9831
mpd2020-pib-per-capita-mapa,MLI,2005,1414.7927
mpd2020-pib-per-capita-mapa,MLI,2006,1438.2079
mpd2020-pib-per-capita-mapa,MLI,2007,1441.2059
mpd2020-pib-per-capita-mapa,MLI,2008,1460.496
mpd2020-pib-per-capita-mapa,MLI,2009,1477.4184
mpd2020-pib-per-capita-mapa,MLI,2010,1504.9956
mpd2020-pib-per-capita-mapa,MLI,2011,1500
mpd2020-pib-per-capita-mapa,MLI,2012,1448
mpd2020-pib-per-capita-mapa,MLI,2013,1443
mpd2020-pib-per-capita-mapa,MLI,2014,1505
mpd2020-pib-per-capita-mapa,MLI,2015,1553
mpd2020-pib-per-capita-mapa,MLI,2016,1594
mpd2020-pib-per-capita-mapa,MLI,2017,1629.3592
mpd2020-pib-per-capita-mapa,MLI,2018,1667.2951
mpd2020-pib-per-capita-mapa,MLT,1950,1573
mpd2020-pib-per-capita-mapa,MLT,1951,1642
mpd2020-pib-per-capita-mapa,MLT,1952,1701
mpd2020-pib-per-capita-mapa,MLT,1953,1779
mpd2020-pib-per-capita-mapa,MLT,1954,1844
mpd2020-pib-per-capita-mapa,MLT,1955,1930
mpd2020-pib-per-capita-mapa,MLT,1956,2150
mpd2020-pib-per-capita-mapa,MLT,1957,2144
mpd2020-pib-per-capita-mapa,MLT,1958,2255
mpd2020-pib-per-capita-mapa,MLT,1959,2278
mpd2020-pib-per-capita-mapa,MLT,1960,2383
mpd2020-pib-per-capita-mapa,MLT,1961,2361
mpd2020-pib-per-capita-mapa,MLT,1962,2260
mpd2020-pib-per-capita-mapa,MLT,1963,2263
mpd2020-pib-per-capita-mapa,MLT,1964,2343
mpd2020-pib-per-capita-mapa,MLT,1965,2539
mpd2020-pib-per-capita-mapa,MLT,1966,2828
mpd2020-pib-per-capita-mapa,MLT,1967,3014
mpd2020-pib-per-capita-mapa,MLT,1968,3309
mpd2020-pib-per-capita-mapa,MLT,1969,3483
mpd2020-pib-per-capita-mapa,MLT,1970,3889
mpd2020-pib-per-capita-mapa,MLT,1971,3987
mpd2020-pib-per-capita-mapa,MLT,1972,4299
mpd2020-pib-per-capita-mapa,MLT,1973,4442
mpd2020-pib-per-capita-mapa,MLT,1974,4863
mpd2020-pib-per-capita-mapa,MLT,1975,5738
mpd2020-pib-per-capita-mapa,MLT,1976,6684
mpd2020-pib-per-capita-mapa,MLT,1977,7438
mpd2020-pib-per-capita-mapa,MLT,1978,8080
mpd2020-pib-per-capita-mapa,MLT,1979,8745
mpd2020-pib-per-capita-mapa,MLT,1980,8920
mpd2020-pib-per-capita-mapa,MLT,1981,9224
mpd2020-pib-per-capita-mapa,MLT,1982,9526
mpd2020-pib-per-capita-mapa,MLT,1983,9586
mpd2020-pib-per-capita-mapa,MLT,1984,9797
mpd2020-pib-per-capita-mapa,MLT,1985,10176
mpd2020-pib-per-capita-mapa,MLT,1986,10584
mpd2020-pib-per-capita-mapa,MLT,1987,10943
mpd2020-pib-per-capita-mapa,MLT,1988,11765
mpd2020-pib-per-capita-mapa,MLT,1989,12607
mpd2020-pib-per-capita-mapa,MLT,1990,13259
mpd2020-pib-per-capita-mapa,MLT,1991,13834.927
mpd2020-pib-per-capita-mapa,MLT,1992,14341.3016
mpd2020-pib-per-capita-mapa,MLT,1993,14840.3193
mpd2020-pib-per-capita-mapa,MLT,1994,15539.0595
mpd2020-pib-per-capita-mapa,MLT,1995,16417.1732
mpd2020-pib-per-capita-mapa,MLT,1996,16932.0478
mpd2020-pib-per-capita-mapa,MLT,1997,17694.7896
mpd2020-pib-per-capita-mapa,MLT,1998,18488.6658
mpd2020-pib-per-capita-mapa,MLT,1999,19254.3648
mpd2020-pib-per-capita-mapa,MLT,2000,20434.5495
mpd2020-pib-per-capita-mapa,MLT,2001,20413.05
mpd2020-pib-per-capita-mapa,MLT,2002,20873.9841
mpd2020-pib-per-capita-mapa,MLT,2003,21273.1343
mpd2020-pib-per-capita-mapa,MLT,2004,21233.001
mpd2020-pib-per-capita-mapa,MLT,2005,21905.2153
mpd2020-pib-per-capita-mapa,MLT,2006,22233.7176
mpd2020-pib-per-capita-mapa,MLT,2007,23048.2634
mpd2020-pib-per-capita-mapa,MLT,2008,23674.5943
mpd2020-pib-per-capita-mapa,MLT,2009,22927.655
mpd2020-pib-per-capita-mapa,MLT,2010,23632.6246
mpd2020-pib-per-capita-mapa,MLT,2011,23871
mpd2020-pib-per-capita-mapa,MLT,2012,24301
mpd2020-pib-per-capita-mapa,MLT,2013,25162
mpd2020-pib-per-capita-mapa,MLT,2014,26998
mpd2020-pib-per-capita-mapa,MLT,2015,28700
mpd2020-pib-per-capita-mapa,MLT,2016,29817
mpd2020-pib-per-capita-mapa,MLT,2017,30901.9303
mpd2020-pib-per-capita-mapa,MLT,2018,32028.9124
mpd2020-pib-per-capita-mapa,MMR,1820,803
mpd2020-pib-per-capita-mapa,MMR,1870,803
mpd2020-pib-per-capita-mapa,MMR,1901,1114
mpd2020-pib-per-capita-mapa,MMR,1906,902
mpd2020-pib-per-capita-mapa,MMR,1911,968
mpd2020-pib-per-capita-mapa,MMR,1913,1092
mpd2020-pib-per-capita-mapa,MMR,1916,1312
mpd2020-pib-per-capita-mapa,MMR,1921,1133
mpd2020-pib-per-capita-mapa,MMR,1926,1298
mpd2020-pib-per-capita-mapa,MMR,1931,1438
mpd2020-pib-per-capita-mapa,MMR,1936,1336
mpd2020-pib-per-capita-mapa,MMR,1938,1180
mpd2020-pib-per-capita-mapa,MMR,1950,631
mpd2020-pib-per-capita-mapa,MMR,1951,711
mpd2020-pib-per-capita-mapa,MMR,1952,716
mpd2020-pib-per-capita-mapa,MMR,1953,724
mpd2020-pib-per-capita-mapa,MMR,1954,668
mpd2020-pib-per-capita-mapa,MMR,1955,744
mpd2020-pib-per-capita-mapa,MMR,1956,781
mpd2020-pib-per-capita-mapa,MMR,1957,813
mpd2020-pib-per-capita-mapa,MMR,1958,778
mpd2020-pib-per-capita-mapa,MMR,1959,885
mpd2020-pib-per-capita-mapa,MMR,1960,899
mpd2020-pib-per-capita-mapa,MMR,1961,904
mpd2020-pib-per-capita-mapa,MMR,1962,966
mpd2020-pib-per-capita-mapa,MMR,1963,977
mpd2020-pib-per-capita-mapa,MMR,1964,976
mpd2020-pib-per-capita-mapa,MMR,1965,983
mpd2020-pib-per-capita-mapa,MMR,1966,925
mpd2020-pib-per-capita-mapa,MMR,1967,934
mpd2020-pib-per-capita-mapa,MMR,1968,976
mpd2020-pib-per-capita-mapa,MMR,1969,998
mpd2020-pib-per-capita-mapa,MMR,1970,1023
mpd2020-pib-per-capita-mapa,MMR,1971,1036
mpd2020-pib-per-capita-mapa,MMR,1972,1023
mpd2020-pib-per-capita-mapa,MMR,1973,1001
mpd2020-pib-per-capita-mapa,MMR,1974,1033
mpd2020-pib-per-capita-mapa,MMR,1975,1057
mpd2020-pib-per-capita-mapa,MMR,1976,1103
mpd2020-pib-per-capita-mapa,MMR,1977,1148
mpd2020-pib-per-capita-mapa,MMR,1978,1205
mpd2020-pib-per-capita-mapa,MMR,1979,1240
mpd2020-pib-per-capita-mapa,MMR,1980,1320
mpd2020-pib-per-capita-mapa,MMR,1981,1369
mpd2020-pib-per-capita-mapa,MMR,1982,1417
mpd2020-pib-per-capita-mapa,MMR,1983,1451
mpd2020-pib-per-capita-mapa,MMR,1984,1492
mpd2020-pib-per-capita-mapa,MMR,1985,1506
mpd2020-pib-per-capita-mapa,MMR,1986,1465
mpd2020-pib-per-capita-mapa,MMR,1987,1382
mpd2020-pib-per-capita-mapa,MMR,1988,1207
mpd2020-pib-per-capita-mapa,MMR,1989,1234
mpd2020-pib-per-capita-mapa,MMR,1990,1253
mpd2020-pib-per-capita-mapa,MMR,1991,1205.0715
mpd2020-pib-per-capita-mapa,MMR,1992,1283.8255
mpd2020-pib-per-capita-mapa,MMR,1993,1321.8102
mpd2020-pib-per-capita-mapa,MMR,1994,1373.9629
mpd2020-pib-per-capita-mapa,MMR,1995,1423.6505
mpd2020-pib-per-capita-mapa,MMR,1996,1469.0317
mpd2020-pib-per-capita-mapa,MMR,1997,1505.9805
mpd2020-pib-per-capita-mapa,MMR,1998,1547.0283
mpd2020-pib-per-capita-mapa,MMR,1999,1667.6612
mpd2020-pib-per-capita-mapa,MMR,2000,1843.4945
mpd2020-pib-per-capita-mapa,MMR,2001,1996.3737
mpd2020-pib-per-capita-mapa,MMR,2002,2175.8834
mpd2020-pib-per-capita-mapa,MMR,2003,2410.5698
mpd2020-pib-per-capita-mapa,MMR,2004,2664.9413
mpd2020-pib-per-capita-mapa,MMR,2005,2947.0989
mpd2020-pib-per-capita-mapa,MMR,2006,3246.6934
mpd2020-pib-per-capita-mapa,MMR,2007,3542.5884
mpd2020-pib-per-capita-mapa,MMR,2008,3585.7652
mpd2020-pib-per-capita-mapa,MMR,2009,3673.4367
mpd2020-pib-per-capita-mapa,MMR,2010,3772.9985
mpd2020-pib-per-capita-mapa,MMR,2011,3884
mpd2020-pib-per-capita-mapa,MMR,2012,4124
mpd2020-pib-per-capita-mapa,MMR,2013,4424
mpd2020-pib-per-capita-mapa,MMR,2014,4728
mpd2020-pib-per-capita-mapa,MMR,2015,5021
mpd2020-pib-per-capita-mapa,MMR,2016,5284
mpd2020-pib-per-capita-mapa,MMR,2017,5536.4261
mpd2020-pib-per-capita-mapa,MMR,2018,5838.2173
mpd2020-pib-per-capita-mapa,MNE,1952,1784
mpd2020-pib-per-capita-mapa,MNE,1953,1570
mpd2020-pib-per-capita-mapa,MNE,1954,1581
mpd2020-pib-per-capita-mapa,MNE,1955,2099
mpd2020-pib-per-capita-mapa,MNE,1956,1906
mpd2020-pib-per-capita-mapa,MNE,1957,2125
mpd2020-pib-per-capita-mapa,MNE,1958,2072
mpd2020-pib-per-capita-mapa,MNE,1959,2200
mpd2020-pib-per-capita-mapa,MNE,1960,2439
mpd2020-pib-per-capita-mapa,MNE,1961,2922
mpd2020-pib-per-capita-mapa,MNE,1962,2847
mpd2020-pib-per-capita-mapa,MNE,1963,3217
mpd2020-pib-per-capita-mapa,MNE,1964,3732
mpd2020-pib-per-capita-mapa,MNE,1965,3802
mpd2020-pib-per-capita-mapa,MNE,1966,3948
mpd2020-pib-per-capita-mapa,MNE,1967,3995
mpd2020-pib-per-capita-mapa,MNE,1968,4160
mpd2020-pib-per-capita-mapa,MNE,1969,4546
mpd2020-pib-per-capita-mapa,MNE,1970,4857
mpd2020-pib-per-capita-mapa,MNE,1971,4994
mpd2020-pib-per-capita-mapa,MNE,1972,5206
mpd2020-pib-per-capita-mapa,MNE,1973,5137
mpd2020-pib-per-capita-mapa,MNE,1974,5394
mpd2020-pib-per-capita-mapa,MNE,1975,5512
mpd2020-pib-per-capita-mapa,MNE,1976,5740
mpd2020-pib-per-capita-mapa,MNE,1977,6298
mpd2020-pib-per-capita-mapa,MNE,1978,6583
mpd2020-pib-per-capita-mapa,MNE,1979,6523
mpd2020-pib-per-capita-mapa,MNE,1980,7992
mpd2020-pib-per-capita-mapa,MNE,1981,7635
mpd2020-pib-per-capita-mapa,MNE,1982,7790
mpd2020-pib-per-capita-mapa,MNE,1983,7610
mpd2020-pib-per-capita-mapa,MNE,1984,7828
mpd2020-pib-per-capita-mapa,MNE,1985,7804
mpd2020-pib-per-capita-mapa,MNE,1986,8021
mpd2020-pib-per-capita-mapa,MNE,1987,7592
mpd2020-pib-per-capita-mapa,MNE,1988,7299
mpd2020-pib-per-capita-mapa,MNE,1989,7278
mpd2020-pib-per-capita-mapa,MNE,1990,6605
mpd2020-pib-per-capita-mapa,MNE,1991,6068.2152
mpd2020-pib-per-capita-mapa,MNE,1992,4605.2989
mpd2020-pib-per-capita-mapa,MNE,1993,2981.8046
mpd2020-pib-per-capita-mapa,MNE,1994,3073.9207
mpd2020-pib-per-capita-mapa,MNE,1995,3571.0724
mpd2020-pib-per-capita-mapa,MNE,1996,4663.1601
mpd2020-pib-per-capita-mapa,MNE,1997,5121.7282
mpd2020-pib-per-capita-mapa,MNE,1998,5522.1044
mpd2020-pib-per-capita-mapa,MNE,1999,5142.7291
mpd2020-pib-per-capita-mapa,MNE,2000,6046.1422
mpd2020-pib-per-capita-mapa,MNE,2001,6429.5611
mpd2020-pib-per-capita-mapa,MNE,2002,6897.725
mpd2020-pib-per-capita-mapa,MNE,2003,7445.0501
mpd2020-pib-per-capita-mapa,MNE,2004,8193.7497
mpd2020-pib-per-capita-mapa,MNE,2005,9002.2182
mpd2020-pib-per-capita-mapa,MNE,2006,10307.647
mpd2020-pib-per-capita-mapa,MNE,2007,12027.4294
mpd2020-pib-per-capita-mapa,MNE,2008,13550.3564
mpd2020-pib-per-capita-mapa,MNE,2009,13459.4992
mpd2020-pib-per-capita-mapa,MNE,2010,14509.7656
mpd2020-pib-per-capita-mapa,MNE,2011,15747
mpd2020-pib-per-capita-mapa,MNE,2012,15421
mpd2020-pib-per-capita-mapa,MNE,2013,16064
mpd2020-pib-per-capita-mapa,MNE,2014,16437
mpd2020-pib-per-capita-mapa,MNE,2015,17249
mpd2020-pib-per-capita-mapa,MNE,2016,17741
mpd2020-pib-per-capita-mapa,MNE,2017,18568.8966
mpd2020-pib-per-capita-mapa,MNE,2018,19504.1588
mpd2020-pib-per-capita-mapa,MNG,1950,677
mpd2020-pib-per-capita-mapa,MNG,1951,697
mpd2020-pib-per-capita-mapa,MNG,1952,719
mpd2020-pib-per-capita-mapa,MNG,1953,741
mpd2020-pib-per-capita-mapa,MNG,1954,764
mpd2020-pib-per-capita-mapa,MNG,1955,786
mpd2020-pib-per-capita-mapa,MNG,1956,810
mpd2020-pib-per-capita-mapa,MNG,1957,835
mpd2020-pib-per-capita-mapa,MNG,1958,859
mpd2020-pib-per-capita-mapa,MNG,1959,885
mpd2020-pib-per-capita-mapa,MNG,1960,912
mpd2020-pib-per-capita-mapa,MNG,1961,939
mpd2020-pib-per-capita-mapa,MNG,1962,966
mpd2020-pib-per-capita-mapa,MNG,1963,996
mpd2020-pib-per-capita-mapa,MNG,1964,1027
mpd2020-pib-per-capita-mapa,MNG,1965,1057
mpd2020-pib-per-capita-mapa,MNG,1966,1087
mpd2020-pib-per-capita-mapa,MNG,1967,1122
mpd2020-pib-per-capita-mapa,MNG,1968,1154
mpd2020-pib-per-capita-mapa,MNG,1969,1189
mpd2020-pib-per-capita-mapa,MNG,1970,1226
mpd2020-pib-per-capita-mapa,MNG,1971,1246
mpd2020-pib-per-capita-mapa,MNG,1972,1256
mpd2020-pib-per-capita-mapa,MNG,1973,1328
mpd2020-pib-per-capita-mapa,MNG,1974,1342
mpd2020-pib-per-capita-mapa,MNG,1975,1387
mpd2020-pib-per-capita-mapa,MNG,1976,1401
mpd2020-pib-per-capita-mapa,MNG,1977,1470
mpd2020-pib-per-capita-mapa,MNG,1978,1537
mpd2020-pib-per-capita-mapa,MNG,1979,1556
mpd2020-pib-per-capita-mapa,MNG,1980,1618
mpd2020-pib-per-capita-mapa,MNG,1981,1714
mpd2020-pib-per-capita-mapa,MNG,1982,1814
mpd2020-pib-per-capita-mapa,MNG,1983,1876
mpd2020-pib-per-capita-mapa,MNG,1984,1940
mpd2020-pib-per-capita-mapa,MNG,1985,2004
mpd2020-pib-per-capita-mapa,MNG,1986,2142
mpd2020-pib-per-capita-mapa,MNG,1987,2168
mpd2020-pib-per-capita-mapa,MNG,1988,2227
mpd2020-pib-per-capita-mapa,MNG,1989,2232
mpd2020-pib-per-capita-mapa,MNG,1990,2123
mpd2020-pib-per-capita-mapa,MNG,1991,1976.0231
mpd2020-pib-per-capita-mapa,MNG,1992,1841.0125
mpd2020-pib-per-capita-mapa,MNG,1993,1846.2256
mpd2020-pib-per-capita-mapa,MNG,1994,1955.4773
mpd2020-pib-per-capita-mapa,MNG,1995,2147.8287
mpd2020-pib-per-capita-mapa,MNG,1996,2271.7987
mpd2020-pib-per-capita-mapa,MNG,1997,2445.0127
mpd2020-pib-per-capita-mapa,MNG,1998,2620.4891
mpd2020-pib-per-capita-mapa,MNG,1999,2801.8618
mpd2020-pib-per-capita-mapa,MNG,2000,2936.0628
mpd2020-pib-per-capita-mapa,MNG,2001,3133.5559
mpd2020-pib-per-capita-mapa,MNG,2002,3401.9465
mpd2020-pib-per-capita-mapa,MNG,2003,3775.4379
mpd2020-pib-per-capita-mapa,MNG,2004,4334.2314
mpd2020-pib-per-capita-mapa,MNG,2005,4822.2336
mpd2020-pib-per-capita-mapa,MNG,2006,5426.8536
mpd2020-pib-per-capita-mapa,MNG,2007,6196.5892
mpd2020-pib-per-capita-mapa,MNG,2008,6982.1464
mpd2020-pib-per-capita-mapa,MNG,2009,7126.8087
mpd2020-pib-per-capita-mapa,MNG,2010,7830.0641
mpd2020-pib-per-capita-mapa,MNG,2011,9484
mpd2020-pib-per-capita-mapa,MNG,2012,10493
mpd2020-pib-per-capita-mapa,MNG,2013,11545
mpd2020-pib-per-capita-mapa,MNG,2014,12283
mpd2020-pib-per-capita-mapa,MNG,2015,12398
mpd2020-pib-per-capita-mapa,MNG,2016,12360
mpd2020-pib-per-capita-mapa,MNG,2017,12767.8165
mpd2020-pib-per-capita-mapa,MNG,2018,13382.5423
mpd2020-pib-per-capita-mapa,MOZ,1950,1806
mpd2020-pib-per-capita-mapa,MOZ,1951,1841
mpd2020-pib-per-capita-mapa,MOZ,1952,1878
mpd2020-pib-per-capita-mapa,MOZ,1953,1911
mpd2020-pib-per-capita-mapa,MOZ,1954,1924
mpd2020-pib-per-capita-mapa,MOZ,1955,2007
mpd2020-pib-per-capita-mapa,MOZ,1956,1980
mpd2020-pib-per-capita-mapa,MOZ,1957,1986
mpd2020-pib-per-capita-mapa,MOZ,1958,2040
mpd2020-pib-per-capita-mapa,MOZ,1959,2109
mpd2020-pib-per-capita-mapa,MOZ,1960,2115
mpd2020-pib-per-capita-mapa,MOZ,1961,2131
mpd2020-pib-per-capita-mapa,MOZ,1962,2232
mpd2020-pib-per-capita-mapa,MOZ,1963,2106
mpd2020-pib-per-capita-mapa,MOZ,1964,2150
mpd2020-pib-per-capita-mapa,MOZ,1965,2153
mpd2020-pib-per-capita-mapa,MOZ,1966,2174
mpd2020-pib-per-capita-mapa,MOZ,1967,2271
mpd2020-pib-per-capita-mapa,MOZ,1968,2469
mpd2020-pib-per-capita-mapa,MOZ,1969,2699
mpd2020-pib-per-capita-mapa,MOZ,1970,2778
mpd2020-pib-per-capita-mapa,MOZ,1971,2895
mpd2020-pib-per-capita-mapa,MOZ,1972,2906
mpd2020-pib-per-capita-mapa,MOZ,1973,2986
mpd2020-pib-per-capita-mapa,MOZ,1974,2684
mpd2020-pib-per-capita-mapa,MOZ,1975,2238
mpd2020-pib-per-capita-mapa,MOZ,1976,2064
mpd2020-pib-per-capita-mapa,MOZ,1977,2013
mpd2020-pib-per-capita-mapa,MOZ,1978,1969
mpd2020-pib-per-capita-mapa,MOZ,1979,1937
mpd2020-pib-per-capita-mapa,MOZ,1980,1945
mpd2020-pib-per-capita-mapa,MOZ,1981,1940
mpd2020-pib-per-capita-mapa,MOZ,1982,1852
mpd2020-pib-per-capita-mapa,MOZ,1983,1694
mpd2020-pib-per-capita-mapa,MOZ,1984,1629
mpd2020-pib-per-capita-mapa,MOZ,1985,1466
mpd2020-pib-per-capita-mapa,MOZ,1986,1479
mpd2020-pib-per-capita-mapa,MOZ,1987,1562
mpd2020-pib-per-capita-mapa,MOZ,1988,1701
mpd2020-pib-per-capita-mapa,MOZ,1989,1776
mpd2020-pib-per-capita-mapa,MOZ,1990,1776
mpd2020-pib-per-capita-mapa,MOZ,1991,1719.0991
mpd2020-pib-per-capita-mapa,MOZ,1992,1482.4166
mpd2020-pib-per-capita-mapa,MOZ,1993,1439.2897
mpd2020-pib-per-capita-mapa,MOZ,1994,1312.372
mpd2020-pib-per-capita-mapa,MOZ,1995,1165.8102
mpd2020-pib-per-capita-mapa,MOZ,1996,1325.5954
mpd2020-pib-per-capita-mapa,MOZ,1997,1323.6936
mpd2020-pib-per-capita-mapa,MOZ,1998,1335.6607
mpd2020-pib-per-capita-mapa,MOZ,1999,1301.5763
mpd2020-pib-per-capita-mapa,MOZ,2000,1196.0149
mpd2020-pib-per-capita-mapa,MOZ,2001,1219.381
mpd2020-pib-per-capita-mapa,MOZ,2002,1199.7331
mpd2020-pib-per-capita-mapa,MOZ,2003,1155.7037
mpd2020-pib-per-capita-mapa,MOZ,2004,1125.8321
mpd2020-pib-per-capita-mapa,MOZ,2005,1107.5338
mpd2020-pib-per-capita-mapa,MOZ,2006,1099.3418
mpd2020-pib-per-capita-mapa,MOZ,2007,1067.9665
mpd2020-pib-per-capita-mapa,MOZ,2008,1031.3622
mpd2020-pib-per-capita-mapa,MOZ,2009,991.7452
mpd2020-pib-per-capita-mapa,MOZ,2010,956.5305
mpd2020-pib-per-capita-mapa,MOZ,2011,925
mpd2020-pib-per-capita-mapa,MOZ,2012,967
mpd2020-pib-per-capita-mapa,MOZ,2013,1011
mpd2020-pib-per-capita-mapa,MOZ,2014,1060
mpd2020-pib-per-capita-mapa,MOZ,2015,1103
mpd2020-pib-per-capita-mapa,MOZ,2016,1113
mpd2020-pib-per-capita-mapa,MOZ,2017,1124.6561
mpd2020-pib-per-capita-mapa,MOZ,2018,1132.7709
mpd2020-pib-per-capita-mapa,MRT,1950,679
mpd2020-pib-per-capita-mapa,MRT,1951,698
mpd2020-pib-per-capita-mapa,MRT,1952,717
mpd2020-pib-per-capita-mapa,MRT,1953,736
mpd2020-pib-per-capita-mapa,MRT,1954,756
mpd2020-pib-per-capita-mapa,MRT,1955,776
mpd2020-pib-per-capita-mapa,MRT,1956,797
mpd2020-pib-per-capita-mapa,MRT,1957,816
mpd2020-pib-per-capita-mapa,MRT,1958,837
mpd2020-pib-per-capita-mapa,MRT,1959,858
mpd2020-pib-per-capita-mapa,MRT,1960,913
mpd2020-pib-per-capita-mapa,MRT,1961,1055
mpd2020-pib-per-capita-mapa,MRT,1962,1019
mpd2020-pib-per-capita-mapa,MRT,1963,944
mpd2020-pib-per-capita-mapa,MRT,1964,1208
mpd2020-pib-per-capita-mapa,MRT,1965,1358
mpd2020-pib-per-capita-mapa,MRT,1966,1345
mpd2020-pib-per-capita-mapa,MRT,1967,1372
mpd2020-pib-per-capita-mapa,MRT,1968,1471
mpd2020-pib-per-capita-mapa,MRT,1969,1425
mpd2020-pib-per-capita-mapa,MRT,1970,1548
mpd2020-pib-per-capita-mapa,MRT,1971,1533
mpd2020-pib-per-capita-mapa,MRT,1972,1511
mpd2020-pib-per-capita-mapa,MRT,1973,1473
mpd2020-pib-per-capita-mapa,MRT,1974,1570
mpd2020-pib-per-capita-mapa,MRT,1975,1699
mpd2020-pib-per-capita-mapa,MRT,1976,1779
mpd2020-pib-per-capita-mapa,MRT,1977,1742
mpd2020-pib-per-capita-mapa,MRT,1978,1581
mpd2020-pib-per-capita-mapa,MRT,1979,1706
mpd2020-pib-per-capita-mapa,MRT,1980,1682
mpd2020-pib-per-capita-mapa,MRT,1981,1714
mpd2020-pib-per-capita-mapa,MRT,1982,1548
mpd2020-pib-per-capita-mapa,MRT,1983,1553
mpd2020-pib-per-capita-mapa,MRT,1984,1486
mpd2020-pib-per-capita-mapa,MRT,1985,1502
mpd2020-pib-per-capita-mapa,MRT,1986,1553
mpd2020-pib-per-capita-mapa,MRT,1987,1551
mpd2020-pib-per-capita-mapa,MRT,1988,1533
mpd2020-pib-per-capita-mapa,MRT,1989,1559
mpd2020-pib-per-capita-mapa,MRT,1990,1511
mpd2020-pib-per-capita-mapa,MRT,1991,1547.5435
mpd2020-pib-per-capita-mapa,MRT,1992,1559.9049
mpd2020-pib-per-capita-mapa,MRT,1993,1668.7221
mpd2020-pib-per-capita-mapa,MRT,1994,1732.997
mpd2020-pib-per-capita-mapa,MRT,1995,1686.1977
mpd2020-pib-per-capita-mapa,MRT,1996,1873.0509
mpd2020-pib-per-capita-mapa,MRT,1997,1799.8252
mpd2020-pib-per-capita-mapa,MRT,1998,1841.2075
mpd2020-pib-per-capita-mapa,MRT,1999,1954.2294
mpd2020-pib-per-capita-mapa,MRT,2000,1934.742
mpd2020-pib-per-capita-mapa,MRT,2001,1964.4456
mpd2020-pib-per-capita-mapa,MRT,2002,1967.4483
mpd2020-pib-per-capita-mapa,MRT,2003,2076.2331
mpd2020-pib-per-capita-mapa,MRT,2004,2185.9503
mpd2020-pib-per-capita-mapa,MRT,2005,2371.0067
mpd2020-pib-per-capita-mapa,MRT,2006,2807.1989
mpd2020-pib-per-capita-mapa,MRT,2007,2875.0347
mpd2020-pib-per-capita-mapa,MRT,2008,2895.665
mpd2020-pib-per-capita-mapa,MRT,2009,2855.5746
mpd2020-pib-per-capita-mapa,MRT,2010,2982.7488
mpd2020-pib-per-capita-mapa,MRT,2011,3104
mpd2020-pib-per-capita-mapa,MRT,2012,3213
mpd2020-pib-per-capita-mapa,MRT,2013,3319
mpd2020-pib-per-capita-mapa,MRT,2014,3459
mpd2020-pib-per-capita-mapa,MRT,2015,3424
mpd2020-pib-per-capita-mapa,MRT,2016,3407
mpd2020-pib-per-capita-mapa,MRT,2017,3431.4636
mpd2020-pib-per-capita-mapa,MRT,2018,3457.515
mpd2020-pib-per-capita-mapa,MUS,1950,3942
mpd2020-pib-per-capita-mapa,MUS,1951,4022
mpd2020-pib-per-capita-mapa,MUS,1952,4002
mpd2020-pib-per-capita-mapa,MUS,1953,4006
mpd2020-pib-per-capita-mapa,MUS,1954,4095
mpd2020-pib-per-capita-mapa,MUS,1955,4095
mpd2020-pib-per-capita-mapa,MUS,1956,4106
mpd2020-pib-per-capita-mapa,MUS,1957,4136
mpd2020-pib-per-capita-mapa,MUS,1958,4132
mpd2020-pib-per-capita-mapa,MUS,1959,4251
mpd2020-pib-per-capita-mapa,MUS,1960,4396
mpd2020-pib-per-capita-mapa,MUS,1961,5254
mpd2020-pib-per-capita-mapa,MUS,1962,5144
mpd2020-pib-per-capita-mapa,MUS,1963,5745
mpd2020-pib-per-capita-mapa,MUS,1964,5196
mpd2020-pib-per-capita-mapa,MUS,1965,5227
mpd2020-pib-per-capita-mapa,MUS,1966,4921
mpd2020-pib-per-capita-mapa,MUS,1967,5035
mpd2020-pib-per-capita-mapa,MUS,1968,4602
mpd2020-pib-per-capita-mapa,MUS,1969,4758
mpd2020-pib-per-capita-mapa,MUS,1970,4662
mpd2020-pib-per-capita-mapa,MUS,1971,4804
mpd2020-pib-per-capita-mapa,MUS,1972,5128
mpd2020-pib-per-capita-mapa,MUS,1973,5668
mpd2020-pib-per-capita-mapa,MUS,1974,6038
mpd2020-pib-per-capita-mapa,MUS,1975,6030
mpd2020-pib-per-capita-mapa,MUS,1976,7264
mpd2020-pib-per-capita-mapa,MUS,1977,7610
mpd2020-pib-per-capita-mapa,MUS,1978,7763
mpd2020-pib-per-capita-mapa,MUS,1979,7889
mpd2020-pib-per-capita-mapa,MUS,1980,6970
mpd2020-pib-per-capita-mapa,MUS,1981,7264
mpd2020-pib-per-capita-mapa,MUS,1982,7563
mpd2020-pib-per-capita-mapa,MUS,1983,7516
mpd2020-pib-per-capita-mapa,MUS,1984,7798
mpd2020-pib-per-capita-mapa,MUS,1985,8265
mpd2020-pib-per-capita-mapa,MUS,1986,9001
mpd2020-pib-per-capita-mapa,MUS,1987,9840
mpd2020-pib-per-capita-mapa,MUS,1988,10418
mpd2020-pib-per-capita-mapa,MUS,1989,10806
mpd2020-pib-per-capita-mapa,MUS,1990,11489
mpd2020-pib-per-capita-mapa,MUS,1991,11643.3982
mpd2020-pib-per-capita-mapa,MUS,1992,12002.3802
mpd2020-pib-per-capita-mapa,MUS,1993,12228.8141
mpd2020-pib-per-capita-mapa,MUS,1994,12381.0666
mpd2020-pib-per-capita-mapa,MUS,1995,12567.9282
mpd2020-pib-per-capita-mapa,MUS,1996,12841.9305
mpd2020-pib-per-capita-mapa,MUS,1997,13198.2949
mpd2020-pib-per-capita-mapa,MUS,1998,13607.8847
mpd2020-pib-per-capita-mapa,MUS,1999,13572.6803
mpd2020-pib-per-capita-mapa,MUS,2000,14272.3009
mpd2020-pib-per-capita-mapa,MUS,2001,14347.6108
mpd2020-pib-per-capita-mapa,MUS,2002,14196.0408
mpd2020-pib-per-capita-mapa,MUS,2003,14623.3085
mpd2020-pib-per-capita-mapa,MUS,2004,14854.6137
mpd2020-pib-per-capita-mapa,MUS,2005,14725.1642
mpd2020-pib-per-capita-mapa,MUS,2006,15042.5414
mpd2020-pib-per-capita-mapa,MUS,2007,15519.4186
mpd2020-pib-per-capita-mapa,MUS,2008,15957.9602
mpd2020-pib-per-capita-mapa,MUS,2009,16029.2639
mpd2020-pib-per-capita-mapa,MUS,2010,16269.3202
mpd2020-pib-per-capita-mapa,MUS,2011,16483
mpd2020-pib-per-capita-mapa,MUS,2012,16893
mpd2020-pib-per-capita-mapa,MUS,2013,17311
mpd2020-pib-per-capita-mapa,MUS,2014,17818
mpd2020-pib-per-capita-mapa,MUS,2015,18322
mpd2020-pib-per-capita-mapa,MUS,2016,18918
mpd2020-pib-per-capita-mapa,MUS,2017,19521.5842
mpd2020-pib-per-capita-mapa,MUS,2018,20138.5723
mpd2020-pib-per-capita-mapa,MWI,1950,516
mpd2020-pib-per-capita-mapa,MWI,1951,529
mpd2020-pib-per-capita-mapa,MWI,1952,540
mpd2020-pib-per-capita-mapa,MWI,1953,553
mpd2020-pib-per-capita-mapa,MWI,1954,566
mpd2020-pib-per-capita-mapa,MWI,1955,564
mpd2020-pib-per-capita-mapa,MWI,1956,599
mpd2020-pib-per-capita-mapa,MWI,1957,610
mpd2020-pib-per-capita-mapa,MWI,1958,618
mpd2020-pib-per-capita-mapa,MWI,1959,626
mpd2020-pib-per-capita-mapa,MWI,1960,628
mpd2020-pib-per-capita-mapa,MWI,1961,644
mpd2020-pib-per-capita-mapa,MWI,1962,626
mpd2020-pib-per-capita-mapa,MWI,1963,599
mpd2020-pib-per-capita-mapa,MWI,1964,572
mpd2020-pib-per-capita-mapa,MWI,1965,633
mpd2020-pib-per-capita-mapa,MWI,1966,679
mpd2020-pib-per-capita-mapa,MWI,1967,725
mpd2020-pib-per-capita-mapa,MWI,1968,697
mpd2020-pib-per-capita-mapa,MWI,1969,722
mpd2020-pib-per-capita-mapa,MWI,1970,713
mpd2020-pib-per-capita-mapa,MWI,1971,794
mpd2020-pib-per-capita-mapa,MWI,1972,851
mpd2020-pib-per-capita-mapa,MWI,1973,896
mpd2020-pib-per-capita-mapa,MWI,1974,928
mpd2020-pib-per-capita-mapa,MWI,1975,934
mpd2020-pib-per-capita-mapa,MWI,1976,942
mpd2020-pib-per-capita-mapa,MWI,1977,961
mpd2020-pib-per-capita-mapa,MWI,1978,1015
mpd2020-pib-per-capita-mapa,MWI,1979,1030
mpd2020-pib-per-capita-mapa,MWI,1980,1004
mpd2020-pib-per-capita-mapa,MWI,1981,925
mpd2020-pib-per-capita-mapa,MWI,1982,904
mpd2020-pib-per-capita-mapa,MWI,1983,913
mpd2020-pib-per-capita-mapa,MWI,1984,925
mpd2020-pib-per-capita-mapa,MWI,1985,966
mpd2020-pib-per-capita-mapa,MWI,1986,936
mpd2020-pib-per-capita-mapa,MWI,1987,905
mpd2020-pib-per-capita-mapa,MWI,1988,872
mpd2020-pib-per-capita-mapa,MWI,1989,864
mpd2020-pib-per-capita-mapa,MWI,1990,861
mpd2020-pib-per-capita-mapa,MWI,1991,899.9751
mpd2020-pib-per-capita-mapa,MWI,1992,802.9305
mpd2020-pib-per-capita-mapa,MWI,1993,865.7632
mpd2020-pib-per-capita-mapa,MWI,1994,791.5501
mpd2020-pib-per-capita-mapa,MWI,1995,906.879
mpd2020-pib-per-capita-mapa,MWI,1996,972.8214
mpd2020-pib-per-capita-mapa,MWI,1997,1005.8521
mpd2020-pib-per-capita-mapa,MWI,1998,986.0287
mpd2020-pib-per-capita-mapa,MWI,1999,989.8359
mpd2020-pib-per-capita-mapa,MWI,2000,967.0872
mpd2020-pib-per-capita-mapa,MWI,2001,899.2305
mpd2020-pib-per-capita-mapa,MWI,2002,886.1978
mpd2020-pib-per-capita-mapa,MWI,2003,905.7955
mpd2020-pib-per-capita-mapa,MWI,2004,922.7613
mpd2020-pib-per-capita-mapa,MWI,2005,920.0499
mpd2020-pib-per-capita-mapa,MWI,2006,929.4762
mpd2020-pib-per-capita-mapa,MWI,2007,982.3916
mpd2020-pib-per-capita-mapa,MWI,2008,1017.8208
mpd2020-pib-per-capita-mapa,MWI,2009,1061.9495
mpd2020-pib-per-capita-mapa,MWI,2010,1091.5876
mpd2020-pib-per-capita-mapa,MWI,2011,1102
mpd2020-pib-per-capita-mapa,MWI,2012,1085
mpd2020-pib-per-capita-mapa,MWI,2013,1104
mpd2020-pib-per-capita-mapa,MWI,2014,1129
mpd2020-pib-per-capita-mapa,MWI,2015,1124
mpd2020-pib-per-capita-mapa,MWI,2016,1112
mpd2020-pib-per-capita-mapa,MWI,2017,1118.7711
mpd2020-pib-per-capita-mapa,MWI,2018,1116.6402
mpd2020-pib-per-capita-mapa,MYS,1820,961
mpd2020-pib-per-capita-mapa,MYS,1870,1055
mpd2020-pib-per-capita-mapa,MYS,1900,817.743
mpd2020-pib-per-capita-mapa,MYS,1901,950.5307
mpd2020-pib-per-capita-mapa,MYS,1902,1018.3575
mpd2020-pib-per-capita-mapa,MYS,1903,881.7486
mpd2020-pib-per-capita-mapa,MYS,1904,822.5196
mpd2020-pib-per-capita-mapa,MYS,1905,863.5978
mpd2020-pib-per-capita-mapa,MYS,1906,794.8156
mpd2020-pib-per-capita-mapa,MYS,1907,852.1341
mpd2020-pib-per-capita-mapa,MYS,1908,983.9665
mpd2020-pib-per-capita-mapa,MYS,1909,919.0056
mpd2020-pib-per-capita-mapa,MYS,1910,1073.7654
mpd2020-pib-per-capita-mapa,MYS,1911,1133.9497
mpd2020-pib-per-capita-mapa,MYS,1912,1093.8268
mpd2020-pib-per-capita-mapa,MYS,1913,1288.7095
mpd2020-pib-per-capita-mapa,MYS,1914,1445.3799
mpd2020-pib-per-capita-mapa,MYS,1915,1541.8659
mpd2020-pib-per-capita-mapa,MYS,1916,1389.0168
mpd2020-pib-per-capita-mapa,MYS,1917,1718.5978
mpd2020-pib-per-capita-mapa,MYS,1918,1795.0223
mpd2020-pib-per-capita-mapa,MYS,1919,1877.1788
mpd2020-pib-per-capita-mapa,MYS,1920,1786.4246
mpd2020-pib-per-capita-mapa,MYS,1921,2172.3687
mpd2020-pib-per-capita-mapa,MYS,1922,2404.5084
mpd2020-pib-per-capita-mapa,MYS,1923,2052
mpd2020-pib-per-capita-mapa,MYS,1924,2044.3575
mpd2020-pib-per-capita-mapa,MYS,1925,1732.9274
mpd2020-pib-per-capita-mapa,MYS,1926,2179.0559
mpd2020-pib-per-capita-mapa,MYS,1927,2049.1341
mpd2020-pib-per-capita-mapa,MYS,1928,2537.2961
mpd2020-pib-per-capita-mapa,MYS,1929,3220.3408
mpd2020-pib-per-capita-mapa,MYS,1930,3147.7374
mpd2020-pib-per-capita-mapa,MYS,1931,3072.2682
mpd2020-pib-per-capita-mapa,MYS,1932,2792.3631
mpd2020-pib-per-capita-mapa,MYS,1933,2790.4525
mpd2020-pib-per-capita-mapa,MYS,1934,2805.7374
mpd2020-pib-per-capita-mapa,MYS,1935,2688.2346
mpd2020-pib-per-capita-mapa,MYS,1936,2906.0447
mpd2020-pib-per-capita-mapa,MYS,1937,3162.067
mpd2020-pib-per-capita-mapa,MYS,1938,2515.324
mpd2020-pib-per-capita-mapa,MYS,1939,2565
mpd2020-pib-per-capita-mapa,MYS,1940,2037
mpd2020-pib-per-capita-mapa,MYS,1941,1973
mpd2020-pib-per-capita-mapa,MYS,1942,2667
mpd2020-pib-per-capita-mapa,MYS,1947,1704
mpd2020-pib-per-capita-mapa,MYS,1948,1889
mpd2020-pib-per-capita-mapa,MYS,1949,2440
mpd2020-pib-per-capita-mapa,MYS,1950,2485
mpd2020-pib-per-capita-mapa,MYS,1951,2295
mpd2020-pib-per-capita-mapa,MYS,1952,2345
mpd2020-pib-per-capita-mapa,MYS,1953,2295
mpd2020-pib-per-capita-mapa,MYS,1954,2375
mpd2020-pib-per-capita-mapa,MYS,1955,2327
mpd2020-pib-per-capita-mapa,MYS,1956,2399
mpd2020-pib-per-capita-mapa,MYS,1957,2319
mpd2020-pib-per-capita-mapa,MYS,1958,2252
mpd2020-pib-per-capita-mapa,MYS,1959,2338
mpd2020-pib-per-capita-mapa,MYS,1960,2439
mpd2020-pib-per-capita-mapa,MYS,1961,2538
mpd2020-pib-per-capita-mapa,MYS,1962,2609
mpd2020-pib-per-capita-mapa,MYS,1963,2660
mpd2020-pib-per-capita-mapa,MYS,1964,2754
mpd2020-pib-per-capita-mapa,MYS,1965,2876
mpd2020-pib-per-capita-mapa,MYS,1966,2942
mpd2020-pib-per-capita-mapa,MYS,1967,2917
mpd2020-pib-per-capita-mapa,MYS,1968,3096
mpd2020-pib-per-capita-mapa,MYS,1969,3196
mpd2020-pib-per-capita-mapa,MYS,1970,3314
mpd2020-pib-per-capita-mapa,MYS,1971,3475
mpd2020-pib-per-capita-mapa,MYS,1972,3649
mpd2020-pib-per-capita-mapa,MYS,1973,4081
mpd2020-pib-per-capita-mapa,MYS,1974,4285
mpd2020-pib-per-capita-mapa,MYS,1975,4221
mpd2020-pib-per-capita-mapa,MYS,1976,4638
mpd2020-pib-per-capita-mapa,MYS,1977,4903
mpd2020-pib-per-capita-mapa,MYS,1978,5214
mpd2020-pib-per-capita-mapa,MYS,1979,5510
mpd2020-pib-per-capita-mapa,MYS,1980,5829
mpd2020-pib-per-capita-mapa,MYS,1981,6095
mpd2020-pib-per-capita-mapa,MYS,1982,6303
mpd2020-pib-per-capita-mapa,MYS,1983,6529
mpd2020-pib-per-capita-mapa,MYS,1984,6867
mpd2020-pib-per-capita-mapa,MYS,1985,6626
mpd2020-pib-per-capita-mapa,MYS,1986,6543
mpd2020-pib-per-capita-mapa,MYS,1987,6723
mpd2020-pib-per-capita-mapa,MYS,1988,7144
mpd2020-pib-per-capita-mapa,MYS,1989,7634
mpd2020-pib-per-capita-mapa,MYS,1990,8179
mpd2020-pib-per-capita-mapa,MYS,1991,8781.2089
mpd2020-pib-per-capita-mapa,MYS,1992,9383.9322
mpd2020-pib-per-capita-mapa,MYS,1993,10131.9293
mpd2020-pib-per-capita-mapa,MYS,1994,10867.2561
mpd2020-pib-per-capita-mapa,MYS,1995,11725.0925
mpd2020-pib-per-capita-mapa,MYS,1996,12668.6683
mpd2020-pib-per-capita-mapa,MYS,1997,13344.5706
mpd2020-pib-per-capita-mapa,MYS,1998,12129.6358
mpd2020-pib-per-capita-mapa,MYS,1999,12636.6072
mpd2020-pib-per-capita-mapa,MYS,2000,13474.7015
mpd2020-pib-per-capita-mapa,MYS,2001,13307.2149
mpd2020-pib-per-capita-mapa,MYS,2002,13809.8721
mpd2020-pib-per-capita-mapa,MYS,2003,14362.1557
mpd2020-pib-per-capita-mapa,MYS,2004,15087.2514
mpd2020-pib-per-capita-mapa,MYS,2005,15651.118
mpd2020-pib-per-capita-mapa,MYS,2006,16353.9241
mpd2020-pib-per-capita-mapa,MYS,2007,17209.5846
mpd2020-pib-per-capita-mapa,MYS,2008,17865.6409
mpd2020-pib-per-capita-mapa,MYS,2009,17430.4446
mpd2020-pib-per-capita-mapa,MYS,2010,18574.2996
mpd2020-pib-per-capita-mapa,MYS,2011,19390
mpd2020-pib-per-capita-mapa,MYS,2012,20134
mpd2020-pib-per-capita-mapa,MYS,2013,20760
mpd2020-pib-per-capita-mapa,MYS,2014,21683
mpd2020-pib-per-capita-mapa,MYS,2015,22432
mpd2020-pib-per-capita-mapa,MYS,2016,23053
mpd2020-pib-per-capita-mapa,MYS,2017,24041.1138
mpd2020-pib-per-capita-mapa,MYS,2018,24842.3559
mpd2020-pib-per-capita-mapa,NAM,1950,4009
mpd2020-pib-per-capita-mapa,NAM,1951,4038
mpd2020-pib-per-capita-mapa,NAM,1952,4066
mpd2020-pib-per-capita-mapa,NAM,1953,4125
mpd2020-pib-per-capita-mapa,NAM,1954,4254
mpd2020-pib-per-capita-mapa,NAM,1955,4288
mpd2020-pib-per-capita-mapa,NAM,1956,4340
mpd2020-pib-per-capita-mapa,NAM,1957,4398
mpd2020-pib-per-capita-mapa,NAM,1958,4409
mpd2020-pib-per-capita-mapa,NAM,1959,4549
mpd2020-pib-per-capita-mapa,NAM,1960,4855
mpd2020-pib-per-capita-mapa,NAM,1961,4787
mpd2020-pib-per-capita-mapa,NAM,1962,5324
mpd2020-pib-per-capita-mapa,NAM,1963,5710
mpd2020-pib-per-capita-mapa,NAM,1964,6468
mpd2020-pib-per-capita-mapa,NAM,1965,6728
mpd2020-pib-per-capita-mapa,NAM,1966,6808
mpd2020-pib-per-capita-mapa,NAM,1967,6365
mpd2020-pib-per-capita-mapa,NAM,1968,6253
mpd2020-pib-per-capita-mapa,NAM,1969,6303
mpd2020-pib-per-capita-mapa,NAM,1970,6164
mpd2020-pib-per-capita-mapa,NAM,1971,6258
mpd2020-pib-per-capita-mapa,NAM,1972,6156
mpd2020-pib-per-capita-mapa,NAM,1973,6177
mpd2020-pib-per-capita-mapa,NAM,1974,6387
mpd2020-pib-per-capita-mapa,NAM,1975,6293
mpd2020-pib-per-capita-mapa,NAM,1976,6150
mpd2020-pib-per-capita-mapa,NAM,1977,5984
mpd2020-pib-per-capita-mapa,NAM,1978,6027
mpd2020-pib-per-capita-mapa,NAM,1979,6073
mpd2020-pib-per-capita-mapa,NAM,1980,6293
mpd2020-pib-per-capita-mapa,NAM,1981,6271
mpd2020-pib-per-capita-mapa,NAM,1982,6064
mpd2020-pib-per-capita-mapa,NAM,1983,5734
mpd2020-pib-per-capita-mapa,NAM,1984,5539
mpd2020-pib-per-capita-mapa,NAM,1985,5396
mpd2020-pib-per-capita-mapa,NAM,1986,5530
mpd2020-pib-per-capita-mapa,NAM,1987,5595
mpd2020-pib-per-capita-mapa,NAM,1988,5386
mpd2020-pib-per-capita-mapa,NAM,1989,5208
mpd2020-pib-per-capita-mapa,NAM,1990,5007
mpd2020-pib-per-capita-mapa,NAM,1991,5239.0341
mpd2020-pib-per-capita-mapa,NAM,1992,5532.6725
mpd2020-pib-per-capita-mapa,NAM,1993,5294.2427
mpd2020-pib-per-capita-mapa,NAM,1994,5545.4623
mpd2020-pib-per-capita-mapa,NAM,1995,5638.7666
mpd2020-pib-per-capita-mapa,NAM,1996,5687.1167
mpd2020-pib-per-capita-mapa,NAM,1997,5796.6317
mpd2020-pib-per-capita-mapa,NAM,1998,5859.8834
mpd2020-pib-per-capita-mapa,NAM,1999,5926.4277
mpd2020-pib-per-capita-mapa,NAM,2000,5971.8148
mpd2020-pib-per-capita-mapa,NAM,2001,5888.4321
mpd2020-pib-per-capita-mapa,NAM,2002,6069.3203
mpd2020-pib-per-capita-mapa,NAM,2003,6082.4263
mpd2020-pib-per-capita-mapa,NAM,2004,6712.7718
mpd2020-pib-per-capita-mapa,NAM,2005,6807.5757
mpd2020-pib-per-capita-mapa,NAM,2006,7208.6885
mpd2020-pib-per-capita-mapa,NAM,2007,7509.5268
mpd2020-pib-per-capita-mapa,NAM,2008,7618.031
mpd2020-pib-per-capita-mapa,NAM,2009,7548.1289
mpd2020-pib-per-capita-mapa,NAM,2010,7905.5409
mpd2020-pib-per-capita-mapa,NAM,2011,8203
mpd2020-pib-per-capita-mapa,NAM,2012,8483
mpd2020-pib-per-capita-mapa,NAM,2013,8793
mpd2020-pib-per-capita-mapa,NAM,2014,9170
mpd2020-pib-per-capita-mapa,NAM,2015,9462
mpd2020-pib-per-capita-mapa,NAM,2016,9376
mpd2020-pib-per-capita-mapa,NAM,2017,9188.0045
mpd2020-pib-per-capita-mapa,NAM,2018,9043.1202
mpd2020-pib-per-capita-mapa,NER,1950,983
mpd2020-pib-per-capita-mapa,NER,1951,1004
mpd2020-pib-per-capita-mapa,NER,1952,1023
mpd2020-pib-per-capita-mapa,NER,1953,1042
mpd2020-pib-per-capita-mapa,NER,1954,1063
mpd2020-pib-per-capita-mapa,NER,1955,1082
mpd2020-pib-per-capita-mapa,NER,1956,1103
mpd2020-pib-per-capita-mapa,NER,1957,1122
mpd2020-pib-per-capita-mapa,NER,1958,1143
mpd2020-pib-per-capita-mapa,NER,1959,1162
mpd2020-pib-per-capita-mapa,NER,1960,1213
mpd2020-pib-per-capita-mapa,NER,1961,1239
mpd2020-pib-per-capita-mapa,NER,1962,1341
mpd2020-pib-per-capita-mapa,NER,1963,1443
mpd2020-pib-per-capita-mapa,NER,1964,1415
mpd2020-pib-per-capita-mapa,NER,1965,1490
mpd2020-pib-per-capita-mapa,NER,1966,1441
mpd2020-pib-per-capita-mapa,NER,1967,1417
mpd2020-pib-per-capita-mapa,NER,1968,1398
mpd2020-pib-per-capita-mapa,NER,1969,1326
mpd2020-pib-per-capita-mapa,NER,1970,1337
mpd2020-pib-per-capita-mapa,NER,1971,1382
mpd2020-pib-per-capita-mapa,NER,1972,1282
mpd2020-pib-per-capita-mapa,NER,1973,1039
mpd2020-pib-per-capita-mapa,NER,1974,1105
mpd2020-pib-per-capita-mapa,NER,1975,1050
mpd2020-pib-per-capita-mapa,NER,1976,1033
mpd2020-pib-per-capita-mapa,NER,1977,1087
mpd2020-pib-per-capita-mapa,NER,1978,1205
mpd2020-pib-per-capita-mapa,NER,1979,1261
mpd2020-pib-per-capita-mapa,NER,1980,1291
mpd2020-pib-per-capita-mapa,NER,1981,1277
mpd2020-pib-per-capita-mapa,NER,1982,1231
mpd2020-pib-per-capita-mapa,NER,1983,1180
mpd2020-pib-per-capita-mapa,NER,1984,956
mpd2020-pib-per-capita-mapa,NER,1985,950
mpd2020-pib-per-capita-mapa,NER,1986,969
mpd2020-pib-per-capita-mapa,NER,1987,912
mpd2020-pib-per-capita-mapa,NER,1988,939
mpd2020-pib-per-capita-mapa,NER,1989,915
mpd2020-pib-per-capita-mapa,NER,1990,872
mpd2020-pib-per-capita-mapa,NER,1991,865.9134
mpd2020-pib-per-capita-mapa,NER,1992,785.2636
mpd2020-pib-per-capita-mapa,NER,1993,771.5414
mpd2020-pib-per-capita-mapa,NER,1994,776.8025
mpd2020-pib-per-capita-mapa,NER,1995,702.4934
mpd2020-pib-per-capita-mapa,NER,1996,712.8558
mpd2020-pib-per-capita-mapa,NER,1997,693.1094
mpd2020-pib-per-capita-mapa,NER,1998,755.248
mpd2020-pib-per-capita-mapa,NER,1999,736.9175
mpd2020-pib-per-capita-mapa,NER,2000,693.3765
mpd2020-pib-per-capita-mapa,NER,2001,723.3114
mpd2020-pib-per-capita-mapa,NER,2002,734.5916
mpd2020-pib-per-capita-mapa,NER,2003,758.1143
mpd2020-pib-per-capita-mapa,NER,2004,725.1316
mpd2020-pib-per-capita-mapa,NER,2005,757.2439
mpd2020-pib-per-capita-mapa,NER,2006,771.4197
mpd2020-pib-per-capita-mapa,NER,2007,766.1869
mpd2020-pib-per-capita-mapa,NER,2008,809.4504
mpd2020-pib-per-capita-mapa,NER,2009,775.2534
mpd2020-pib-per-capita-mapa,NER,2010,810.1573
mpd2020-pib-per-capita-mapa,NER,2011,799
mpd2020-pib-per-capita-mapa,NER,2012,864
mpd2020-pib-per-capita-mapa,NER,2013,880
mpd2020-pib-per-capita-mapa,NER,2014,911
mpd2020-pib-per-capita-mapa,NER,2015,913
mpd2020-pib-per-capita-mapa,NER,2016,925
mpd2020-pib-per-capita-mapa,NER,2017,935.3714
mpd2020-pib-per-capita-mapa,NER,2018,964.6601
mpd2020-pib-per-capita-mapa,NGA,1950,1200
mpd2020-pib-per-capita-mapa,NGA,1951,1262
mpd2020-pib-per-capita-mapa,NGA,1952,1323
mpd2020-pib-per-capita-mapa,NGA,1953,1325
mpd2020-pib-per-capita-mapa,NGA,1954,1382
mpd2020-pib-per-capita-mapa,NGA,1955,1379
mpd2020-pib-per-capita-mapa,NGA,1956,1309
mpd2020-pib-per-capita-mapa,NGA,1957,1323
mpd2020-pib-per-capita-mapa,NGA,1958,1270
mpd2020-pib-per-capita-mapa,NGA,1959,1288
mpd2020-pib-per-capita-mapa,NGA,1960,1307
mpd2020-pib-per-capita-mapa,NGA,1961,1313
mpd2020-pib-per-capita-mapa,NGA,1962,1349
mpd2020-pib-per-capita-mapa,NGA,1963,1433
mpd2020-pib-per-capita-mapa,NGA,1964,1451
mpd2020-pib-per-capita-mapa,NGA,1965,1505
mpd2020-pib-per-capita-mapa,NGA,1966,1414
mpd2020-pib-per-capita-mapa,NGA,1967,1160
mpd2020-pib-per-capita-mapa,NGA,1968,1114
mpd2020-pib-per-capita-mapa,NGA,1969,1372
mpd2020-pib-per-capita-mapa,NGA,1970,1744
mpd2020-pib-per-capita-mapa,NGA,1971,1894
mpd2020-pib-per-capita-mapa,NGA,1972,1908
mpd2020-pib-per-capita-mapa,NGA,1973,2012
mpd2020-pib-per-capita-mapa,NGA,1974,2179
mpd2020-pib-per-capita-mapa,NGA,1975,2051
mpd2020-pib-per-capita-mapa,NGA,1976,2208
mpd2020-pib-per-capita-mapa,NGA,1977,2220
mpd2020-pib-per-capita-mapa,NGA,1978,2028
mpd2020-pib-per-capita-mapa,NGA,1979,2104
mpd2020-pib-per-capita-mapa,NGA,1980,2080
mpd2020-pib-per-capita-mapa,NGA,1981,1855
mpd2020-pib-per-capita-mapa,NGA,1982,1784
mpd2020-pib-per-capita-mapa,NGA,1983,1631
mpd2020-pib-per-capita-mapa,NGA,1984,1527
mpd2020-pib-per-capita-mapa,NGA,1985,1621
mpd2020-pib-per-capita-mapa,NGA,1986,1610
mpd2020-pib-per-capita-mapa,NGA,1987,1556
mpd2020-pib-per-capita-mapa,NGA,1988,1667
mpd2020-pib-per-capita-mapa,NGA,1989,1729
mpd2020-pib-per-capita-mapa,NGA,1990,1773
mpd2020-pib-per-capita-mapa,NGA,1991,1759.0035
mpd2020-pib-per-capita-mapa,NGA,1992,1793.9401
mpd2020-pib-per-capita-mapa,NGA,1993,1817.7495
mpd2020-pib-per-capita-mapa,NGA,1994,1820.3046
mpd2020-pib-per-capita-mapa,NGA,1995,1851.0375
mpd2020-pib-per-capita-mapa,NGA,1996,1924.0884
mpd2020-pib-per-capita-mapa,NGA,1997,1977.2856
mpd2020-pib-per-capita-mapa,NGA,1998,2025.8649
mpd2020-pib-per-capita-mapa,NGA,1999,2034.8275
mpd2020-pib-per-capita-mapa,NGA,2000,2144.8254
mpd2020-pib-per-capita-mapa,NGA,2001,2282.823
mpd2020-pib-per-capita-mapa,NGA,2002,2609.1294
mpd2020-pib-per-capita-mapa,NGA,2003,2848.2813
mpd2020-pib-per-capita-mapa,NGA,2004,3136.6274
mpd2020-pib-per-capita-mapa,NGA,2005,3347.8205
mpd2020-pib-per-capita-mapa,NGA,2006,3564.6323
mpd2020-pib-per-capita-mapa,NGA,2007,3817.4835
mpd2020-pib-per-capita-mapa,NGA,2008,4084.2003
mpd2020-pib-per-capita-mapa,NGA,2009,4416.347
mpd2020-pib-per-capita-mapa,NGA,2010,4904.8659
mpd2020-pib-per-capita-mapa,NGA,2011,5136
mpd2020-pib-per-capita-mapa,NGA,2012,5223
mpd2020-pib-per-capita-mapa,NGA,2013,5370
mpd2020-pib-per-capita-mapa,NGA,2014,5569
mpd2020-pib-per-capita-mapa,NGA,2015,5578
mpd2020-pib-per-capita-mapa,NGA,2016,5360
mpd2020-pib-per-capita-mapa,NGA,2017,5271.1427
mpd2020-pib-per-capita-mapa,NGA,2018,5237.6623
mpd2020-pib-per-capita-mapa,NIC,1920,2007
mpd2020-pib-per-capita-mapa,NIC,1921,2083
mpd2020-pib-per-capita-mapa,NIC,1922,1878
mpd2020-pib-per-capita-mapa,NIC,1923,2010
mpd2020-pib-per-capita-mapa,NIC,1924,2098
mpd2020-pib-per-capita-mapa,NIC,1925,2316
mpd2020-pib-per-capita-mapa,NIC,1926,1983
mpd2020-pib-per-capita-mapa,NIC,1927,1992
mpd2020-pib-per-capita-mapa,NIC,1928,2523
mpd2020-pib-per-capita-mapa,NIC,1929,2778
mpd2020-pib-per-capita-mapa,NIC,1930,2246
mpd2020-pib-per-capita-mapa,NIC,1931,2071
mpd2020-pib-per-capita-mapa,NIC,1932,1863
mpd2020-pib-per-capita-mapa,NIC,1933,2311
mpd2020-pib-per-capita-mapa,NIC,1934,2067
mpd2020-pib-per-capita-mapa,NIC,1935,2043
mpd2020-pib-per-capita-mapa,NIC,1936,1583
mpd2020-pib-per-capita-mapa,NIC,1937,1672
mpd2020-pib-per-capita-mapa,NIC,1938,1707
mpd2020-pib-per-capita-mapa,NIC,1939,2042
mpd2020-pib-per-capita-mapa,NIC,1940,2179
mpd2020-pib-per-capita-mapa,NIC,1941,2354
mpd2020-pib-per-capita-mapa,NIC,1942,2214
mpd2020-pib-per-capita-mapa,NIC,1943,2373
mpd2020-pib-per-capita-mapa,NIC,1944,2299
mpd2020-pib-per-capita-mapa,NIC,1945,2259
mpd2020-pib-per-capita-mapa,NIC,1946,2377
mpd2020-pib-per-capita-mapa,NIC,1947,2310
mpd2020-pib-per-capita-mapa,NIC,1948,2460
mpd2020-pib-per-capita-mapa,NIC,1949,2345
mpd2020-pib-per-capita-mapa,NIC,1950,2565
mpd2020-pib-per-capita-mapa,NIC,1951,2657
mpd2020-pib-per-capita-mapa,NIC,1952,3016
mpd2020-pib-per-capita-mapa,NIC,1953,2997
mpd2020-pib-per-capita-mapa,NIC,1954,3178
mpd2020-pib-per-capita-mapa,NIC,1955,3288
mpd2020-pib-per-capita-mapa,NIC,1956,3186
mpd2020-pib-per-capita-mapa,NIC,1957,3351
mpd2020-pib-per-capita-mapa,NIC,1958,3258
mpd2020-pib-per-capita-mapa,NIC,1959,3204
mpd2020-pib-per-capita-mapa,NIC,1960,3148
mpd2020-pib-per-capita-mapa,NIC,1961,3277
mpd2020-pib-per-capita-mapa,NIC,1962,3521
mpd2020-pib-per-capita-mapa,NIC,1963,3781
mpd2020-pib-per-capita-mapa,NIC,1964,4092
mpd2020-pib-per-capita-mapa,NIC,1965,4340
mpd2020-pib-per-capita-mapa,NIC,1966,4342
mpd2020-pib-per-capita-mapa,NIC,1967,4500
mpd2020-pib-per-capita-mapa,NIC,1968,4419
mpd2020-pib-per-capita-mapa,NIC,1969,4564
mpd2020-pib-per-capita-mapa,NIC,1970,4463
mpd2020-pib-per-capita-mapa,NIC,1971,4533
mpd2020-pib-per-capita-mapa,NIC,1972,4543
mpd2020-pib-per-capita-mapa,NIC,1973,4637
mpd2020-pib-per-capita-mapa,NIC,1974,5064
mpd2020-pib-per-capita-mapa,NIC,1975,5013
mpd2020-pib-per-capita-mapa,NIC,1976,5099
mpd2020-pib-per-capita-mapa,NIC,1977,5247
mpd2020-pib-per-capita-mapa,NIC,1978,4771
mpd2020-pib-per-capita-mapa,NIC,1979,3405
mpd2020-pib-per-capita-mapa,NIC,1980,3414
mpd2020-pib-per-capita-mapa,NIC,1981,3480
mpd2020-pib-per-capita-mapa,NIC,1982,3360
mpd2020-pib-per-capita-mapa,NIC,1983,3437
mpd2020-pib-per-capita-mapa,NIC,1984,3308
mpd2020-pib-per-capita-mapa,NIC,1985,3107
mpd2020-pib-per-capita-mapa,NIC,1986,3011
mpd2020-pib-per-capita-mapa,NIC,1987,2922
mpd2020-pib-per-capita-mapa,NIC,1988,2498
mpd2020-pib-per-capita-mapa,NIC,1989,2393
mpd2020-pib-per-capita-mapa,NIC,1990,2291
mpd2020-pib-per-capita-mapa,NIC,1991,2209.7942
mpd2020-pib-per-capita-mapa,NIC,1992,2163.4166
mpd2020-pib-per-capita-mapa,NIC,1993,2114.6919
mpd2020-pib-per-capita-mapa,NIC,1994,2154.299
mpd2020-pib-per-capita-mapa,NIC,1995,2264.0925
mpd2020-pib-per-capita-mapa,NIC,1996,2395.2022
mpd2020-pib-per-capita-mapa,NIC,1997,2482.6908
mpd2020-pib-per-capita-mapa,NIC,1998,2569.8283
mpd2020-pib-per-capita-mapa,NIC,1999,2748.127
mpd2020-pib-per-capita-mapa,NIC,2000,2858.5269
mpd2020-pib-per-capita-mapa,NIC,2001,2944.2445
mpd2020-pib-per-capita-mapa,NIC,2002,2969.4576
mpd2020-pib-per-capita-mapa,NIC,2003,3049.15
mpd2020-pib-per-capita-mapa,NIC,2004,3220.261
mpd2020-pib-per-capita-mapa,NIC,2005,3370.7775
mpd2020-pib-per-capita-mapa,NIC,2006,3525.5537
mpd2020-pib-per-capita-mapa,NIC,2007,3729.8514
mpd2020-pib-per-capita-mapa,NIC,2008,3856.5523
mpd2020-pib-per-capita-mapa,NIC,2009,3771.947
mpd2020-pib-per-capita-mapa,NIC,2010,3916.9659
mpd2020-pib-per-capita-mapa,NIC,2011,4189
mpd2020-pib-per-capita-mapa,NIC,2012,4376
mpd2020-pib-per-capita-mapa,NIC,2013,4527
mpd2020-pib-per-capita-mapa,NIC,2014,4685
mpd2020-pib-per-capita-mapa,NIC,2015,4866
mpd2020-pib-per-capita-mapa,NIC,2016,5045
mpd2020-pib-per-capita-mapa,NIC,2017,5213.9889
mpd2020-pib-per-capita-mapa,NIC,2018,4952.4772
mpd2020-pib-per-capita-mapa,NLD,1820,3006
mpd2020-pib-per-capita-mapa,NLD,1821,2947
mpd2020-pib-per-capita-mapa,NLD,1822,2974
mpd2020-pib-per-capita-mapa,NLD,1823,3121
mpd2020-pib-per-capita-mapa,NLD,1824,3100
mpd2020-pib-per-capita-mapa,NLD,1825,3022
mpd2020-pib-per-capita-mapa,NLD,1826,3068
mpd2020-pib-per-capita-mapa,NLD,1827,3250
mpd2020-pib-per-capita-mapa,NLD,1828,3319
mpd2020-pib-per-capita-mapa,NLD,1829,3325
mpd2020-pib-per-capita-mapa,NLD,1830,3038
mpd2020-pib-per-capita-mapa,NLD,1831,3264
mpd2020-pib-per-capita-mapa,NLD,1832,3417
mpd2020-pib-per-capita-mapa,NLD,1833,3341
mpd2020-pib-per-capita-mapa,NLD,1834,3370
mpd2020-pib-per-capita-mapa,NLD,1835,3360
mpd2020-pib-per-capita-mapa,NLD,1836,3472
mpd2020-pib-per-capita-mapa,NLD,1837,3553
mpd2020-pib-per-capita-mapa,NLD,1838,3590
mpd2020-pib-per-capita-mapa,NLD,1839,3588
mpd2020-pib-per-capita-mapa,NLD,1840,3623
mpd2020-pib-per-capita-mapa,NLD,1841,3658
mpd2020-pib-per-capita-mapa,NLD,1842,3569
mpd2020-pib-per-capita-mapa,NLD,1843,3507
mpd2020-pib-per-capita-mapa,NLD,1844,3540
mpd2020-pib-per-capita-mapa,NLD,1845,3515
mpd2020-pib-per-capita-mapa,NLD,1846,3521
mpd2020-pib-per-capita-mapa,NLD,1847,3545
mpd2020-pib-per-capita-mapa,NLD,1848,3602
mpd2020-pib-per-capita-mapa,NLD,1849,3709
mpd2020-pib-per-capita-mapa,NLD,1850,3779
mpd2020-pib-per-capita-mapa,NLD,1851,3834
mpd2020-pib-per-capita-mapa,NLD,1852,3790
mpd2020-pib-per-capita-mapa,NLD,1853,3704
mpd2020-pib-per-capita-mapa,NLD,1854,3931
mpd2020-pib-per-capita-mapa,NLD,1855,3824
mpd2020-pib-per-capita-mapa,NLD,1856,3977
mpd2020-pib-per-capita-mapa,NLD,1857,3907
mpd2020-pib-per-capita-mapa,NLD,1858,3800
mpd2020-pib-per-capita-mapa,NLD,1859,3665
mpd2020-pib-per-capita-mapa,NLD,1860,3840
mpd2020-pib-per-capita-mapa,NLD,1861,3735
mpd2020-pib-per-capita-mapa,NLD,1862,3881
mpd2020-pib-per-capita-mapa,NLD,1863,3953
mpd2020-pib-per-capita-mapa,NLD,1864,4111
mpd2020-pib-per-capita-mapa,NLD,1865,4117
mpd2020-pib-per-capita-mapa,NLD,1866,4272
mpd2020-pib-per-capita-mapa,NLD,1867,4127
mpd2020-pib-per-capita-mapa,NLD,1868,4152
mpd2020-pib-per-capita-mapa,NLD,1869,4286
mpd2020-pib-per-capita-mapa,NLD,1870,4422
mpd2020-pib-per-capita-mapa,NLD,1871,4364
mpd2020-pib-per-capita-mapa,NLD,1872,4414
mpd2020-pib-per-capita-mapa,NLD,1873,4503
mpd2020-pib-per-capita-mapa,NLD,1874,4337
mpd2020-pib-per-capita-mapa,NLD,1875,4584
mpd2020-pib-per-capita-mapa,NLD,1876,4595
mpd2020-pib-per-capita-mapa,NLD,1877,4651
mpd2020-pib-per-capita-mapa,NLD,1878,4637
mpd2020-pib-per-capita-mapa,NLD,1879,4414
mpd2020-pib-per-capita-mapa,NLD,1880,4666
mpd2020-pib-per-capita-mapa,NLD,1881,4694
mpd2020-pib-per-capita-mapa,NLD,1882,4758
mpd2020-pib-per-capita-mapa,NLD,1883,5053
mpd2020-pib-per-capita-mapa,NLD,1884,5085
mpd2020-pib-per-capita-mapa,NLD,1885,5137
mpd2020-pib-per-capita-mapa,NLD,1886,5157
mpd2020-pib-per-capita-mapa,NLD,1887,5223
mpd2020-pib-per-capita-mapa,NLD,1888,5231
mpd2020-pib-per-capita-mapa,NLD,1889,5349
mpd2020-pib-per-capita-mapa,NLD,1890,5078
mpd2020-pib-per-capita-mapa,NLD,1891,5035
mpd2020-pib-per-capita-mapa,NLD,1892,5131
mpd2020-pib-per-capita-mapa,NLD,1893,5019
mpd2020-pib-per-capita-mapa,NLD,1894,5247
mpd2020-pib-per-capita-mapa,NLD,1895,5212
mpd2020-pib-per-capita-mapa,NLD,1896,5359
mpd2020-pib-per-capita-mapa,NLD,1897,5421
mpd2020-pib-per-capita-mapa,NLD,1898,5431
mpd2020-pib-per-capita-mapa,NLD,1899,5435
mpd2020-pib-per-capita-mapa,NLD,1900,5306
mpd2020-pib-per-capita-mapa,NLD,1901,5483
mpd2020-pib-per-capita-mapa,NLD,1902,5630
mpd2020-pib-per-capita-mapa,NLD,1903,5544
mpd2020-pib-per-capita-mapa,NLD,1904,5541
mpd2020-pib-per-capita-mapa,NLD,1905,5735
mpd2020-pib-per-capita-mapa,NLD,1906,5770
mpd2020-pib-per-capita-mapa,NLD,1907,5592
mpd2020-pib-per-capita-mapa,NLD,1908,5628
mpd2020-pib-per-capita-mapa,NLD,1909,5852
mpd2020-pib-per-capita-mapa,NLD,1910,6030
mpd2020-pib-per-capita-mapa,NLD,1911,6158
mpd2020-pib-per-capita-mapa,NLD,1912,6245
mpd2020-pib-per-capita-mapa,NLD,1913,6454
mpd2020-pib-per-capita-mapa,NLD,1914,6166
mpd2020-pib-per-capita-mapa,NLD,1915,6258
mpd2020-pib-per-capita-mapa,NLD,1916,6306
mpd2020-pib-per-capita-mapa,NLD,1917,5781
mpd2020-pib-per-capita-mapa,NLD,1918,5343
mpd2020-pib-per-capita-mapa,NLD,1919,6570
mpd2020-pib-per-capita-mapa,NLD,1920,6727
mpd2020-pib-per-capita-mapa,NLD,1921,7063
mpd2020-pib-per-capita-mapa,NLD,1922,7331
mpd2020-pib-per-capita-mapa,NLD,1923,7388
mpd2020-pib-per-capita-mapa,NLD,1924,7803
mpd2020-pib-per-capita-mapa,NLD,1925,8019
mpd2020-pib-per-capita-mapa,NLD,1926,8541
mpd2020-pib-per-capita-mapa,NLD,1927,8773
mpd2020-pib-per-capita-mapa,NLD,1928,9118
mpd2020-pib-per-capita-mapa,NLD,1929,9068
mpd2020-pib-per-capita-mapa,NLD,1930,8931
mpd2020-pib-per-capita-mapa,NLD,1931,8265
mpd2020-pib-per-capita-mapa,NLD,1932,8026
mpd2020-pib-per-capita-mapa,NLD,1933,7900
mpd2020-pib-per-capita-mapa,NLD,1934,7659
mpd2020-pib-per-capita-mapa,NLD,1935,7857
mpd2020-pib-per-capita-mapa,NLD,1936,8273
mpd2020-pib-per-capita-mapa,NLD,1937,8660
mpd2020-pib-per-capita-mapa,NLD,1938,8368
mpd2020-pib-per-capita-mapa,NLD,1939,8837
mpd2020-pib-per-capita-mapa,NLD,1940,7701
mpd2020-pib-per-capita-mapa,NLD,1941,7222
mpd2020-pib-per-capita-mapa,NLD,1942,6546
mpd2020-pib-per-capita-mapa,NLD,1943,6346
mpd2020-pib-per-capita-mapa,NLD,1944,4222
mpd2020-pib-per-capita-mapa,NLD,1945,4281
mpd2020-pib-per-capita-mapa,NLD,1946,7104
mpd2020-pib-per-capita-mapa,NLD,1947,8046
mpd2020-pib-per-capita-mapa,NLD,1948,8751
mpd2020-pib-per-capita-mapa,NLD,1949,9373
mpd2020-pib-per-capita-mapa,NLD,1950,9558
mpd2020-pib-per-capita-mapa,NLD,1951,9615
mpd2020-pib-per-capita-mapa,NLD,1952,9698
mpd2020-pib-per-capita-mapa,NLD,1953,10429
mpd2020-pib-per-capita-mapa,NLD,1954,11010
mpd2020-pib-per-capita-mapa,NLD,1955,11678
mpd2020-pib-per-capita-mapa,NLD,1956,11953
mpd2020-pib-per-capita-mapa,NLD,1957,12137
mpd2020-pib-per-capita-mapa,NLD,1958,11926
mpd2020-pib-per-capita-mapa,NLD,1959,12333
mpd2020-pib-per-capita-mapa,NLD,1960,13209
mpd2020-pib-per-capita-mapa,NLD,1961,13074
mpd2020-pib-per-capita-mapa,NLD,1962,13770
mpd2020-pib-per-capita-mapa,NLD,1963,14078
mpd2020-pib-per-capita-mapa,NLD,1964,15042
mpd2020-pib-per-capita-mapa,NLD,1965,15618
mpd2020-pib-per-capita-mapa,NLD,1966,15838
mpd2020-pib-per-capita-mapa,NLD,1967,16483
mpd2020-pib-per-capita-mapa,NLD,1968,17365
mpd2020-pib-per-capita-mapa,NLD,1969,18270
mpd2020-pib-per-capita-mapa,NLD,1970,19075
mpd2020-pib-per-capita-mapa,NLD,1971,19636
mpd2020-pib-per-capita-mapa,NLD,1972,20079
mpd2020-pib-per-capita-mapa,NLD,1973,20851
mpd2020-pib-per-capita-mapa,NLD,1974,21514
mpd2020-pib-per-capita-mapa,NLD,1975,21318
mpd2020-pib-per-capita-mapa,NLD,1976,22132
mpd2020-pib-per-capita-mapa,NLD,1977,22598
mpd2020-pib-per-capita-mapa,NLD,1978,22992
mpd2020-pib-per-capita-mapa,NLD,1979,23347
mpd2020-pib-per-capita-mapa,NLD,1980,23438
mpd2020-pib-per-capita-mapa,NLD,1981,23153
mpd2020-pib-per-capita-mapa,NLD,1982,22780
mpd2020-pib-per-capita-mapa,NLD,1983,23086
mpd2020-pib-per-capita-mapa,NLD,1984,23750
mpd2020-pib-per-capita-mapa,NLD,1985,24361
mpd2020-pib-per-capita-mapa,NLD,1986,24893
mpd2020-pib-per-capita-mapa,NLD,1987,25085
mpd2020-pib-per-capita-mapa,NLD,1988,25574
mpd2020-pib-per-capita-mapa,NLD,1989,26612
mpd2020-pib-per-capita-mapa,NLD,1990,27515
mpd2020-pib-per-capita-mapa,NLD,1991,28126.7813
mpd2020-pib-per-capita-mapa,NLD,1992,28555.7318
mpd2020-pib-per-capita-mapa,NLD,1993,28879.9956
mpd2020-pib-per-capita-mapa,NLD,1994,29727.556
mpd2020-pib-per-capita-mapa,NLD,1995,30680.3468
mpd2020-pib-per-capita-mapa,NLD,1996,31811.7392
mpd2020-pib-per-capita-mapa,NLD,1997,33199.6325
mpd2020-pib-per-capita-mapa,NLD,1998,34688.552
mpd2020-pib-per-capita-mapa,NLD,1999,36409.0766
mpd2020-pib-per-capita-mapa,NLD,2000,37899.9504
mpd2020-pib-per-capita-mapa,NLD,2001,38636.2211
mpd2020-pib-per-capita-mapa,NLD,2002,38653.1237
mpd2020-pib-per-capita-mapa,NLD,2003,38803.9586
mpd2020-pib-per-capita-mapa,NLD,2004,39682.3761
mpd2020-pib-per-capita-mapa,NLD,2005,40679.4895
mpd2020-pib-per-capita-mapa,NLD,2006,42286.5101
mpd2020-pib-per-capita-mapa,NLD,2007,44008.7517
mpd2020-pib-per-capita-mapa,NLD,2008,44840.7114
mpd2020-pib-per-capita-mapa,NLD,2009,43178.5069
mpd2020-pib-per-capita-mapa,NLD,2010,43812.3492
mpd2020-pib-per-capita-mapa,NLD,2011,44591
mpd2020-pib-per-capita-mapa,NLD,2012,43957
mpd2020-pib-per-capita-mapa,NLD,2013,43744
mpd2020-pib-per-capita-mapa,NLD,2014,44205
mpd2020-pib-per-capita-mapa,NLD,2015,44869
mpd2020-pib-per-capita-mapa,NLD,2016,45600
mpd2020-pib-per-capita-mapa,NLD,2017,46650.7554
mpd2020-pib-per-capita-mapa,NLD,2018,47474.1095
mpd2020-pib-per-capita-mapa,NOR,1820,1384
mpd2020-pib-per-capita-mapa,NOR,1830,1441
mpd2020-pib-per-capita-mapa,NOR,1831,1355
mpd2020-pib-per-capita-mapa,NOR,1832,1393
mpd2020-pib-per-capita-mapa,NOR,1833,1508
mpd2020-pib-per-capita-mapa,NOR,1834,1527
mpd2020-pib-per-capita-mapa,NOR,1835,1503
mpd2020-pib-per-capita-mapa,NOR,1836,1466
mpd2020-pib-per-capita-mapa,NOR,1837,1463
mpd2020-pib-per-capita-mapa,NOR,1838,1482
mpd2020-pib-per-capita-mapa,NOR,1839,1495
mpd2020-pib-per-capita-mapa,NOR,1840,1607
mpd2020-pib-per-capita-mapa,NOR,1841,1592
mpd2020-pib-per-capita-mapa,NOR,1842,1580
mpd2020-pib-per-capita-mapa,NOR,1843,1521
mpd2020-pib-per-capita-mapa,NOR,1844,1567
mpd2020-pib-per-capita-mapa,NOR,1845,1631
mpd2020-pib-per-capita-mapa,NOR,1846,1619
mpd2020-pib-per-capita-mapa,NOR,1847,1670
mpd2020-pib-per-capita-mapa,NOR,1848,1533
mpd2020-pib-per-capita-mapa,NOR,1849,1559
mpd2020-pib-per-capita-mapa,NOR,1850,1623
mpd2020-pib-per-capita-mapa,NOR,1851,1663
mpd2020-pib-per-capita-mapa,NOR,1852,1686
mpd2020-pib-per-capita-mapa,NOR,1853,1776
mpd2020-pib-per-capita-mapa,NOR,1854,1859
mpd2020-pib-per-capita-mapa,NOR,1855,1897
mpd2020-pib-per-capita-mapa,NOR,1856,1860
mpd2020-pib-per-capita-mapa,NOR,1857,1763
mpd2020-pib-per-capita-mapa,NOR,1858,1865
mpd2020-pib-per-capita-mapa,NOR,1859,1817
mpd2020-pib-per-capita-mapa,NOR,1860,1887
mpd2020-pib-per-capita-mapa,NOR,1861,1879
mpd2020-pib-per-capita-mapa,NOR,1862,2007
mpd2020-pib-per-capita-mapa,NOR,1863,1959
mpd2020-pib-per-capita-mapa,NOR,1864,1986
mpd2020-pib-per-capita-mapa,NOR,1865,2077
mpd2020-pib-per-capita-mapa,NOR,1866,1975
mpd2020-pib-per-capita-mapa,NOR,1867,1991
mpd2020-pib-per-capita-mapa,NOR,1868,1975
mpd2020-pib-per-capita-mapa,NOR,1869,2079
mpd2020-pib-per-capita-mapa,NOR,1870,2177
mpd2020-pib-per-capita-mapa,NOR,1871,2276
mpd2020-pib-per-capita-mapa,NOR,1872,2342
mpd2020-pib-per-capita-mapa,NOR,1873,2421
mpd2020-pib-per-capita-mapa,NOR,1874,2348
mpd2020-pib-per-capita-mapa,NOR,1875,2410
mpd2020-pib-per-capita-mapa,NOR,1876,2477
mpd2020-pib-per-capita-mapa,NOR,1877,2450
mpd2020-pib-per-capita-mapa,NOR,1878,2337
mpd2020-pib-per-capita-mapa,NOR,1879,2429
mpd2020-pib-per-capita-mapa,NOR,1880,2503
mpd2020-pib-per-capita-mapa,NOR,1881,2439
mpd2020-pib-per-capita-mapa,NOR,1882,2528
mpd2020-pib-per-capita-mapa,NOR,1883,2582
mpd2020-pib-per-capita-mapa,NOR,1884,2518
mpd2020-pib-per-capita-mapa,NOR,1885,2499
mpd2020-pib-per-capita-mapa,NOR,1886,2528
mpd2020-pib-per-capita-mapa,NOR,1887,2570
mpd2020-pib-per-capita-mapa,NOR,1888,2692
mpd2020-pib-per-capita-mapa,NOR,1889,2775
mpd2020-pib-per-capita-mapa,NOR,1890,2769
mpd2020-pib-per-capita-mapa,NOR,1891,2762
mpd2020-pib-per-capita-mapa,NOR,1892,2748
mpd2020-pib-per-capita-mapa,NOR,1893,2820
mpd2020-pib-per-capita-mapa,NOR,1894,2935
mpd2020-pib-per-capita-mapa,NOR,1895,3052
mpd2020-pib-per-capita-mapa,NOR,1896,3102
mpd2020-pib-per-capita-mapa,NOR,1897,3218
mpd2020-pib-per-capita-mapa,NOR,1898,3266
mpd2020-pib-per-capita-mapa,NOR,1899,3244
mpd2020-pib-per-capita-mapa,NOR,1900,3249
mpd2020-pib-per-capita-mapa,NOR,1901,3271
mpd2020-pib-per-capita-mapa,NOR,1902,3268
mpd2020-pib-per-capita-mapa,NOR,1903,3290
mpd2020-pib-per-capita-mapa,NOR,1904,3288
mpd2020-pib-per-capita-mapa,NOR,1905,3322
mpd2020-pib-per-capita-mapa,NOR,1906,3496
mpd2020-pib-per-capita-mapa,NOR,1907,3537
mpd2020-pib-per-capita-mapa,NOR,1908,3612
mpd2020-pib-per-capita-mapa,NOR,1909,3642
mpd2020-pib-per-capita-mapa,NOR,1910,3826
mpd2020-pib-per-capita-mapa,NOR,1911,3947
mpd2020-pib-per-capita-mapa,NOR,1912,4050
mpd2020-pib-per-capita-mapa,NOR,1913,4415
mpd2020-pib-per-capita-mapa,NOR,1914,4336
mpd2020-pib-per-capita-mapa,NOR,1915,4407
mpd2020-pib-per-capita-mapa,NOR,1916,4803
mpd2020-pib-per-capita-mapa,NOR,1917,4286
mpd2020-pib-per-capita-mapa,NOR,1918,4023
mpd2020-pib-per-capita-mapa,NOR,1919,4605
mpd2020-pib-per-capita-mapa,NOR,1920,4739
mpd2020-pib-per-capita-mapa,NOR,1921,4222
mpd2020-pib-per-capita-mapa,NOR,1922,4570
mpd2020-pib-per-capita-mapa,NOR,1923,4870
mpd2020-pib-per-capita-mapa,NOR,1924,4787
mpd2020-pib-per-capita-mapa,NOR,1925,4733
mpd2020-pib-per-capita-mapa,NOR,1926,4750
mpd2020-pib-per-capita-mapa,NOR,1927,4992
mpd2020-pib-per-capita-mapa,NOR,1928,5241
mpd2020-pib-per-capita-mapa,NOR,1929,5581
mpd2020-pib-per-capita-mapa,NOR,1930,5781
mpd2020-pib-per-capita-mapa,NOR,1931,5297
mpd2020-pib-per-capita-mapa,NOR,1932,5526
mpd2020-pib-per-capita-mapa,NOR,1933,5633
mpd2020-pib-per-capita-mapa,NOR,1934,5799
mpd2020-pib-per-capita-mapa,NOR,1935,6057
mpd2020-pib-per-capita-mapa,NOR,1936,6432
mpd2020-pib-per-capita-mapa,NOR,1937,6684
mpd2020-pib-per-capita-mapa,NOR,1938,6794
mpd2020-pib-per-capita-mapa,NOR,1939,7079
mpd2020-pib-per-capita-mapa,NOR,1940,6437
mpd2020-pib-per-capita-mapa,NOR,1941,6554
mpd2020-pib-per-capita-mapa,NOR,1942,6261
mpd2020-pib-per-capita-mapa,NOR,1943,6089
mpd2020-pib-per-capita-mapa,NOR,1944,5719
mpd2020-pib-per-capita-mapa,NOR,1945,6344
mpd2020-pib-per-capita-mapa,NOR,1946,6910
mpd2020-pib-per-capita-mapa,NOR,1947,7753
mpd2020-pib-per-capita-mapa,NOR,1948,8199
mpd2020-pib-per-capita-mapa,NOR,1949,8332
mpd2020-pib-per-capita-mapa,NOR,1950,8655
mpd2020-pib-per-capita-mapa,NOR,1951,9038
mpd2020-pib-per-capita-mapa,NOR,1952,9267
mpd2020-pib-per-capita-mapa,NOR,1953,9540
mpd2020-pib-per-capita-mapa,NOR,1954,9923
mpd2020-pib-per-capita-mapa,NOR,1955,10044
mpd2020-pib-per-capita-mapa,NOR,1956,10480
mpd2020-pib-per-capita-mapa,NOR,1957,10697
mpd2020-pib-per-capita-mapa,NOR,1958,10603
mpd2020-pib-per-capita-mapa,NOR,1959,10957
mpd2020-pib-per-capita-mapa,NOR,1960,11483
mpd2020-pib-per-capita-mapa,NOR,1961,12106
mpd2020-pib-per-capita-mapa,NOR,1962,12347
mpd2020-pib-per-capita-mapa,NOR,1963,12723
mpd2020-pib-per-capita-mapa,NOR,1964,13256
mpd2020-pib-per-capita-mapa,NOR,1965,13852
mpd2020-pib-per-capita-mapa,NOR,1966,14258
mpd2020-pib-per-capita-mapa,NOR,1967,15020
mpd2020-pib-per-capita-mapa,NOR,1968,15224
mpd2020-pib-per-capita-mapa,NOR,1969,15779
mpd2020-pib-per-capita-mapa,NOR,1970,15983
mpd2020-pib-per-capita-mapa,NOR,1971,16692
mpd2020-pib-per-capita-mapa,NOR,1972,17409
mpd2020-pib-per-capita-mapa,NOR,1973,18050
mpd2020-pib-per-capita-mapa,NOR,1974,18691
mpd2020-pib-per-capita-mapa,NOR,1975,19560
mpd2020-pib-per-capita-mapa,NOR,1976,20610
mpd2020-pib-per-capita-mapa,NOR,1977,21399
mpd2020-pib-per-capita-mapa,NOR,1978,22061
mpd2020-pib-per-capita-mapa,NOR,1979,22971
mpd2020-pib-per-capita-mapa,NOR,1980,24031
mpd2020-pib-per-capita-mapa,NOR,1981,24179
mpd2020-pib-per-capita-mapa,NOR,1982,24141
mpd2020-pib-per-capita-mapa,NOR,1983,24924
mpd2020-pib-per-capita-mapa,NOR,1984,26321
mpd2020-pib-per-capita-mapa,NOR,1985,27608
mpd2020-pib-per-capita-mapa,NOR,1986,28504
mpd2020-pib-per-capita-mapa,NOR,1987,28953
mpd2020-pib-per-capita-mapa,NOR,1988,28786
mpd2020-pib-per-capita-mapa,NOR,1989,28942
mpd2020-pib-per-capita-mapa,NOR,1990,29434
mpd2020-pib-per-capita-mapa,NOR,1991,31127.6751
mpd2020-pib-per-capita-mapa,NOR,1992,33041.2054
mpd2020-pib-per-capita-mapa,NOR,1993,34819.5168
mpd2020-pib-per-capita-mapa,NOR,1994,37492.8377
mpd2020-pib-per-capita-mapa,NOR,1995,40043.7983
mpd2020-pib-per-capita-mapa,NOR,1996,43133.1435
mpd2020-pib-per-capita-mapa,NOR,1997,46556.4792
mpd2020-pib-per-capita-mapa,NOR,1998,48956.7293
mpd2020-pib-per-capita-mapa,NOR,1999,51129.1829
mpd2020-pib-per-capita-mapa,NOR,2000,54039.9607
mpd2020-pib-per-capita-mapa,NOR,2001,56578.3771
mpd2020-pib-per-capita-mapa,NOR,2002,58840.4142
mpd2020-pib-per-capita-mapa,NOR,2003,60852.2595
mpd2020-pib-per-capita-mapa,NOR,2004,64824.1444
mpd2020-pib-per-capita-mapa,NOR,2005,68108.5555
mpd2020-pib-per-capita-mapa,NOR,2006,71310.529
mpd2020-pib-per-capita-mapa,NOR,2007,74879.8086
mpd2020-pib-per-capita-mapa,NOR,2008,76522.0634
mpd2020-pib-per-capita-mapa,NOR,2009,76625.6339
mpd2020-pib-per-capita-mapa,NOR,2010,78476.1453
mpd2020-pib-per-capita-mapa,NOR,2011,80623
mpd2020-pib-per-capita-mapa,NOR,2012,81759
mpd2020-pib-per-capita-mapa,NOR,2013,81583
mpd2020-pib-per-capita-mapa,NOR,2014,82216
mpd2020-pib-per-capita-mapa,NOR,2015,82713
mpd2020-pib-per-capita-mapa,NOR,2016,82814
mpd2020-pib-per-capita-mapa,NOR,2017,84056.3337
mpd2020-pib-per-capita-mapa,NOR,2018,84580.1362
mpd2020-pib-per-capita-mapa,NPL,1820,641
mpd2020-pib-per-capita-mapa,NPL,1870,641
mpd2020-pib-per-capita-mapa,NPL,1913,870
mpd2020-pib-per-capita-mapa,NPL,1950,802
mpd2020-pib-per-capita-mapa,NPL,1951,816
mpd2020-pib-per-capita-mapa,NPL,1952,835
mpd2020-pib-per-capita-mapa,NPL,1953,877
mpd2020-pib-per-capita-mapa,NPL,1954,886
mpd2020-pib-per-capita-mapa,NPL,1955,894
mpd2020-pib-per-capita-mapa,NPL,1956,925
mpd2020-pib-per-capita-mapa,NPL,1957,915
mpd2020-pib-per-capita-mapa,NPL,1958,956
mpd2020-pib-per-capita-mapa,NPL,1959,971
mpd2020-pib-per-capita-mapa,NPL,1960,980
mpd2020-pib-per-capita-mapa,NPL,1961,990
mpd2020-pib-per-capita-mapa,NPL,1962,998
mpd2020-pib-per-capita-mapa,NPL,1963,1006
mpd2020-pib-per-capita-mapa,NPL,1964,1012
mpd2020-pib-per-capita-mapa,NPL,1965,1019
mpd2020-pib-per-capita-mapa,NPL,1966,1071
mpd2020-pib-per-capita-mapa,NPL,1967,1034
mpd2020-pib-per-capita-mapa,NPL,1968,1023
mpd2020-pib-per-capita-mapa,NPL,1969,1049
mpd2020-pib-per-capita-mapa,NPL,1970,1055
mpd2020-pib-per-capita-mapa,NPL,1971,1022
mpd2020-pib-per-capita-mapa,NPL,1972,1034
mpd2020-pib-per-capita-mapa,NPL,1973,1009
mpd2020-pib-per-capita-mapa,NPL,1974,1052
mpd2020-pib-per-capita-mapa,NPL,1975,1047
mpd2020-pib-per-capita-mapa,NPL,1976,1071
mpd2020-pib-per-capita-mapa,NPL,1977,1081
mpd2020-pib-per-capita-mapa,NPL,1978,1105
mpd2020-pib-per-capita-mapa,NPL,1979,1106
mpd2020-pib-per-capita-mapa,NPL,1980,1057
mpd2020-pib-per-capita-mapa,NPL,1981,1119
mpd2020-pib-per-capita-mapa,NPL,1982,1135
mpd2020-pib-per-capita-mapa,NPL,1983,1076
mpd2020-pib-per-capita-mapa,NPL,1984,1152
mpd2020-pib-per-capita-mapa,NPL,1985,1194
mpd2020-pib-per-capita-mapa,NPL,1986,1218
mpd2020-pib-per-capita-mapa,NPL,1987,1208
mpd2020-pib-per-capita-mapa,NPL,1988,1269
mpd2020-pib-per-capita-mapa,NPL,1989,1290
mpd2020-pib-per-capita-mapa,NPL,1990,1315
mpd2020-pib-per-capita-mapa,NPL,1991,1360.7835
mpd2020-pib-per-capita-mapa,NPL,1992,1374.6612
mpd2020-pib-per-capita-mapa,NPL,1993,1385.2411
mpd2020-pib-per-capita-mapa,NPL,1994,1456.0203
mpd2020-pib-per-capita-mapa,NPL,1995,1468.0789
mpd2020-pib-per-capita-mapa,NPL,1996,1511.7337
mpd2020-pib-per-capita-mapa,NPL,1997,1558.3988
mpd2020-pib-per-capita-mapa,NPL,1998,1570.6635
mpd2020-pib-per-capita-mapa,NPL,1999,1609.1803
mpd2020-pib-per-capita-mapa,NPL,2000,1676.7456
mpd2020-pib-per-capita-mapa,NPL,2001,1738.3142
mpd2020-pib-per-capita-mapa,NPL,2002,1709.7787
mpd2020-pib-per-capita-mapa,NPL,2003,1747.7766
mpd2020-pib-per-capita-mapa,NPL,2004,1802.1438
mpd2020-pib-per-capita-mapa,NPL,2005,1836.3057
mpd2020-pib-per-capita-mapa,NPL,2006,1884.1872
mpd2020-pib-per-capita-mapa,NPL,2007,1927.3865
mpd2020-pib-per-capita-mapa,NPL,2008,2021.1541
mpd2020-pib-per-capita-mapa,NPL,2009,2085.2436
mpd2020-pib-per-capita-mapa,NPL,2010,2152.2746
mpd2020-pib-per-capita-mapa,NPL,2011,2189
mpd2020-pib-per-capita-mapa,NPL,2012,2258
mpd2020-pib-per-capita-mapa,NPL,2013,2316
mpd2020-pib-per-capita-mapa,NPL,2014,2421
mpd2020-pib-per-capita-mapa,NPL,2015,2455
mpd2020-pib-per-capita-mapa,NPL,2016,2435
mpd2020-pib-per-capita-mapa,NPL,2017,2600.0277
mpd2020-pib-per-capita-mapa,NPL,2018,2727.4238
mpd2020-pib-per-capita-mapa,NZL,1820,826
mpd2020-pib-per-capita-mapa,NZL,1850,1824
mpd2020-pib-per-capita-mapa,NZL,1860,3526
mpd2020-pib-per-capita-mapa,NZL,1870,4941
mpd2020-pib-per-capita-mapa,NZL,1871,5029
mpd2020-pib-per-capita-mapa,NZL,1872,5616
mpd2020-pib-per-capita-mapa,NZL,1873,6107
mpd2020-pib-per-capita-mapa,NZL,1874,6126
mpd2020-pib-per-capita-mapa,NZL,1875,5879
mpd2020-pib-per-capita-mapa,NZL,1876,5775
mpd2020-pib-per-capita-mapa,NZL,1877,6347
mpd2020-pib-per-capita-mapa,NZL,1878,6808
mpd2020-pib-per-capita-mapa,NZL,1879,5689
mpd2020-pib-per-capita-mapa,NZL,1880,5973
mpd2020-pib-per-capita-mapa,NZL,1881,6001
mpd2020-pib-per-capita-mapa,NZL,1882,5812
mpd2020-pib-per-capita-mapa,NZL,1883,5571
mpd2020-pib-per-capita-mapa,NZL,1884,5903
mpd2020-pib-per-capita-mapa,NZL,1885,5718
mpd2020-pib-per-capita-mapa,NZL,1886,5742
mpd2020-pib-per-capita-mapa,NZL,1887,5745
mpd2020-pib-per-capita-mapa,NZL,1888,5665
mpd2020-pib-per-capita-mapa,NZL,1889,5899
mpd2020-pib-per-capita-mapa,NZL,1890,5985
mpd2020-pib-per-capita-mapa,NZL,1891,5947
mpd2020-pib-per-capita-mapa,NZL,1892,6059
mpd2020-pib-per-capita-mapa,NZL,1893,6038
mpd2020-pib-per-capita-mapa,NZL,1894,5705
mpd2020-pib-per-capita-mapa,NZL,1895,5805
mpd2020-pib-per-capita-mapa,NZL,1896,6357
mpd2020-pib-per-capita-mapa,NZL,1897,6296
mpd2020-pib-per-capita-mapa,NZL,1898,6352
mpd2020-pib-per-capita-mapa,NZL,1899,6441
mpd2020-pib-per-capita-mapa,NZL,1900,6851
mpd2020-pib-per-capita-mapa,NZL,1901,6731
mpd2020-pib-per-capita-mapa,NZL,1902,7074
mpd2020-pib-per-capita-mapa,NZL,1903,7535
mpd2020-pib-per-capita-mapa,NZL,1904,7285
mpd2020-pib-per-capita-mapa,NZL,1905,7731
mpd2020-pib-per-capita-mapa,NZL,1906,8222
mpd2020-pib-per-capita-mapa,NZL,1907,8512
mpd2020-pib-per-capita-mapa,NZL,1908,7707
mpd2020-pib-per-capita-mapa,NZL,1909,7603
mpd2020-pib-per-capita-mapa,NZL,1910,8474
mpd2020-pib-per-capita-mapa,NZL,1911,8757
mpd2020-pib-per-capita-mapa,NZL,1912,8303
mpd2020-pib-per-capita-mapa,NZL,1913,8212
mpd2020-pib-per-capita-mapa,NZL,1914,8271
mpd2020-pib-per-capita-mapa,NZL,1915,8247
mpd2020-pib-per-capita-mapa,NZL,1916,8161
mpd2020-pib-per-capita-mapa,NZL,1917,7983
mpd2020-pib-per-capita-mapa,NZL,1918,7828
mpd2020-pib-per-capita-mapa,NZL,1919,8421
mpd2020-pib-per-capita-mapa,NZL,1920,8992
mpd2020-pib-per-capita-mapa,NZL,1921,8174
mpd2020-pib-per-capita-mapa,NZL,1922,7716
mpd2020-pib-per-capita-mapa,NZL,1923,8199
mpd2020-pib-per-capita-mapa,NZL,1924,8198
mpd2020-pib-per-capita-mapa,NZL,1925,8435
mpd2020-pib-per-capita-mapa,NZL,1926,7818
mpd2020-pib-per-capita-mapa,NZL,1927,7465
mpd2020-pib-per-capita-mapa,NZL,1928,8195
mpd2020-pib-per-capita-mapa,NZL,1929,8388
mpd2020-pib-per-capita-mapa,NZL,1930,7906
mpd2020-pib-per-capita-mapa,NZL,1931,7133
mpd2020-pib-per-capita-mapa,NZL,1932,6897
mpd2020-pib-per-capita-mapa,NZL,1933,7294
mpd2020-pib-per-capita-mapa,NZL,1934,7600
mpd2020-pib-per-capita-mapa,NZL,1935,7905
mpd2020-pib-per-capita-mapa,NZL,1936,9309
mpd2020-pib-per-capita-mapa,NZL,1937,9726
mpd2020-pib-per-capita-mapa,NZL,1938,10300
mpd2020-pib-per-capita-mapa,NZL,1939,10297
mpd2020-pib-per-capita-mapa,NZL,1940,10042
mpd2020-pib-per-capita-mapa,NZL,1941,9770
mpd2020-pib-per-capita-mapa,NZL,1942,10779
mpd2020-pib-per-capita-mapa,NZL,1943,11043
mpd2020-pib-per-capita-mapa,NZL,1944,10947
mpd2020-pib-per-capita-mapa,NZL,1945,11043
mpd2020-pib-per-capita-mapa,NZL,1946,11415
mpd2020-pib-per-capita-mapa,NZL,1947,12506
mpd2020-pib-per-capita-mapa,NZL,1948,11045
mpd2020-pib-per-capita-mapa,NZL,1949,11988
mpd2020-pib-per-capita-mapa,NZL,1950,13479
mpd2020-pib-per-capita-mapa,NZL,1951,12199
mpd2020-pib-per-capita-mapa,NZL,1952,12427
mpd2020-pib-per-capita-mapa,NZL,1953,12522
mpd2020-pib-per-capita-mapa,NZL,1954,13936
mpd2020-pib-per-capita-mapa,NZL,1955,13908
mpd2020-pib-per-capita-mapa,NZL,1956,14346
mpd2020-pib-per-capita-mapa,NZL,1957,14418
mpd2020-pib-per-capita-mapa,NZL,1958,14641
mpd2020-pib-per-capita-mapa,NZL,1959,15350
mpd2020-pib-per-capita-mapa,NZL,1960,15087
mpd2020-pib-per-capita-mapa,NZL,1961,15533
mpd2020-pib-per-capita-mapa,NZL,1962,15511
mpd2020-pib-per-capita-mapa,NZL,1963,16150
mpd2020-pib-per-capita-mapa,NZL,1964,16606
mpd2020-pib-per-capita-mapa,NZL,1965,17341
mpd2020-pib-per-capita-mapa,NZL,1966,18111
mpd2020-pib-per-capita-mapa,NZL,1967,17027
mpd2020-pib-per-capita-mapa,NZL,1968,16809
mpd2020-pib-per-capita-mapa,NZL,1969,18348
mpd2020-pib-per-capita-mapa,NZL,1970,17835
mpd2020-pib-per-capita-mapa,NZL,1971,18452
mpd2020-pib-per-capita-mapa,NZL,1972,18889
mpd2020-pib-per-capita-mapa,NZL,1973,19804
mpd2020-pib-per-capita-mapa,NZL,1974,20529
mpd2020-pib-per-capita-mapa,NZL,1975,19907
mpd2020-pib-per-capita-mapa,NZL,1976,20161
mpd2020-pib-per-capita-mapa,NZL,1977,19110
mpd2020-pib-per-capita-mapa,NZL,1978,19182
mpd2020-pib-per-capita-mapa,NZL,1979,19580
mpd2020-pib-per-capita-mapa,NZL,1980,19681
mpd2020-pib-per-capita-mapa,NZL,1981,20537
mpd2020-pib-per-capita-mapa,NZL,1982,20715
mpd2020-pib-per-capita-mapa,NZL,1983,21015
mpd2020-pib-per-capita-mapa,NZL,1984,21783
mpd2020-pib-per-capita-mapa,NZL,1985,21780
mpd2020-pib-per-capita-mapa,NZL,1986,22124
mpd2020-pib-per-capita-mapa,NZL,1987,22142
mpd2020-pib-per-capita-mapa,NZL,1988,22022
mpd2020-pib-per-capita-mapa,NZL,1989,22107
mpd2020-pib-per-capita-mapa,NZL,1990,21817
mpd2020-pib-per-capita-mapa,NZL,1991,21125.8944
mpd2020-pib-per-capita-mapa,NZL,1992,21093.0613
mpd2020-pib-per-capita-mapa,NZL,1993,21897.6756
mpd2020-pib-per-capita-mapa,NZL,1994,23076.858
mpd2020-pib-per-capita-mapa,NZL,1995,23751.9033
mpd2020-pib-per-capita-mapa,NZL,1996,24321.248
mpd2020-pib-per-capita-mapa,NZL,1997,24802.1297
mpd2020-pib-per-capita-mapa,NZL,1998,24861.4157
mpd2020-pib-per-capita-mapa,NZL,1999,25867.9928
mpd2020-pib-per-capita-mapa,NZL,2000,26823.0175
mpd2020-pib-per-capita-mapa,NZL,2001,27167.3185
mpd2020-pib-per-capita-mapa,NZL,2002,28065.856
mpd2020-pib-per-capita-mapa,NZL,2003,28876.287
mpd2020-pib-per-capita-mapa,NZL,2004,29806.7353
mpd2020-pib-per-capita-mapa,NZL,2005,30270.2473
mpd2020-pib-per-capita-mapa,NZL,2006,30798.6311
mpd2020-pib-per-capita-mapa,NZL,2007,31784.4408
mpd2020-pib-per-capita-mapa,NZL,2008,31444.6332
mpd2020-pib-per-capita-mapa,NZL,2009,31233.0758
mpd2020-pib-per-capita-mapa,NZL,2010,31586.0893
mpd2020-pib-per-capita-mapa,NZL,2011,32057
mpd2020-pib-per-capita-mapa,NZL,2012,32674
mpd2020-pib-per-capita-mapa,NZL,2013,32989
mpd2020-pib-per-capita-mapa,NZL,2014,33339
mpd2020-pib-per-capita-mapa,NZL,2015,33696
mpd2020-pib-per-capita-mapa,NZL,2016,34295
mpd2020-pib-per-capita-mapa,NZL,2017,34875.9481
mpd2020-pib-per-capita-mapa,NZL,2018,35336.1363
mpd2020-pib-per-capita-mapa,OMN,1950,993
mpd2020-pib-per-capita-mapa,OMN,1951,1036
mpd2020-pib-per-capita-mapa,OMN,1952,1079
mpd2020-pib-per-capita-mapa,OMN,1953,1127
mpd2020-pib-per-capita-mapa,OMN,1954,1173
mpd2020-pib-per-capita-mapa,OMN,1955,1221
mpd2020-pib-per-capita-mapa,OMN,1956,1274
mpd2020-pib-per-capita-mapa,OMN,1957,1325
mpd2020-pib-per-capita-mapa,OMN,1958,1380
mpd2020-pib-per-capita-mapa,OMN,1959,1435
mpd2020-pib-per-capita-mapa,OMN,1960,1490
mpd2020-pib-per-capita-mapa,OMN,1961,1471
mpd2020-pib-per-capita-mapa,OMN,1962,1728
mpd2020-pib-per-capita-mapa,OMN,1963,1758
mpd2020-pib-per-capita-mapa,OMN,1964,1714
mpd2020-pib-per-capita-mapa,OMN,1965,1678
mpd2020-pib-per-capita-mapa,OMN,1966,1722
mpd2020-pib-per-capita-mapa,OMN,1967,2788
mpd2020-pib-per-capita-mapa,OMN,1968,4932
mpd2020-pib-per-capita-mapa,OMN,1969,6028
mpd2020-pib-per-capita-mapa,OMN,1970,6056
mpd2020-pib-per-capita-mapa,OMN,1971,5923
mpd2020-pib-per-capita-mapa,OMN,1972,6271
mpd2020-pib-per-capita-mapa,OMN,1973,5227
mpd2020-pib-per-capita-mapa,OMN,1974,5644
mpd2020-pib-per-capita-mapa,OMN,1975,6802
mpd2020-pib-per-capita-mapa,OMN,1976,7328
mpd2020-pib-per-capita-mapa,OMN,1977,6998
mpd2020-pib-per-capita-mapa,OMN,1978,6513
mpd2020-pib-per-capita-mapa,OMN,1979,6446
mpd2020-pib-per-capita-mapa,OMN,1980,6491
mpd2020-pib-per-capita-mapa,OMN,1981,7210
mpd2020-pib-per-capita-mapa,OMN,1982,7651
mpd2020-pib-per-capita-mapa,OMN,1983,8521
mpd2020-pib-per-capita-mapa,OMN,1984,9526
mpd2020-pib-per-capita-mapa,OMN,1985,10433
mpd2020-pib-per-capita-mapa,OMN,1986,10268
mpd2020-pib-per-capita-mapa,OMN,1987,10699
mpd2020-pib-per-capita-mapa,OMN,1988,10633
mpd2020-pib-per-capita-mapa,OMN,1989,10692
mpd2020-pib-per-capita-mapa,OMN,1990,10327
mpd2020-pib-per-capita-mapa,OMN,1991,11131.0002
mpd2020-pib-per-capita-mapa,OMN,1992,12251.1576
mpd2020-pib-per-capita-mapa,OMN,1993,13226.6432
mpd2020-pib-per-capita-mapa,OMN,1994,14079.5331
mpd2020-pib-per-capita-mapa,OMN,1995,15292.176
mpd2020-pib-per-capita-mapa,OMN,1996,16491.1678
mpd2020-pib-per-capita-mapa,OMN,1997,18518.4805
mpd2020-pib-per-capita-mapa,OMN,1998,20213.0204
mpd2020-pib-per-capita-mapa,OMN,1999,21519.6709
mpd2020-pib-per-capita-mapa,OMN,2000,24186.3654
mpd2020-pib-per-capita-mapa,OMN,2001,26431.1005
mpd2020-pib-per-capita-mapa,OMN,2002,27141.8429
mpd2020-pib-per-capita-mapa,OMN,2003,27313.9797
mpd2020-pib-per-capita-mapa,OMN,2004,28607.0844
mpd2020-pib-per-capita-mapa,OMN,2005,30392.5601
mpd2020-pib-per-capita-mapa,OMN,2006,33374.8939
mpd2020-pib-per-capita-mapa,OMN,2007,36424.9794
mpd2020-pib-per-capita-mapa,OMN,2008,40909.9379
mpd2020-pib-per-capita-mapa,OMN,2009,44244.6466
mpd2020-pib-per-capita-mapa,OMN,2010,46182.1601
mpd2020-pib-per-capita-mapa,OMN,2011,44454
mpd2020-pib-per-capita-mapa,OMN,2012,44008
mpd2020-pib-per-capita-mapa,OMN,2013,41680
mpd2020-pib-per-capita-mapa,OMN,2014,39418
mpd2020-pib-per-capita-mapa,OMN,2015,38738
mpd2020-pib-per-capita-mapa,OMN,2016,38515
mpd2020-pib-per-capita-mapa,OMN,2017,37101.736
mpd2020-pib-per-capita-mapa,OMN,2018,36477.6365
mpd2020-pib-per-capita-mapa,PAK,1950,1025
mpd2020-pib-per-capita-mapa,PAK,1951,969
mpd2020-pib-per-capita-mapa,PAK,1952,950
mpd2020-pib-per-capita-mapa,PAK,1953,1015
mpd2020-pib-per-capita-mapa,PAK,1954,1014
mpd2020-pib-per-capita-mapa,PAK,1955,1012
mpd2020-pib-per-capita-mapa,PAK,1956,1017
mpd2020-pib-per-capita-mapa,PAK,1957,1036
mpd2020-pib-per-capita-mapa,PAK,1958,1025
mpd2020-pib-per-capita-mapa,PAK,1959,1009
mpd2020-pib-per-capita-mapa,PAK,1960,1031
mpd2020-pib-per-capita-mapa,PAK,1961,1066
mpd2020-pib-per-capita-mapa,PAK,1962,1114
mpd2020-pib-per-capita-mapa,PAK,1963,1152
mpd2020-pib-per-capita-mapa,PAK,1964,1208
mpd2020-pib-per-capita-mapa,PAK,1965,1229
mpd2020-pib-per-capita-mapa,PAK,1966,1294
mpd2020-pib-per-capita-mapa,PAK,1967,1307
mpd2020-pib-per-capita-mapa,PAK,1968,1361
mpd2020-pib-per-capita-mapa,PAK,1969,1411
mpd2020-pib-per-capita-mapa,PAK,1970,1517
mpd2020-pib-per-capita-mapa,PAK,1971,1484
mpd2020-pib-per-capita-mapa,PAK,1972,1455
mpd2020-pib-per-capita-mapa,PAK,1973,1521
mpd2020-pib-per-capita-mapa,PAK,1974,1533
mpd2020-pib-per-capita-mapa,PAK,1975,1559
mpd2020-pib-per-capita-mapa,PAK,1976,1604
mpd2020-pib-per-capita-mapa,PAK,1977,1631
mpd2020-pib-per-capita-mapa,PAK,1978,1720
mpd2020-pib-per-capita-mapa,PAK,1979,1733
mpd2020-pib-per-capita-mapa,PAK,1980,1851
mpd2020-pib-per-capita-mapa,PAK,1981,1924
mpd2020-pib-per-capita-mapa,PAK,1982,2002
mpd2020-pib-per-capita-mapa,PAK,1983,2077
mpd2020-pib-per-capita-mapa,PAK,1984,2106
mpd2020-pib-per-capita-mapa,PAK,1985,2230
mpd2020-pib-per-capita-mapa,PAK,1986,2302
mpd2020-pib-per-capita-mapa,PAK,1987,2364
mpd2020-pib-per-capita-mapa,PAK,1988,2442
mpd2020-pib-per-capita-mapa,PAK,1989,2487
mpd2020-pib-per-capita-mapa,PAK,1990,2531
mpd2020-pib-per-capita-mapa,PAK,1991,2644.5742
mpd2020-pib-per-capita-mapa,PAK,1992,2732.3816
mpd2020-pib-per-capita-mapa,PAK,1993,2777.332
mpd2020-pib-per-capita-mapa,PAK,1994,2855.9062
mpd2020-pib-per-capita-mapa,PAK,1995,2947.6826
mpd2020-pib-per-capita-mapa,PAK,1996,2979.8082
mpd2020-pib-per-capita-mapa,PAK,1997,2986.7056
mpd2020-pib-per-capita-mapa,PAK,1998,3035.4517
mpd2020-pib-per-capita-mapa,PAK,1999,3111.9586
mpd2020-pib-per-capita-mapa,PAK,2000,3154.5116
mpd2020-pib-per-capita-mapa,PAK,2001,3176.9468
mpd2020-pib-per-capita-mapa,PAK,2002,3265.6866
mpd2020-pib-per-capita-mapa,PAK,2003,3437.9918
mpd2020-pib-per-capita-mapa,PAK,2004,3664.5334
mpd2020-pib-per-capita-mapa,PAK,2005,3883.9345
mpd2020-pib-per-capita-mapa,PAK,2006,4062.6665
mpd2020-pib-per-capita-mapa,PAK,2007,4160.3652
mpd2020-pib-per-capita-mapa,PAK,2008,4224.4048
mpd2020-pib-per-capita-mapa,PAK,2009,4288.4618
mpd2020-pib-per-capita-mapa,PAK,2010,4354.267
mpd2020-pib-per-capita-mapa,PAK,2011,4464
mpd2020-pib-per-capita-mapa,PAK,2012,4569
mpd2020-pib-per-capita-mapa,PAK,2013,4703
mpd2020-pib-per-capita-mapa,PAK,2014,4850
mpd2020-pib-per-capita-mapa,PAK,2015,5030
mpd2020-pib-per-capita-mapa,PAK,2016,5223
mpd2020-pib-per-capita-mapa,PAK,2017,5392.2283
mpd2020-pib-per-capita-mapa,PAK,2018,5510.3967
mpd2020-pib-per-capita-mapa,PAN,1906,2276
mpd2020-pib-per-capita-mapa,PAN,1907,2377
mpd2020-pib-per-capita-mapa,PAN,1908,2504
mpd2020-pib-per-capita-mapa,PAN,1909,2648
mpd2020-pib-per-capita-mapa,PAN,1910,2837
mpd2020-pib-per-capita-mapa,PAN,1911,2915
mpd2020-pib-per-capita-mapa,PAN,1912,2930
mpd2020-pib-per-capita-mapa,PAN,1913,2927
mpd2020-pib-per-capita-mapa,PAN,1914,3084
mpd2020-pib-per-capita-mapa,PAN,1915,3064
mpd2020-pib-per-capita-mapa,PAN,1916,2888
mpd2020-pib-per-capita-mapa,PAN,1917,2732
mpd2020-pib-per-capita-mapa,PAN,1918,2630
mpd2020-pib-per-capita-mapa,PAN,1919,2534
mpd2020-pib-per-capita-mapa,PAN,1920,2445
mpd2020-pib-per-capita-mapa,PAN,1921,2370
mpd2020-pib-per-capita-mapa,PAN,1922,2401
mpd2020-pib-per-capita-mapa,PAN,1923,2421
mpd2020-pib-per-capita-mapa,PAN,1924,2491
mpd2020-pib-per-capita-mapa,PAN,1925,2514
mpd2020-pib-per-capita-mapa,PAN,1926,2515
mpd2020-pib-per-capita-mapa,PAN,1927,2528
mpd2020-pib-per-capita-mapa,PAN,1928,2558
mpd2020-pib-per-capita-mapa,PAN,1929,2605
mpd2020-pib-per-capita-mapa,PAN,1930,2467
mpd2020-pib-per-capita-mapa,PAN,1931,2383
mpd2020-pib-per-capita-mapa,PAN,1932,2362
mpd2020-pib-per-capita-mapa,PAN,1933,2365
mpd2020-pib-per-capita-mapa,PAN,1934,2391
mpd2020-pib-per-capita-mapa,PAN,1935,2571
mpd2020-pib-per-capita-mapa,PAN,1936,2507
mpd2020-pib-per-capita-mapa,PAN,1937,2707
mpd2020-pib-per-capita-mapa,PAN,1938,2625
mpd2020-pib-per-capita-mapa,PAN,1939,2683
mpd2020-pib-per-capita-mapa,PAN,1940,2651
mpd2020-pib-per-capita-mapa,PAN,1941,2911
mpd2020-pib-per-capita-mapa,PAN,1942,2896
mpd2020-pib-per-capita-mapa,PAN,1943,2995
mpd2020-pib-per-capita-mapa,PAN,1944,3156
mpd2020-pib-per-capita-mapa,PAN,1945,3371
mpd2020-pib-per-capita-mapa,PAN,1946,2899
mpd2020-pib-per-capita-mapa,PAN,1947,2960
mpd2020-pib-per-capita-mapa,PAN,1948,2724
mpd2020-pib-per-capita-mapa,PAN,1949,2732
mpd2020-pib-per-capita-mapa,PAN,1950,2577
mpd2020-pib-per-capita-mapa,PAN,1951,2491
mpd2020-pib-per-capita-mapa,PAN,1952,2557
mpd2020-pib-per-capita-mapa,PAN,1953,2649
mpd2020-pib-per-capita-mapa,PAN,1954,2681
mpd2020-pib-per-capita-mapa,PAN,1955,2766
mpd2020-pib-per-capita-mapa,PAN,1956,2836
mpd2020-pib-per-capita-mapa,PAN,1957,3054
mpd2020-pib-per-capita-mapa,PAN,1958,3014
mpd2020-pib-per-capita-mapa,PAN,1959,3124
mpd2020-pib-per-capita-mapa,PAN,1960,3217
mpd2020-pib-per-capita-mapa,PAN,1961,3462
mpd2020-pib-per-capita-mapa,PAN,1962,3647
mpd2020-pib-per-capita-mapa,PAN,1963,3877
mpd2020-pib-per-capita-mapa,PAN,1964,3929
mpd2020-pib-per-capita-mapa,PAN,1965,4151
mpd2020-pib-per-capita-mapa,PAN,1966,4331
mpd2020-pib-per-capita-mapa,PAN,1967,4559
mpd2020-pib-per-capita-mapa,PAN,1968,4752
mpd2020-pib-per-capita-mapa,PAN,1969,4976
mpd2020-pib-per-capita-mapa,PAN,1970,5131
mpd2020-pib-per-capita-mapa,PAN,1971,5471
mpd2020-pib-per-capita-mapa,PAN,1972,5571
mpd2020-pib-per-capita-mapa,PAN,1973,5719
mpd2020-pib-per-capita-mapa,PAN,1974,5695
mpd2020-pib-per-capita-mapa,PAN,1975,5649
mpd2020-pib-per-capita-mapa,PAN,1976,5604
mpd2020-pib-per-capita-mapa,PAN,1977,5512
mpd2020-pib-per-capita-mapa,PAN,1978,5946
mpd2020-pib-per-capita-mapa,PAN,1979,6075
mpd2020-pib-per-capita-mapa,PAN,1980,6849
mpd2020-pib-per-capita-mapa,PAN,1981,7313
mpd2020-pib-per-capita-mapa,PAN,1982,7444
mpd2020-pib-per-capita-mapa,PAN,1983,7186
mpd2020-pib-per-capita-mapa,PAN,1984,7192
mpd2020-pib-per-capita-mapa,PAN,1985,7404
mpd2020-pib-per-capita-mapa,PAN,1986,7578
mpd2020-pib-per-capita-mapa,PAN,1987,7653
mpd2020-pib-per-capita-mapa,PAN,1988,6743
mpd2020-pib-per-capita-mapa,PAN,1989,6715
mpd2020-pib-per-capita-mapa,PAN,1990,7119
mpd2020-pib-per-capita-mapa,PAN,1991,7659.4701
mpd2020-pib-per-capita-mapa,PAN,1992,8148.6316
mpd2020-pib-per-capita-mapa,PAN,1993,8450.6717
mpd2020-pib-per-capita-mapa,PAN,1994,8549.6476
mpd2020-pib-per-capita-mapa,PAN,1995,8555.7834
mpd2020-pib-per-capita-mapa,PAN,1996,8652.0758
mpd2020-pib-per-capita-mapa,PAN,1997,9054.722
mpd2020-pib-per-capita-mapa,PAN,1998,9560.3354
mpd2020-pib-per-capita-mapa,PAN,1999,9784.6941
mpd2020-pib-per-capita-mapa,PAN,2000,9898.7878
mpd2020-pib-per-capita-mapa,PAN,2001,9804.5588
mpd2020-pib-per-capita-mapa,PAN,2002,9879.4544
mpd2020-pib-per-capita-mapa,PAN,2003,10153.772
mpd2020-pib-per-capita-mapa,PAN,2004,10769.5232
mpd2020-pib-per-capita-mapa,PAN,2005,11389.244
mpd2020-pib-per-capita-mapa,PAN,2006,12195.7468
mpd2020-pib-per-capita-mapa,PAN,2007,13492.383
mpd2020-pib-per-capita-mapa,PAN,2008,14466.9673
mpd2020-pib-per-capita-mapa,PAN,2009,14515.766
mpd2020-pib-per-capita-mapa,PAN,2010,15169.1247
mpd2020-pib-per-capita-mapa,PAN,2011,16762
mpd2020-pib-per-capita-mapa,PAN,2012,18051
mpd2020-pib-per-capita-mapa,PAN,2013,18979
mpd2020-pib-per-capita-mapa,PAN,2014,19855
mpd2020-pib-per-capita-mapa,PAN,2015,20723
mpd2020-pib-per-capita-mapa,PAN,2016,21449
mpd2020-pib-per-capita-mapa,PAN,2017,22206.9911
mpd2020-pib-per-capita-mapa,PAN,2018,22637.1482
mpd2020-pib-per-capita-mapa,PER,1820,835
mpd2020-pib-per-capita-mapa,PER,1821,687
mpd2020-pib-per-capita-mapa,PER,1822,655
mpd2020-pib-per-capita-mapa,PER,1823,679
mpd2020-pib-per-capita-mapa,PER,1824,654
mpd2020-pib-per-capita-mapa,PER,1825,671
mpd2020-pib-per-capita-mapa,PER,1826,639
mpd2020-pib-per-capita-mapa,PER,1827,681
mpd2020-pib-per-capita-mapa,PER,1828,674
mpd2020-pib-per-capita-mapa,PER,1829,660
mpd2020-pib-per-capita-mapa,PER,1830,669
mpd2020-pib-per-capita-mapa,PER,1831,673
mpd2020-pib-per-capita-mapa,PER,1832,655
mpd2020-pib-per-capita-mapa,PER,1833,684
mpd2020-pib-per-capita-mapa,PER,1834,703
mpd2020-pib-per-capita-mapa,PER,1835,727
mpd2020-pib-per-capita-mapa,PER,1836,765
mpd2020-pib-per-capita-mapa,PER,1837,805
mpd2020-pib-per-capita-mapa,PER,1838,811
mpd2020-pib-per-capita-mapa,PER,1839,795
mpd2020-pib-per-capita-mapa,PER,1840,829
mpd2020-pib-per-capita-mapa,PER,1841,889
mpd2020-pib-per-capita-mapa,PER,1842,874
mpd2020-pib-per-capita-mapa,PER,1843,843
mpd2020-pib-per-capita-mapa,PER,1844,824
mpd2020-pib-per-capita-mapa,PER,1845,886
mpd2020-pib-per-capita-mapa,PER,1846,853
mpd2020-pib-per-capita-mapa,PER,1847,939
mpd2020-pib-per-capita-mapa,PER,1848,976
mpd2020-pib-per-capita-mapa,PER,1849,993
mpd2020-pib-per-capita-mapa,PER,1850,945
mpd2020-pib-per-capita-mapa,PER,1851,1087
mpd2020-pib-per-capita-mapa,PER,1852,1015
mpd2020-pib-per-capita-mapa,PER,1853,1160
mpd2020-pib-per-capita-mapa,PER,1854,1226
mpd2020-pib-per-capita-mapa,PER,1855,1302
mpd2020-pib-per-capita-mapa,PER,1856,1243
mpd2020-pib-per-capita-mapa,PER,1857,1441
mpd2020-pib-per-capita-mapa,PER,1858,1341
mpd2020-pib-per-capita-mapa,PER,1859,1309
mpd2020-pib-per-capita-mapa,PER,1860,1313
mpd2020-pib-per-capita-mapa,PER,1861,1235
mpd2020-pib-per-capita-mapa,PER,1862,1221
mpd2020-pib-per-capita-mapa,PER,1863,1339
mpd2020-pib-per-capita-mapa,PER,1864,1278
mpd2020-pib-per-capita-mapa,PER,1865,1267
mpd2020-pib-per-capita-mapa,PER,1866,1320
mpd2020-pib-per-capita-mapa,PER,1867,1317
mpd2020-pib-per-capita-mapa,PER,1868,1312
mpd2020-pib-per-capita-mapa,PER,1869,1471
mpd2020-pib-per-capita-mapa,PER,1870,1675
mpd2020-pib-per-capita-mapa,PER,1871,1747
mpd2020-pib-per-capita-mapa,PER,1872,1771
mpd2020-pib-per-capita-mapa,PER,1873,1757
mpd2020-pib-per-capita-mapa,PER,1874,1777
mpd2020-pib-per-capita-mapa,PER,1875,1627
mpd2020-pib-per-capita-mapa,PER,1876,1792
mpd2020-pib-per-capita-mapa,PER,1877,1637
mpd2020-pib-per-capita-mapa,PER,1878,1415
mpd2020-pib-per-capita-mapa,PER,1879,1194
mpd2020-pib-per-capita-mapa,PER,1880,859
mpd2020-pib-per-capita-mapa,PER,1881,784
mpd2020-pib-per-capita-mapa,PER,1882,830
mpd2020-pib-per-capita-mapa,PER,1883,760
mpd2020-pib-per-capita-mapa,PER,1884,912
mpd2020-pib-per-capita-mapa,PER,1885,854
mpd2020-pib-per-capita-mapa,PER,1886,894
mpd2020-pib-per-capita-mapa,PER,1887,826
mpd2020-pib-per-capita-mapa,PER,1888,915
mpd2020-pib-per-capita-mapa,PER,1889,901
mpd2020-pib-per-capita-mapa,PER,1890,846
mpd2020-pib-per-capita-mapa,PER,1891,901
mpd2020-pib-per-capita-mapa,PER,1892,925
mpd2020-pib-per-capita-mapa,PER,1893,864
mpd2020-pib-per-capita-mapa,PER,1894,792
mpd2020-pib-per-capita-mapa,PER,1895,838
mpd2020-pib-per-capita-mapa,PER,1896,917
mpd2020-pib-per-capita-mapa,PER,1897,987
mpd2020-pib-per-capita-mapa,PER,1898,1034
mpd2020-pib-per-capita-mapa,PER,1899,1073
mpd2020-pib-per-capita-mapa,PER,1900,1084
mpd2020-pib-per-capita-mapa,PER,1901,1149
mpd2020-pib-per-capita-mapa,PER,1902,1207
mpd2020-pib-per-capita-mapa,PER,1903,1272
mpd2020-pib-per-capita-mapa,PER,1904,1299
mpd2020-pib-per-capita-mapa,PER,1905,1377
mpd2020-pib-per-capita-mapa,PER,1906,1468
mpd2020-pib-per-capita-mapa,PER,1907,1540
mpd2020-pib-per-capita-mapa,PER,1908,1549
mpd2020-pib-per-capita-mapa,PER,1909,1556
mpd2020-pib-per-capita-mapa,PER,1910,1564
mpd2020-pib-per-capita-mapa,PER,1911,1576
mpd2020-pib-per-capita-mapa,PER,1912,1613
mpd2020-pib-per-capita-mapa,PER,1913,1645
mpd2020-pib-per-capita-mapa,PER,1914,1615
mpd2020-pib-per-capita-mapa,PER,1915,1733
mpd2020-pib-per-capita-mapa,PER,1916,1889
mpd2020-pib-per-capita-mapa,PER,1917,1934
mpd2020-pib-per-capita-mapa,PER,1918,1921
mpd2020-pib-per-capita-mapa,PER,1919,1961
mpd2020-pib-per-capita-mapa,PER,1920,1954
mpd2020-pib-per-capita-mapa,PER,1921,2004
mpd2020-pib-per-capita-mapa,PER,1922,2144
mpd2020-pib-per-capita-mapa,PER,1923,2255
mpd2020-pib-per-capita-mapa,PER,1924,2429
mpd2020-pib-per-capita-mapa,PER,1925,2455
mpd2020-pib-per-capita-mapa,PER,1926,2662
mpd2020-pib-per-capita-mapa,PER,1927,2668
mpd2020-pib-per-capita-mapa,PER,1928,2796
mpd2020-pib-per-capita-mapa,PER,1929,3041
mpd2020-pib-per-capita-mapa,PER,1930,2651
mpd2020-pib-per-capita-mapa,PER,1931,2397
mpd2020-pib-per-capita-mapa,PER,1932,2268
mpd2020-pib-per-capita-mapa,PER,1933,2483
mpd2020-pib-per-capita-mapa,PER,1934,2774
mpd2020-pib-per-capita-mapa,PER,1935,2986
mpd2020-pib-per-capita-mapa,PER,1936,3078
mpd2020-pib-per-capita-mapa,PER,1937,3070
mpd2020-pib-per-capita-mapa,PER,1938,3068
mpd2020-pib-per-capita-mapa,PER,1939,3037
mpd2020-pib-per-capita-mapa,PER,1940,3046
mpd2020-pib-per-capita-mapa,PER,1941,2997
mpd2020-pib-per-capita-mapa,PER,1942,2880
mpd2020-pib-per-capita-mapa,PER,1943,2876
mpd2020-pib-per-capita-mapa,PER,1944,3070
mpd2020-pib-per-capita-mapa,PER,1945,3131
mpd2020-pib-per-capita-mapa,PER,1946,3196
mpd2020-pib-per-capita-mapa,PER,1947,3231
mpd2020-pib-per-capita-mapa,PER,1948,3282
mpd2020-pib-per-capita-mapa,PER,1949,3470
mpd2020-pib-per-capita-mapa,PER,1950,3679
mpd2020-pib-per-capita-mapa,PER,1951,3867
mpd2020-pib-per-capita-mapa,PER,1952,3964
mpd2020-pib-per-capita-mapa,PER,1953,4111
mpd2020-pib-per-capita-mapa,PER,1954,4117
mpd2020-pib-per-capita-mapa,PER,1955,4309
mpd2020-pib-per-capita-mapa,PER,1956,4385
mpd2020-pib-per-capita-mapa,PER,1957,4479
mpd2020-pib-per-capita-mapa,PER,1958,4372
mpd2020-pib-per-capita-mapa,PER,1959,4275
mpd2020-pib-per-capita-mapa,PER,1960,4733
mpd2020-pib-per-capita-mapa,PER,1961,5008
mpd2020-pib-per-capita-mapa,PER,1962,5230
mpd2020-pib-per-capita-mapa,PER,1963,5314
mpd2020-pib-per-capita-mapa,PER,1964,5523
mpd2020-pib-per-capita-mapa,PER,1965,5729
mpd2020-pib-per-capita-mapa,PER,1966,6038
mpd2020-pib-per-capita-mapa,PER,1967,6107
mpd2020-pib-per-capita-mapa,PER,1968,5874
mpd2020-pib-per-capita-mapa,PER,1969,5859
mpd2020-pib-per-capita-mapa,PER,1970,6143
mpd2020-pib-per-capita-mapa,PER,1971,6242
mpd2020-pib-per-capita-mapa,PER,1972,6264
mpd2020-pib-per-capita-mapa,PER,1973,6413
mpd2020-pib-per-capita-mapa,PER,1974,6566
mpd2020-pib-per-capita-mapa,PER,1975,6896
mpd2020-pib-per-capita-mapa,PER,1976,6808
mpd2020-pib-per-capita-mapa,PER,1977,6626
mpd2020-pib-per-capita-mapa,PER,1978,6454
mpd2020-pib-per-capita-mapa,PER,1979,6664
mpd2020-pib-per-capita-mapa,PER,1980,6795
mpd2020-pib-per-capita-mapa,PER,1981,6921
mpd2020-pib-per-capita-mapa,PER,1982,6770
mpd2020-pib-per-capita-mapa,PER,1983,5729
mpd2020-pib-per-capita-mapa,PER,1984,5859
mpd2020-pib-per-capita-mapa,PER,1985,5844
mpd2020-pib-per-capita-mapa,PER,1986,6290
mpd2020-pib-per-capita-mapa,PER,1987,6682
mpd2020-pib-per-capita-mapa,PER,1988,6003
mpd2020-pib-per-capita-mapa,PER,1989,5160
mpd2020-pib-per-capita-mapa,PER,1990,4795
mpd2020-pib-per-capita-mapa,PER,1991,4812.2118
mpd2020-pib-per-capita-mapa,PER,1992,4698.483
mpd2020-pib-per-capita-mapa,PER,1993,4857.0212
mpd2020-pib-per-capita-mapa,PER,1994,5361.4226
mpd2020-pib-per-capita-mapa,PER,1995,5668.0329
mpd2020-pib-per-capita-mapa,PER,1996,5739.79
mpd2020-pib-per-capita-mapa,PER,1997,6027.8164
mpd2020-pib-per-capita-mapa,PER,1998,5926.7329
mpd2020-pib-per-capita-mapa,PER,1999,5945.1953
mpd2020-pib-per-capita-mapa,PER,2000,6038.2444
mpd2020-pib-per-capita-mapa,PER,2001,6010.225
mpd2020-pib-per-capita-mapa,PER,2002,6274.4185
mpd2020-pib-per-capita-mapa,PER,2003,6472.3409
mpd2020-pib-per-capita-mapa,PER,2004,6731.0047
mpd2020-pib-per-capita-mapa,PER,2005,7091.1333
mpd2020-pib-per-capita-mapa,PER,2006,7560.8972
mpd2020-pib-per-capita-mapa,PER,2007,8138.365
mpd2020-pib-per-capita-mapa,PER,2008,8812.6182
mpd2020-pib-per-capita-mapa,PER,2009,8836.0166
mpd2020-pib-per-capita-mapa,PER,2010,9507.7801
mpd2020-pib-per-capita-mapa,PER,2011,10044
mpd2020-pib-per-capita-mapa,PER,2012,10533
mpd2020-pib-per-capita-mapa,PER,2013,11034
mpd2020-pib-per-capita-mapa,PER,2014,11186
mpd2020-pib-per-capita-mapa,PER,2015,11445
mpd2020-pib-per-capita-mapa,PER,2016,11776
mpd2020-pib-per-capita-mapa,PER,2017,11952.5252
mpd2020-pib-per-capita-mapa,PER,2018,12310.0847
mpd2020-pib-per-capita-mapa,PHL,1820,931
mpd2020-pib-per-capita-mapa,PHL,1870,995
mpd2020-pib-per-capita-mapa,PHL,1902,1073
mpd2020-pib-per-capita-mapa,PHL,1903,1282
mpd2020-pib-per-capita-mapa,PHL,1904,1082
mpd2020-pib-per-capita-mapa,PHL,1905,1130
mpd2020-pib-per-capita-mapa,PHL,1906,1151
mpd2020-pib-per-capita-mapa,PHL,1907,1191
mpd2020-pib-per-capita-mapa,PHL,1908,1235
mpd2020-pib-per-capita-mapa,PHL,1909,1235
mpd2020-pib-per-capita-mapa,PHL,1910,1393
mpd2020-pib-per-capita-mapa,PHL,1911,1455
mpd2020-pib-per-capita-mapa,PHL,1912,1452
mpd2020-pib-per-capita-mapa,PHL,1913,1575
mpd2020-pib-per-capita-mapa,PHL,1914,1517
mpd2020-pib-per-capita-mapa,PHL,1915,1395
mpd2020-pib-per-capita-mapa,PHL,1916,1599
mpd2020-pib-per-capita-mapa,PHL,1917,1830
mpd2020-pib-per-capita-mapa,PHL,1918,2050
mpd2020-pib-per-capita-mapa,PHL,1919,1932
mpd2020-pib-per-capita-mapa,PHL,1920,2055
mpd2020-pib-per-capita-mapa,PHL,1921,1969
mpd2020-pib-per-capita-mapa,PHL,1922,2163
mpd2020-pib-per-capita-mapa,PHL,1923,1992
mpd2020-pib-per-capita-mapa,PHL,1924,2133
mpd2020-pib-per-capita-mapa,PHL,1925,2109
mpd2020-pib-per-capita-mapa,PHL,1926,2174
mpd2020-pib-per-capita-mapa,PHL,1927,2177
mpd2020-pib-per-capita-mapa,PHL,1928,2219
mpd2020-pib-per-capita-mapa,PHL,1929,2252
mpd2020-pib-per-capita-mapa,PHL,1930,2203
mpd2020-pib-per-capita-mapa,PHL,1931,2168
mpd2020-pib-per-capita-mapa,PHL,1932,2212
mpd2020-pib-per-capita-mapa,PHL,1933,2181
mpd2020-pib-per-capita-mapa,PHL,1934,2149
mpd2020-pib-per-capita-mapa,PHL,1935,1956
mpd2020-pib-per-capita-mapa,PHL,1936,2174
mpd2020-pib-per-capita-mapa,PHL,1937,2276
mpd2020-pib-per-capita-mapa,PHL,1938,2295
mpd2020-pib-per-capita-mapa,PHL,1939,2404
mpd2020-pib-per-capita-mapa,PHL,1940,2402
mpd2020-pib-per-capita-mapa,PHL,1946,1030
mpd2020-pib-per-capita-mapa,PHL,1947,1395
mpd2020-pib-per-capita-mapa,PHL,1948,1583
mpd2020-pib-per-capita-mapa,PHL,1949,1634
mpd2020-pib-per-capita-mapa,PHL,1950,1706
mpd2020-pib-per-capita-mapa,PHL,1951,1835
mpd2020-pib-per-capita-mapa,PHL,1952,1890
mpd2020-pib-per-capita-mapa,PHL,1953,1999
mpd2020-pib-per-capita-mapa,PHL,1954,2085
mpd2020-pib-per-capita-mapa,PHL,1955,2165
mpd2020-pib-per-capita-mapa,PHL,1956,2248
mpd2020-pib-per-capita-mapa,PHL,1957,2299
mpd2020-pib-per-capita-mapa,PHL,1958,2308
mpd2020-pib-per-capita-mapa,PHL,1959,2393
mpd2020-pib-per-capita-mapa,PHL,1960,2353
mpd2020-pib-per-capita-mapa,PHL,1961,2410
mpd2020-pib-per-capita-mapa,PHL,1962,2450
mpd2020-pib-per-capita-mapa,PHL,1963,2542
mpd2020-pib-per-capita-mapa,PHL,1964,2550
mpd2020-pib-per-capita-mapa,PHL,1965,2603
mpd2020-pib-per-capita-mapa,PHL,1966,2636
mpd2020-pib-per-capita-mapa,PHL,1967,2694
mpd2020-pib-per-capita-mapa,PHL,1968,2745
mpd2020-pib-per-capita-mapa,PHL,1969,2789
mpd2020-pib-per-capita-mapa,PHL,1970,2812
mpd2020-pib-per-capita-mapa,PHL,1971,2882
mpd2020-pib-per-capita-mapa,PHL,1972,2954
mpd2020-pib-per-capita-mapa,PHL,1973,3131
mpd2020-pib-per-capita-mapa,PHL,1974,3154
mpd2020-pib-per-capita-mapa,PHL,1975,3241
mpd2020-pib-per-capita-mapa,PHL,1976,3430
mpd2020-pib-per-capita-mapa,PHL,1977,3524
mpd2020-pib-per-capita-mapa,PHL,1978,3606
mpd2020-pib-per-capita-mapa,PHL,1979,3703
mpd2020-pib-per-capita-mapa,PHL,1980,3787
mpd2020-pib-per-capita-mapa,PHL,1981,3819
mpd2020-pib-per-capita-mapa,PHL,1982,3859
mpd2020-pib-per-capita-mapa,PHL,1983,3837
mpd2020-pib-per-capita-mapa,PHL,1984,3469
mpd2020-pib-per-capita-mapa,PHL,1985,3135
mpd2020-pib-per-capita-mapa,PHL,1986,3161
mpd2020-pib-per-capita-mapa,PHL,1987,3218
mpd2020-pib-per-capita-mapa,PHL,1988,3355
mpd2020-pib-per-capita-mapa,PHL,1989,3481
mpd2020-pib-per-capita-mapa,PHL,1990,3502
mpd2020-pib-per-capita-mapa,PHL,1991,3432.5828
mpd2020-pib-per-capita-mapa,PHL,1992,3399.2426
mpd2020-pib-per-capita-mapa,PHL,1993,3427.1294
mpd2020-pib-per-capita-mapa,PHL,1994,3529.0073
mpd2020-pib-per-capita-mapa,PHL,1995,3637.6256
mpd2020-pib-per-capita-mapa,PHL,1996,3790.7788
mpd2020-pib-per-capita-mapa,PHL,1997,3928.0144
mpd2020-pib-per-capita-mapa,PHL,1998,3852.6327
mpd2020-pib-per-capita-mapa,PHL,1999,3917.0886
mpd2020-pib-per-capita-mapa,PHL,2000,4033.5609
mpd2020-pib-per-capita-mapa,PHL,2001,4090.2183
mpd2020-pib-per-capita-mapa,PHL,2002,4181.3757
mpd2020-pib-per-capita-mapa,PHL,2003,4333.2138
mpd2020-pib-per-capita-mapa,PHL,2004,4562.5027
mpd2020-pib-per-capita-mapa,PHL,2005,4721.0007
mpd2020-pib-per-capita-mapa,PHL,2006,4908.6169
mpd2020-pib-per-capita-mapa,PHL,2007,5172.6619
mpd2020-pib-per-capita-mapa,PHL,2008,5328.6824
mpd2020-pib-per-capita-mapa,PHL,2009,5338.3062
mpd2020-pib-per-capita-mapa,PHL,2010,5694.0467
mpd2020-pib-per-capita-mapa,PHL,2011,5851
mpd2020-pib-per-capita-mapa,PHL,2012,6144
mpd2020-pib-per-capita-mapa,PHL,2013,6472
mpd2020-pib-per-capita-mapa,PHL,2014,6763
mpd2020-pib-per-capita-mapa,PHL,2015,7047
mpd2020-pib-per-capita-mapa,PHL,2016,7410
mpd2020-pib-per-capita-mapa,PHL,2017,7781.1094
mpd2020-pib-per-capita-mapa,PHL,2018,8139.1395
mpd2020-pib-per-capita-mapa,POL,1820,818
mpd2020-pib-per-capita-mapa,POL,1821,834
mpd2020-pib-per-capita-mapa,POL,1822,850
mpd2020-pib-per-capita-mapa,POL,1823,870
mpd2020-pib-per-capita-mapa,POL,1824,888
mpd2020-pib-per-capita-mapa,POL,1825,897
mpd2020-pib-per-capita-mapa,POL,1826,902
mpd2020-pib-per-capita-mapa,POL,1827,921
mpd2020-pib-per-capita-mapa,POL,1828,942
mpd2020-pib-per-capita-mapa,POL,1829,953
mpd2020-pib-per-capita-mapa,POL,1830,942
mpd2020-pib-per-capita-mapa,POL,1831,929
mpd2020-pib-per-capita-mapa,POL,1832,923
mpd2020-pib-per-capita-mapa,POL,1833,920
mpd2020-pib-per-capita-mapa,POL,1834,923
mpd2020-pib-per-capita-mapa,POL,1835,915
mpd2020-pib-per-capita-mapa,POL,1836,912
mpd2020-pib-per-capita-mapa,POL,1837,923
mpd2020-pib-per-capita-mapa,POL,1838,921
mpd2020-pib-per-capita-mapa,POL,1839,913
mpd2020-pib-per-capita-mapa,POL,1840,907
mpd2020-pib-per-capita-mapa,POL,1841,921
mpd2020-pib-per-capita-mapa,POL,1842,917
mpd2020-pib-per-capita-mapa,POL,1843,913
mpd2020-pib-per-capita-mapa,POL,1844,915
mpd2020-pib-per-capita-mapa,POL,1845,932
mpd2020-pib-per-capita-mapa,POL,1846,944
mpd2020-pib-per-capita-mapa,POL,1847,956
mpd2020-pib-per-capita-mapa,POL,1848,960
mpd2020-pib-per-capita-mapa,POL,1849,960
mpd2020-pib-per-capita-mapa,POL,1850,985
mpd2020-pib-per-capita-mapa,POL,1851,1038
mpd2020-pib-per-capita-mapa,POL,1852,1062
mpd2020-pib-per-capita-mapa,POL,1853,1108
mpd2020-pib-per-capita-mapa,POL,1854,1133
mpd2020-pib-per-capita-mapa,POL,1855,1162
mpd2020-pib-per-capita-mapa,POL,1856,1159
mpd2020-pib-per-capita-mapa,POL,1857,1183
mpd2020-pib-per-capita-mapa,POL,1858,1237
mpd2020-pib-per-capita-mapa,POL,1859,1296
mpd2020-pib-per-capita-mapa,POL,1860,1358
mpd2020-pib-per-capita-mapa,POL,1861,1387
mpd2020-pib-per-capita-mapa,POL,1862,1376
mpd2020-pib-per-capita-mapa,POL,1863,1387
mpd2020-pib-per-capita-mapa,POL,1864,1420
mpd2020-pib-per-capita-mapa,POL,1865,1446
mpd2020-pib-per-capita-mapa,POL,1866,1470
mpd2020-pib-per-capita-mapa,POL,1867,1516
mpd2020-pib-per-capita-mapa,POL,1868,1556
mpd2020-pib-per-capita-mapa,POL,1869,1559
mpd2020-pib-per-capita-mapa,POL,1870,1575
mpd2020-pib-per-capita-mapa,POL,1871,1576
mpd2020-pib-per-capita-mapa,POL,1872,1599
mpd2020-pib-per-capita-mapa,POL,1873,1653
mpd2020-pib-per-capita-mapa,POL,1874,1682
mpd2020-pib-per-capita-mapa,POL,1875,1686
mpd2020-pib-per-capita-mapa,POL,1876,1733
mpd2020-pib-per-capita-mapa,POL,1877,1761
mpd2020-pib-per-capita-mapa,POL,1878,1800
mpd2020-pib-per-capita-mapa,POL,1879,1835
mpd2020-pib-per-capita-mapa,POL,1880,1886
mpd2020-pib-per-capita-mapa,POL,1881,1927
mpd2020-pib-per-capita-mapa,POL,1882,1978
mpd2020-pib-per-capita-mapa,POL,1883,2026
mpd2020-pib-per-capita-mapa,POL,1884,2056
mpd2020-pib-per-capita-mapa,POL,1885,2083
mpd2020-pib-per-capita-mapa,POL,1886,2091
mpd2020-pib-per-capita-mapa,POL,1887,2087
mpd2020-pib-per-capita-mapa,POL,1888,2120
mpd2020-pib-per-capita-mapa,POL,1889,2161
mpd2020-pib-per-capita-mapa,POL,1890,2204
mpd2020-pib-per-capita-mapa,POL,1891,2235
mpd2020-pib-per-capita-mapa,POL,1892,2276
mpd2020-pib-per-capita-mapa,POL,1893,2311
mpd2020-pib-per-capita-mapa,POL,1894,2340
mpd2020-pib-per-capita-mapa,POL,1895,2364
mpd2020-pib-per-capita-mapa,POL,1896,2415
mpd2020-pib-per-capita-mapa,POL,1897,2477
mpd2020-pib-per-capita-mapa,POL,1898,2546
mpd2020-pib-per-capita-mapa,POL,1899,2630
mpd2020-pib-per-capita-mapa,POL,1900,2700
mpd2020-pib-per-capita-mapa,POL,1910,2694
mpd2020-pib-per-capita-mapa,POL,1913,2772
mpd2020-pib-per-capita-mapa,POL,1920,3000
mpd2020-pib-per-capita-mapa,POL,1929,3374
mpd2020-pib-per-capita-mapa,POL,1930,3178
mpd2020-pib-per-capita-mapa,POL,1931,2906
mpd2020-pib-per-capita-mapa,POL,1932,2643
mpd2020-pib-per-capita-mapa,POL,1933,2534
mpd2020-pib-per-capita-mapa,POL,1934,2539
mpd2020-pib-per-capita-mapa,POL,1935,2546
mpd2020-pib-per-capita-mapa,POL,1936,2590
mpd2020-pib-per-capita-mapa,POL,1937,3052
mpd2020-pib-per-capita-mapa,POL,1938,3478
mpd2020-pib-per-capita-mapa,POL,1948,3439.4911
mpd2020-pib-per-capita-mapa,POL,1949,3630.2634
mpd2020-pib-per-capita-mapa,POL,1950,3900
mpd2020-pib-per-capita-mapa,POL,1951,4001
mpd2020-pib-per-capita-mapa,POL,1952,4018
mpd2020-pib-per-capita-mapa,POL,1953,4173
mpd2020-pib-per-capita-mapa,POL,1954,4328
mpd2020-pib-per-capita-mapa,POL,1955,4454
mpd2020-pib-per-capita-mapa,POL,1956,4565
mpd2020-pib-per-capita-mapa,POL,1957,4721
mpd2020-pib-per-capita-mapa,POL,1958,4873
mpd2020-pib-per-capita-mapa,POL,1959,4935
mpd2020-pib-per-capita-mapa,POL,1960,5125
mpd2020-pib-per-capita-mapa,POL,1961,5461
mpd2020-pib-per-capita-mapa,POL,1962,5325
mpd2020-pib-per-capita-mapa,POL,1963,5582
mpd2020-pib-per-capita-mapa,POL,1964,5773
mpd2020-pib-per-capita-mapa,POL,1965,6036
mpd2020-pib-per-capita-mapa,POL,1966,6362
mpd2020-pib-per-capita-mapa,POL,1967,6540
mpd2020-pib-per-capita-mapa,POL,1968,6881
mpd2020-pib-per-capita-mapa,POL,1969,6760
mpd2020-pib-per-capita-mapa,POL,1970,7058
mpd2020-pib-per-capita-mapa,POL,1971,7503
mpd2020-pib-per-capita-mapa,POL,1972,7986
mpd2020-pib-per-capita-mapa,POL,1973,8512
mpd2020-pib-per-capita-mapa,POL,1974,8928
mpd2020-pib-per-capita-mapa,POL,1975,9258
mpd2020-pib-per-capita-mapa,POL,1976,9397
mpd2020-pib-per-capita-mapa,POL,1977,9483
mpd2020-pib-per-capita-mapa,POL,1978,9741
mpd2020-pib-per-capita-mapa,POL,1979,9471
mpd2020-pib-per-capita-mapa,POL,1980,9149
mpd2020-pib-per-capita-mapa,POL,1981,8584
mpd2020-pib-per-capita-mapa,POL,1982,8429
mpd2020-pib-per-capita-mapa,POL,1983,8764
mpd2020-pib-per-capita-mapa,POL,1984,9006
mpd2020-pib-per-capita-mapa,POL,1985,9022
mpd2020-pib-per-capita-mapa,POL,1986,9240
mpd2020-pib-per-capita-mapa,POL,1987,9059
mpd2020-pib-per-capita-mapa,POL,1988,9228
mpd2020-pib-per-capita-mapa,POL,1989,9060
mpd2020-pib-per-capita-mapa,POL,1990,8150
mpd2020-pib-per-capita-mapa,POL,1991,7625.8427
mpd2020-pib-per-capita-mapa,POL,1992,7873.9249
mpd2020-pib-per-capita-mapa,POL,1993,8229.5291
mpd2020-pib-per-capita-mapa,POL,1994,8721.8274
mpd2020-pib-per-capita-mapa,POL,1995,9408.2745
mpd2020-pib-per-capita-mapa,POL,1996,10066.171
mpd2020-pib-per-capita-mapa,POL,1997,10811.2742
mpd2020-pib-per-capita-mapa,POL,1998,11413.2559
mpd2020-pib-per-capita-mapa,POL,1999,12058.4198
mpd2020-pib-per-capita-mapa,POL,2000,12732.1668
mpd2020-pib-per-capita-mapa,POL,2001,13017.5843
mpd2020-pib-per-capita-mapa,POL,2002,13415.5709
mpd2020-pib-per-capita-mapa,POL,2003,14035.6364
mpd2020-pib-per-capita-mapa,POL,2004,14906.0942
mpd2020-pib-per-capita-mapa,POL,2005,15580.9367
mpd2020-pib-per-capita-mapa,POL,2006,16711.448
mpd2020-pib-per-capita-mapa,POL,2007,18067.428
mpd2020-pib-per-capita-mapa,POL,2008,19011.5461
mpd2020-pib-per-capita-mapa,POL,2009,19718.4644
mpd2020-pib-per-capita-mapa,POL,2010,20608.6931
mpd2020-pib-per-capita-mapa,POL,2011,21837
mpd2020-pib-per-capita-mapa,POL,2012,22188
mpd2020-pib-per-capita-mapa,POL,2013,22510
mpd2020-pib-per-capita-mapa,POL,2014,23266
mpd2020-pib-per-capita-mapa,POL,2015,24177
mpd2020-pib-per-capita-mapa,POL,2016,24838
mpd2020-pib-per-capita-mapa,POL,2017,26061.1636
mpd2020-pib-per-capita-mapa,POL,2018,27455.237
mpd2020-pib-per-capita-mapa,PRI,1950,3416
mpd2020-pib-per-capita-mapa,PRI,1951,3515
mpd2020-pib-per-capita-mapa,PRI,1952,3730
mpd2020-pib-per-capita-mapa,PRI,1953,3937
mpd2020-pib-per-capita-mapa,PRI,1954,4081
mpd2020-pib-per-capita-mapa,PRI,1955,4221
mpd2020-pib-per-capita-mapa,PRI,1956,4525
mpd2020-pib-per-capita-mapa,PRI,1957,4729
mpd2020-pib-per-capita-mapa,PRI,1958,4784
mpd2020-pib-per-capita-mapa,PRI,1959,5161
mpd2020-pib-per-capita-mapa,PRI,1960,5451
mpd2020-pib-per-capita-mapa,PRI,1961,5859
mpd2020-pib-per-capita-mapa,PRI,1962,6183
mpd2020-pib-per-capita-mapa,PRI,1963,6693
mpd2020-pib-per-capita-mapa,PRI,1964,7012
mpd2020-pib-per-capita-mapa,PRI,1965,7519
mpd2020-pib-per-capita-mapa,PRI,1966,7957
mpd2020-pib-per-capita-mapa,PRI,1967,8388
mpd2020-pib-per-capita-mapa,PRI,1968,8705
mpd2020-pib-per-capita-mapa,PRI,1969,9306
mpd2020-pib-per-capita-mapa,PRI,1970,10117
mpd2020-pib-per-capita-mapa,PRI,1971,10587
mpd2020-pib-per-capita-mapa,PRI,1972,11046
mpd2020-pib-per-capita-mapa,PRI,1973,11639
mpd2020-pib-per-capita-mapa,PRI,1974,11552
mpd2020-pib-per-capita-mapa,PRI,1975,11073
mpd2020-pib-per-capita-mapa,PRI,1976,11308
mpd2020-pib-per-capita-mapa,PRI,1977,11832
mpd2020-pib-per-capita-mapa,PRI,1978,12463
mpd2020-pib-per-capita-mapa,PRI,1979,13012
mpd2020-pib-per-capita-mapa,PRI,1980,13040
mpd2020-pib-per-capita-mapa,PRI,1981,13061
mpd2020-pib-per-capita-mapa,PRI,1982,12511
mpd2020-pib-per-capita-mapa,PRI,1983,12428
mpd2020-pib-per-capita-mapa,PRI,1984,13201
mpd2020-pib-per-capita-mapa,PRI,1985,13345
mpd2020-pib-per-capita-mapa,PRI,1986,14304
mpd2020-pib-per-capita-mapa,PRI,1987,14870
mpd2020-pib-per-capita-mapa,PRI,1988,15701
mpd2020-pib-per-capita-mapa,PRI,1989,16332
mpd2020-pib-per-capita-mapa,PRI,1990,16799
mpd2020-pib-per-capita-mapa,PRI,1991,17332.1806
mpd2020-pib-per-capita-mapa,PRI,1992,18290.7323
mpd2020-pib-per-capita-mapa,PRI,1993,19278.6267
mpd2020-pib-per-capita-mapa,PRI,1994,20213.1143
mpd2020-pib-per-capita-mapa,PRI,1995,21267.3769
mpd2020-pib-per-capita-mapa,PRI,1996,21856.0174
mpd2020-pib-per-capita-mapa,PRI,1997,23069.0273
mpd2020-pib-per-capita-mapa,PRI,1998,24586.2218
mpd2020-pib-per-capita-mapa,PRI,1999,26186.2996
mpd2020-pib-per-capita-mapa,PRI,2000,27392.4588
mpd2020-pib-per-capita-mapa,PRI,2001,29517.0484
mpd2020-pib-per-capita-mapa,PRI,2002,30218.0131
mpd2020-pib-per-capita-mapa,PRI,2003,30688.1011
mpd2020-pib-per-capita-mapa,PRI,2004,32110.837
mpd2020-pib-per-capita-mapa,PRI,2005,32013.5409
mpd2020-pib-per-capita-mapa,PRI,2006,32195.1606
mpd2020-pib-per-capita-mapa,PRI,2007,32511.1143
mpd2020-pib-per-capita-mapa,PRI,2008,32604.0901
mpd2020-pib-per-capita-mapa,PRI,2009,32648.1044
mpd2020-pib-per-capita-mapa,PRI,2010,33195.4428
mpd2020-pib-per-capita-mapa,PRI,2011,33981
mpd2020-pib-per-capita-mapa,PRI,2012,34395
mpd2020-pib-per-capita-mapa,PRI,2013,34736
mpd2020-pib-per-capita-mapa,PRI,2014,34787
mpd2020-pib-per-capita-mapa,PRI,2015,35384
mpd2020-pib-per-capita-mapa,PRI,2016,35082
mpd2020-pib-per-capita-mapa,PRI,2017,35439.2049
mpd2020-pib-per-capita-mapa,PRI,2018,35076.2933
mpd2020-pib-per-capita-mapa,PRK,1820,752.7256
mpd2020-pib-per-capita-mapa,PRK,1870,757.5924
mpd2020-pib-per-capita-mapa,PRK,1911,1073.7922
mpd2020-pib-per-capita-mapa,PRK,1912,1170.1295
mpd2020-pib-per-capita-mapa,PRK,1913,1216.4598
mpd2020-pib-per-capita-mapa,PRK,1914,1219.2502
mpd2020-pib-per-capita-mapa,PRK,1915,1286.298
mpd2020-pib-per-capita-mapa,PRK,1916,1385.4614
mpd2020-pib-per-capita-mapa,PRK,1917,1307.7707
mpd2020-pib-per-capita-mapa,PRK,1918,1382.3108
mpd2020-pib-per-capita-mapa,PRK,1919,1102.6469
mpd2020-pib-per-capita-mapa,PRK,1920,1469.8208
mpd2020-pib-per-capita-mapa,PRK,1921,1440.4433
mpd2020-pib-per-capita-mapa,PRK,1922,1433.4869
mpd2020-pib-per-capita-mapa,PRK,1923,1453.1302
mpd2020-pib-per-capita-mapa,PRK,1924,1402.9271
mpd2020-pib-per-capita-mapa,PRK,1925,1422.4948
mpd2020-pib-per-capita-mapa,PRK,1926,1460.8979
mpd2020-pib-per-capita-mapa,PRK,1927,1593.8983
mpd2020-pib-per-capita-mapa,PRK,1928,1561.0218
mpd2020-pib-per-capita-mapa,PRK,1929,1596.1881
mpd2020-pib-per-capita-mapa,PRK,1930,1725.5968
mpd2020-pib-per-capita-mapa,PRK,1931,1831.3139
mpd2020-pib-per-capita-mapa,PRK,1932,1837.194
mpd2020-pib-per-capita-mapa,PRK,1933,1895.4533
mpd2020-pib-per-capita-mapa,PRK,1934,1793.0281
mpd2020-pib-per-capita-mapa,PRK,1935,1996.1649
mpd2020-pib-per-capita-mapa,PRK,1936,2121.9248
mpd2020-pib-per-capita-mapa,PRK,1937,2469.6778
mpd2020-pib-per-capita-mapa,PRK,1938,2557.0732
mpd2020-pib-per-capita-mapa,PRK,1939,2494.3378
mpd2020-pib-per-capita-mapa,PRK,1940,2623.7305
mpd2020-pib-per-capita-mapa,PRK,1941,2621.0433
mpd2020-pib-per-capita-mapa,PRK,1942,2399.6422
mpd2020-pib-per-capita-mapa,PRK,1943,2462.0046
mpd2020-pib-per-capita-mapa,PRK,1990,2455.8186
mpd2020-pib-per-capita-mapa,PRK,1991,2315.9589
mpd2020-pib-per-capita-mapa,PRK,1992,2120.5461
mpd2020-pib-per-capita-mapa,PRK,1993,1996.2933
mpd2020-pib-per-capita-mapa,PRK,1994,1925.956
mpd2020-pib-per-capita-mapa,PRK,1995,1816.009
mpd2020-pib-per-capita-mapa,PRK,1996,1733.0995
mpd2020-pib-per-capita-mapa,PRK,1997,1604.8995
mpd2020-pib-per-capita-mapa,PRK,1998,1579.9309
mpd2020-pib-per-capita-mapa,PRK,1999,1664.6422
mpd2020-pib-per-capita-mapa,PRK,2000,1657.1444
mpd2020-pib-per-capita-mapa,PRK,2001,1704.3733
mpd2020-pib-per-capita-mapa,PRK,2002,1710.9496
mpd2020-pib-per-capita-mapa,PRK,2003,1729.6221
mpd2020-pib-per-capita-mapa,PRK,2004,1753.6919
mpd2020-pib-per-capita-mapa,PRK,2005,1808.0618
mpd2020-pib-per-capita-mapa,PRK,2006,1778.4957
mpd2020-pib-per-capita-mapa,PRK,2007,1746.9276
mpd2020-pib-per-capita-mapa,PRK,2008,1794.6574
mpd2020-pib-per-capita-mapa,PRK,2009,1768.8897
mpd2020-pib-per-capita-mapa,PRK,2010,1751.4363
mpd2020-pib-per-capita-mapa,PRK,2011,1756.6108
mpd2020-pib-per-capita-mapa,PRK,2012,1770.9209
mpd2020-pib-per-capita-mapa,PRK,2013,1781.3008
mpd2020-pib-per-capita-mapa,PRK,2014,1791.3436
mpd2020-pib-per-capita-mapa,PRK,2015,1762.5167
mpd2020-pib-per-capita-mapa,PRK,2016,1742.0223
mpd2020-pib-per-capita-mapa,PRK,2017,1673.2784
mpd2020-pib-per-capita-mapa,PRK,2018,1596.3517
mpd2020-pib-per-capita-mapa,PRT,1820,1665.4262
mpd2020-pib-per-capita-mapa,PRT,1821,1648.1023
mpd2020-pib-per-capita-mapa,PRT,1822,1636.7555
mpd2020-pib-per-capita-mapa,PRT,1823,1605.4578
mpd2020-pib-per-capita-mapa,PRT,1824,1538.129
mpd2020-pib-per-capita-mapa,PRT,1825,1502.6333
mpd2020-pib-per-capita-mapa,PRT,1826,1558.1465
mpd2020-pib-per-capita-mapa,PRT,1827,1476.5341
mpd2020-pib-per-capita-mapa,PRT,1828,1490.4226
mpd2020-pib-per-capita-mapa,PRT,1829,1646.8715
mpd2020-pib-per-capita-mapa,PRT,1830,1721.0173
mpd2020-pib-per-capita-mapa,PRT,1831,1602.9608
mpd2020-pib-per-capita-mapa,PRT,1832,1525.3434
mpd2020-pib-per-capita-mapa,PRT,1833,1420.9199
mpd2020-pib-per-capita-mapa,PRT,1834,1465.9441
mpd2020-pib-per-capita-mapa,PRT,1835,1444.2826
mpd2020-pib-per-capita-mapa,PRT,1836,1431.1694
mpd2020-pib-per-capita-mapa,PRT,1837,1572.9487
mpd2020-pib-per-capita-mapa,PRT,1838,1589.9186
mpd2020-pib-per-capita-mapa,PRT,1839,1628.5509
mpd2020-pib-per-capita-mapa,PRT,1840,1502.7835
mpd2020-pib-per-capita-mapa,PRT,1841,1474.4987
mpd2020-pib-per-capita-mapa,PRT,1842,1518.9522
mpd2020-pib-per-capita-mapa,PRT,1843,1537.7979
mpd2020-pib-per-capita-mapa,PRT,1844,1636.2374
mpd2020-pib-per-capita-mapa,PRT,1845,1633.9173
mpd2020-pib-per-capita-mapa,PRT,1846,1524.3385
mpd2020-pib-per-capita-mapa,PRT,1847,1409.7156
mpd2020-pib-per-capita-mapa,PRT,1848,1496.4828
mpd2020-pib-per-capita-mapa,PRT,1849,1520.1681
mpd2020-pib-per-capita-mapa,PRT,1850,1469.8775
mpd2020-pib-per-capita-mapa,PRT,1855,1465
mpd2020-pib-per-capita-mapa,PRT,1861,1407
mpd2020-pib-per-capita-mapa,PRT,1865,1420
mpd2020-pib-per-capita-mapa,PRT,1866,1466
mpd2020-pib-per-capita-mapa,PRT,1867,1500
mpd2020-pib-per-capita-mapa,PRT,1868,1506
mpd2020-pib-per-capita-mapa,PRT,1869,1537
mpd2020-pib-per-capita-mapa,PRT,1870,1554
mpd2020-pib-per-capita-mapa,PRT,1871,1487
mpd2020-pib-per-capita-mapa,PRT,1872,1521
mpd2020-pib-per-capita-mapa,PRT,1873,1575
mpd2020-pib-per-capita-mapa,PRT,1874,1540
mpd2020-pib-per-capita-mapa,PRT,1875,1529
mpd2020-pib-per-capita-mapa,PRT,1876,1486
mpd2020-pib-per-capita-mapa,PRT,1877,1545
mpd2020-pib-per-capita-mapa,PRT,1878,1537
mpd2020-pib-per-capita-mapa,PRT,1879,1529
mpd2020-pib-per-capita-mapa,PRT,1880,1510
mpd2020-pib-per-capita-mapa,PRT,1881,1546
mpd2020-pib-per-capita-mapa,PRT,1882,1581
mpd2020-pib-per-capita-mapa,PRT,1883,1607
mpd2020-pib-per-capita-mapa,PRT,1884,1648
mpd2020-pib-per-capita-mapa,PRT,1885,1677
mpd2020-pib-per-capita-mapa,PRT,1886,1753
mpd2020-pib-per-capita-mapa,PRT,1887,1776
mpd2020-pib-per-capita-mapa,PRT,1888,1782
mpd2020-pib-per-capita-mapa,PRT,1889,1734
mpd2020-pib-per-capita-mapa,PRT,1890,1798
mpd2020-pib-per-capita-mapa,PRT,1891,1752
mpd2020-pib-per-capita-mapa,PRT,1892,1733
mpd2020-pib-per-capita-mapa,PRT,1893,1755
mpd2020-pib-per-capita-mapa,PRT,1894,1720
mpd2020-pib-per-capita-mapa,PRT,1895,1780
mpd2020-pib-per-capita-mapa,PRT,1896,1793
mpd2020-pib-per-capita-mapa,PRT,1897,1884
mpd2020-pib-per-capita-mapa,PRT,1898,1935
mpd2020-pib-per-capita-mapa,PRT,1899,1991
mpd2020-pib-per-capita-mapa,PRT,1900,2075
mpd2020-pib-per-capita-mapa,PRT,1901,2023
mpd2020-pib-per-capita-mapa,PRT,1902,2018
mpd2020-pib-per-capita-mapa,PRT,1903,2029
mpd2020-pib-per-capita-mapa,PRT,1904,2039
mpd2020-pib-per-capita-mapa,PRT,1905,1965
mpd2020-pib-per-capita-mapa,PRT,1906,1962
mpd2020-pib-per-capita-mapa,PRT,1907,1991
mpd2020-pib-per-capita-mapa,PRT,1908,1943
mpd2020-pib-per-capita-mapa,PRT,1909,1926
mpd2020-pib-per-capita-mapa,PRT,1910,1957
mpd2020-pib-per-capita-mapa,PRT,1911,1980
mpd2020-pib-per-capita-mapa,PRT,1912,2004
mpd2020-pib-per-capita-mapa,PRT,1913,1992
mpd2020-pib-per-capita-mapa,PRT,1914,2005
mpd2020-pib-per-capita-mapa,PRT,1915,1957
mpd2020-pib-per-capita-mapa,PRT,1916,1967
mpd2020-pib-per-capita-mapa,PRT,1917,1932
mpd2020-pib-per-capita-mapa,PRT,1918,1833
mpd2020-pib-per-capita-mapa,PRT,1919,1870
mpd2020-pib-per-capita-mapa,PRT,1920,1959
mpd2020-pib-per-capita-mapa,PRT,1921,2056
mpd2020-pib-per-capita-mapa,PRT,1922,2279
mpd2020-pib-per-capita-mapa,PRT,1923,2348
mpd2020-pib-per-capita-mapa,PRT,1924,2233
mpd2020-pib-per-capita-mapa,PRT,1925,2305
mpd2020-pib-per-capita-mapa,PRT,1926,2262
mpd2020-pib-per-capita-mapa,PRT,1927,2627
mpd2020-pib-per-capita-mapa,PRT,1928,2343
mpd2020-pib-per-capita-mapa,PRT,1929,2566
mpd2020-pib-per-capita-mapa,PRT,1930,2504
mpd2020-pib-per-capita-mapa,PRT,1931,2600
mpd2020-pib-per-capita-mapa,PRT,1932,2619
mpd2020-pib-per-capita-mapa,PRT,1933,2761
mpd2020-pib-per-capita-mapa,PRT,1934,2844
mpd2020-pib-per-capita-mapa,PRT,1935,2660
mpd2020-pib-per-capita-mapa,PRT,1936,2428
mpd2020-pib-per-capita-mapa,PRT,1937,2801
mpd2020-pib-per-capita-mapa,PRT,1938,2785
mpd2020-pib-per-capita-mapa,PRT,1939,2788
mpd2020-pib-per-capita-mapa,PRT,1940,2574
mpd2020-pib-per-capita-mapa,PRT,1941,2785
mpd2020-pib-per-capita-mapa,PRT,1942,2723
mpd2020-pib-per-capita-mapa,PRT,1943,2879
mpd2020-pib-per-capita-mapa,PRT,1944,3017
mpd2020-pib-per-capita-mapa,PRT,1945,2876
mpd2020-pib-per-capita-mapa,PRT,1946,3073
mpd2020-pib-per-capita-mapa,PRT,1947,3301
mpd2020-pib-per-capita-mapa,PRT,1948,3261
mpd2020-pib-per-capita-mapa,PRT,1949,3279
mpd2020-pib-per-capita-mapa,PRT,1950,3325
mpd2020-pib-per-capita-mapa,PRT,1951,3456
mpd2020-pib-per-capita-mapa,PRT,1952,3445
mpd2020-pib-per-capita-mapa,PRT,1953,3663
mpd2020-pib-per-capita-mapa,PRT,1954,3814
mpd2020-pib-per-capita-mapa,PRT,1955,3945
mpd2020-pib-per-capita-mapa,PRT,1956,4087
mpd2020-pib-per-capita-mapa,PRT,1957,4238
mpd2020-pib-per-capita-mapa,PRT,1958,4259
mpd2020-pib-per-capita-mapa,PRT,1959,4454
mpd2020-pib-per-capita-mapa,PRT,1960,4712
mpd2020-pib-per-capita-mapa,PRT,1961,4972
mpd2020-pib-per-capita-mapa,PRT,1962,5308
mpd2020-pib-per-capita-mapa,PRT,1963,5585
mpd2020-pib-per-capita-mapa,PRT,1964,5926
mpd2020-pib-per-capita-mapa,PRT,1965,6363
mpd2020-pib-per-capita-mapa,PRT,1966,6637
mpd2020-pib-per-capita-mapa,PRT,1967,7143
mpd2020-pib-per-capita-mapa,PRT,1968,7767
mpd2020-pib-per-capita-mapa,PRT,1969,7949
mpd2020-pib-per-capita-mapa,PRT,1970,8724
mpd2020-pib-per-capita-mapa,PRT,1971,9358
mpd2020-pib-per-capita-mapa,PRT,1972,10130
mpd2020-pib-per-capita-mapa,PRT,1973,11258
mpd2020-pib-per-capita-mapa,PRT,1974,11234
mpd2020-pib-per-capita-mapa,PRT,1975,10388
mpd2020-pib-per-capita-mapa,PRT,1976,10861
mpd2020-pib-per-capita-mapa,PRT,1977,11422
mpd2020-pib-per-capita-mapa,PRT,1978,11700
mpd2020-pib-per-capita-mapa,PRT,1979,12326
mpd2020-pib-per-capita-mapa,PRT,1980,12822
mpd2020-pib-per-capita-mapa,PRT,1981,12934
mpd2020-pib-per-capita-mapa,PRT,1982,13198
mpd2020-pib-per-capita-mapa,PRT,1983,13158
mpd2020-pib-per-capita-mapa,PRT,1984,12894
mpd2020-pib-per-capita-mapa,PRT,1985,13240
mpd2020-pib-per-capita-mapa,PRT,1986,13774
mpd2020-pib-per-capita-mapa,PRT,1987,14641
mpd2020-pib-per-capita-mapa,PRT,1988,15729
mpd2020-pib-per-capita-mapa,PRT,1989,16533
mpd2020-pib-per-capita-mapa,PRT,1990,17256
mpd2020-pib-per-capita-mapa,PRT,1991,17949.8083
mpd2020-pib-per-capita-mapa,PRT,1992,18598.5281
mpd2020-pib-per-capita-mapa,PRT,1993,18519.9332
mpd2020-pib-per-capita-mapa,PRT,1994,18819.0264
mpd2020-pib-per-capita-mapa,PRT,1995,19262.0303
mpd2020-pib-per-capita-mapa,PRT,1996,19939.3113
mpd2020-pib-per-capita-mapa,PRT,1997,20810.1786
mpd2020-pib-per-capita-mapa,PRT,1998,21782.1187
mpd2020-pib-per-capita-mapa,PRT,1999,22589.9216
mpd2020-pib-per-capita-mapa,PRT,2000,23372.0401
mpd2020-pib-per-capita-mapa,PRT,2001,23751.3717
mpd2020-pib-per-capita-mapa,PRT,2002,23896.4596
mpd2020-pib-per-capita-mapa,PRT,2003,23677.5189
mpd2020-pib-per-capita-mapa,PRT,2004,24142.7666
mpd2020-pib-per-capita-mapa,PRT,2005,24377.9499
mpd2020-pib-per-capita-mapa,PRT,2006,24809.0396
mpd2020-pib-per-capita-mapa,PRT,2007,25477.206
mpd2020-pib-per-capita-mapa,PRT,2008,25590.8804
mpd2020-pib-per-capita-mapa,PRT,2009,24902.4569
mpd2020-pib-per-capita-mapa,PRT,2010,25463.1631
mpd2020-pib-per-capita-mapa,PRT,2011,25133
mpd2020-pib-per-capita-mapa,PRT,2012,24218
mpd2020-pib-per-capita-mapa,PRT,2013,24076
mpd2020-pib-per-capita-mapa,PRT,2014,24423
mpd2020-pib-per-capita-mapa,PRT,2015,24915
mpd2020-pib-per-capita-mapa,PRT,2016,25346
mpd2020-pib-per-capita-mapa,PRT,2017,26298.7902
mpd2020-pib-per-capita-mapa,PRT,2018,27035.6002
mpd2020-pib-per-capita-mapa,PRY,1939,2858
mpd2020-pib-per-capita-mapa,PRY,1940,2644
mpd2020-pib-per-capita-mapa,PRY,1941,2627
mpd2020-pib-per-capita-mapa,PRY,1942,2716
mpd2020-pib-per-capita-mapa,PRY,1943,2710
mpd2020-pib-per-capita-mapa,PRY,1944,2705
mpd2020-pib-per-capita-mapa,PRY,1945,2550
mpd2020-pib-per-capita-mapa,PRY,1946,2738
mpd2020-pib-per-capita-mapa,PRY,1947,2326
mpd2020-pib-per-capita-mapa,PRY,1948,2300
mpd2020-pib-per-capita-mapa,PRY,1949,2625
mpd2020-pib-per-capita-mapa,PRY,1950,2391
mpd2020-pib-per-capita-mapa,PRY,1951,2373
mpd2020-pib-per-capita-mapa,PRY,1952,2273
mpd2020-pib-per-capita-mapa,PRY,1953,2276
mpd2020-pib-per-capita-mapa,PRY,1954,2255
mpd2020-pib-per-capita-mapa,PRY,1955,2299
mpd2020-pib-per-capita-mapa,PRY,1956,2335
mpd2020-pib-per-capita-mapa,PRY,1957,2381
mpd2020-pib-per-capita-mapa,PRY,1958,2453
mpd2020-pib-per-capita-mapa,PRY,1959,2385
mpd2020-pib-per-capita-mapa,PRY,1960,2346
mpd2020-pib-per-capita-mapa,PRY,1961,2396
mpd2020-pib-per-capita-mapa,PRY,1962,2499
mpd2020-pib-per-capita-mapa,PRY,1963,2504
mpd2020-pib-per-capita-mapa,PRY,1964,2546
mpd2020-pib-per-capita-mapa,PRY,1965,2624
mpd2020-pib-per-capita-mapa,PRY,1966,2584
mpd2020-pib-per-capita-mapa,PRY,1967,2676
mpd2020-pib-per-capita-mapa,PRY,1968,2699
mpd2020-pib-per-capita-mapa,PRY,1969,2730
mpd2020-pib-per-capita-mapa,PRY,1970,2825
mpd2020-pib-per-capita-mapa,PRY,1971,2906
mpd2020-pib-per-capita-mapa,PRY,1972,3017
mpd2020-pib-per-capita-mapa,PRY,1973,3150
mpd2020-pib-per-capita-mapa,PRY,1974,3319
mpd2020-pib-per-capita-mapa,PRY,1975,3464
mpd2020-pib-per-capita-mapa,PRY,1976,3629
mpd2020-pib-per-capita-mapa,PRY,1977,3945
mpd2020-pib-per-capita-mapa,PRY,1978,4302
mpd2020-pib-per-capita-mapa,PRY,1979,4693
mpd2020-pib-per-capita-mapa,PRY,1980,5113
mpd2020-pib-per-capita-mapa,PRY,1981,5424
mpd2020-pib-per-capita-mapa,PRY,1982,5230
mpd2020-pib-per-capita-mapa,PRY,1983,4935
mpd2020-pib-per-capita-mapa,PRY,1984,4945
mpd2020-pib-per-capita-mapa,PRY,1985,4994
mpd2020-pib-per-capita-mapa,PRY,1986,4854
mpd2020-pib-per-capita-mapa,PRY,1987,4919
mpd2020-pib-per-capita-mapa,PRY,1988,5082
mpd2020-pib-per-capita-mapa,PRY,1989,5222
mpd2020-pib-per-capita-mapa,PRY,1990,5230
mpd2020-pib-per-capita-mapa,PRY,1991,5224.2996
mpd2020-pib-per-capita-mapa,PRY,1992,5186.564
mpd2020-pib-per-capita-mapa,PRY,1993,5270.8995
mpd2020-pib-per-capita-mapa,PRY,1994,5305.5006
mpd2020-pib-per-capita-mapa,PRY,1995,5463.6228
mpd2020-pib-per-capita-mapa,PRY,1996,5360.7433
mpd2020-pib-per-capita-mapa,PRY,1997,5399.4258
mpd2020-pib-per-capita-mapa,PRY,1998,5321.9193
mpd2020-pib-per-capita-mapa,PRY,1999,5150.4085
mpd2020-pib-per-capita-mapa,PRY,2000,4896.4295
mpd2020-pib-per-capita-mapa,PRY,2001,4918.0459
mpd2020-pib-per-capita-mapa,PRY,2002,5571.4275
mpd2020-pib-per-capita-mapa,PRY,2003,5726.99
mpd2020-pib-per-capita-mapa,PRY,2004,5876.6603
mpd2020-pib-per-capita-mapa,PRY,2005,5922.7908
mpd2020-pib-per-capita-mapa,PRY,2006,6128.6424
mpd2020-pib-per-capita-mapa,PRY,2007,6383.4852
mpd2020-pib-per-capita-mapa,PRY,2008,6713.0302
mpd2020-pib-per-capita-mapa,PRY,2009,6376.9415
mpd2020-pib-per-capita-mapa,PRY,2010,7139.0268
mpd2020-pib-per-capita-mapa,PRY,2011,7377
mpd2020-pib-per-capita-mapa,PRY,2012,7193
mpd2020-pib-per-capita-mapa,PRY,2013,8102
mpd2020-pib-per-capita-mapa,PRY,2014,8382
mpd2020-pib-per-capita-mapa,PRY,2015,8539
mpd2020-pib-per-capita-mapa,PRY,2016,8786
mpd2020-pib-per-capita-mapa,PRY,2017,9113.7877
mpd2020-pib-per-capita-mapa,PRY,2018,9338.9484
mpd2020-pib-per-capita-mapa,PSE,1870,1211
mpd2020-pib-per-capita-mapa,PSE,1913,2016
mpd2020-pib-per-capita-mapa,PSE,1950,1549
mpd2020-pib-per-capita-mapa,PSE,1951,1608
mpd2020-pib-per-capita-mapa,PSE,1952,1669
mpd2020-pib-per-capita-mapa,PSE,1953,1733
mpd2020-pib-per-capita-mapa,PSE,1954,1801
mpd2020-pib-per-capita-mapa,PSE,1955,1867
mpd2020-pib-per-capita-mapa,PSE,1956,1930
mpd2020-pib-per-capita-mapa,PSE,1957,2000
mpd2020-pib-per-capita-mapa,PSE,1958,2048
mpd2020-pib-per-capita-mapa,PSE,1959,2146
mpd2020-pib-per-capita-mapa,PSE,1960,2248
mpd2020-pib-per-capita-mapa,PSE,1961,2287
mpd2020-pib-per-capita-mapa,PSE,1962,2381
mpd2020-pib-per-capita-mapa,PSE,1963,2479
mpd2020-pib-per-capita-mapa,PSE,1964,2585
mpd2020-pib-per-capita-mapa,PSE,1965,2703
mpd2020-pib-per-capita-mapa,PSE,1966,2917
mpd2020-pib-per-capita-mapa,PSE,1967,2852
mpd2020-pib-per-capita-mapa,PSE,1968,2636
mpd2020-pib-per-capita-mapa,PSE,1969,2791
mpd2020-pib-per-capita-mapa,PSE,1970,3008
mpd2020-pib-per-capita-mapa,PSE,1971,3338
mpd2020-pib-per-capita-mapa,PSE,1972,3797
mpd2020-pib-per-capita-mapa,PSE,1973,3537
mpd2020-pib-per-capita-mapa,PSE,1974,4159
mpd2020-pib-per-capita-mapa,PSE,1975,4085
mpd2020-pib-per-capita-mapa,PSE,1976,4605
mpd2020-pib-per-capita-mapa,PSE,1977,4439
mpd2020-pib-per-capita-mapa,PSE,1978,4874
mpd2020-pib-per-capita-mapa,PSE,1979,4677
mpd2020-pib-per-capita-mapa,PSE,1980,5239
mpd2020-pib-per-capita-mapa,PSE,1981,4811
mpd2020-pib-per-capita-mapa,PSE,1982,5088
mpd2020-pib-per-capita-mapa,PSE,1983,4733
mpd2020-pib-per-capita-mapa,PSE,1984,4807
mpd2020-pib-per-capita-mapa,PSE,1985,4619
mpd2020-pib-per-capita-mapa,PSE,1986,5330
mpd2020-pib-per-capita-mapa,PSE,1987,5004
mpd2020-pib-per-capita-mapa,PSE,1988,4745
mpd2020-pib-per-capita-mapa,PSE,1989,4682
mpd2020-pib-per-capita-mapa,PSE,1990,5345
mpd2020-pib-per-capita-mapa,PSE,1991,4732.1707
mpd2020-pib-per-capita-mapa,PSE,1992,5410.6249
mpd2020-pib-per-capita-mapa,PSE,1993,5527.9949
mpd2020-pib-per-capita-mapa,PSE,1994,5893.4701
mpd2020-pib-per-capita-mapa,PSE,1995,5756.8451
mpd2020-pib-per-capita-mapa,PSE,1996,5320.2554
mpd2020-pib-per-capita-mapa,PSE,1997,5598.0209
mpd2020-pib-per-capita-mapa,PSE,1998,6051.8829
mpd2020-pib-per-capita-mapa,PSE,1999,6204.6466
mpd2020-pib-per-capita-mapa,PSE,2000,5377.3935
mpd2020-pib-per-capita-mapa,PSE,2001,4626.3031
mpd2020-pib-per-capita-mapa,PSE,2002,3842.1464
mpd2020-pib-per-capita-mapa,PSE,2003,4158.2993
mpd2020-pib-per-capita-mapa,PSE,2004,4358.5176
mpd2020-pib-per-capita-mapa,PSE,2005,4589.6258
mpd2020-pib-per-capita-mapa,PSE,2006,4193.1537
mpd2020-pib-per-capita-mapa,PSE,2007,4250.9887
mpd2020-pib-per-capita-mapa,PSE,2008,4287.2092
mpd2020-pib-per-capita-mapa,PSE,2009,4426.3168
mpd2020-pib-per-capita-mapa,PSE,2010,4548.5311
mpd2020-pib-per-capita-mapa,PSE,2011,4863
mpd2020-pib-per-capita-mapa,PSE,2012,5054
mpd2020-pib-per-capita-mapa,PSE,2013,5054
mpd2020-pib-per-capita-mapa,PSE,2014,4939
mpd2020-pib-per-capita-mapa,PSE,2015,5003
mpd2020-pib-per-capita-mapa,PSE,2016,5321.3826
mpd2020-pib-per-capita-mapa,PSE,2017,5270.0702
mpd2020-pib-per-capita-mapa,PSE,2018,5207.7569
mpd2020-pib-per-capita-mapa,QAT,1950,48436
mpd2020-pib-per-capita-mapa,QAT,1951,48653
mpd2020-pib-per-capita-mapa,QAT,1952,47990
mpd2020-pib-per-capita-mapa,QAT,1953,49284
mpd2020-pib-per-capita-mapa,QAT,1954,51490
mpd2020-pib-per-capita-mapa,QAT,1955,49632
mpd2020-pib-per-capita-mapa,QAT,1956,50628
mpd2020-pib-per-capita-mapa,QAT,1957,49973
mpd2020-pib-per-capita-mapa,QAT,1958,50042
mpd2020-pib-per-capita-mapa,QAT,1959,52436
mpd2020-pib-per-capita-mapa,QAT,1960,52299
mpd2020-pib-per-capita-mapa,QAT,1961,48516
mpd2020-pib-per-capita-mapa,QAT,1962,46304
mpd2020-pib-per-capita-mapa,QAT,1963,44912
mpd2020-pib-per-capita-mapa,QAT,1964,42186
mpd2020-pib-per-capita-mapa,QAT,1965,41101
mpd2020-pib-per-capita-mapa,QAT,1966,50660
mpd2020-pib-per-capita-mapa,QAT,1967,55566
mpd2020-pib-per-capita-mapa,QAT,1968,58010
mpd2020-pib-per-capita-mapa,QAT,1969,56236
mpd2020-pib-per-capita-mapa,QAT,1970,51921
mpd2020-pib-per-capita-mapa,QAT,1971,59731
mpd2020-pib-per-capita-mapa,QAT,1972,62416
mpd2020-pib-per-capita-mapa,QAT,1973,68407
mpd2020-pib-per-capita-mapa,QAT,1974,57594
mpd2020-pib-per-capita-mapa,QAT,1975,54866
mpd2020-pib-per-capita-mapa,QAT,1976,55169
mpd2020-pib-per-capita-mapa,QAT,1977,45999
mpd2020-pib-per-capita-mapa,QAT,1978,47072
mpd2020-pib-per-capita-mapa,QAT,1979,45806
mpd2020-pib-per-capita-mapa,QAT,1980,45860
mpd2020-pib-per-capita-mapa,QAT,1981,37307
mpd2020-pib-per-capita-mapa,QAT,1982,29046
mpd2020-pib-per-capita-mapa,QAT,1983,23146
mpd2020-pib-per-capita-mapa,QAT,1984,20354
mpd2020-pib-per-capita-mapa,QAT,1985,16558
mpd2020-pib-per-capita-mapa,QAT,1986,12881
mpd2020-pib-per-capita-mapa,QAT,1987,12819
mpd2020-pib-per-capita-mapa,QAT,1988,12492
mpd2020-pib-per-capita-mapa,QAT,1989,12137
mpd2020-pib-per-capita-mapa,QAT,1990,11705
mpd2020-pib-per-capita-mapa,QAT,1991,12417.6427
mpd2020-pib-per-capita-mapa,QAT,1992,15042.1232
mpd2020-pib-per-capita-mapa,QAT,1993,16221.0456
mpd2020-pib-per-capita-mapa,QAT,1994,17955.3148
mpd2020-pib-per-capita-mapa,QAT,1995,19959.7031
mpd2020-pib-per-capita-mapa,QAT,1996,22395.2639
mpd2020-pib-per-capita-mapa,QAT,1997,30989.1497
mpd2020-pib-per-capita-mapa,QAT,1998,36448.0565
mpd2020-pib-per-capita-mapa,QAT,1999,40135.1747
mpd2020-pib-per-capita-mapa,QAT,2000,45788.1227
mpd2020-pib-per-capita-mapa,QAT,2001,50525.7058
mpd2020-pib-per-capita-mapa,QAT,2002,57541.1034
mpd2020-pib-per-capita-mapa,QAT,2003,62234.2138
mpd2020-pib-per-capita-mapa,QAT,2004,74372.9325
mpd2020-pib-per-capita-mapa,QAT,2005,76808.42
mpd2020-pib-per-capita-mapa,QAT,2006,90120.918
mpd2020-pib-per-capita-mapa,QAT,2007,97912.6905
mpd2020-pib-per-capita-mapa,QAT,2008,107402.0561
mpd2020-pib-per-capita-mapa,QAT,2009,115283.4166
mpd2020-pib-per-capita-mapa,QAT,2010,134802.7819
mpd2020-pib-per-capita-mapa,QAT,2011,155533
mpd2020-pib-per-capita-mapa,QAT,2012,153922
mpd2020-pib-per-capita-mapa,QAT,2013,154159
mpd2020-pib-per-capita-mapa,QAT,2014,155069
mpd2020-pib-per-capita-mapa,QAT,2015,156029
mpd2020-pib-per-capita-mapa,QAT,2016,156299
mpd2020-pib-per-capita-mapa,QAT,2017,154669.0322
mpd2020-pib-per-capita-mapa,QAT,2018,153764.1643
mpd2020-pib-per-capita-mapa,ROU,1862,344
mpd2020-pib-per-capita-mapa,ROU,1863,375
mpd2020-pib-per-capita-mapa,ROU,1864,386
mpd2020-pib-per-capita-mapa,ROU,1865,295
mpd2020-pib-per-capita-mapa,ROU,1866,295
mpd2020-pib-per-capita-mapa,ROU,1867,357
mpd2020-pib-per-capita-mapa,ROU,1868,386
mpd2020-pib-per-capita-mapa,ROU,1869,349
mpd2020-pib-per-capita-mapa,ROU,1870,362
mpd2020-pib-per-capita-mapa,ROU,1871,375
mpd2020-pib-per-capita-mapa,ROU,1872,373
mpd2020-pib-per-capita-mapa,ROU,1873,397
mpd2020-pib-per-capita-mapa,ROU,1874,391
mpd2020-pib-per-capita-mapa,ROU,1875,450
mpd2020-pib-per-capita-mapa,ROU,1876,430
mpd2020-pib-per-capita-mapa,ROU,1877,440
mpd2020-pib-per-capita-mapa,ROU,1878,454
mpd2020-pib-per-capita-mapa,ROU,1879,461
mpd2020-pib-per-capita-mapa,ROU,1880,574
mpd2020-pib-per-capita-mapa,ROU,1881,427
mpd2020-pib-per-capita-mapa,ROU,1882,561
mpd2020-pib-per-capita-mapa,ROU,1883,516
mpd2020-pib-per-capita-mapa,ROU,1884,440
mpd2020-pib-per-capita-mapa,ROU,1885,528
mpd2020-pib-per-capita-mapa,ROU,1886,585
mpd2020-pib-per-capita-mapa,ROU,1887,544
mpd2020-pib-per-capita-mapa,ROU,1888,564
mpd2020-pib-per-capita-mapa,ROU,1889,564
mpd2020-pib-per-capita-mapa,ROU,1890,566
mpd2020-pib-per-capita-mapa,ROU,1891,580
mpd2020-pib-per-capita-mapa,ROU,1892,628
mpd2020-pib-per-capita-mapa,ROU,1893,606
mpd2020-pib-per-capita-mapa,ROU,1894,647
mpd2020-pib-per-capita-mapa,ROU,1895,642
mpd2020-pib-per-capita-mapa,ROU,1896,657
mpd2020-pib-per-capita-mapa,ROU,1897,545
mpd2020-pib-per-capita-mapa,ROU,1898,649
mpd2020-pib-per-capita-mapa,ROU,1899,451
mpd2020-pib-per-capita-mapa,ROU,1900,615
mpd2020-pib-per-capita-mapa,ROU,1901,641
mpd2020-pib-per-capita-mapa,ROU,1902,622
mpd2020-pib-per-capita-mapa,ROU,1903,634
mpd2020-pib-per-capita-mapa,ROU,1904,481
mpd2020-pib-per-capita-mapa,ROU,1905,676
mpd2020-pib-per-capita-mapa,ROU,1906,727
mpd2020-pib-per-capita-mapa,ROU,1907,587
mpd2020-pib-per-capita-mapa,ROU,1908,630
mpd2020-pib-per-capita-mapa,ROU,1909,617
mpd2020-pib-per-capita-mapa,ROU,1910,784
mpd2020-pib-per-capita-mapa,ROU,1911,762
mpd2020-pib-per-capita-mapa,ROU,1912,768
mpd2020-pib-per-capita-mapa,ROU,1913,767
mpd2020-pib-per-capita-mapa,ROU,1914,644
mpd2020-pib-per-capita-mapa,ROU,1920,465
mpd2020-pib-per-capita-mapa,ROU,1921,504
mpd2020-pib-per-capita-mapa,ROU,1922,561
mpd2020-pib-per-capita-mapa,ROU,1923,606
mpd2020-pib-per-capita-mapa,ROU,1924,606
mpd2020-pib-per-capita-mapa,ROU,1925,610
mpd2020-pib-per-capita-mapa,ROU,1926,668
mpd2020-pib-per-capita-mapa,ROU,1927,666
mpd2020-pib-per-capita-mapa,ROU,1928,646
mpd2020-pib-per-capita-mapa,ROU,1929,681
mpd2020-pib-per-capita-mapa,ROU,1930,671
mpd2020-pib-per-capita-mapa,ROU,1931,682
mpd2020-pib-per-capita-mapa,ROU,1932,618
mpd2020-pib-per-capita-mapa,ROU,1933,622
mpd2020-pib-per-capita-mapa,ROU,1934,628
mpd2020-pib-per-capita-mapa,ROU,1935,674
mpd2020-pib-per-capita-mapa,ROU,1936,693
mpd2020-pib-per-capita-mapa,ROU,1937,717
mpd2020-pib-per-capita-mapa,ROU,1938,701
mpd2020-pib-per-capita-mapa,ROU,1939,711
mpd2020-pib-per-capita-mapa,ROU,1940,692
mpd2020-pib-per-capita-mapa,ROU,1941,711
mpd2020-pib-per-capita-mapa,ROU,1942,658
mpd2020-pib-per-capita-mapa,ROU,1943,746
mpd2020-pib-per-capita-mapa,ROU,1944,564
mpd2020-pib-per-capita-mapa,ROU,1945,383
mpd2020-pib-per-capita-mapa,ROU,1946,373
mpd2020-pib-per-capita-mapa,ROU,1947,475
mpd2020-pib-per-capita-mapa,ROU,1948,1301
mpd2020-pib-per-capita-mapa,ROU,1949,1062.5
mpd2020-pib-per-capita-mapa,ROU,1950,824
mpd2020-pib-per-capita-mapa,ROU,1951,1046
mpd2020-pib-per-capita-mapa,ROU,1952,1031
mpd2020-pib-per-capita-mapa,ROU,1953,1148
mpd2020-pib-per-capita-mapa,ROU,1954,1165
mpd2020-pib-per-capita-mapa,ROU,1955,1419
mpd2020-pib-per-capita-mapa,ROU,1956,1223
mpd2020-pib-per-capita-mapa,ROU,1957,1427
mpd2020-pib-per-capita-mapa,ROU,1958,1323
mpd2020-pib-per-capita-mapa,ROU,1959,1478
mpd2020-pib-per-capita-mapa,ROU,1960,1605
mpd2020-pib-per-capita-mapa,ROU,1961,1725
mpd2020-pib-per-capita-mapa,ROU,1962,1776
mpd2020-pib-per-capita-mapa,ROU,1963,1922
mpd2020-pib-per-capita-mapa,ROU,1964,2098
mpd2020-pib-per-capita-mapa,ROU,1965,2260
mpd2020-pib-per-capita-mapa,ROU,1966,2499
mpd2020-pib-per-capita-mapa,ROU,1967,2721
mpd2020-pib-per-capita-mapa,ROU,1968,2860
mpd2020-pib-per-capita-mapa,ROU,1969,2990
mpd2020-pib-per-capita-mapa,ROU,1970,3258
mpd2020-pib-per-capita-mapa,ROU,1971,3462
mpd2020-pib-per-capita-mapa,ROU,1972,3867
mpd2020-pib-per-capita-mapa,ROU,1973,4318
mpd2020-pib-per-capita-mapa,ROU,1974,4317
mpd2020-pib-per-capita-mapa,ROU,1975,4369
mpd2020-pib-per-capita-mapa,ROU,1976,4809
mpd2020-pib-per-capita-mapa,ROU,1977,5048
mpd2020-pib-per-capita-mapa,ROU,1978,5464
mpd2020-pib-per-capita-mapa,ROU,1979,5493
mpd2020-pib-per-capita-mapa,ROU,1980,5482
mpd2020-pib-per-capita-mapa,ROU,1981,5448
mpd2020-pib-per-capita-mapa,ROU,1982,5638
mpd2020-pib-per-capita-mapa,ROU,1983,5960
mpd2020-pib-per-capita-mapa,ROU,1984,6295
mpd2020-pib-per-capita-mapa,ROU,1985,6260
mpd2020-pib-per-capita-mapa,ROU,1986,6378
mpd2020-pib-per-capita-mapa,ROU,1987,6400
mpd2020-pib-per-capita-mapa,ROU,1988,6338
mpd2020-pib-per-capita-mapa,ROU,1989,5942
mpd2020-pib-per-capita-mapa,ROU,1990,5596
mpd2020-pib-per-capita-mapa,ROU,1991,5033.141
mpd2020-pib-per-capita-mapa,ROU,1992,4818.3044
mpd2020-pib-per-capita-mapa,ROU,1993,5055.9172
mpd2020-pib-per-capita-mapa,ROU,1994,5427.0706
mpd2020-pib-per-capita-mapa,ROU,1995,6014.6897
mpd2020-pib-per-capita-mapa,ROU,1996,6476.4745
mpd2020-pib-per-capita-mapa,ROU,1997,6446.4178
mpd2020-pib-per-capita-mapa,ROU,1998,6407.4669
mpd2020-pib-per-capita-mapa,ROU,1999,6613.9329
mpd2020-pib-per-capita-mapa,ROU,2000,7089.9461
mpd2020-pib-per-capita-mapa,ROU,2001,7860.4432
mpd2020-pib-per-capita-mapa,ROU,2002,8673.6187
mpd2020-pib-per-capita-mapa,ROU,2003,9369.2332
mpd2020-pib-per-capita-mapa,ROU,2004,10531.1718
mpd2020-pib-per-capita-mapa,ROU,2005,11313.8224
mpd2020-pib-per-capita-mapa,ROU,2006,12823.2318
mpd2020-pib-per-capita-mapa,ROU,2007,14418.83
mpd2020-pib-per-capita-mapa,ROU,2008,16347.3435
mpd2020-pib-per-capita-mapa,ROU,2009,15866.1268
mpd2020-pib-per-capita-mapa,ROU,2010,16377.328
mpd2020-pib-per-capita-mapa,ROU,2011,17174
mpd2020-pib-per-capita-mapa,ROU,2012,17174
mpd2020-pib-per-capita-mapa,ROU,2013,17979
mpd2020-pib-per-capita-mapa,ROU,2014,18515
mpd2020-pib-per-capita-mapa,ROU,2015,19320
mpd2020-pib-per-capita-mapa,ROU,2016,17782
mpd2020-pib-per-capita-mapa,ROU,2017,19158.3597
mpd2020-pib-per-capita-mapa,ROU,2018,20126.2922
mpd2020-pib-per-capita-mapa,RUS,1960,5557
mpd2020-pib-per-capita-mapa,RUS,1961,5874
mpd2020-pib-per-capita-mapa,RUS,1962,6229
mpd2020-pib-per-capita-mapa,RUS,1963,6405
mpd2020-pib-per-capita-mapa,RUS,1964,6754
mpd2020-pib-per-capita-mapa,RUS,1965,7068
mpd2020-pib-per-capita-mapa,RUS,1966,7517
mpd2020-pib-per-capita-mapa,RUS,1967,7943
mpd2020-pib-per-capita-mapa,RUS,1968,8391
mpd2020-pib-per-capita-mapa,RUS,1969,8563
mpd2020-pib-per-capita-mapa,RUS,1970,9234
mpd2020-pib-per-capita-mapa,RUS,1971,9567
mpd2020-pib-per-capita-mapa,RUS,1972,9785
mpd2020-pib-per-capita-mapa,RUS,1973,10492
mpd2020-pib-per-capita-mapa,RUS,1974,10801
mpd2020-pib-per-capita-mapa,RUS,1975,11164
mpd2020-pib-per-capita-mapa,RUS,1976,11426
mpd2020-pib-per-capita-mapa,RUS,1977,11692
mpd2020-pib-per-capita-mapa,RUS,1978,11829
mpd2020-pib-per-capita-mapa,RUS,1979,11867
mpd2020-pib-per-capita-mapa,RUS,1980,12204
mpd2020-pib-per-capita-mapa,RUS,1981,12274
mpd2020-pib-per-capita-mapa,RUS,1982,12267
mpd2020-pib-per-capita-mapa,RUS,1983,12420
mpd2020-pib-per-capita-mapa,RUS,1984,12379
mpd2020-pib-per-capita-mapa,RUS,1985,12475
mpd2020-pib-per-capita-mapa,RUS,1986,12694
mpd2020-pib-per-capita-mapa,RUS,1987,12597
mpd2020-pib-per-capita-mapa,RUS,1988,12720
mpd2020-pib-per-capita-mapa,RUS,1989,12766
mpd2020-pib-per-capita-mapa,RUS,1990,12400
mpd2020-pib-per-capita-mapa,RUS,1991,12012.2355
mpd2020-pib-per-capita-mapa,RUS,1992,10487.5477
mpd2020-pib-per-capita-mapa,RUS,1993,9789.0668
mpd2020-pib-per-capita-mapa,RUS,1994,8743.7469
mpd2020-pib-per-capita-mapa,RUS,1995,8586.3236
mpd2020-pib-per-capita-mapa,RUS,1996,8479.3808
mpd2020-pib-per-capita-mapa,RUS,1997,8813.3501
mpd2020-pib-per-capita-mapa,RUS,1998,8557.4952
mpd2020-pib-per-capita-mapa,RUS,1999,9340.0294
mpd2020-pib-per-capita-mapa,RUS,2000,10552.8846
mpd2020-pib-per-capita-mapa,RUS,2001,11391.1945
mpd2020-pib-per-capita-mapa,RUS,2002,12259.4769
mpd2020-pib-per-capita-mapa,RUS,2003,13521.2389
mpd2020-pib-per-capita-mapa,RUS,2004,14880.9787
mpd2020-pib-per-capita-mapa,RUS,2005,16243.1005
mpd2020-pib-per-capita-mapa,RUS,2006,18008.3361
mpd2020-pib-per-capita-mapa,RUS,2007,20018.123
mpd2020-pib-per-capita-mapa,RUS,2008,21563.4619
mpd2020-pib-per-capita-mapa,RUS,2009,20335.5577
mpd2020-pib-per-capita-mapa,RUS,2010,21737.3839
mpd2020-pib-per-capita-mapa,RUS,2011,23130
mpd2020-pib-per-capita-mapa,RUS,2012,23931
mpd2020-pib-per-capita-mapa,RUS,2013,24224
mpd2020-pib-per-capita-mapa,RUS,2014,24387
mpd2020-pib-per-capita-mapa,RUS,2015,23691
mpd2020-pib-per-capita-mapa,RUS,2016,23635
mpd2020-pib-per-capita-mapa,RUS,2017,24042.6341
mpd2020-pib-per-capita-mapa,RUS,2018,24668.9079
mpd2020-pib-per-capita-mapa,RWA,1950,1020
mpd2020-pib-per-capita-mapa,RWA,1951,1058
mpd2020-pib-per-capita-mapa,RWA,1952,1071
mpd2020-pib-per-capita-mapa,RWA,1953,1090
mpd2020-pib-per-capita-mapa,RWA,1954,1127
mpd2020-pib-per-capita-mapa,RWA,1955,1138
mpd2020-pib-per-capita-mapa,RWA,1956,1156
mpd2020-pib-per-capita-mapa,RWA,1957,1173
mpd2020-pib-per-capita-mapa,RWA,1958,1178
mpd2020-pib-per-capita-mapa,RWA,1959,1216
mpd2020-pib-per-capita-mapa,RWA,1960,1224
mpd2020-pib-per-capita-mapa,RWA,1961,1167
mpd2020-pib-per-capita-mapa,RWA,1962,1296
mpd2020-pib-per-capita-mapa,RWA,1963,1140
mpd2020-pib-per-capita-mapa,RWA,1964,980
mpd2020-pib-per-capita-mapa,RWA,1965,1023
mpd2020-pib-per-capita-mapa,RWA,1966,1065
mpd2020-pib-per-capita-mapa,RWA,1967,1109
mpd2020-pib-per-capita-mapa,RWA,1968,1154
mpd2020-pib-per-capita-mapa,RWA,1969,1243
mpd2020-pib-per-capita-mapa,RWA,1970,1337
mpd2020-pib-per-capita-mapa,RWA,1971,1315
mpd2020-pib-per-capita-mapa,RWA,1972,1282
mpd2020-pib-per-capita-mapa,RWA,1973,1288
mpd2020-pib-per-capita-mapa,RWA,1974,1262
mpd2020-pib-per-capita-mapa,RWA,1975,1199
mpd2020-pib-per-capita-mapa,RWA,1976,1387
mpd2020-pib-per-capita-mapa,RWA,1977,1409
mpd2020-pib-per-capita-mapa,RWA,1978,1495
mpd2020-pib-per-capita-mapa,RWA,1979,1584
mpd2020-pib-per-capita-mapa,RWA,1980,1672
mpd2020-pib-per-capita-mapa,RWA,1981,1706
mpd2020-pib-per-capita-mapa,RWA,1982,1680
mpd2020-pib-per-capita-mapa,RWA,1983,1722
mpd2020-pib-per-capita-mapa,RWA,1984,1597
mpd2020-pib-per-capita-mapa,RWA,1985,1621
mpd2020-pib-per-capita-mapa,RWA,1986,1642
mpd2020-pib-per-capita-mapa,RWA,1987,1586
mpd2020-pib-per-capita-mapa,RWA,1988,1538
mpd2020-pib-per-capita-mapa,RWA,1989,1476
mpd2020-pib-per-capita-mapa,RWA,1990,1398
mpd2020-pib-per-capita-mapa,RWA,1991,1282.2594
mpd2020-pib-per-capita-mapa,RWA,1992,1301.689
mpd2020-pib-per-capita-mapa,RWA,1993,1110.9209
mpd2020-pib-per-capita-mapa,RWA,1994,707.2971
mpd2020-pib-per-capita-mapa,RWA,1995,1049.2385
mpd2020-pib-per-capita-mapa,RWA,1996,976.4079
mpd2020-pib-per-capita-mapa,RWA,1997,932.0059
mpd2020-pib-per-capita-mapa,RWA,1998,950.3895
mpd2020-pib-per-capita-mapa,RWA,1999,975.8359
mpd2020-pib-per-capita-mapa,RWA,2000,1023.6182
mpd2020-pib-per-capita-mapa,RWA,2001,1067.2348
mpd2020-pib-per-capita-mapa,RWA,2002,1154.1061
mpd2020-pib-per-capita-mapa,RWA,2003,1130.0414
mpd2020-pib-per-capita-mapa,RWA,2004,1159.0281
mpd2020-pib-per-capita-mapa,RWA,2005,1210.5105
mpd2020-pib-per-capita-mapa,RWA,2006,1261.7609
mpd2020-pib-per-capita-mapa,RWA,2007,1291.1933
mpd2020-pib-per-capita-mapa,RWA,2008,1364.745
mpd2020-pib-per-capita-mapa,RWA,2009,1384.2589
mpd2020-pib-per-capita-mapa,RWA,2010,1416.3923
mpd2020-pib-per-capita-mapa,RWA,2011,1449
mpd2020-pib-per-capita-mapa,RWA,2012,1531
mpd2020-pib-per-capita-mapa,RWA,2013,1554
mpd2020-pib-per-capita-mapa,RWA,2014,1615
mpd2020-pib-per-capita-mapa,RWA,2015,1693
mpd2020-pib-per-capita-mapa,RWA,2016,1758
mpd2020-pib-per-capita-mapa,RWA,2017,1819.0831
mpd2020-pib-per-capita-mapa,RWA,2018,1929.2851
mpd2020-pib-per-capita-mapa,SAU,1820,797
mpd2020-pib-per-capita-mapa,SAU,1870,829
mpd2020-pib-per-capita-mapa,SAU,1913,956
mpd2020-pib-per-capita-mapa,SAU,1950,3556
mpd2020-pib-per-capita-mapa,SAU,1951,3784
mpd2020-pib-per-capita-mapa,SAU,1952,3937
mpd2020-pib-per-capita-mapa,SAU,1953,4246
mpd2020-pib-per-capita-mapa,SAU,1954,4642
mpd2020-pib-per-capita-mapa,SAU,1955,4658
mpd2020-pib-per-capita-mapa,SAU,1956,4901
mpd2020-pib-per-capita-mapa,SAU,1957,4972
mpd2020-pib-per-capita-mapa,SAU,1958,5107
mpd2020-pib-per-capita-mapa,SAU,1959,5512
mpd2020-pib-per-capita-mapa,SAU,1960,5928
mpd2020-pib-per-capita-mapa,SAU,1961,6481
mpd2020-pib-per-capita-mapa,SAU,1962,7085
mpd2020-pib-per-capita-mapa,SAU,1963,7516
mpd2020-pib-per-capita-mapa,SAU,1964,7978
mpd2020-pib-per-capita-mapa,SAU,1965,8717
mpd2020-pib-per-capita-mapa,SAU,1966,9726
mpd2020-pib-per-capita-mapa,SAU,1967,10302
mpd2020-pib-per-capita-mapa,SAU,1968,10916
mpd2020-pib-per-capita-mapa,SAU,1969,11429
mpd2020-pib-per-capita-mapa,SAU,1970,12153
mpd2020-pib-per-capita-mapa,SAU,1971,13509
mpd2020-pib-per-capita-mapa,SAU,1972,15138
mpd2020-pib-per-capita-mapa,SAU,1973,17598
mpd2020-pib-per-capita-mapa,SAU,1974,19659
mpd2020-pib-per-capita-mapa,SAU,1975,18788
mpd2020-pib-per-capita-mapa,SAU,1976,19297
mpd2020-pib-per-capita-mapa,SAU,1977,20824
mpd2020-pib-per-capita-mapa,SAU,1978,20593
mpd2020-pib-per-capita-mapa,SAU,1979,20472
mpd2020-pib-per-capita-mapa,SAU,1980,21068
mpd2020-pib-per-capita-mapa,SAU,1981,21393
mpd2020-pib-per-capita-mapa,SAU,1982,20535
mpd2020-pib-per-capita-mapa,SAU,1983,17315
mpd2020-pib-per-capita-mapa,SAU,1984,16343
mpd2020-pib-per-capita-mapa,SAU,1985,14422
mpd2020-pib-per-capita-mapa,SAU,1986,12897
mpd2020-pib-per-capita-mapa,SAU,1987,12919
mpd2020-pib-per-capita-mapa,SAU,1988,12795
mpd2020-pib-per-capita-mapa,SAU,1989,12758
mpd2020-pib-per-capita-mapa,SAU,1990,14335
mpd2020-pib-per-capita-mapa,SAU,1991,16830.4131
mpd2020-pib-per-capita-mapa,SAU,1992,17905.2802
mpd2020-pib-per-capita-mapa,SAU,1993,18101.0922
mpd2020-pib-per-capita-mapa,SAU,1994,18678.9315
mpd2020-pib-per-capita-mapa,SAU,1995,19223.3311
mpd2020-pib-per-capita-mapa,SAU,1996,20280.4932
mpd2020-pib-per-capita-mapa,SAU,1997,21087.4274
mpd2020-pib-per-capita-mapa,SAU,1998,22310.9178
mpd2020-pib-per-capita-mapa,SAU,1999,22058.5731
mpd2020-pib-per-capita-mapa,SAU,2000,23904.5154
mpd2020-pib-per-capita-mapa,SAU,2001,24191.9958
mpd2020-pib-per-capita-mapa,SAU,2002,24053.9739
mpd2020-pib-per-capita-mapa,SAU,2003,27367.0938
mpd2020-pib-per-capita-mapa,SAU,2004,30233.5109
mpd2020-pib-per-capita-mapa,SAU,2005,32700.3326
mpd2020-pib-per-capita-mapa,SAU,2006,34483.0435
mpd2020-pib-per-capita-mapa,SAU,2007,36070.3171
mpd2020-pib-per-capita-mapa,SAU,2008,39393.4289
mpd2020-pib-per-capita-mapa,SAU,2009,39671.5553
mpd2020-pib-per-capita-mapa,SAU,2010,42737.6547
mpd2020-pib-per-capita-mapa,SAU,2011,48470
mpd2020-pib-per-capita-mapa,SAU,2012,49867
mpd2020-pib-per-capita-mapa,SAU,2013,50005
mpd2020-pib-per-capita-mapa,SAU,2014,50693
mpd2020-pib-per-capita-mapa,SAU,2015,51681
mpd2020-pib-per-capita-mapa,SAU,2016,51397
mpd2020-pib-per-capita-mapa,SAU,2017,50001.9358
mpd2020-pib-per-capita-mapa,SAU,2018,50304.7502
mpd2020-pib-per-capita-mapa,SDN,1950,1309
mpd2020-pib-per-capita-mapa,SDN,1951,1334
mpd2020-pib-per-capita-mapa,SDN,1952,1363
mpd2020-pib-per-capita-mapa,SDN,1953,1388
mpd2020-pib-per-capita-mapa,SDN,1954,1417
mpd2020-pib-per-capita-mapa,SDN,1955,1446
mpd2020-pib-per-capita-mapa,SDN,1956,1556
mpd2020-pib-per-capita-mapa,SDN,1957,1492
mpd2020-pib-per-capita-mapa,SDN,1958,1513
mpd2020-pib-per-capita-mapa,SDN,1959,1647
mpd2020-pib-per-capita-mapa,SDN,1960,1632
mpd2020-pib-per-capita-mapa,SDN,1961,1588
mpd2020-pib-per-capita-mapa,SDN,1962,1653
mpd2020-pib-per-capita-mapa,SDN,1963,1562
mpd2020-pib-per-capita-mapa,SDN,1964,1505
mpd2020-pib-per-capita-mapa,SDN,1965,1568
mpd2020-pib-per-capita-mapa,SDN,1966,1510
mpd2020-pib-per-capita-mapa,SDN,1967,1423
mpd2020-pib-per-capita-mapa,SDN,1968,1471
mpd2020-pib-per-capita-mapa,SDN,1969,1521
mpd2020-pib-per-capita-mapa,SDN,1970,1415
mpd2020-pib-per-capita-mapa,SDN,1971,1471
mpd2020-pib-per-capita-mapa,SDN,1972,1400
mpd2020-pib-per-capita-mapa,SDN,1973,1243
mpd2020-pib-per-capita-mapa,SDN,1974,1328
mpd2020-pib-per-capita-mapa,SDN,1975,1451
mpd2020-pib-per-capita-mapa,SDN,1976,1664
mpd2020-pib-per-capita-mapa,SDN,1977,1857
mpd2020-pib-per-capita-mapa,SDN,1978,1766
mpd2020-pib-per-capita-mapa,SDN,1979,1524
mpd2020-pib-per-capita-mapa,SDN,1980,1484
mpd2020-pib-per-capita-mapa,SDN,1981,1466
mpd2020-pib-per-capita-mapa,SDN,1982,1599
mpd2020-pib-per-capita-mapa,SDN,1983,1527
mpd2020-pib-per-capita-mapa,SDN,1984,1404
mpd2020-pib-per-capita-mapa,SDN,1985,1274
mpd2020-pib-per-capita-mapa,SDN,1986,1286
mpd2020-pib-per-capita-mapa,SDN,1987,1288
mpd2020-pib-per-capita-mapa,SDN,1988,1282
mpd2020-pib-per-capita-mapa,SDN,1989,1353
mpd2020-pib-per-capita-mapa,SDN,1990,1211
mpd2020-pib-per-capita-mapa,SDN,1991,1277.6892
mpd2020-pib-per-capita-mapa,SDN,1992,1336.0544
mpd2020-pib-per-capita-mapa,SDN,1993,1374.3846
mpd2020-pib-per-capita-mapa,SDN,1994,1386.1076
mpd2020-pib-per-capita-mapa,SDN,1995,1467.7085
mpd2020-pib-per-capita-mapa,SDN,1996,1551.8574
mpd2020-pib-per-capita-mapa,SDN,1997,1714.3775
mpd2020-pib-per-capita-mapa,SDN,1998,1785.0996
mpd2020-pib-per-capita-mapa,SDN,1999,1837.4981
mpd2020-pib-per-capita-mapa,SDN,2000,1951.4658
mpd2020-pib-per-capita-mapa,SDN,2001,2075.6221
mpd2020-pib-per-capita-mapa,SDN,2002,2205.5724
mpd2020-pib-per-capita-mapa,SDN,2003,2373.0569
mpd2020-pib-per-capita-mapa,SDN,2004,2461.3003
mpd2020-pib-per-capita-mapa,SDN,2005,2642.5208
mpd2020-pib-per-capita-mapa,SDN,2006,2903.8009
mpd2020-pib-per-capita-mapa,SDN,2007,3233.6977
mpd2020-pib-per-capita-mapa,SDN,2008,3478.8876
mpd2020-pib-per-capita-mapa,SDN,2009,3580.1878
mpd2020-pib-per-capita-mapa,SDN,2010,3707.3027
mpd2020-pib-per-capita-mapa,SDN,2011,3669
mpd2020-pib-per-capita-mapa,SDN,2012,3231
mpd2020-pib-per-capita-mapa,SDN,2013,3451
mpd2020-pib-per-capita-mapa,SDN,2014,3531
mpd2020-pib-per-capita-mapa,SDN,2015,3625
mpd2020-pib-per-capita-mapa,SDN,2016,3651
mpd2020-pib-per-capita-mapa,SDN,2017,3566.1516
mpd2020-pib-per-capita-mapa,SDN,2018,3379.5957
mpd2020-pib-per-capita-mapa,SEN,1950,2007
mpd2020-pib-per-capita-mapa,SEN,1951,2042
mpd2020-pib-per-capita-mapa,SEN,1952,2077
mpd2020-pib-per-capita-mapa,SEN,1953,2110
mpd2020-pib-per-capita-mapa,SEN,1954,2146
mpd2020-pib-per-capita-mapa,SEN,1955,2179
mpd2020-pib-per-capita-mapa,SEN,1956,2212
mpd2020-pib-per-capita-mapa,SEN,1957,2246
mpd2020-pib-per-capita-mapa,SEN,1958,2278
mpd2020-pib-per-capita-mapa,SEN,1959,2308
mpd2020-pib-per-capita-mapa,SEN,1960,2303
mpd2020-pib-per-capita-mapa,SEN,1961,2351
mpd2020-pib-per-capita-mapa,SEN,1962,2370
mpd2020-pib-per-capita-mapa,SEN,1963,2402
mpd2020-pib-per-capita-mapa,SEN,1964,2389
mpd2020-pib-per-capita-mapa,SEN,1965,2409
mpd2020-pib-per-capita-mapa,SEN,1966,2404
mpd2020-pib-per-capita-mapa,SEN,1967,2310
mpd2020-pib-per-capita-mapa,SEN,1968,2389
mpd2020-pib-per-capita-mapa,SEN,1969,2171
mpd2020-pib-per-capita-mapa,SEN,1970,2287
mpd2020-pib-per-capita-mapa,SEN,1971,2216
mpd2020-pib-per-capita-mapa,SEN,1972,2289
mpd2020-pib-per-capita-mapa,SEN,1973,2096
mpd2020-pib-per-capita-mapa,SEN,1974,2118
mpd2020-pib-per-capita-mapa,SEN,1975,2225
mpd2020-pib-per-capita-mapa,SEN,1976,2370
mpd2020-pib-per-capita-mapa,SEN,1977,2236
mpd2020-pib-per-capita-mapa,SEN,1978,2082
mpd2020-pib-per-capita-mapa,SEN,1979,2158
mpd2020-pib-per-capita-mapa,SEN,1980,2021
mpd2020-pib-per-capita-mapa,SEN,1981,1943
mpd2020-pib-per-capita-mapa,SEN,1982,2168
mpd2020-pib-per-capita-mapa,SEN,1983,2153
mpd2020-pib-per-capita-mapa,SEN,1984,1989
mpd2020-pib-per-capita-mapa,SEN,1985,2000
mpd2020-pib-per-capita-mapa,SEN,1986,2031
mpd2020-pib-per-capita-mapa,SEN,1987,2048
mpd2020-pib-per-capita-mapa,SEN,1988,2085
mpd2020-pib-per-capita-mapa,SEN,1989,1980
mpd2020-pib-per-capita-mapa,SEN,1990,1999
mpd2020-pib-per-capita-mapa,SEN,1991,1982.626
mpd2020-pib-per-capita-mapa,SEN,1992,1942.9267
mpd2020-pib-per-capita-mapa,SEN,1993,1906.8239
mpd2020-pib-per-capita-mapa,SEN,1994,1847.5983
mpd2020-pib-per-capita-mapa,SEN,1995,1886.5428
mpd2020-pib-per-capita-mapa,SEN,1996,1866.3423
mpd2020-pib-per-capita-mapa,SEN,1997,1866.3911
mpd2020-pib-per-capita-mapa,SEN,1998,1915.4297
mpd2020-pib-per-capita-mapa,SEN,1999,1978.0964
mpd2020-pib-per-capita-mapa,SEN,2000,1983.524
mpd2020-pib-per-capita-mapa,SEN,2001,2009.9423
mpd2020-pib-per-capita-mapa,SEN,2002,1959.6141
mpd2020-pib-per-capita-mapa,SEN,2003,2025.0235
mpd2020-pib-per-capita-mapa,SEN,2004,2074.9538
mpd2020-pib-per-capita-mapa,SEN,2005,2121.1586
mpd2020-pib-per-capita-mapa,SEN,2006,2104.4369
mpd2020-pib-per-capita-mapa,SEN,2007,2137.6716
mpd2020-pib-per-capita-mapa,SEN,2008,2146.7915
mpd2020-pib-per-capita-mapa,SEN,2009,2129.3364
mpd2020-pib-per-capita-mapa,SEN,2010,2151.3247
mpd2020-pib-per-capita-mapa,SEN,2011,2123
mpd2020-pib-per-capita-mapa,SEN,2012,2163
mpd2020-pib-per-capita-mapa,SEN,2013,2185
mpd2020-pib-per-capita-mapa,SEN,2014,2224
mpd2020-pib-per-capita-mapa,SEN,2015,2311
mpd2020-pib-per-capita-mapa,SEN,2016,2403
mpd2020-pib-per-capita-mapa,SEN,2017,2519.6759
mpd2020-pib-per-capita-mapa,SEN,2018,2617.1244
mpd2020-pib-per-capita-mapa,SGP,1870,1423
mpd2020-pib-per-capita-mapa,SGP,1900,2206
mpd2020-pib-per-capita-mapa,SGP,1901,2429
mpd2020-pib-per-capita-mapa,SGP,1902,2297
mpd2020-pib-per-capita-mapa,SGP,1903,1975
mpd2020-pib-per-capita-mapa,SGP,1904,1910
mpd2020-pib-per-capita-mapa,SGP,1905,2114
mpd2020-pib-per-capita-mapa,SGP,1906,2375
mpd2020-pib-per-capita-mapa,SGP,1907,2166
mpd2020-pib-per-capita-mapa,SGP,1908,2488
mpd2020-pib-per-capita-mapa,SGP,1909,2515
mpd2020-pib-per-capita-mapa,SGP,1910,2732
mpd2020-pib-per-capita-mapa,SGP,1911,2447
mpd2020-pib-per-capita-mapa,SGP,1912,2094
mpd2020-pib-per-capita-mapa,SGP,1913,1812
mpd2020-pib-per-capita-mapa,SGP,1914,2166
mpd2020-pib-per-capita-mapa,SGP,1915,2209
mpd2020-pib-per-capita-mapa,SGP,1916,1827
mpd2020-pib-per-capita-mapa,SGP,1917,2530
mpd2020-pib-per-capita-mapa,SGP,1918,1978
mpd2020-pib-per-capita-mapa,SGP,1919,2244
mpd2020-pib-per-capita-mapa,SGP,1920,1932
mpd2020-pib-per-capita-mapa,SGP,1921,2182
mpd2020-pib-per-capita-mapa,SGP,1922,2884
mpd2020-pib-per-capita-mapa,SGP,1923,2952
mpd2020-pib-per-capita-mapa,SGP,1924,2888
mpd2020-pib-per-capita-mapa,SGP,1925,3255
mpd2020-pib-per-capita-mapa,SGP,1926,2686
mpd2020-pib-per-capita-mapa,SGP,1927,1986
mpd2020-pib-per-capita-mapa,SGP,1928,2361
mpd2020-pib-per-capita-mapa,SGP,1929,3323
mpd2020-pib-per-capita-mapa,SGP,1930,3049
mpd2020-pib-per-capita-mapa,SGP,1931,2246
mpd2020-pib-per-capita-mapa,SGP,1932,1954
mpd2020-pib-per-capita-mapa,SGP,1933,2766
mpd2020-pib-per-capita-mapa,SGP,1934,3263
mpd2020-pib-per-capita-mapa,SGP,1935,3676
mpd2020-pib-per-capita-mapa,SGP,1936,3652
mpd2020-pib-per-capita-mapa,SGP,1937,3967
mpd2020-pib-per-capita-mapa,SGP,1938,3363
mpd2020-pib-per-capita-mapa,SGP,1939,3912
mpd2020-pib-per-capita-mapa,SGP,1950,3572
mpd2020-pib-per-capita-mapa,SGP,1951,3368
mpd2020-pib-per-capita-mapa,SGP,1952,2342
mpd2020-pib-per-capita-mapa,SGP,1953,2794
mpd2020-pib-per-capita-mapa,SGP,1954,3202
mpd2020-pib-per-capita-mapa,SGP,1955,2946
mpd2020-pib-per-capita-mapa,SGP,1956,3241
mpd2020-pib-per-capita-mapa,SGP,1957,2874
mpd2020-pib-per-capita-mapa,SGP,1958,2880
mpd2020-pib-per-capita-mapa,SGP,1959,3239
mpd2020-pib-per-capita-mapa,SGP,1960,3464
mpd2020-pib-per-capita-mapa,SGP,1961,3623
mpd2020-pib-per-capita-mapa,SGP,1962,3775
mpd2020-pib-per-capita-mapa,SGP,1963,4049
mpd2020-pib-per-capita-mapa,SGP,1964,3800
mpd2020-pib-per-capita-mapa,SGP,1965,3991
mpd2020-pib-per-capita-mapa,SGP,1966,4317
mpd2020-pib-per-capita-mapa,SGP,1967,4741
mpd2020-pib-per-capita-mapa,SGP,1968,5294
mpd2020-pib-per-capita-mapa,SGP,1969,5931
mpd2020-pib-per-capita-mapa,SGP,1970,6650
mpd2020-pib-per-capita-mapa,SGP,1971,7318
mpd2020-pib-per-capita-mapa,SGP,1972,8155
mpd2020-pib-per-capita-mapa,SGP,1973,8894
mpd2020-pib-per-capita-mapa,SGP,1974,9314
mpd2020-pib-per-capita-mapa,SGP,1975,9602
mpd2020-pib-per-capita-mapa,SGP,1976,10178
mpd2020-pib-per-capita-mapa,SGP,1977,10790
mpd2020-pib-per-capita-mapa,SGP,1978,11588
mpd2020-pib-per-capita-mapa,SGP,1979,12521
mpd2020-pib-per-capita-mapa,SGP,1980,13601
mpd2020-pib-per-capita-mapa,SGP,1981,14335
mpd2020-pib-per-capita-mapa,SGP,1982,14687
mpd2020-pib-per-capita-mapa,SGP,1983,15720
mpd2020-pib-per-capita-mapa,SGP,1984,16767
mpd2020-pib-per-capita-mapa,SGP,1985,16611
mpd2020-pib-per-capita-mapa,SGP,1986,16831
mpd2020-pib-per-capita-mapa,SGP,1987,18345
mpd2020-pib-per-capita-mapa,SGP,1988,19853
mpd2020-pib-per-capita-mapa,SGP,1989,21221
mpd2020-pib-per-capita-mapa,SGP,1990,22666
mpd2020-pib-per-capita-mapa,SGP,1991,23636.6827
mpd2020-pib-per-capita-mapa,SGP,1992,24775.5712
mpd2020-pib-per-capita-mapa,SGP,1993,27073.7146
mpd2020-pib-per-capita-mapa,SGP,1994,29454.6125
mpd2020-pib-per-capita-mapa,SGP,1995,30957.2872
mpd2020-pib-per-capita-mapa,SGP,1996,32724.4875
mpd2020-pib-per-capita-mapa,SGP,1997,34868.066
mpd2020-pib-per-capita-mapa,SGP,1998,33590.4819
mpd2020-pib-per-capita-mapa,SGP,1999,35156.1183
mpd2020-pib-per-capita-mapa,SGP,2000,37772.7597
mpd2020-pib-per-capita-mapa,SGP,2001,36864.5751
mpd2020-pib-per-capita-mapa,SGP,2002,37829.9043
mpd2020-pib-per-capita-mapa,SGP,2003,38950.7459
mpd2020-pib-per-capita-mapa,SGP,2004,42111.1662
mpd2020-pib-per-capita-mapa,SGP,2005,44698.8386
mpd2020-pib-per-capita-mapa,SGP,2006,48073.5881
mpd2020-pib-per-capita-mapa,SGP,2007,51844.0618
mpd2020-pib-per-capita-mapa,SGP,2008,52180.1732
mpd2020-pib-per-capita-mapa,SGP,2009,51344.478
mpd2020-pib-per-capita-mapa,SGP,2010,58612.731
mpd2020-pib-per-capita-mapa,SGP,2011,61672
mpd2020-pib-per-capita-mapa,SGP,2012,62783
mpd2020-pib-per-capita-mapa,SGP,2013,64633
mpd2020-pib-per-capita-mapa,SGP,2014,65655
mpd2020-pib-per-capita-mapa,SGP,2015,65660
mpd2020-pib-per-capita-mapa,SGP,2016,65729
mpd2020-pib-per-capita-mapa,SGP,2017,67331.0342
mpd2020-pib-per-capita-mapa,SGP,2018,68402.3451
mpd2020-pib-per-capita-mapa,SLE,1950,902
mpd2020-pib-per-capita-mapa,SLE,1951,942
mpd2020-pib-per-capita-mapa,SLE,1952,958
mpd2020-pib-per-capita-mapa,SLE,1953,982
mpd2020-pib-per-capita-mapa,SLE,1954,1023
mpd2020-pib-per-capita-mapa,SLE,1955,1044
mpd2020-pib-per-capita-mapa,SLE,1956,1070
mpd2020-pib-per-capita-mapa,SLE,1957,1093
mpd2020-pib-per-capita-mapa,SLE,1958,1109
mpd2020-pib-per-capita-mapa,SLE,1959,1157
mpd2020-pib-per-capita-mapa,SLE,1960,1176
mpd2020-pib-per-capita-mapa,SLE,1961,1181
mpd2020-pib-per-capita-mapa,SLE,1962,1216
mpd2020-pib-per-capita-mapa,SLE,1963,1218
mpd2020-pib-per-capita-mapa,SLE,1964,1215
mpd2020-pib-per-capita-mapa,SLE,1965,1282
mpd2020-pib-per-capita-mapa,SLE,1966,1342
mpd2020-pib-per-capita-mapa,SLE,1967,1313
mpd2020-pib-per-capita-mapa,SLE,1968,1420
mpd2020-pib-per-capita-mapa,SLE,1969,1525
mpd2020-pib-per-capita-mapa,SLE,1970,1553
mpd2020-pib-per-capita-mapa,SLE,1971,1535
mpd2020-pib-per-capita-mapa,SLE,1972,1525
mpd2020-pib-per-capita-mapa,SLE,1973,1553
mpd2020-pib-per-capita-mapa,SLE,1974,1581
mpd2020-pib-per-capita-mapa,SLE,1975,1551
mpd2020-pib-per-capita-mapa,SLE,1976,1511
mpd2020-pib-per-capita-mapa,SLE,1977,1495
mpd2020-pib-per-capita-mapa,SLE,1978,1524
mpd2020-pib-per-capita-mapa,SLE,1979,1572
mpd2020-pib-per-capita-mapa,SLE,1980,1584
mpd2020-pib-per-capita-mapa,SLE,1981,1615
mpd2020-pib-per-capita-mapa,SLE,1982,1610
mpd2020-pib-per-capita-mapa,SLE,1983,1575
mpd2020-pib-per-capita-mapa,SLE,1984,1608
mpd2020-pib-per-capita-mapa,SLE,1985,1610
mpd2020-pib-per-capita-mapa,SLE,1986,1597
mpd2020-pib-per-capita-mapa,SLE,1987,1624
mpd2020-pib-per-capita-mapa,SLE,1988,1626
mpd2020-pib-per-capita-mapa,SLE,1989,1642
mpd2020-pib-per-capita-mapa,SLE,1990,1635
mpd2020-pib-per-capita-mapa,SLE,1991,1467.3888
mpd2020-pib-per-capita-mapa,SLE,1992,1354.9682
mpd2020-pib-per-capita-mapa,SLE,1993,1405.1628
mpd2020-pib-per-capita-mapa,SLE,1994,1500.2092
mpd2020-pib-per-capita-mapa,SLE,1995,1383.1081
mpd2020-pib-per-capita-mapa,SLE,1996,1060.5624
mpd2020-pib-per-capita-mapa,SLE,1997,885.2984
mpd2020-pib-per-capita-mapa,SLE,1998,882.7293
mpd2020-pib-per-capita-mapa,SLE,1999,814.1233
mpd2020-pib-per-capita-mapa,SLE,2000,828.7939
mpd2020-pib-per-capita-mapa,SLE,2001,923.0458
mpd2020-pib-per-capita-mapa,SLE,2002,1101.7504
mpd2020-pib-per-capita-mapa,SLE,2003,1156.5191
mpd2020-pib-per-capita-mapa,SLE,2004,1197.1529
mpd2020-pib-per-capita-mapa,SLE,2005,1223.7015
mpd2020-pib-per-capita-mapa,SLE,2006,1247.2528
mpd2020-pib-per-capita-mapa,SLE,2007,1320.7577
mpd2020-pib-per-capita-mapa,SLE,2008,1363.4876
mpd2020-pib-per-capita-mapa,SLE,2009,1378.3579
mpd2020-pib-per-capita-mapa,SLE,2010,1421.1521
mpd2020-pib-per-capita-mapa,SLE,2011,1479
mpd2020-pib-per-capita-mapa,SLE,2012,1665
mpd2020-pib-per-capita-mapa,SLE,2013,1965
mpd2020-pib-per-capita-mapa,SLE,2014,2007
mpd2020-pib-per-capita-mapa,SLE,2015,1563
mpd2020-pib-per-capita-mapa,SLE,2016,1619
mpd2020-pib-per-capita-mapa,SLE,2017,1644.2478
mpd2020-pib-per-capita-mapa,SLE,2018,1683.8497
mpd2020-pib-per-capita-mapa,SLV,1920,1487
mpd2020-pib-per-capita-mapa,SLV,1921,1466
mpd2020-pib-per-capita-mapa,SLV,1922,1516
mpd2020-pib-per-capita-mapa,SLV,1923,1554
mpd2020-pib-per-capita-mapa,SLV,1924,1623
mpd2020-pib-per-capita-mapa,SLV,1925,1476
mpd2020-pib-per-capita-mapa,SLV,1926,1706
mpd2020-pib-per-capita-mapa,SLV,1927,1478
mpd2020-pib-per-capita-mapa,SLV,1928,1682
mpd2020-pib-per-capita-mapa,SLV,1929,1661
mpd2020-pib-per-capita-mapa,SLV,1930,1667
mpd2020-pib-per-capita-mapa,SLV,1931,1474
mpd2020-pib-per-capita-mapa,SLV,1932,1313
mpd2020-pib-per-capita-mapa,SLV,1933,1471
mpd2020-pib-per-capita-mapa,SLV,1934,1498
mpd2020-pib-per-capita-mapa,SLV,1935,1629
mpd2020-pib-per-capita-mapa,SLV,1936,1572
mpd2020-pib-per-capita-mapa,SLV,1937,1699
mpd2020-pib-per-capita-mapa,SLV,1938,1559
mpd2020-pib-per-capita-mapa,SLV,1939,1651
mpd2020-pib-per-capita-mapa,SLV,1940,1773
mpd2020-pib-per-capita-mapa,SLV,1941,1714
mpd2020-pib-per-capita-mapa,SLV,1942,1828
mpd2020-pib-per-capita-mapa,SLV,1943,1970
mpd2020-pib-per-capita-mapa,SLV,1944,1836
mpd2020-pib-per-capita-mapa,SLV,1945,1741
mpd2020-pib-per-capita-mapa,SLV,1946,1747
mpd2020-pib-per-capita-mapa,SLV,1947,2173
mpd2020-pib-per-capita-mapa,SLV,1948,2723
mpd2020-pib-per-capita-mapa,SLV,1949,2432
mpd2020-pib-per-capita-mapa,SLV,1950,2375
mpd2020-pib-per-capita-mapa,SLV,1951,2361
mpd2020-pib-per-capita-mapa,SLV,1952,2472
mpd2020-pib-per-capita-mapa,SLV,1953,2577
mpd2020-pib-per-capita-mapa,SLV,1954,2536
mpd2020-pib-per-capita-mapa,SLV,1955,2590
mpd2020-pib-per-capita-mapa,SLV,1956,2715
mpd2020-pib-per-capita-mapa,SLV,1957,2775
mpd2020-pib-per-capita-mapa,SLV,1958,2751
mpd2020-pib-per-capita-mapa,SLV,1959,2788
mpd2020-pib-per-capita-mapa,SLV,1960,2813
mpd2020-pib-per-capita-mapa,SLV,1961,2821
mpd2020-pib-per-capita-mapa,SLV,1962,3062
mpd2020-pib-per-capita-mapa,SLV,1963,3096
mpd2020-pib-per-capita-mapa,SLV,1964,3282
mpd2020-pib-per-capita-mapa,SLV,1965,3351
mpd2020-pib-per-capita-mapa,SLV,1966,3464
mpd2020-pib-per-capita-mapa,SLV,1967,3534
mpd2020-pib-per-capita-mapa,SLV,1968,3524
mpd2020-pib-per-capita-mapa,SLV,1969,3520
mpd2020-pib-per-capita-mapa,SLV,1970,3488
mpd2020-pib-per-capita-mapa,SLV,1971,3553
mpd2020-pib-per-capita-mapa,SLV,1972,3668
mpd2020-pib-per-capita-mapa,SLV,1973,3767
mpd2020-pib-per-capita-mapa,SLV,1974,3912
mpd2020-pib-per-capita-mapa,SLV,1975,4030
mpd2020-pib-per-capita-mapa,SLV,1976,4084
mpd2020-pib-per-capita-mapa,SLV,1977,4221
mpd2020-pib-per-capita-mapa,SLV,1978,4375
mpd2020-pib-per-capita-mapa,SLV,1979,4194
mpd2020-pib-per-capita-mapa,SLV,1980,3781
mpd2020-pib-per-capita-mapa,SLV,1981,3507
mpd2020-pib-per-capita-mapa,SLV,1982,3339
mpd2020-pib-per-capita-mapa,SLV,1983,3330
mpd2020-pib-per-capita-mapa,SLV,1984,3357
mpd2020-pib-per-capita-mapa,SLV,1985,3366
mpd2020-pib-per-capita-mapa,SLV,1986,3327
mpd2020-pib-per-capita-mapa,SLV,1987,3351
mpd2020-pib-per-capita-mapa,SLV,1988,3344
mpd2020-pib-per-capita-mapa,SLV,1989,3322
mpd2020-pib-per-capita-mapa,SLV,1990,3378
mpd2020-pib-per-capita-mapa,SLV,1991,3493.5761
mpd2020-pib-per-capita-mapa,SLV,1992,3750.5172
mpd2020-pib-per-capita-mapa,SLV,1993,4052.9578
mpd2020-pib-per-capita-mapa,SLV,1994,4316.398
mpd2020-pib-per-capita-mapa,SLV,1995,4592.2836
mpd2020-pib-per-capita-mapa,SLV,1996,4671.339
mpd2020-pib-per-capita-mapa,SLV,1997,4882.6802
mpd2020-pib-per-capita-mapa,SLV,1998,5077.8921
mpd2020-pib-per-capita-mapa,SLV,1999,5263.8868
mpd2020-pib-per-capita-mapa,SLV,2000,5403.7147
mpd2020-pib-per-capita-mapa,SLV,2001,5550.1868
mpd2020-pib-per-capita-mapa,SLV,2002,5751.0607
mpd2020-pib-per-capita-mapa,SLV,2003,5957.2011
mpd2020-pib-per-capita-mapa,SLV,2004,6145.9799
mpd2020-pib-per-capita-mapa,SLV,2005,6441.4958
mpd2020-pib-per-capita-mapa,SLV,2006,6782.2312
mpd2020-pib-per-capita-mapa,SLV,2007,7139.1821
mpd2020-pib-per-capita-mapa,SLV,2008,7312.6558
mpd2020-pib-per-capita-mapa,SLV,2009,7166.1592
mpd2020-pib-per-capita-mapa,SLV,2010,7351.1146
mpd2020-pib-per-capita-mapa,SLV,2011,7607
mpd2020-pib-per-capita-mapa,SLV,2012,7726
mpd2020-pib-per-capita-mapa,SLV,2013,7845
mpd2020-pib-per-capita-mapa,SLV,2014,7935
mpd2020-pib-per-capita-mapa,SLV,2015,8109
mpd2020-pib-per-capita-mapa,SLV,2016,8280
mpd2020-pib-per-capita-mapa,SLV,2017,8428.0316
mpd2020-pib-per-capita-mapa,SLV,2018,8598.1982
mpd2020-pib-per-capita-mapa,SRB,1952,2032
mpd2020-pib-per-capita-mapa,SRB,1953,2348
mpd2020-pib-per-capita-mapa,SRB,1954,2236
mpd2020-pib-per-capita-mapa,SRB,1955,2584
mpd2020-pib-per-capita-mapa,SRB,1956,2447
mpd2020-pib-per-capita-mapa,SRB,1957,3147
mpd2020-pib-per-capita-mapa,SRB,1958,3022
mpd2020-pib-per-capita-mapa,SRB,1959,3885
mpd2020-pib-per-capita-mapa,SRB,1960,3948
mpd2020-pib-per-capita-mapa,SRB,1961,4038
mpd2020-pib-per-capita-mapa,SRB,1962,4237
mpd2020-pib-per-capita-mapa,SRB,1963,4713
mpd2020-pib-per-capita-mapa,SRB,1964,5166
mpd2020-pib-per-capita-mapa,SRB,1965,5231
mpd2020-pib-per-capita-mapa,SRB,1966,5649
mpd2020-pib-per-capita-mapa,SRB,1967,5703
mpd2020-pib-per-capita-mapa,SRB,1968,5761
mpd2020-pib-per-capita-mapa,SRB,1969,6379
mpd2020-pib-per-capita-mapa,SRB,1970,6515
mpd2020-pib-per-capita-mapa,SRB,1971,7084
mpd2020-pib-per-capita-mapa,SRB,1972,7347
mpd2020-pib-per-capita-mapa,SRB,1973,7716
mpd2020-pib-per-capita-mapa,SRB,1974,8322
mpd2020-pib-per-capita-mapa,SRB,1975,8498
mpd2020-pib-per-capita-mapa,SRB,1976,8877
mpd2020-pib-per-capita-mapa,SRB,1977,9529
mpd2020-pib-per-capita-mapa,SRB,1978,9958
mpd2020-pib-per-capita-mapa,SRB,1979,10772
mpd2020-pib-per-capita-mapa,SRB,1980,10724
mpd2020-pib-per-capita-mapa,SRB,1981,10888
mpd2020-pib-per-capita-mapa,SRB,1982,10949
mpd2020-pib-per-capita-mapa,SRB,1983,10707
mpd2020-pib-per-capita-mapa,SRB,1984,10866
mpd2020-pib-per-capita-mapa,SRB,1985,10839
mpd2020-pib-per-capita-mapa,SRB,1986,11180
mpd2020-pib-per-capita-mapa,SRB,1987,10973
mpd2020-pib-per-capita-mapa,SRB,1988,10793
mpd2020-pib-per-capita-mapa,SRB,1989,10963
mpd2020-pib-per-capita-mapa,SRB,1990,9754
mpd2020-pib-per-capita-mapa,SRB,1991,8858.0069
mpd2020-pib-per-capita-mapa,SRB,1992,6567.6698
mpd2020-pib-per-capita-mapa,SRB,1993,4673.6416
mpd2020-pib-per-capita-mapa,SRB,1994,4910.8164
mpd2020-pib-per-capita-mapa,SRB,1995,5325.4882
mpd2020-pib-per-capita-mapa,SRB,1996,5710.1967
mpd2020-pib-per-capita-mapa,SRB,1997,6288.0241
mpd2020-pib-per-capita-mapa,SRB,1998,6603.7112
mpd2020-pib-per-capita-mapa,SRB,1999,5532.5413
mpd2020-pib-per-capita-mapa,SRB,2000,6059.583
mpd2020-pib-per-capita-mapa,SRB,2001,6542.6795
mpd2020-pib-per-capita-mapa,SRB,2002,7155.5762
mpd2020-pib-per-capita-mapa,SRB,2003,7637.8322
mpd2020-pib-per-capita-mapa,SRB,2004,8512.1679
mpd2020-pib-per-capita-mapa,SRB,2005,9198.4145
mpd2020-pib-per-capita-mapa,SRB,2006,9902.4261
mpd2020-pib-per-capita-mapa,SRB,2007,10768.9424
mpd2020-pib-per-capita-mapa,SRB,2008,11650.228
mpd2020-pib-per-capita-mapa,SRB,2009,11576.5888
mpd2020-pib-per-capita-mapa,SRB,2010,11963.5551
mpd2020-pib-per-capita-mapa,SRB,2011,12463
mpd2020-pib-per-capita-mapa,SRB,2012,12384
mpd2020-pib-per-capita-mapa,SRB,2013,12764
mpd2020-pib-per-capita-mapa,SRB,2014,12606
mpd2020-pib-per-capita-mapa,SRB,2015,12765
mpd2020-pib-per-capita-mapa,SRB,2016,13184
mpd2020-pib-per-capita-mapa,SRB,2017,13488.6745
mpd2020-pib-per-capita-mapa,SRB,2018,14124.1177
mpd2020-pib-per-capita-mapa,STP,1950,1278
mpd2020-pib-per-capita-mapa,STP,1951,1274
mpd2020-pib-per-capita-mapa,STP,1952,1272
mpd2020-pib-per-capita-mapa,STP,1953,1272
mpd2020-pib-per-capita-mapa,STP,1954,1325
mpd2020-pib-per-capita-mapa,STP,1955,1191
mpd2020-pib-per-capita-mapa,STP,1956,1256
mpd2020-pib-per-capita-mapa,STP,1957,1245
mpd2020-pib-per-capita-mapa,STP,1958,1364
mpd2020-pib-per-capita-mapa,STP,1959,1221
mpd2020-pib-per-capita-mapa,STP,1960,1352
mpd2020-pib-per-capita-mapa,STP,1961,1454
mpd2020-pib-per-capita-mapa,STP,1962,1549
mpd2020-pib-per-capita-mapa,STP,1963,1643
mpd2020-pib-per-capita-mapa,STP,1964,1733
mpd2020-pib-per-capita-mapa,STP,1965,1816
mpd2020-pib-per-capita-mapa,STP,1966,1921
mpd2020-pib-per-capita-mapa,STP,1967,2004
mpd2020-pib-per-capita-mapa,STP,1968,2083
mpd2020-pib-per-capita-mapa,STP,1969,2165
mpd2020-pib-per-capita-mapa,STP,1970,2243
mpd2020-pib-per-capita-mapa,STP,1971,2326
mpd2020-pib-per-capita-mapa,STP,1972,2324
mpd2020-pib-per-capita-mapa,STP,1973,2313
mpd2020-pib-per-capita-mapa,STP,1974,2399
mpd2020-pib-per-capita-mapa,STP,1975,2469
mpd2020-pib-per-capita-mapa,STP,1976,2432
mpd2020-pib-per-capita-mapa,STP,1977,2911
mpd2020-pib-per-capita-mapa,STP,1978,2909
mpd2020-pib-per-capita-mapa,STP,1979,3295
mpd2020-pib-per-capita-mapa,STP,1980,3182
mpd2020-pib-per-capita-mapa,STP,1981,2783
mpd2020-pib-per-capita-mapa,STP,1982,2817
mpd2020-pib-per-capita-mapa,STP,1983,2656
mpd2020-pib-per-capita-mapa,STP,1984,2447
mpd2020-pib-per-capita-mapa,STP,1985,2622
mpd2020-pib-per-capita-mapa,STP,1986,2418
mpd2020-pib-per-capita-mapa,STP,1987,2299
mpd2020-pib-per-capita-mapa,STP,1988,2295
mpd2020-pib-per-capita-mapa,STP,1989,2316
mpd2020-pib-per-capita-mapa,STP,1990,2217
mpd2020-pib-per-capita-mapa,STP,1991,2203.0081
mpd2020-pib-per-capita-mapa,STP,1992,2185.4643
mpd2020-pib-per-capita-mapa,STP,1993,2183.8743
mpd2020-pib-per-capita-mapa,STP,1994,2204.8766
mpd2020-pib-per-capita-mapa,STP,1995,2219.4814
mpd2020-pib-per-capita-mapa,STP,1996,2221.0535
mpd2020-pib-per-capita-mapa,STP,1997,2209.4182
mpd2020-pib-per-capita-mapa,STP,1998,2228.9051
mpd2020-pib-per-capita-mapa,STP,1999,2247.1224
mpd2020-pib-per-capita-mapa,STP,2000,2218.8196
mpd2020-pib-per-capita-mapa,STP,2001,2245.6063
mpd2020-pib-per-capita-mapa,STP,2002,2250.0894
mpd2020-pib-per-capita-mapa,STP,2003,2363.1824
mpd2020-pib-per-capita-mapa,STP,2004,2408.7607
mpd2020-pib-per-capita-mapa,STP,2005,2532.8706
mpd2020-pib-per-capita-mapa,STP,2006,2713.7619
mpd2020-pib-per-capita-mapa,STP,2007,2752.0877
mpd2020-pib-per-capita-mapa,STP,2008,2925.8858
mpd2020-pib-per-capita-mapa,STP,2009,2949.8867
mpd2020-pib-per-capita-mapa,STP,2010,3093.3452
mpd2020-pib-per-capita-mapa,STP,2011,3179
mpd2020-pib-per-capita-mapa,STP,2012,3217
mpd2020-pib-per-capita-mapa,STP,2013,3314
mpd2020-pib-per-capita-mapa,STP,2014,3474
mpd2020-pib-per-capita-mapa,STP,2015,3545
mpd2020-pib-per-capita-mapa,STP,2016,3624
mpd2020-pib-per-capita-mapa,STP,2017,3721.0087
mpd2020-pib-per-capita-mapa,STP,2018,3730.2045
mpd2020-pib-per-capita-mapa,SUN,1885,1379
mpd2020-pib-per-capita-mapa,SUN,1886,1326
mpd2020-pib-per-capita-mapa,SUN,1887,1549
mpd2020-pib-per-capita-mapa,SUN,1888,1490
mpd2020-pib-per-capita-mapa,SUN,1889,1387
mpd2020-pib-per-capita-mapa,SUN,1890,1380
mpd2020-pib-per-capita-mapa,SUN,1891,1264
mpd2020-pib-per-capita-mapa,SUN,1892,1385
mpd2020-pib-per-capita-mapa,SUN,1893,1568
mpd2020-pib-per-capita-mapa,SUN,1894,1784
mpd2020-pib-per-capita-mapa,SUN,1895,1651
mpd2020-pib-per-capita-mapa,SUN,1896,1819
mpd2020-pib-per-capita-mapa,SUN,1897,1788
mpd2020-pib-per-capita-mapa,SUN,1898,1835
mpd2020-pib-per-capita-mapa,SUN,1899,1948
mpd2020-pib-per-capita-mapa,SUN,1900,1906
mpd2020-pib-per-capita-mapa,SUN,1901,1953
mpd2020-pib-per-capita-mapa,SUN,1902,2123
mpd2020-pib-per-capita-mapa,SUN,1903,1977
mpd2020-pib-per-capita-mapa,SUN,1904,2185
mpd2020-pib-per-capita-mapa,SUN,1905,1935
mpd2020-pib-per-capita-mapa,SUN,1906,1849
mpd2020-pib-per-capita-mapa,SUN,1907,1776
mpd2020-pib-per-capita-mapa,SUN,1908,1940
mpd2020-pib-per-capita-mapa,SUN,1909,2015
mpd2020-pib-per-capita-mapa,SUN,1910,2149
mpd2020-pib-per-capita-mapa,SUN,1911,1986
mpd2020-pib-per-capita-mapa,SUN,1912,2146
mpd2020-pib-per-capita-mapa,SUN,1913,2254
mpd2020-pib-per-capita-mapa,SUN,1914,2152
mpd2020-pib-per-capita-mapa,SUN,1915,2216
mpd2020-pib-per-capita-mapa,SUN,1916,1969
mpd2020-pib-per-capita-mapa,SUN,1917,1729
mpd2020-pib-per-capita-mapa,SUN,1918,1058
mpd2020-pib-per-capita-mapa,SUN,1919,913
mpd2020-pib-per-capita-mapa,SUN,1920,917
mpd2020-pib-per-capita-mapa,SUN,1921,838
mpd2020-pib-per-capita-mapa,SUN,1922,974
mpd2020-pib-per-capita-mapa,SUN,1923,1122
mpd2020-pib-per-capita-mapa,SUN,1924,1420
mpd2020-pib-per-capita-mapa,SUN,1925,1776
mpd2020-pib-per-capita-mapa,SUN,1926,1994
mpd2020-pib-per-capita-mapa,SUN,1927,2077
mpd2020-pib-per-capita-mapa,SUN,1928,2184
mpd2020-pib-per-capita-mapa,SUN,1929,2209
mpd2020-pib-per-capita-mapa,SUN,1930,2308
mpd2020-pib-per-capita-mapa,SUN,1931,2330
mpd2020-pib-per-capita-mapa,SUN,1932,2294
mpd2020-pib-per-capita-mapa,SUN,1933,2380
mpd2020-pib-per-capita-mapa,SUN,1934,2598
mpd2020-pib-per-capita-mapa,SUN,1935,2971
mpd2020-pib-per-capita-mapa,SUN,1936,3174
mpd2020-pib-per-capita-mapa,SUN,1937,3437
mpd2020-pib-per-capita-mapa,SUN,1938,3427
mpd2020-pib-per-capita-mapa,SUN,1939,3566
mpd2020-pib-per-capita-mapa,SUN,1940,3417
mpd2020-pib-per-capita-mapa,SUN,1946,3049
mpd2020-pib-per-capita-mapa,SUN,1947,3389
mpd2020-pib-per-capita-mapa,SUN,1948,3829
mpd2020-pib-per-capita-mapa,SUN,1949,4181
mpd2020-pib-per-capita-mapa,SUN,1950,4529
mpd2020-pib-per-capita-mapa,SUN,1951,4473
mpd2020-pib-per-capita-mapa,SUN,1952,4682
mpd2020-pib-per-capita-mapa,SUN,1953,4803
mpd2020-pib-per-capita-mapa,SUN,1954,4951
mpd2020-pib-per-capita-mapa,SUN,1955,5281
mpd2020-pib-per-capita-mapa,SUN,1956,5684
mpd2020-pib-per-capita-mapa,SUN,1957,5700
mpd2020-pib-per-capita-mapa,SUN,1958,6020
mpd2020-pib-per-capita-mapa,SUN,1959,5848
mpd2020-pib-per-capita-mapa,SUN,1960,6288
mpd2020-pib-per-capita-mapa,SUN,1961,6532
mpd2020-pib-per-capita-mapa,SUN,1962,6599
mpd2020-pib-per-capita-mapa,SUN,1963,6352
mpd2020-pib-per-capita-mapa,SUN,1964,7076
mpd2020-pib-per-capita-mapa,SUN,1965,7387
mpd2020-pib-per-capita-mapa,SUN,1966,7657
mpd2020-pib-per-capita-mapa,SUN,1967,7911
mpd2020-pib-per-capita-mapa,SUN,1968,8292
mpd2020-pib-per-capita-mapa,SUN,1969,8329
mpd2020-pib-per-capita-mapa,SUN,1970,8886
mpd2020-pib-per-capita-mapa,SUN,1971,9033
mpd2020-pib-per-capita-mapa,SUN,1972,8995
mpd2020-pib-per-capita-mapa,SUN,1973,9658
mpd2020-pib-per-capita-mapa,SUN,1974,9844
mpd2020-pib-per-capita-mapa,SUN,1975,9779
mpd2020-pib-per-capita-mapa,SUN,1976,10143
mpd2020-pib-per-capita-mapa,SUN,1977,10288
mpd2020-pib-per-capita-mapa,SUN,1978,10455
mpd2020-pib-per-capita-mapa,SUN,1979,10316
mpd2020-pib-per-capita-mapa,SUN,1980,10245
mpd2020-pib-per-capita-mapa,SUN,1981,10254
mpd2020-pib-per-capita-mapa,SUN,1982,10418
mpd2020-pib-per-capita-mapa,SUN,1983,10659
mpd2020-pib-per-capita-mapa,SUN,1984,10694
mpd2020-pib-per-capita-mapa,SUN,1985,10692
mpd2020-pib-per-capita-mapa,SUN,1986,11035
mpd2020-pib-per-capita-mapa,SUN,1987,11081
mpd2020-pib-per-capita-mapa,SUN,1988,11226
mpd2020-pib-per-capita-mapa,SUN,1989,11336
mpd2020-pib-per-capita-mapa,SUN,1990,10989
mpd2020-pib-per-capita-mapa,SUN,1991,10388.2532
mpd2020-pib-per-capita-mapa,SUN,1992,8977.5482
mpd2020-pib-per-capita-mapa,SUN,1993,8199.7304
mpd2020-pib-per-capita-mapa,SUN,1994,7166.3938
mpd2020-pib-per-capita-mapa,SUN,1995,6887.7298
mpd2020-pib-per-capita-mapa,SUN,1996,6786.9418
mpd2020-pib-per-capita-mapa,SUN,1997,7031.8301
mpd2020-pib-per-capita-mapa,SUN,1998,6975.5237
mpd2020-pib-per-capita-mapa,SUN,1999,7419.6757
mpd2020-pib-per-capita-mapa,SUN,2000,8193.5158
mpd2020-pib-per-capita-mapa,SUN,2001,8850.1588
mpd2020-pib-per-capita-mapa,SUN,2002,9487.5045
mpd2020-pib-per-capita-mapa,SUN,2003,10390.9423
mpd2020-pib-per-capita-mapa,SUN,2004,11428.9412
mpd2020-pib-per-capita-mapa,SUN,2005,12426.2807
mpd2020-pib-per-capita-mapa,SUN,2006,13749.9223
mpd2020-pib-per-capita-mapa,SUN,2007,15215.9245
mpd2020-pib-per-capita-mapa,SUN,2008,16226.6969
mpd2020-pib-per-capita-mapa,SUN,2009,15416.6045
mpd2020-pib-per-capita-mapa,SUN,2010,16344.5231
mpd2020-pib-per-capita-mapa,SUN,2011,17391
mpd2020-pib-per-capita-mapa,SUN,2012,18005
mpd2020-pib-per-capita-mapa,SUN,2013,18447
mpd2020-pib-per-capita-mapa,SUN,2014,18730
mpd2020-pib-per-capita-mapa,SUN,2015,18479
mpd2020-pib-per-capita-mapa,SUN,2016,18635
mpd2020-pib-per-capita-mapa,SUN,2017,19152.3803
mpd2020-pib-per-capita-mapa,SUN,2018,19539.1474
mpd2020-pib-per-capita-mapa,SVK,1985,11815
mpd2020-pib-per-capita-mapa,SVK,1986,12242
mpd2020-pib-per-capita-mapa,SVK,1987,12473
mpd2020-pib-per-capita-mapa,SVK,1988,12659
mpd2020-pib-per-capita-mapa,SVK,1989,12734
mpd2020-pib-per-capita-mapa,SVK,1990,12374
mpd2020-pib-per-capita-mapa,SVK,1991,10537.4103
mpd2020-pib-per-capita-mapa,SVK,1992,9838.6149
mpd2020-pib-per-capita-mapa,SVK,1993,10481.1153
mpd2020-pib-per-capita-mapa,SVK,1994,11063.9487
mpd2020-pib-per-capita-mapa,SVK,1995,11874.398
mpd2020-pib-per-capita-mapa,SVK,1996,12622.9096
mpd2020-pib-per-capita-mapa,SVK,1997,13335.459
mpd2020-pib-per-capita-mapa,SVK,1998,13822.1874
mpd2020-pib-per-capita-mapa,SVK,1999,13750.3331
mpd2020-pib-per-capita-mapa,SVK,2000,13904.9854
mpd2020-pib-per-capita-mapa,SVK,2001,14361.9012
mpd2020-pib-per-capita-mapa,SVK,2002,14984.7311
mpd2020-pib-per-capita-mapa,SVK,2003,15773.0948
mpd2020-pib-per-capita-mapa,SVK,2004,16570.8619
mpd2020-pib-per-capita-mapa,SVK,2005,17649.5204
mpd2020-pib-per-capita-mapa,SVK,2006,19099.4277
mpd2020-pib-per-capita-mapa,SVK,2007,21109.9388
mpd2020-pib-per-capita-mapa,SVK,2008,22231.9882
mpd2020-pib-per-capita-mapa,SVK,2009,20953.0367
mpd2020-pib-per-capita-mapa,SVK,2010,21941.2122
mpd2020-pib-per-capita-mapa,SVK,2011,22483
mpd2020-pib-per-capita-mapa,SVK,2012,22816
mpd2020-pib-per-capita-mapa,SVK,2013,23132
mpd2020-pib-per-capita-mapa,SVK,2014,23703
mpd2020-pib-per-capita-mapa,SVK,2015,24588
mpd2020-pib-per-capita-mapa,SVK,2016,25364
mpd2020-pib-per-capita-mapa,SVK,2017,26096.1478
mpd2020-pib-per-capita-mapa,SVK,2018,27075.5344
mpd2020-pib-per-capita-mapa,SVN,1952,3934
mpd2020-pib-per-capita-mapa,SVN,1953,4106
mpd2020-pib-per-capita-mapa,SVN,1954,4623
mpd2020-pib-per-capita-mapa,SVN,1955,5002
mpd2020-pib-per-capita-mapa,SVN,1956,4889
mpd2020-pib-per-capita-mapa,SVN,1957,5432
mpd2020-pib-per-capita-mapa,SVN,1958,6005
mpd2020-pib-per-capita-mapa,SVN,1959,6304
mpd2020-pib-per-capita-mapa,SVN,1960,7165
mpd2020-pib-per-capita-mapa,SVN,1961,7760
mpd2020-pib-per-capita-mapa,SVN,1962,8027
mpd2020-pib-per-capita-mapa,SVN,1963,8871
mpd2020-pib-per-capita-mapa,SVN,1964,9624
mpd2020-pib-per-capita-mapa,SVN,1965,9589
mpd2020-pib-per-capita-mapa,SVN,1966,10029
mpd2020-pib-per-capita-mapa,SVN,1967,10264
mpd2020-pib-per-capita-mapa,SVN,1968,10822
mpd2020-pib-per-capita-mapa,SVN,1969,11775
mpd2020-pib-per-capita-mapa,SVN,1970,12803
mpd2020-pib-per-capita-mapa,SVN,1971,13657
mpd2020-pib-per-capita-mapa,SVN,1972,14269
mpd2020-pib-per-capita-mapa,SVN,1973,15079
mpd2020-pib-per-capita-mapa,SVN,1974,16420
mpd2020-pib-per-capita-mapa,SVN,1975,17205
mpd2020-pib-per-capita-mapa,SVN,1976,17462
mpd2020-pib-per-capita-mapa,SVN,1977,18595
mpd2020-pib-per-capita-mapa,SVN,1978,20014
mpd2020-pib-per-capita-mapa,SVN,1979,21367
mpd2020-pib-per-capita-mapa,SVN,1980,21151
mpd2020-pib-per-capita-mapa,SVN,1981,20929
mpd2020-pib-per-capita-mapa,SVN,1982,20535
mpd2020-pib-per-capita-mapa,SVN,1983,20451
mpd2020-pib-per-capita-mapa,SVN,1984,20650
mpd2020-pib-per-capita-mapa,SVN,1985,20663
mpd2020-pib-per-capita-mapa,SVN,1986,21122
mpd2020-pib-per-capita-mapa,SVN,1987,20851
mpd2020-pib-per-capita-mapa,SVN,1988,20083
mpd2020-pib-per-capita-mapa,SVN,1989,19837
mpd2020-pib-per-capita-mapa,SVN,1990,18093
mpd2020-pib-per-capita-mapa,SVN,1991,16401.9591
mpd2020-pib-per-capita-mapa,SVN,1992,15462.7102
mpd2020-pib-per-capita-mapa,SVN,1993,15872.1203
mpd2020-pib-per-capita-mapa,SVN,1994,16664.7058
mpd2020-pib-per-capita-mapa,SVN,1995,17816.801
mpd2020-pib-per-capita-mapa,SVN,1996,18376.2462
mpd2020-pib-per-capita-mapa,SVN,1997,19258.9459
mpd2020-pib-per-capita-mapa,SVN,1998,19851.0571
mpd2020-pib-per-capita-mapa,SVN,1999,20793.918
mpd2020-pib-per-capita-mapa,SVN,2000,21501.3367
mpd2020-pib-per-capita-mapa,SVN,2001,22006.9538
mpd2020-pib-per-capita-mapa,SVN,2002,22725.312
mpd2020-pib-per-capita-mapa,SVN,2003,23257.4218
mpd2020-pib-per-capita-mapa,SVN,2004,24150.584
mpd2020-pib-per-capita-mapa,SVN,2005,24966.9388
mpd2020-pib-per-capita-mapa,SVN,2006,26182.7797
mpd2020-pib-per-capita-mapa,SVN,2007,27832.7638
mpd2020-pib-per-capita-mapa,SVN,2008,28473.5957
mpd2020-pib-per-capita-mapa,SVN,2009,25905.5127
mpd2020-pib-per-capita-mapa,SVN,2010,26000.9207
mpd2020-pib-per-capita-mapa,SVN,2011,26004
mpd2020-pib-per-capita-mapa,SVN,2012,25252
mpd2020-pib-per-capita-mapa,SVN,2013,24944
mpd2020-pib-per-capita-mapa,SVN,2014,25693
mpd2020-pib-per-capita-mapa,SVN,2015,26268
mpd2020-pib-per-capita-mapa,SVN,2016,26908
mpd2020-pib-per-capita-mapa,SVN,2017,28190.1795
mpd2020-pib-per-capita-mapa,SVN,2018,29244.9198
mpd2020-pib-per-capita-mapa,SWE,1820,1415
mpd2020-pib-per-capita-mapa,SWE,1821,1457
mpd2020-pib-per-capita-mapa,SWE,1822,1465
mpd2020-pib-per-capita-mapa,SWE,1823,1449
mpd2020-pib-per-capita-mapa,SWE,1824,1487
mpd2020-pib-per-capita-mapa,SWE,1825,1527
mpd2020-pib-per-capita-mapa,SWE,1826,1532
mpd2020-pib-per-capita-mapa,SWE,1827,1458
mpd2020-pib-per-capita-mapa,SWE,1828,1486
mpd2020-pib-per-capita-mapa,SWE,1829,1506
mpd2020-pib-per-capita-mapa,SWE,1830,1468
mpd2020-pib-per-capita-mapa,SWE,1831,1497
mpd2020-pib-per-capita-mapa,SWE,1832,1457
mpd2020-pib-per-capita-mapa,SWE,1833,1503
mpd2020-pib-per-capita-mapa,SWE,1834,1522
mpd2020-pib-per-capita-mapa,SWE,1835,1517
mpd2020-pib-per-capita-mapa,SWE,1836,1565
mpd2020-pib-per-capita-mapa,SWE,1837,1554
mpd2020-pib-per-capita-mapa,SWE,1838,1529
mpd2020-pib-per-capita-mapa,SWE,1839,1546
mpd2020-pib-per-capita-mapa,SWE,1840,1568
mpd2020-pib-per-capita-mapa,SWE,1841,1549
mpd2020-pib-per-capita-mapa,SWE,1842,1476
mpd2020-pib-per-capita-mapa,SWE,1843,1508
mpd2020-pib-per-capita-mapa,SWE,1844,1573
mpd2020-pib-per-capita-mapa,SWE,1845,1610
mpd2020-pib-per-capita-mapa,SWE,1846,1554
mpd2020-pib-per-capita-mapa,SWE,1847,1594
mpd2020-pib-per-capita-mapa,SWE,1848,1612
mpd2020-pib-per-capita-mapa,SWE,1849,1672
mpd2020-pib-per-capita-mapa,SWE,1850,1715
mpd2020-pib-per-capita-mapa,SWE,1851,1682
mpd2020-pib-per-capita-mapa,SWE,1852,1645
mpd2020-pib-per-capita-mapa,SWE,1853,1667
mpd2020-pib-per-capita-mapa,SWE,1854,1685
mpd2020-pib-per-capita-mapa,SWE,1855,1788
mpd2020-pib-per-capita-mapa,SWE,1856,1771
mpd2020-pib-per-capita-mapa,SWE,1857,1819
mpd2020-pib-per-capita-mapa,SWE,1858,1841
mpd2020-pib-per-capita-mapa,SWE,1859,1906
mpd2020-pib-per-capita-mapa,SWE,1860,1941
mpd2020-pib-per-capita-mapa,SWE,1861,1865
mpd2020-pib-per-capita-mapa,SWE,1862,1808
mpd2020-pib-per-capita-mapa,SWE,1863,1886
mpd2020-pib-per-capita-mapa,SWE,1864,1919
mpd2020-pib-per-capita-mapa,SWE,1865,1953
mpd2020-pib-per-capita-mapa,SWE,1866,1921
mpd2020-pib-per-capita-mapa,SWE,1867,1949
mpd2020-pib-per-capita-mapa,SWE,1868,1774
mpd2020-pib-per-capita-mapa,SWE,1869,1902
mpd2020-pib-per-capita-mapa,SWE,1870,2144
mpd2020-pib-per-capita-mapa,SWE,1871,2219
mpd2020-pib-per-capita-mapa,SWE,1872,2259
mpd2020-pib-per-capita-mapa,SWE,1873,2284
mpd2020-pib-per-capita-mapa,SWE,1874,2370
mpd2020-pib-per-capita-mapa,SWE,1875,2286
mpd2020-pib-per-capita-mapa,SWE,1876,2431
mpd2020-pib-per-capita-mapa,SWE,1877,2377
mpd2020-pib-per-capita-mapa,SWE,1878,2291
mpd2020-pib-per-capita-mapa,SWE,1879,2416
mpd2020-pib-per-capita-mapa,SWE,1880,2359
mpd2020-pib-per-capita-mapa,SWE,1881,2444
mpd2020-pib-per-capita-mapa,SWE,1882,2354
mpd2020-pib-per-capita-mapa,SWE,1883,2531
mpd2020-pib-per-capita-mapa,SWE,1884,2477
mpd2020-pib-per-capita-mapa,SWE,1885,2522
mpd2020-pib-per-capita-mapa,SWE,1886,2547
mpd2020-pib-per-capita-mapa,SWE,1887,2471
mpd2020-pib-per-capita-mapa,SWE,1888,2511
mpd2020-pib-per-capita-mapa,SWE,1889,2549
mpd2020-pib-per-capita-mapa,SWE,1890,2606
mpd2020-pib-per-capita-mapa,SWE,1891,2748
mpd2020-pib-per-capita-mapa,SWE,1892,2713
mpd2020-pib-per-capita-mapa,SWE,1893,2778
mpd2020-pib-per-capita-mapa,SWE,1894,2791
mpd2020-pib-per-capita-mapa,SWE,1895,2927
mpd2020-pib-per-capita-mapa,SWE,1896,3003
mpd2020-pib-per-capita-mapa,SWE,1897,3121
mpd2020-pib-per-capita-mapa,SWE,1898,3228
mpd2020-pib-per-capita-mapa,SWE,1899,3308
mpd2020-pib-per-capita-mapa,SWE,1900,3320
mpd2020-pib-per-capita-mapa,SWE,1901,3406
mpd2020-pib-per-capita-mapa,SWE,1902,3362
mpd2020-pib-per-capita-mapa,SWE,1903,3539
mpd2020-pib-per-capita-mapa,SWE,1904,3599
mpd2020-pib-per-capita-mapa,SWE,1905,3547
mpd2020-pib-per-capita-mapa,SWE,1906,3830
mpd2020-pib-per-capita-mapa,SWE,1907,4085
mpd2020-pib-per-capita-mapa,SWE,1908,3959
mpd2020-pib-per-capita-mapa,SWE,1909,3980
mpd2020-pib-per-capita-mapa,SWE,1910,4053
mpd2020-pib-per-capita-mapa,SWE,1911,4154
mpd2020-pib-per-capita-mapa,SWE,1912,4312
mpd2020-pib-per-capita-mapa,SWE,1913,4581
mpd2020-pib-per-capita-mapa,SWE,1914,4678
mpd2020-pib-per-capita-mapa,SWE,1915,4841
mpd2020-pib-per-capita-mapa,SWE,1916,5109
mpd2020-pib-per-capita-mapa,SWE,1917,4799
mpd2020-pib-per-capita-mapa,SWE,1918,4434
mpd2020-pib-per-capita-mapa,SWE,1919,4503
mpd2020-pib-per-capita-mapa,SWE,1920,4788
mpd2020-pib-per-capita-mapa,SWE,1921,4543
mpd2020-pib-per-capita-mapa,SWE,1922,4868
mpd2020-pib-per-capita-mapa,SWE,1923,5023
mpd2020-pib-per-capita-mapa,SWE,1924,5365
mpd2020-pib-per-capita-mapa,SWE,1925,5488
mpd2020-pib-per-capita-mapa,SWE,1926,5756
mpd2020-pib-per-capita-mapa,SWE,1927,5942
mpd2020-pib-per-capita-mapa,SWE,1928,6113
mpd2020-pib-per-capita-mapa,SWE,1929,6476
mpd2020-pib-per-capita-mapa,SWE,1930,6755
mpd2020-pib-per-capita-mapa,SWE,1931,6582
mpd2020-pib-per-capita-mapa,SWE,1932,6325
mpd2020-pib-per-capita-mapa,SWE,1933,6429
mpd2020-pib-per-capita-mapa,SWE,1934,6845
mpd2020-pib-per-capita-mapa,SWE,1935,7160
mpd2020-pib-per-capita-mapa,SWE,1936,7396
mpd2020-pib-per-capita-mapa,SWE,1937,7579
mpd2020-pib-per-capita-mapa,SWE,1938,7812
mpd2020-pib-per-capita-mapa,SWE,1939,8370
mpd2020-pib-per-capita-mapa,SWE,1940,7739
mpd2020-pib-per-capita-mapa,SWE,1941,7511
mpd2020-pib-per-capita-mapa,SWE,1942,7557
mpd2020-pib-per-capita-mapa,SWE,1943,7779
mpd2020-pib-per-capita-mapa,SWE,1944,7987
mpd2020-pib-per-capita-mapa,SWE,1945,8201
mpd2020-pib-per-capita-mapa,SWE,1946,9000
mpd2020-pib-per-capita-mapa,SWE,1947,9709
mpd2020-pib-per-capita-mapa,SWE,1948,9822
mpd2020-pib-per-capita-mapa,SWE,1949,10127
mpd2020-pib-per-capita-mapa,SWE,1950,10742
mpd2020-pib-per-capita-mapa,SWE,1951,11077
mpd2020-pib-per-capita-mapa,SWE,1952,11152
mpd2020-pib-per-capita-mapa,SWE,1953,11389
mpd2020-pib-per-capita-mapa,SWE,1954,11799
mpd2020-pib-per-capita-mapa,SWE,1955,12060
mpd2020-pib-per-capita-mapa,SWE,1956,12428
mpd2020-pib-per-capita-mapa,SWE,1957,12899
mpd2020-pib-per-capita-mapa,SWE,1958,12884
mpd2020-pib-per-capita-mapa,SWE,1959,13211
mpd2020-pib-per-capita-mapa,SWE,1960,13849
mpd2020-pib-per-capita-mapa,SWE,1961,14564
mpd2020-pib-per-capita-mapa,SWE,1962,15093
mpd2020-pib-per-capita-mapa,SWE,1963,15808
mpd2020-pib-per-capita-mapa,SWE,1964,16761
mpd2020-pib-per-capita-mapa,SWE,1965,17239
mpd2020-pib-per-capita-mapa,SWE,1966,17432
mpd2020-pib-per-capita-mapa,SWE,1967,17883
mpd2020-pib-per-capita-mapa,SWE,1968,18428
mpd2020-pib-per-capita-mapa,SWE,1969,19215
mpd2020-pib-per-capita-mapa,SWE,1970,20269
mpd2020-pib-per-capita-mapa,SWE,1971,20320
mpd2020-pib-per-capita-mapa,SWE,1972,20725
mpd2020-pib-per-capita-mapa,SWE,1973,21509
mpd2020-pib-per-capita-mapa,SWE,1974,22132
mpd2020-pib-per-capita-mapa,SWE,1975,22607
mpd2020-pib-per-capita-mapa,SWE,1976,22765
mpd2020-pib-per-capita-mapa,SWE,1977,22322
mpd2020-pib-per-capita-mapa,SWE,1978,22646
mpd2020-pib-per-capita-mapa,SWE,1979,23465
mpd2020-pib-per-capita-mapa,SWE,1980,23809
mpd2020-pib-per-capita-mapa,SWE,1981,23777
mpd2020-pib-per-capita-mapa,SWE,1982,24002
mpd2020-pib-per-capita-mapa,SWE,1983,24412
mpd2020-pib-per-capita-mapa,SWE,1984,25357
mpd2020-pib-per-capita-mapa,SWE,1985,25805
mpd2020-pib-per-capita-mapa,SWE,1986,26309
mpd2020-pib-per-capita-mapa,SWE,1987,27016
mpd2020-pib-per-capita-mapa,SWE,1988,27468
mpd2020-pib-per-capita-mapa,SWE,1989,27933
mpd2020-pib-per-capita-mapa,SWE,1990,28068
mpd2020-pib-per-capita-mapa,SWE,1991,27614.0346
mpd2020-pib-per-capita-mapa,SWE,1992,27198.5287
mpd2020-pib-per-capita-mapa,SWE,1993,26558.825
mpd2020-pib-per-capita-mapa,SWE,1994,27505.9554
mpd2020-pib-per-capita-mapa,SWE,1995,28519.4441
mpd2020-pib-per-capita-mapa,SWE,1996,29012.1047
mpd2020-pib-per-capita-mapa,SWE,1997,29862.6667
mpd2020-pib-per-capita-mapa,SWE,1998,31187.1646
mpd2020-pib-per-capita-mapa,SWE,1999,32705.2149
mpd2020-pib-per-capita-mapa,SWE,2000,34202.6042
mpd2020-pib-per-capita-mapa,SWE,2001,34666.6626
mpd2020-pib-per-capita-mapa,SWE,2002,35569.774
mpd2020-pib-per-capita-mapa,SWE,2003,36435.754
mpd2020-pib-per-capita-mapa,SWE,2004,38016.0635
mpd2020-pib-per-capita-mapa,SWE,2005,39258.992
mpd2020-pib-per-capita-mapa,SWE,2006,40992.2995
mpd2020-pib-per-capita-mapa,SWE,2007,42399.8444
mpd2020-pib-per-capita-mapa,SWE,2008,42189.964
mpd2020-pib-per-capita-mapa,SWE,2009,40116.3107
mpd2020-pib-per-capita-mapa,SWE,2010,42634.7545
mpd2020-pib-per-capita-mapa,SWE,2011,42079
mpd2020-pib-per-capita-mapa,SWE,2012,41650
mpd2020-pib-per-capita-mapa,SWE,2013,41811
mpd2020-pib-per-capita-mapa,SWE,2014,42476
mpd2020-pib-per-capita-mapa,SWE,2015,43746
mpd2020-pib-per-capita-mapa,SWE,2016,44659
mpd2020-pib-per-capita-mapa,SWE,2017,45192.7432
mpd2020-pib-per-capita-mapa,SWE,2018,45541.8921
mpd2020-pib-per-capita-mapa,SWZ,1950,604
mpd2020-pib-per-capita-mapa,SWZ,1951,623
mpd2020-pib-per-capita-mapa,SWZ,1952,628
mpd2020-pib-per-capita-mapa,SWZ,1953,638
mpd2020-pib-per-capita-mapa,SWZ,1954,658
mpd2020-pib-per-capita-mapa,SWZ,1955,663
mpd2020-pib-per-capita-mapa,SWZ,1956,673
mpd2020-pib-per-capita-mapa,SWZ,1957,682
mpd2020-pib-per-capita-mapa,SWZ,1958,684
mpd2020-pib-per-capita-mapa,SWZ,1959,706
mpd2020-pib-per-capita-mapa,SWZ,1960,783
mpd2020-pib-per-capita-mapa,SWZ,1961,861
mpd2020-pib-per-capita-mapa,SWZ,1962,1017
mpd2020-pib-per-capita-mapa,SWZ,1963,1047
mpd2020-pib-per-capita-mapa,SWZ,1964,1172
mpd2020-pib-per-capita-mapa,SWZ,1965,1320
mpd2020-pib-per-capita-mapa,SWZ,1966,1341
mpd2020-pib-per-capita-mapa,SWZ,1967,1431
mpd2020-pib-per-capita-mapa,SWZ,1968,1329
mpd2020-pib-per-capita-mapa,SWZ,1969,1350
mpd2020-pib-per-capita-mapa,SWZ,1970,1704
mpd2020-pib-per-capita-mapa,SWZ,1971,1722
mpd2020-pib-per-capita-mapa,SWZ,1972,1889
mpd2020-pib-per-capita-mapa,SWZ,1973,1902
mpd2020-pib-per-capita-mapa,SWZ,1974,2204
mpd2020-pib-per-capita-mapa,SWZ,1975,2856
mpd2020-pib-per-capita-mapa,SWZ,1976,3142
mpd2020-pib-per-capita-mapa,SWZ,1977,3083
mpd2020-pib-per-capita-mapa,SWZ,1978,3030
mpd2020-pib-per-capita-mapa,SWZ,1979,2990
mpd2020-pib-per-capita-mapa,SWZ,1980,2946
mpd2020-pib-per-capita-mapa,SWZ,1981,3049
mpd2020-pib-per-capita-mapa,SWZ,1982,3005
mpd2020-pib-per-capita-mapa,SWZ,1983,2888
mpd2020-pib-per-capita-mapa,SWZ,1984,2858
mpd2020-pib-per-capita-mapa,SWZ,1985,2812
mpd2020-pib-per-capita-mapa,SWZ,1986,3210
mpd2020-pib-per-capita-mapa,SWZ,1987,3403
mpd2020-pib-per-capita-mapa,SWZ,1988,3492
mpd2020-pib-per-capita-mapa,SWZ,1989,3668
mpd2020-pib-per-capita-mapa,SWZ,1990,3881
mpd2020-pib-per-capita-mapa,SWZ,1991,3851.2898
mpd2020-pib-per-capita-mapa,SWZ,1992,3901.4001
mpd2020-pib-per-capita-mapa,SWZ,1993,3982.2794
mpd2020-pib-per-capita-mapa,SWZ,1994,4134.2081
mpd2020-pib-per-capita-mapa,SWZ,1995,4383.6775
mpd2020-pib-per-capita-mapa,SWZ,1996,4514.5491
mpd2020-pib-per-capita-mapa,SWZ,1997,4620.9185
mpd2020-pib-per-capita-mapa,SWZ,1998,4712.5363
mpd2020-pib-per-capita-mapa,SWZ,1999,4827.2863
mpd2020-pib-per-capita-mapa,SWZ,2000,4894.5207
mpd2020-pib-per-capita-mapa,SWZ,2001,4976.9049
mpd2020-pib-per-capita-mapa,SWZ,2002,5136.7248
mpd2020-pib-per-capita-mapa,SWZ,2003,5377.5576
mpd2020-pib-per-capita-mapa,SWZ,2004,5559.4701
mpd2020-pib-per-capita-mapa,SWZ,2005,5867.2334
mpd2020-pib-per-capita-mapa,SWZ,2006,6187.7662
mpd2020-pib-per-capita-mapa,SWZ,2007,6467.8204
mpd2020-pib-per-capita-mapa,SWZ,2008,6791.3922
mpd2020-pib-per-capita-mapa,SWZ,2009,7011.0953
mpd2020-pib-per-capita-mapa,SWZ,2010,7192.752
mpd2020-pib-per-capita-mapa,SWZ,2011,7389
mpd2020-pib-per-capita-mapa,SWZ,2012,7552
mpd2020-pib-per-capita-mapa,SWZ,2013,7805
mpd2020-pib-per-capita-mapa,SWZ,2014,7927
mpd2020-pib-per-capita-mapa,SWZ,2015,7969
mpd2020-pib-per-capita-mapa,SWZ,2016,7881
mpd2020-pib-per-capita-mapa,SWZ,2017,7963.2881
mpd2020-pib-per-capita-mapa,SWZ,2018,8068.2118
mpd2020-pib-per-capita-mapa,SYC,1950,2632
mpd2020-pib-per-capita-mapa,SYC,1951,2778
mpd2020-pib-per-capita-mapa,SYC,1952,2821
mpd2020-pib-per-capita-mapa,SYC,1953,2868
mpd2020-pib-per-capita-mapa,SYC,1954,2992
mpd2020-pib-per-capita-mapa,SYC,1955,2979
mpd2020-pib-per-capita-mapa,SYC,1956,2949
mpd2020-pib-per-capita-mapa,SYC,1957,3008
mpd2020-pib-per-capita-mapa,SYC,1958,3027
mpd2020-pib-per-capita-mapa,SYC,1959,3102
mpd2020-pib-per-capita-mapa,SYC,1960,3257
mpd2020-pib-per-capita-mapa,SYC,1961,2995
mpd2020-pib-per-capita-mapa,SYC,1962,3174
mpd2020-pib-per-capita-mapa,SYC,1963,3384
mpd2020-pib-per-capita-mapa,SYC,1964,3424
mpd2020-pib-per-capita-mapa,SYC,1965,3351
mpd2020-pib-per-capita-mapa,SYC,1966,3351
mpd2020-pib-per-capita-mapa,SYC,1967,3277
mpd2020-pib-per-capita-mapa,SYC,1968,3470
mpd2020-pib-per-capita-mapa,SYC,1969,3379
mpd2020-pib-per-capita-mapa,SYC,1970,3537
mpd2020-pib-per-capita-mapa,SYC,1971,3987
mpd2020-pib-per-capita-mapa,SYC,1972,4149
mpd2020-pib-per-capita-mapa,SYC,1973,4468
mpd2020-pib-per-capita-mapa,SYC,1974,4457
mpd2020-pib-per-capita-mapa,SYC,1975,4506
mpd2020-pib-per-capita-mapa,SYC,1976,5149
mpd2020-pib-per-capita-mapa,SYC,1977,5491
mpd2020-pib-per-capita-mapa,SYC,1978,5906
mpd2020-pib-per-capita-mapa,SYC,1979,6709
mpd2020-pib-per-capita-mapa,SYC,1980,6424
mpd2020-pib-per-capita-mapa,SYC,1981,5928
mpd2020-pib-per-capita-mapa,SYC,1982,5786
mpd2020-pib-per-capita-mapa,SYC,1983,5638
mpd2020-pib-per-capita-mapa,SYC,1984,6030
mpd2020-pib-per-capita-mapa,SYC,1985,6585
mpd2020-pib-per-capita-mapa,SYC,1986,6601
mpd2020-pib-per-capita-mapa,SYC,1987,6827
mpd2020-pib-per-capita-mapa,SYC,1988,7114
mpd2020-pib-per-capita-mapa,SYC,1989,7755
mpd2020-pib-per-capita-mapa,SYC,1990,8239
mpd2020-pib-per-capita-mapa,SYC,1991,8570.6739
mpd2020-pib-per-capita-mapa,SYC,1992,9304.8081
mpd2020-pib-per-capita-mapa,SYC,1993,10009.9141
mpd2020-pib-per-capita-mapa,SYC,1994,10060.8248
mpd2020-pib-per-capita-mapa,SYC,1995,10135.0958
mpd2020-pib-per-capita-mapa,SYC,1996,10468.9906
mpd2020-pib-per-capita-mapa,SYC,1997,12233.0497
mpd2020-pib-per-capita-mapa,SYC,1998,13801.1873
mpd2020-pib-per-capita-mapa,SYC,1999,14235.7868
mpd2020-pib-per-capita-mapa,SYC,2000,14379.832
mpd2020-pib-per-capita-mapa,SYC,2001,14221.1627
mpd2020-pib-per-capita-mapa,SYC,2002,14581.4114
mpd2020-pib-per-capita-mapa,SYC,2003,13835.9936
mpd2020-pib-per-capita-mapa,SYC,2004,13735.8976
mpd2020-pib-per-capita-mapa,SYC,2005,15172.5632
mpd2020-pib-per-capita-mapa,SYC,2006,16824.6125
mpd2020-pib-per-capita-mapa,SYC,2007,18832.8259
mpd2020-pib-per-capita-mapa,SYC,2008,18687.391
mpd2020-pib-per-capita-mapa,SYC,2009,18743.9969
mpd2020-pib-per-capita-mapa,SYC,2010,20147.1782
mpd2020-pib-per-capita-mapa,SYC,2011,21545
mpd2020-pib-per-capita-mapa,SYC,2012,22130
mpd2020-pib-per-capita-mapa,SYC,2013,23036
mpd2020-pib-per-capita-mapa,SYC,2014,24250
mpd2020-pib-per-capita-mapa,SYC,2015,25690
mpd2020-pib-per-capita-mapa,SYC,2016,26624
mpd2020-pib-per-capita-mapa,SYC,2017,27573.6871
mpd2020-pib-per-capita-mapa,SYC,2018,29531.0612
mpd2020-pib-per-capita-mapa,SYR,1820,1084
mpd2020-pib-per-capita-mapa,SYR,1870,1403
mpd2020-pib-per-capita-mapa,SYR,1913,2072
mpd2020-pib-per-capita-mapa,SYR,1950,3838
mpd2020-pib-per-capita-mapa,SYR,1951,3609
mpd2020-pib-per-capita-mapa,SYR,1952,4441
mpd2020-pib-per-capita-mapa,SYR,1953,4916
mpd2020-pib-per-capita-mapa,SYR,1954,5504
mpd2020-pib-per-capita-mapa,SYR,1955,4844
mpd2020-pib-per-capita-mapa,SYR,1956,5592
mpd2020-pib-per-capita-mapa,SYR,1957,5781
mpd2020-pib-per-capita-mapa,SYR,1958,4844
mpd2020-pib-per-capita-mapa,SYR,1959,4881
mpd2020-pib-per-capita-mapa,SYR,1960,4819
mpd2020-pib-per-capita-mapa,SYR,1961,5050
mpd2020-pib-per-capita-mapa,SYR,1962,6051
mpd2020-pib-per-capita-mapa,SYR,1963,5855
mpd2020-pib-per-capita-mapa,SYR,1964,5797
mpd2020-pib-per-capita-mapa,SYR,1965,5598
mpd2020-pib-per-capita-mapa,SYR,1966,5004
mpd2020-pib-per-capita-mapa,SYR,1967,5246
mpd2020-pib-per-capita-mapa,SYR,1968,5270
mpd2020-pib-per-capita-mapa,SYR,1969,6059
mpd2020-pib-per-capita-mapa,SYR,1970,5643
mpd2020-pib-per-capita-mapa,SYR,1971,5992
mpd2020-pib-per-capita-mapa,SYR,1972,7243
mpd2020-pib-per-capita-mapa,SYR,1973,6403
mpd2020-pib-per-capita-mapa,SYR,1974,7685
mpd2020-pib-per-capita-mapa,SYR,1975,8878
mpd2020-pib-per-capita-mapa,SYR,1976,9526
mpd2020-pib-per-capita-mapa,SYR,1977,9094
mpd2020-pib-per-capita-mapa,SYR,1978,9561
mpd2020-pib-per-capita-mapa,SYR,1979,9580
mpd2020-pib-per-capita-mapa,SYR,1980,10374
mpd2020-pib-per-capita-mapa,SYR,1981,10984
mpd2020-pib-per-capita-mapa,SYR,1982,10817
mpd2020-pib-per-capita-mapa,SYR,1983,10581
mpd2020-pib-per-capita-mapa,SYR,1984,9792
mpd2020-pib-per-capita-mapa,SYR,1985,10026
mpd2020-pib-per-capita-mapa,SYR,1986,9200
mpd2020-pib-per-capita-mapa,SYR,1987,9055
mpd2020-pib-per-capita-mapa,SYR,1988,9913
mpd2020-pib-per-capita-mapa,SYR,1989,8735
mpd2020-pib-per-capita-mapa,SYR,1990,9087
mpd2020-pib-per-capita-mapa,SYR,1991,9424.1226
mpd2020-pib-per-capita-mapa,SYR,1992,10002.276
mpd2020-pib-per-capita-mapa,SYR,1993,10072.4865
mpd2020-pib-per-capita-mapa,SYR,1994,9969.374
mpd2020-pib-per-capita-mapa,SYR,1995,9856.4831
mpd2020-pib-per-capita-mapa,SYR,1996,9517.3722
mpd2020-pib-per-capita-mapa,SYR,1997,8826.7735
mpd2020-pib-per-capita-mapa,SYR,1998,8742.9736
mpd2020-pib-per-capita-mapa,SYR,1999,7960.2918
mpd2020-pib-per-capita-mapa,SYR,2000,7668.0717
mpd2020-pib-per-capita-mapa,SYR,2001,7509.3042
mpd2020-pib-per-capita-mapa,SYR,2002,7529.7016
mpd2020-pib-per-capita-mapa,SYR,2003,6986.5238
mpd2020-pib-per-capita-mapa,SYR,2004,7051.4285
mpd2020-pib-per-capita-mapa,SYR,2005,7037.7182
mpd2020-pib-per-capita-mapa,SYR,2006,6901.7779
mpd2020-pib-per-capita-mapa,SYR,2007,6779.5371
mpd2020-pib-per-capita-mapa,SYR,2008,6600.3787
mpd2020-pib-per-capita-mapa,SYR,2009,6586.5183
mpd2020-pib-per-capita-mapa,SYR,2010,6520.6123
mpd2020-pib-per-capita-mapa,SYR,2011,5979
mpd2020-pib-per-capita-mapa,SYR,2012,4829
mpd2020-pib-per-capita-mapa,SYR,2013,4124
mpd2020-pib-per-capita-mapa,SYR,2014,3536
mpd2020-pib-per-capita-mapa,SYR,2015,3049
mpd2020-pib-per-capita-mapa,SYR,2016,3091
mpd2020-pib-per-capita-mapa,SYR,2017,3241.3958
mpd2020-pib-per-capita-mapa,SYR,2018,3349.4597
mpd2020-pib-per-capita-mapa,TCD,1950,815
mpd2020-pib-per-capita-mapa,TCD,1951,834
mpd2020-pib-per-capita-mapa,TCD,1952,851
mpd2020-pib-per-capita-mapa,TCD,1953,870
mpd2020-pib-per-capita-mapa,TCD,1954,888
mpd2020-pib-per-capita-mapa,TCD,1955,907
mpd2020-pib-per-capita-mapa,TCD,1956,926
mpd2020-pib-per-capita-mapa,TCD,1957,945
mpd2020-pib-per-capita-mapa,TCD,1958,966
mpd2020-pib-per-capita-mapa,TCD,1959,983
mpd2020-pib-per-capita-mapa,TCD,1960,974
mpd2020-pib-per-capita-mapa,TCD,1961,971
mpd2020-pib-per-capita-mapa,TCD,1962,1004
mpd2020-pib-per-capita-mapa,TCD,1963,972
mpd2020-pib-per-capita-mapa,TCD,1964,929
mpd2020-pib-per-capita-mapa,TCD,1965,913
mpd2020-pib-per-capita-mapa,TCD,1966,878
mpd2020-pib-per-capita-mapa,TCD,1967,866
mpd2020-pib-per-capita-mapa,TCD,1968,843
mpd2020-pib-per-capita-mapa,TCD,1969,881
mpd2020-pib-per-capita-mapa,TCD,1970,880
mpd2020-pib-per-capita-mapa,TCD,1971,877
mpd2020-pib-per-capita-mapa,TCD,1972,800
mpd2020-pib-per-capita-mapa,TCD,1973,746
mpd2020-pib-per-capita-mapa,TCD,1974,829
mpd2020-pib-per-capita-mapa,TCD,1975,952
mpd2020-pib-per-capita-mapa,TCD,1976,918
mpd2020-pib-per-capita-mapa,TCD,1977,830
mpd2020-pib-per-capita-mapa,TCD,1978,808
mpd2020-pib-per-capita-mapa,TCD,1979,622
mpd2020-pib-per-capita-mapa,TCD,1980,583
mpd2020-pib-per-capita-mapa,TCD,1981,521
mpd2020-pib-per-capita-mapa,TCD,1982,524
mpd2020-pib-per-capita-mapa,TCD,1983,577
mpd2020-pib-per-capita-mapa,TCD,1984,601
mpd2020-pib-per-capita-mapa,TCD,1985,642
mpd2020-pib-per-capita-mapa,TCD,1986,662
mpd2020-pib-per-capita-mapa,TCD,1987,663
mpd2020-pib-per-capita-mapa,TCD,1988,692
mpd2020-pib-per-capita-mapa,TCD,1989,685
mpd2020-pib-per-capita-mapa,TCD,1990,692
mpd2020-pib-per-capita-mapa,TCD,1991,703.2837
mpd2020-pib-per-capita-mapa,TCD,1992,698.739
mpd2020-pib-per-capita-mapa,TCD,1993,680.8005
mpd2020-pib-per-capita-mapa,TCD,1994,713.8271
mpd2020-pib-per-capita-mapa,TCD,1995,700.7076
mpd2020-pib-per-capita-mapa,TCD,1996,694.105
mpd2020-pib-per-capita-mapa,TCD,1997,719.1531
mpd2020-pib-per-capita-mapa,TCD,1998,753.8608
mpd2020-pib-per-capita-mapa,TCD,1999,733.7812
mpd2020-pib-per-capita-mapa,TCD,2000,716.0424
mpd2020-pib-per-capita-mapa,TCD,2001,783.0552
mpd2020-pib-per-capita-mapa,TCD,2002,831.8292
mpd2020-pib-per-capita-mapa,TCD,2003,925.5126
mpd2020-pib-per-capita-mapa,TCD,2004,1200.2726
mpd2020-pib-per-capita-mapa,TCD,2005,1266.105
mpd2020-pib-per-capita-mapa,TCD,2006,1225.5163
mpd2020-pib-per-capita-mapa,TCD,2007,1422.3408
mpd2020-pib-per-capita-mapa,TCD,2008,1422.2312
mpd2020-pib-per-capita-mapa,TCD,2009,1533.1795
mpd2020-pib-per-capita-mapa,TCD,2010,1720.3343
mpd2020-pib-per-capita-mapa,TCD,2011,1661
mpd2020-pib-per-capita-mapa,TCD,2012,1793
mpd2020-pib-per-capita-mapa,TCD,2013,1888
mpd2020-pib-per-capita-mapa,TCD,2014,2279
mpd2020-pib-per-capita-mapa,TCD,2015,2384
mpd2020-pib-per-capita-mapa,TCD,2016,2189
mpd2020-pib-per-capita-mapa,TCD,2017,2066.3463
mpd2020-pib-per-capita-mapa,TCD,2018,2046.3631
mpd2020-pib-per-capita-mapa,TGO,1950,870
mpd2020-pib-per-capita-mapa,TGO,1951,885
mpd2020-pib-per-capita-mapa,TGO,1952,899
mpd2020-pib-per-capita-mapa,TGO,1953,913
mpd2020-pib-per-capita-mapa,TGO,1954,928
mpd2020-pib-per-capita-mapa,TGO,1955,940
mpd2020-pib-per-capita-mapa,TGO,1956,955
mpd2020-pib-per-capita-mapa,TGO,1957,969
mpd2020-pib-per-capita-mapa,TGO,1958,982
mpd2020-pib-per-capita-mapa,TGO,1959,995
mpd2020-pib-per-capita-mapa,TGO,1960,1058
mpd2020-pib-per-capita-mapa,TGO,1961,1103
mpd2020-pib-per-capita-mapa,TGO,1962,1117
mpd2020-pib-per-capita-mapa,TGO,1963,1143
mpd2020-pib-per-capita-mapa,TGO,1964,1275
mpd2020-pib-per-capita-mapa,TGO,1965,1412
mpd2020-pib-per-capita-mapa,TGO,1966,1503
mpd2020-pib-per-capita-mapa,TGO,1967,1546
mpd2020-pib-per-capita-mapa,TGO,1968,1581
mpd2020-pib-per-capita-mapa,TGO,1969,1707
mpd2020-pib-per-capita-mapa,TGO,1970,1631
mpd2020-pib-per-capita-mapa,TGO,1971,1699
mpd2020-pib-per-capita-mapa,TGO,1972,1709
mpd2020-pib-per-capita-mapa,TGO,1973,1591
mpd2020-pib-per-capita-mapa,TGO,1974,1612
mpd2020-pib-per-capita-mapa,TGO,1975,1556
mpd2020-pib-per-capita-mapa,TGO,1976,1505
mpd2020-pib-per-capita-mapa,TGO,1977,1543
mpd2020-pib-per-capita-mapa,TGO,1978,1650
mpd2020-pib-per-capita-mapa,TGO,1979,1698
mpd2020-pib-per-capita-mapa,TGO,1980,1572
mpd2020-pib-per-capita-mapa,TGO,1981,1423
mpd2020-pib-per-capita-mapa,TGO,1982,1323
mpd2020-pib-per-capita-mapa,TGO,1983,1211
mpd2020-pib-per-capita-mapa,TGO,1984,1239
mpd2020-pib-per-capita-mapa,TGO,1985,1240
mpd2020-pib-per-capita-mapa,TGO,1986,1237
mpd2020-pib-per-capita-mapa,TGO,1987,1165
mpd2020-pib-per-capita-mapa,TGO,1988,1239
mpd2020-pib-per-capita-mapa,TGO,1989,1246
mpd2020-pib-per-capita-mapa,TGO,1990,1275
mpd2020-pib-per-capita-mapa,TGO,1991,1249.1679
mpd2020-pib-per-capita-mapa,TGO,1992,1181.8713
mpd2020-pib-per-capita-mapa,TGO,1993,1003.1649
mpd2020-pib-per-capita-mapa,TGO,1994,1145.7776
mpd2020-pib-per-capita-mapa,TGO,1995,1170.5977
mpd2020-pib-per-capita-mapa,TGO,1996,1215.74
mpd2020-pib-per-capita-mapa,TGO,1997,1226.327
mpd2020-pib-per-capita-mapa,TGO,1998,1174.8527
mpd2020-pib-per-capita-mapa,TGO,1999,1183.013
mpd2020-pib-per-capita-mapa,TGO,2000,1150.3659
mpd2020-pib-per-capita-mapa,TGO,2001,1115.5503
mpd2020-pib-per-capita-mapa,TGO,2002,1081.7445
mpd2020-pib-per-capita-mapa,TGO,2003,1114.4638
mpd2020-pib-per-capita-mapa,TGO,2004,1121.8058
mpd2020-pib-per-capita-mapa,TGO,2005,1119.8043
mpd2020-pib-per-capita-mapa,TGO,2006,1144.8814
mpd2020-pib-per-capita-mapa,TGO,2007,1145.9206
mpd2020-pib-per-capita-mapa,TGO,2008,1150.3579
mpd2020-pib-per-capita-mapa,TGO,2009,1165.8888
mpd2020-pib-per-capita-mapa,TGO,2010,1191.1449
mpd2020-pib-per-capita-mapa,TGO,2011,1227
mpd2020-pib-per-capita-mapa,TGO,2012,1263
mpd2020-pib-per-capita-mapa,TGO,2013,1292
mpd2020-pib-per-capita-mapa,TGO,2014,1334
mpd2020-pib-per-capita-mapa,TGO,2015,1370
mpd2020-pib-per-capita-mapa,TGO,2016,1400
mpd2020-pib-per-capita-mapa,TGO,2017,1417.8241
mpd2020-pib-per-capita-mapa,TGO,2018,1451.3609
mpd2020-pib-per-capita-mapa,THA,1820,909
mpd2020-pib-per-capita-mapa,THA,1870,969
mpd2020-pib-per-capita-mapa,THA,1890,1250
mpd2020-pib-per-capita-mapa,THA,1913,1341
mpd2020-pib-per-capita-mapa,THA,1929,1264
mpd2020-pib-per-capita-mapa,THA,1938,1317
mpd2020-pib-per-capita-mapa,THA,1950,1302
mpd2020-pib-per-capita-mapa,THA,1951,1353
mpd2020-pib-per-capita-mapa,THA,1952,1385
mpd2020-pib-per-capita-mapa,THA,1953,1490
mpd2020-pib-per-capita-mapa,THA,1954,1431
mpd2020-pib-per-capita-mapa,THA,1955,1506
mpd2020-pib-per-capita-mapa,THA,1956,1482
mpd2020-pib-per-capita-mapa,THA,1957,1451
mpd2020-pib-per-capita-mapa,THA,1958,1457
mpd2020-pib-per-capita-mapa,THA,1959,1581
mpd2020-pib-per-capita-mapa,THA,1960,1718
mpd2020-pib-per-capita-mapa,THA,1961,1753
mpd2020-pib-per-capita-mapa,THA,1962,1831
mpd2020-pib-per-capita-mapa,THA,1963,1921
mpd2020-pib-per-capita-mapa,THA,1964,1991
mpd2020-pib-per-capita-mapa,THA,1965,2085
mpd2020-pib-per-capita-mapa,THA,1966,2251
mpd2020-pib-per-capita-mapa,THA,1967,2369
mpd2020-pib-per-capita-mapa,THA,1968,2488
mpd2020-pib-per-capita-mapa,THA,1969,2608
mpd2020-pib-per-capita-mapa,THA,1970,2700
mpd2020-pib-per-capita-mapa,THA,1971,2750
mpd2020-pib-per-capita-mapa,THA,1972,2786
mpd2020-pib-per-capita-mapa,THA,1973,2987
mpd2020-pib-per-capita-mapa,THA,1974,3045
mpd2020-pib-per-capita-mapa,THA,1975,3123
mpd2020-pib-per-capita-mapa,THA,1976,3333
mpd2020-pib-per-capita-mapa,THA,1977,3585
mpd2020-pib-per-capita-mapa,THA,1978,3861
mpd2020-pib-per-capita-mapa,THA,1979,3979
mpd2020-pib-per-capita-mapa,THA,1980,4071
mpd2020-pib-per-capita-mapa,THA,1981,4230
mpd2020-pib-per-capita-mapa,THA,1982,4375
mpd2020-pib-per-capita-mapa,THA,1983,4538
mpd2020-pib-per-capita-mapa,THA,1984,4720
mpd2020-pib-per-capita-mapa,THA,1985,4862
mpd2020-pib-per-capita-mapa,THA,1986,5053
mpd2020-pib-per-capita-mapa,THA,1987,5453
mpd2020-pib-per-capita-mapa,THA,1988,6089
mpd2020-pib-per-capita-mapa,THA,1989,6735
mpd2020-pib-per-capita-mapa,THA,1990,7385
mpd2020-pib-per-capita-mapa,THA,1991,7849.7448
mpd2020-pib-per-capita-mapa,THA,1992,8409.0209
mpd2020-pib-per-capita-mapa,THA,1993,8964.2922
mpd2020-pib-per-capita-mapa,THA,1994,9499.5175
mpd2020-pib-per-capita-mapa,THA,1995,10080.2083
mpd2020-pib-per-capita-mapa,THA,1996,10458.3586
mpd2020-pib-per-capita-mapa,THA,1997,9995.6182
mpd2020-pib-per-capita-mapa,THA,1998,9077.7478
mpd2020-pib-per-capita-mapa,THA,1999,9347.0609
mpd2020-pib-per-capita-mapa,THA,2000,9627.1043
mpd2020-pib-per-capita-mapa,THA,2001,9818.7205
mpd2020-pib-per-capita-mapa,THA,2002,10276.3983
mpd2020-pib-per-capita-mapa,THA,2003,10868.8355
mpd2020-pib-per-capita-mapa,THA,2004,11408.3257
mpd2020-pib-per-capita-mapa,THA,2005,11742.1281
mpd2020-pib-per-capita-mapa,THA,2006,12180.7114
mpd2020-pib-per-capita-mapa,THA,2007,12694.7146
mpd2020-pib-per-capita-mapa,THA,2008,12768.1291
mpd2020-pib-per-capita-mapa,THA,2009,12543.3986
mpd2020-pib-per-capita-mapa,THA,2010,13343.5467
mpd2020-pib-per-capita-mapa,THA,2011,13318
mpd2020-pib-per-capita-mapa,THA,2012,14227
mpd2020-pib-per-capita-mapa,THA,2013,14562
mpd2020-pib-per-capita-mapa,THA,2014,14642
mpd2020-pib-per-capita-mapa,THA,2015,15020
mpd2020-pib-per-capita-mapa,THA,2016,15454
mpd2020-pib-per-capita-mapa,THA,2017,16032.2158
mpd2020-pib-per-capita-mapa,THA,2018,16648.6237
mpd2020-pib-per-capita-mapa,TJK,1973,6527
mpd2020-pib-per-capita-mapa,TJK,1980,5746
mpd2020-pib-per-capita-mapa,TJK,1981,5622
mpd2020-pib-per-capita-mapa,TJK,1982,5498
mpd2020-pib-per-capita-mapa,TJK,1983,5547
mpd2020-pib-per-capita-mapa,TJK,1984,5469
mpd2020-pib-per-capita-mapa,TJK,1985,5364
mpd2020-pib-per-capita-mapa,TJK,1986,5319
mpd2020-pib-per-capita-mapa,TJK,1987,5040
mpd2020-pib-per-capita-mapa,TJK,1988,5515
mpd2020-pib-per-capita-mapa,TJK,1989,4962
mpd2020-pib-per-capita-mapa,TJK,1990,4803
mpd2020-pib-per-capita-mapa,TJK,1991,4270.3701
mpd2020-pib-per-capita-mapa,TJK,1992,2832.7034
mpd2020-pib-per-capita-mapa,TJK,1993,2482.4136
mpd2020-pib-per-capita-mapa,TJK,1994,1928.3185
mpd2020-pib-per-capita-mapa,TJK,1995,1666.184
mpd2020-pib-per-capita-mapa,TJK,1996,1559.5212
mpd2020-pib-per-capita-mapa,TJK,1997,1552.6324
mpd2020-pib-per-capita-mapa,TJK,1998,1589.3316
mpd2020-pib-per-capita-mapa,TJK,1999,1621.3206
mpd2020-pib-per-capita-mapa,TJK,2000,1723.3563
mpd2020-pib-per-capita-mapa,TJK,2001,1845.4782
mpd2020-pib-per-capita-mapa,TJK,2002,1982.8837
mpd2020-pib-per-capita-mapa,TJK,2003,2135.9083
mpd2020-pib-per-capita-mapa,TJK,2004,2301.2921
mpd2020-pib-per-capita-mapa,TJK,2005,2416.867
mpd2020-pib-per-capita-mapa,TJK,2006,2524.8447
mpd2020-pib-per-capita-mapa,TJK,2007,2647.2094
mpd2020-pib-per-capita-mapa,TJK,2008,2801.7762
mpd2020-pib-per-capita-mapa,TJK,2009,2853.8885
mpd2020-pib-per-capita-mapa,TJK,2010,2975.9268
mpd2020-pib-per-capita-mapa,TJK,2011,3111
mpd2020-pib-per-capita-mapa,TJK,2012,3285
mpd2020-pib-per-capita-mapa,TJK,2013,3471
mpd2020-pib-per-capita-mapa,TJK,2014,3633
mpd2020-pib-per-capita-mapa,TJK,2015,3789
mpd2020-pib-per-capita-mapa,TJK,2016,3991
mpd2020-pib-per-capita-mapa,TJK,2017,4204.9052
mpd2020-pib-per-capita-mapa,TJK,2018,4440.3819
mpd2020-pib-per-capita-mapa,TKM,1973,7693
mpd2020-pib-per-capita-mapa,TKM,1980,6763
mpd2020-pib-per-capita-mapa,TKM,1981,6666
mpd2020-pib-per-capita-mapa,TKM,1982,6575
mpd2020-pib-per-capita-mapa,TKM,1983,6535
mpd2020-pib-per-capita-mapa,TKM,1984,6314
mpd2020-pib-per-capita-mapa,TKM,1985,6186
mpd2020-pib-per-capita-mapa,TKM,1986,6204
mpd2020-pib-per-capita-mapa,TKM,1987,6194
mpd2020-pib-per-capita-mapa,TKM,1988,6601
mpd2020-pib-per-capita-mapa,TKM,1989,5915
mpd2020-pib-per-capita-mapa,TKM,1990,5796
mpd2020-pib-per-capita-mapa,TKM,1991,5457.7569
mpd2020-pib-per-capita-mapa,TKM,1992,4587.7637
mpd2020-pib-per-capita-mapa,TKM,1993,4604.3842
mpd2020-pib-per-capita-mapa,TKM,1994,3769.6248
mpd2020-pib-per-capita-mapa,TKM,1995,3473.6802
mpd2020-pib-per-capita-mapa,TKM,1996,3226.9848
mpd2020-pib-per-capita-mapa,TKM,1997,2856.1486
mpd2020-pib-per-capita-mapa,TKM,1998,3037.7043
mpd2020-pib-per-capita-mapa,TKM,1999,3527.1605
mpd2020-pib-per-capita-mapa,TKM,2000,4173.1946
mpd2020-pib-per-capita-mapa,TKM,2001,5014.0625
mpd2020-pib-per-capita-mapa,TKM,2002,5795.641
mpd2020-pib-per-capita-mapa,TKM,2003,6784.561
mpd2020-pib-per-capita-mapa,TKM,2004,7781.7438
mpd2020-pib-per-capita-mapa,TKM,2005,8791.6758
mpd2020-pib-per-capita-mapa,TKM,2006,9752.3555
mpd2020-pib-per-capita-mapa,TKM,2007,10829.3758
mpd2020-pib-per-capita-mapa,TKM,2008,12426.7188
mpd2020-pib-per-capita-mapa,TKM,2009,13188.4479
mpd2020-pib-per-capita-mapa,TKM,2010,14397.1491
mpd2020-pib-per-capita-mapa,TKM,2011,16518
mpd2020-pib-per-capita-mapa,TKM,2012,18135
mpd2020-pib-per-capita-mapa,TKM,2013,19751
mpd2020-pib-per-capita-mapa,TKM,2014,21546
mpd2020-pib-per-capita-mapa,TKM,2015,22675
mpd2020-pib-per-capita-mapa,TKM,2016,23813
mpd2020-pib-per-capita-mapa,TKM,2017,25069.6179
mpd2020-pib-per-capita-mapa,TKM,2018,26318.366
mpd2020-pib-per-capita-mapa,TTO,1950,5856
mpd2020-pib-per-capita-mapa,TTO,1951,6207
mpd2020-pib-per-capita-mapa,TTO,1952,6282
mpd2020-pib-per-capita-mapa,TTO,1953,6303
mpd2020-pib-per-capita-mapa,TTO,1954,6239
mpd2020-pib-per-capita-mapa,TTO,1955,6880
mpd2020-pib-per-capita-mapa,TTO,1956,8064
mpd2020-pib-per-capita-mapa,TTO,1957,8518
mpd2020-pib-per-capita-mapa,TTO,1958,8941
mpd2020-pib-per-capita-mapa,TTO,1959,9154
mpd2020-pib-per-capita-mapa,TTO,1960,9964
mpd2020-pib-per-capita-mapa,TTO,1961,10155
mpd2020-pib-per-capita-mapa,TTO,1962,10383
mpd2020-pib-per-capita-mapa,TTO,1963,10708
mpd2020-pib-per-capita-mapa,TTO,1964,10841
mpd2020-pib-per-capita-mapa,TTO,1965,11206
mpd2020-pib-per-capita-mapa,TTO,1966,11531
mpd2020-pib-per-capita-mapa,TTO,1967,11679
mpd2020-pib-per-capita-mapa,TTO,1968,12248
mpd2020-pib-per-capita-mapa,TTO,1969,12588
mpd2020-pib-per-capita-mapa,TTO,1970,13141
mpd2020-pib-per-capita-mapa,TTO,1971,13185
mpd2020-pib-per-capita-mapa,TTO,1972,13753
mpd2020-pib-per-capita-mapa,TTO,1973,13844
mpd2020-pib-per-capita-mapa,TTO,1974,14430
mpd2020-pib-per-capita-mapa,TTO,1975,14534
mpd2020-pib-per-capita-mapa,TTO,1976,15696
mpd2020-pib-per-capita-mapa,TTO,1977,16412
mpd2020-pib-per-capita-mapa,TTO,1978,18042
mpd2020-pib-per-capita-mapa,TTO,1979,18568
mpd2020-pib-per-capita-mapa,TTO,1980,19734
mpd2020-pib-per-capita-mapa,TTO,1981,20298
mpd2020-pib-per-capita-mapa,TTO,1982,18771
mpd2020-pib-per-capita-mapa,TTO,1983,16982
mpd2020-pib-per-capita-mapa,TTO,1984,17680
mpd2020-pib-per-capita-mapa,TTO,1985,16671
mpd2020-pib-per-capita-mapa,TTO,1986,15871
mpd2020-pib-per-capita-mapa,TTO,1987,14929
mpd2020-pib-per-capita-mapa,TTO,1988,14198
mpd2020-pib-per-capita-mapa,TTO,1989,13970
mpd2020-pib-per-capita-mapa,TTO,1990,14112
mpd2020-pib-per-capita-mapa,TTO,1991,14060.7363
mpd2020-pib-per-capita-mapa,TTO,1992,14195.9518
mpd2020-pib-per-capita-mapa,TTO,1993,13745.7971
mpd2020-pib-per-capita-mapa,TTO,1994,13350.8962
mpd2020-pib-per-capita-mapa,TTO,1995,14187.6589
mpd2020-pib-per-capita-mapa,TTO,1996,15004.2643
mpd2020-pib-per-capita-mapa,TTO,1997,15931.6715
mpd2020-pib-per-capita-mapa,TTO,1998,17013.7548
mpd2020-pib-per-capita-mapa,TTO,1999,18159.9159
mpd2020-pib-per-capita-mapa,TTO,2000,19179.9187
mpd2020-pib-per-capita-mapa,TTO,2001,19736.6795
mpd2020-pib-per-capita-mapa,TTO,2002,21052.4491
mpd2020-pib-per-capita-mapa,TTO,2003,23814.0667
mpd2020-pib-per-capita-mapa,TTO,2004,25403.2691
mpd2020-pib-per-capita-mapa,TTO,2005,26651.833
mpd2020-pib-per-capita-mapa,TTO,2006,29792.423
mpd2020-pib-per-capita-mapa,TTO,2007,30806.1738
mpd2020-pib-per-capita-mapa,TTO,2008,31434.3039
mpd2020-pib-per-capita-mapa,TTO,2009,29657.4631
mpd2020-pib-per-capita-mapa,TTO,2010,30235.9947
mpd2020-pib-per-capita-mapa,TTO,2011,29745
mpd2020-pib-per-capita-mapa,TTO,2012,30157
mpd2020-pib-per-capita-mapa,TTO,2013,30987
mpd2020-pib-per-capita-mapa,TTO,2014,30842
mpd2020-pib-per-capita-mapa,TTO,2015,30702
mpd2020-pib-per-capita-mapa,TTO,2016,29178
mpd2020-pib-per-capita-mapa,TTO,2017,28556.5411
mpd2020-pib-per-capita-mapa,TTO,2018,28549.4083
mpd2020-pib-per-capita-mapa,TUN,1820,685
mpd2020-pib-per-capita-mapa,TUN,1870,1009
mpd2020-pib-per-capita-mapa,TUN,1913,1407
mpd2020-pib-per-capita-mapa,TUN,1950,1777
mpd2020-pib-per-capita-mapa,TUN,1951,1763
mpd2020-pib-per-capita-mapa,TUN,1952,1945
mpd2020-pib-per-capita-mapa,TUN,1953,1983
mpd2020-pib-per-capita-mapa,TUN,1954,1991
mpd2020-pib-per-capita-mapa,TUN,1955,1855
mpd2020-pib-per-capita-mapa,TUN,1956,1949
mpd2020-pib-per-capita-mapa,TUN,1957,1847
mpd2020-pib-per-capita-mapa,TUN,1958,2058
mpd2020-pib-per-capita-mapa,TUN,1959,1940
mpd2020-pib-per-capita-mapa,TUN,1960,2141
mpd2020-pib-per-capita-mapa,TUN,1961,2289
mpd2020-pib-per-capita-mapa,TUN,1962,2198
mpd2020-pib-per-capita-mapa,TUN,1963,2480
mpd2020-pib-per-capita-mapa,TUN,1964,2533
mpd2020-pib-per-capita-mapa,TUN,1965,2635
mpd2020-pib-per-capita-mapa,TUN,1966,2636
mpd2020-pib-per-capita-mapa,TUN,1967,2558
mpd2020-pib-per-capita-mapa,TUN,1968,2766
mpd2020-pib-per-capita-mapa,TUN,1969,2805
mpd2020-pib-per-capita-mapa,TUN,1970,2912
mpd2020-pib-per-capita-mapa,TUN,1971,3159
mpd2020-pib-per-capita-mapa,TUN,1972,3645
mpd2020-pib-per-capita-mapa,TUN,1973,3540
mpd2020-pib-per-capita-mapa,TUN,1974,3735
mpd2020-pib-per-capita-mapa,TUN,1975,3899
mpd2020-pib-per-capita-mapa,TUN,1976,4095
mpd2020-pib-per-capita-mapa,TUN,1977,4132
mpd2020-pib-per-capita-mapa,TUN,1978,4304
mpd2020-pib-per-capita-mapa,TUN,1979,4481
mpd2020-pib-per-capita-mapa,TUN,1980,4693
mpd2020-pib-per-capita-mapa,TUN,1981,4830
mpd2020-pib-per-capita-mapa,TUN,1982,4713
mpd2020-pib-per-capita-mapa,TUN,1983,4844
mpd2020-pib-per-capita-mapa,TUN,1984,4890
mpd2020-pib-per-capita-mapa,TUN,1985,5039
mpd2020-pib-per-capita-mapa,TUN,1986,4841
mpd2020-pib-per-capita-mapa,TUN,1987,5043
mpd2020-pib-per-capita-mapa,TUN,1988,4940
mpd2020-pib-per-capita-mapa,TUN,1989,5023
mpd2020-pib-per-capita-mapa,TUN,1990,5316
mpd2020-pib-per-capita-mapa,TUN,1991,5446.2282
mpd2020-pib-per-capita-mapa,TUN,1992,5789.9551
mpd2020-pib-per-capita-mapa,TUN,1993,5843.0684
mpd2020-pib-per-capita-mapa,TUN,1994,5968.8448
mpd2020-pib-per-capita-mapa,TUN,1995,6048.7475
mpd2020-pib-per-capita-mapa,TUN,1996,6388.394
mpd2020-pib-per-capita-mapa,TUN,1997,6680.1034
mpd2020-pib-per-capita-mapa,TUN,1998,6944.6609
mpd2020-pib-per-capita-mapa,TUN,1999,7297.4746
mpd2020-pib-per-capita-mapa,TUN,2000,7548.4378
mpd2020-pib-per-capita-mapa,TUN,2001,7848.0945
mpd2020-pib-per-capita-mapa,TUN,2002,7916.6795
mpd2020-pib-per-capita-mapa,TUN,2003,8281.7153
mpd2020-pib-per-capita-mapa,TUN,2004,8705.0841
mpd2020-pib-per-capita-mapa,TUN,2005,8983.3842
mpd2020-pib-per-capita-mapa,TUN,2006,9420.0232
mpd2020-pib-per-capita-mapa,TUN,2007,9932.9382
mpd2020-pib-per-capita-mapa,TUN,2008,10294.9214
mpd2020-pib-per-capita-mapa,TUN,2009,10533.2178
mpd2020-pib-per-capita-mapa,TUN,2010,10721.8113
mpd2020-pib-per-capita-mapa,TUN,2011,10437
mpd2020-pib-per-capita-mapa,TUN,2012,10739
mpd2020-pib-per-capita-mapa,TUN,2013,10898
mpd2020-pib-per-capita-mapa,TUN,2014,11040
mpd2020-pib-per-capita-mapa,TUN,2015,11060
mpd2020-pib-per-capita-mapa,TUN,2016,11073
mpd2020-pib-per-capita-mapa,TUN,2017,11168.2611
mpd2020-pib-per-capita-mapa,TUN,2018,11353.8865
mpd2020-pib-per-capita-mapa,TUR,1820,974
mpd2020-pib-per-capita-mapa,TUR,1870,1165
mpd2020-pib-per-capita-mapa,TUR,1913,1473
mpd2020-pib-per-capita-mapa,TUR,1918,832
mpd2020-pib-per-capita-mapa,TUR,1923,999
mpd2020-pib-per-capita-mapa,TUR,1924,1084
mpd2020-pib-per-capita-mapa,TUR,1925,1199
mpd2020-pib-per-capita-mapa,TUR,1926,1382
mpd2020-pib-per-capita-mapa,TUR,1927,1248
mpd2020-pib-per-capita-mapa,TUR,1928,1361
mpd2020-pib-per-capita-mapa,TUR,1929,1554
mpd2020-pib-per-capita-mapa,TUR,1930,1600
mpd2020-pib-per-capita-mapa,TUR,1931,1669
mpd2020-pib-per-capita-mapa,TUR,1932,1543
mpd2020-pib-per-capita-mapa,TUR,1933,1718
mpd2020-pib-per-capita-mapa,TUR,1934,1731
mpd2020-pib-per-capita-mapa,TUR,1935,1739
mpd2020-pib-per-capita-mapa,TUR,1936,2034
mpd2020-pib-per-capita-mapa,TUR,1937,2066
mpd2020-pib-per-capita-mapa,TUR,1938,2209
mpd2020-pib-per-capita-mapa,TUR,1939,2324
mpd2020-pib-per-capita-mapa,TUR,1940,2146
mpd2020-pib-per-capita-mapa,TUR,1941,1932
mpd2020-pib-per-capita-mapa,TUR,1942,1994
mpd2020-pib-per-capita-mapa,TUR,1943,1792
mpd2020-pib-per-capita-mapa,TUR,1944,1696
mpd2020-pib-per-capita-mapa,TUR,1945,1452
mpd2020-pib-per-capita-mapa,TUR,1946,1831
mpd2020-pib-per-capita-mapa,TUR,1947,1890
mpd2020-pib-per-capita-mapa,TUR,1948,2098
mpd2020-pib-per-capita-mapa,TUR,1949,1946
mpd2020-pib-per-capita-mapa,TUR,1950,2079
mpd2020-pib-per-capita-mapa,TUR,1951,2299
mpd2020-pib-per-capita-mapa,TUR,1952,2522
mpd2020-pib-per-capita-mapa,TUR,1953,2745
mpd2020-pib-per-capita-mapa,TUR,1954,2609
mpd2020-pib-per-capita-mapa,TUR,1955,2754
mpd2020-pib-per-capita-mapa,TUR,1956,2777
mpd2020-pib-per-capita-mapa,TUR,1957,2920
mpd2020-pib-per-capita-mapa,TUR,1958,2973
mpd2020-pib-per-capita-mapa,TUR,1959,3030
mpd2020-pib-per-capita-mapa,TUR,1960,3041
mpd2020-pib-per-capita-mapa,TUR,1961,3022
mpd2020-pib-per-capita-mapa,TUR,1962,3142
mpd2020-pib-per-capita-mapa,TUR,1963,3374
mpd2020-pib-per-capita-mapa,TUR,1964,3453
mpd2020-pib-per-capita-mapa,TUR,1965,3481
mpd2020-pib-per-capita-mapa,TUR,1966,3824
mpd2020-pib-per-capita-mapa,TUR,1967,3929
mpd2020-pib-per-capita-mapa,TUR,1968,4122
mpd2020-pib-per-capita-mapa,TUR,1969,4267
mpd2020-pib-per-capita-mapa,TUR,1970,4398
mpd2020-pib-per-capita-mapa,TUR,1971,4715
mpd2020-pib-per-capita-mapa,TUR,1972,4929
mpd2020-pib-per-capita-mapa,TUR,1973,5050
mpd2020-pib-per-capita-mapa,TUR,1974,5353
mpd2020-pib-per-capita-mapa,TUR,1975,5719
mpd2020-pib-per-capita-mapa,TUR,1976,6110
mpd2020-pib-per-capita-mapa,TUR,1977,6271
mpd2020-pib-per-capita-mapa,TUR,1978,6350
mpd2020-pib-per-capita-mapa,TUR,1979,6204
mpd2020-pib-per-capita-mapa,TUR,1980,6070
mpd2020-pib-per-capita-mapa,TUR,1981,6201
mpd2020-pib-per-capita-mapa,TUR,1982,6381
mpd2020-pib-per-capita-mapa,TUR,1983,6489
mpd2020-pib-per-capita-mapa,TUR,1984,6736
mpd2020-pib-per-capita-mapa,TUR,1985,6958
mpd2020-pib-per-capita-mapa,TUR,1986,7323
mpd2020-pib-per-capita-mapa,TUR,1987,7838
mpd2020-pib-per-capita-mapa,TUR,1988,8019
mpd2020-pib-per-capita-mapa,TUR,1989,7992
mpd2020-pib-per-capita-mapa,TUR,1990,8606
mpd2020-pib-per-capita-mapa,TUR,1991,8658.3784
mpd2020-pib-per-capita-mapa,TUR,1992,9150.4346
mpd2020-pib-per-capita-mapa,TUR,1993,9865.3007
mpd2020-pib-per-capita-mapa,TUR,1994,9308.6954
mpd2020-pib-per-capita-mapa,TUR,1995,9962.5366
mpd2020-pib-per-capita-mapa,TUR,1996,10644.634
mpd2020-pib-per-capita-mapa,TUR,1997,11432.4368
mpd2020-pib-per-capita-mapa,TUR,1998,11772.8301
mpd2020-pib-per-capita-mapa,TUR,1999,11151.6736
mpd2020-pib-per-capita-mapa,TUR,2000,11904.0082
mpd2020-pib-per-capita-mapa,TUR,2001,10950.9921
mpd2020-pib-per-capita-mapa,TUR,2002,11753.9536
mpd2020-pib-per-capita-mapa,TUR,2003,12380.2068
mpd2020-pib-per-capita-mapa,TUR,2004,13423.7946
mpd2020-pib-per-capita-mapa,TUR,2005,14487.7583
mpd2020-pib-per-capita-mapa,TUR,2006,15425.1887
mpd2020-pib-per-capita-mapa,TUR,2007,16090.8348
mpd2020-pib-per-capita-mapa,TUR,2008,16182.7328
mpd2020-pib-per-capita-mapa,TUR,2009,15188.4204
mpd2020-pib-per-capita-mapa,TUR,2010,16528.1193
mpd2020-pib-per-capita-mapa,TUR,2011,17919
mpd2020-pib-per-capita-mapa,TUR,2012,18170
mpd2020-pib-per-capita-mapa,TUR,2013,18788
mpd2020-pib-per-capita-mapa,TUR,2014,19277
mpd2020-pib-per-capita-mapa,TUR,2015,19836
mpd2020-pib-per-capita-mapa,TUR,2016,17906
mpd2020-pib-per-capita-mapa,TUR,2017,18995.8238
mpd2020-pib-per-capita-mapa,TUR,2018,19270.2202
mpd2020-pib-per-capita-mapa,TWN,1820,966
mpd2020-pib-per-capita-mapa,TWN,1870,968
mpd2020-pib-per-capita-mapa,TWN,1901,1079
mpd2020-pib-per-capita-mapa,TWN,1902,1079
mpd2020-pib-per-capita-mapa,TWN,1903,1278
mpd2020-pib-per-capita-mapa,TWN,1904,1218
mpd2020-pib-per-capita-mapa,TWN,1905,985
mpd2020-pib-per-capita-mapa,TWN,1906,1038
mpd2020-pib-per-capita-mapa,TWN,1907,1149
mpd2020-pib-per-capita-mapa,TWN,1908,1186
mpd2020-pib-per-capita-mapa,TWN,1909,1323
mpd2020-pib-per-capita-mapa,TWN,1910,1345
mpd2020-pib-per-capita-mapa,TWN,1911,1258
mpd2020-pib-per-capita-mapa,TWN,1912,1183
mpd2020-pib-per-capita-mapa,TWN,1913,1286
mpd2020-pib-per-capita-mapa,TWN,1914,1240
mpd2020-pib-per-capita-mapa,TWN,1915,1291
mpd2020-pib-per-capita-mapa,TWN,1916,1392
mpd2020-pib-per-capita-mapa,TWN,1917,1561
mpd2020-pib-per-capita-mapa,TWN,1918,1492
mpd2020-pib-per-capita-mapa,TWN,1919,1533
mpd2020-pib-per-capita-mapa,TWN,1920,1513
mpd2020-pib-per-capita-mapa,TWN,1921,1561
mpd2020-pib-per-capita-mapa,TWN,1922,1728
mpd2020-pib-per-capita-mapa,TWN,1923,1760
mpd2020-pib-per-capita-mapa,TWN,1924,1889
mpd2020-pib-per-capita-mapa,TWN,1925,1959
mpd2020-pib-per-capita-mapa,TWN,1926,1954
mpd2020-pib-per-capita-mapa,TWN,1927,1919
mpd2020-pib-per-capita-mapa,TWN,1928,1934
mpd2020-pib-per-capita-mapa,TWN,1929,1991
mpd2020-pib-per-capita-mapa,TWN,1930,2021
mpd2020-pib-per-capita-mapa,TWN,1931,1997
mpd2020-pib-per-capita-mapa,TWN,1932,2066
mpd2020-pib-per-capita-mapa,TWN,1933,1957
mpd2020-pib-per-capita-mapa,TWN,1934,2012
mpd2020-pib-per-capita-mapa,TWN,1935,2169
mpd2020-pib-per-capita-mapa,TWN,1936,2246
mpd2020-pib-per-capita-mapa,TWN,1937,2212
mpd2020-pib-per-capita-mapa,TWN,1938,2295
mpd2020-pib-per-capita-mapa,TWN,1939,2200
mpd2020-pib-per-capita-mapa,TWN,1940,1992
mpd2020-pib-per-capita-mapa,TWN,1950,1460
mpd2020-pib-per-capita-mapa,TWN,1951,1513
mpd2020-pib-per-capita-mapa,TWN,1952,1639
mpd2020-pib-per-capita-mapa,TWN,1953,1728
mpd2020-pib-per-capita-mapa,TWN,1954,1825
mpd2020-pib-per-capita-mapa,TWN,1955,1895
mpd2020-pib-per-capita-mapa,TWN,1956,1926
mpd2020-pib-per-capita-mapa,TWN,1957,1997
mpd2020-pib-per-capita-mapa,TWN,1958,2056
mpd2020-pib-per-capita-mapa,TWN,1959,2118
mpd2020-pib-per-capita-mapa,TWN,1960,2157
mpd2020-pib-per-capita-mapa,TWN,1961,2228
mpd2020-pib-per-capita-mapa,TWN,1962,2326
mpd2020-pib-per-capita-mapa,TWN,1963,2463
mpd2020-pib-per-capita-mapa,TWN,1964,2676
mpd2020-pib-per-capita-mapa,TWN,1965,2885
mpd2020-pib-per-capita-mapa,TWN,1966,3054
mpd2020-pib-per-capita-mapa,TWN,1967,3300
mpd2020-pib-per-capita-mapa,TWN,1968,3484
mpd2020-pib-per-capita-mapa,TWN,1969,3720
mpd2020-pib-per-capita-mapa,TWN,1970,4044
mpd2020-pib-per-capita-mapa,TWN,1971,4470
mpd2020-pib-per-capita-mapa,TWN,1972,4962
mpd2020-pib-per-capita-mapa,TWN,1973,5496
mpd2020-pib-per-capita-mapa,TWN,1974,5455
mpd2020-pib-per-capita-mapa,TWN,1975,5614
mpd2020-pib-per-capita-mapa,TWN,1976,6245
mpd2020-pib-per-capita-mapa,TWN,1977,6752
mpd2020-pib-per-capita-mapa,TWN,1978,7519
mpd2020-pib-per-capita-mapa,TWN,1979,7967
mpd2020-pib-per-capita-mapa,TWN,1980,8384
mpd2020-pib-per-capita-mapa,TWN,1981,8749
mpd2020-pib-per-capita-mapa,TWN,1982,8910
mpd2020-pib-per-capita-mapa,TWN,1983,9530
mpd2020-pib-per-capita-mapa,TWN,1984,10394
mpd2020-pib-per-capita-mapa,TWN,1985,10779
mpd2020-pib-per-capita-mapa,TWN,1986,11918
mpd2020-pib-per-capita-mapa,TWN,1987,13705
mpd2020-pib-per-capita-mapa,TWN,1988,14183
mpd2020-pib-per-capita-mapa,TWN,1989,15203
mpd2020-pib-per-capita-mapa,TWN,1990,15841
mpd2020-pib-per-capita-mapa,TWN,1991,16934.8143
mpd2020-pib-per-capita-mapa,TWN,1992,18101.3318
mpd2020-pib-per-capita-mapa,TWN,1993,19087.5978
mpd2020-pib-per-capita-mapa,TWN,1994,20269.2664
mpd2020-pib-per-capita-mapa,TWN,1995,21329.686
mpd2020-pib-per-capita-mapa,TWN,1996,22390.0519
mpd2020-pib-per-capita-mapa,TWN,1997,23437.7678
mpd2020-pib-per-capita-mapa,TWN,1998,24131.22
mpd2020-pib-per-capita-mapa,TWN,1999,25471.7812
mpd2020-pib-per-capita-mapa,TWN,2000,26787.4457
mpd2020-pib-per-capita-mapa,TWN,2001,26203.9759
mpd2020-pib-per-capita-mapa,TWN,2002,27425.8059
mpd2020-pib-per-capita-mapa,TWN,2003,28348.8525
mpd2020-pib-per-capita-mapa,TWN,2004,29975.1378
mpd2020-pib-per-capita-mapa,TWN,2005,31374.4544
mpd2020-pib-per-capita-mapa,TWN,2006,32867.3671
mpd2020-pib-per-capita-mapa,TWN,2007,34761.3114
mpd2020-pib-per-capita-mapa,TWN,2008,34762.3673
mpd2020-pib-per-capita-mapa,TWN,2009,33974.4541
mpd2020-pib-per-capita-mapa,TWN,2010,37385.4894
mpd2020-pib-per-capita-mapa,TWN,2011,38565
mpd2020-pib-per-capita-mapa,TWN,2012,39207
mpd2020-pib-per-capita-mapa,TWN,2013,39971
mpd2020-pib-per-capita-mapa,TWN,2014,41472
mpd2020-pib-per-capita-mapa,TWN,2015,41668
mpd2020-pib-per-capita-mapa,TWN,2016,42165
mpd2020-pib-per-capita-mapa,TWN,2017,43503.7927
mpd2020-pib-per-capita-mapa,TWN,2018,44663.8642
mpd2020-pib-per-capita-mapa,TZA,1950,676
mpd2020-pib-per-capita-mapa,TZA,1951,743
mpd2020-pib-per-capita-mapa,TZA,1952,740
mpd2020-pib-per-capita-mapa,TZA,1953,697
mpd2020-pib-per-capita-mapa,TZA,1954,735
mpd2020-pib-per-capita-mapa,TZA,1955,733
mpd2020-pib-per-capita-mapa,TZA,1956,724
mpd2020-pib-per-capita-mapa,TZA,1957,720
mpd2020-pib-per-capita-mapa,TZA,1958,708
mpd2020-pib-per-capita-mapa,TZA,1959,724
mpd2020-pib-per-capita-mapa,TZA,1960,732
mpd2020-pib-per-capita-mapa,TZA,1961,703
mpd2020-pib-per-capita-mapa,TZA,1962,746
mpd2020-pib-per-capita-mapa,TZA,1963,770
mpd2020-pib-per-capita-mapa,TZA,1964,787
mpd2020-pib-per-capita-mapa,TZA,1965,792
mpd2020-pib-per-capita-mapa,TZA,1966,867
mpd2020-pib-per-capita-mapa,TZA,1967,875
mpd2020-pib-per-capita-mapa,TZA,1968,894
mpd2020-pib-per-capita-mapa,TZA,1969,883
mpd2020-pib-per-capita-mapa,TZA,1970,905
mpd2020-pib-per-capita-mapa,TZA,1971,915
mpd2020-pib-per-capita-mapa,TZA,1972,945
mpd2020-pib-per-capita-mapa,TZA,1973,945
mpd2020-pib-per-capita-mapa,TZA,1974,937
mpd2020-pib-per-capita-mapa,TZA,1975,956
mpd2020-pib-per-capita-mapa,TZA,1976,996
mpd2020-pib-per-capita-mapa,TZA,1977,993
mpd2020-pib-per-capita-mapa,TZA,1978,993
mpd2020-pib-per-capita-mapa,TZA,1979,977
mpd2020-pib-per-capita-mapa,TZA,1980,958
mpd2020-pib-per-capita-mapa,TZA,1981,920
mpd2020-pib-per-capita-mapa,TZA,1982,905
mpd2020-pib-per-capita-mapa,TZA,1983,875
mpd2020-pib-per-capita-mapa,TZA,1984,870
mpd2020-pib-per-capita-mapa,TZA,1985,843
mpd2020-pib-per-capita-mapa,TZA,1986,845
mpd2020-pib-per-capita-mapa,TZA,1987,859
mpd2020-pib-per-capita-mapa,TZA,1988,867
mpd2020-pib-per-capita-mapa,TZA,1989,870
mpd2020-pib-per-capita-mapa,TZA,1990,875
mpd2020-pib-per-capita-mapa,TZA,1991,891.8943
mpd2020-pib-per-capita-mapa,TZA,1992,895.4806
mpd2020-pib-per-capita-mapa,TZA,1993,900.4133
mpd2020-pib-per-capita-mapa,TZA,1994,904.7575
mpd2020-pib-per-capita-mapa,TZA,1995,931.0028
mpd2020-pib-per-capita-mapa,TZA,1996,979.7304
mpd2020-pib-per-capita-mapa,TZA,1997,1017.1681
mpd2020-pib-per-capita-mapa,TZA,1998,1052.075
mpd2020-pib-per-capita-mapa,TZA,1999,1100.3532
mpd2020-pib-per-capita-mapa,TZA,2000,1148.6802
mpd2020-pib-per-capita-mapa,TZA,2001,1213.6269
mpd2020-pib-per-capita-mapa,TZA,2002,1293.2051
mpd2020-pib-per-capita-mapa,TZA,2003,1369.9391
mpd2020-pib-per-capita-mapa,TZA,2004,1464.3854
mpd2020-pib-per-capita-mapa,TZA,2005,1554.1523
mpd2020-pib-per-capita-mapa,TZA,2006,1621.9965
mpd2020-pib-per-capita-mapa,TZA,2007,1754.4626
mpd2020-pib-per-capita-mapa,TZA,2008,1848.1745
mpd2020-pib-per-capita-mapa,TZA,2009,1946.8481
mpd2020-pib-per-capita-mapa,TZA,2010,2068.8637
mpd2020-pib-per-capita-mapa,TZA,2011,2227
mpd2020-pib-per-capita-mapa,TZA,2012,2275
mpd2020-pib-per-capita-mapa,TZA,2013,2372
mpd2020-pib-per-capita-mapa,TZA,2014,2467
mpd2020-pib-per-capita-mapa,TZA,2015,2566
mpd2020-pib-per-capita-mapa,TZA,2016,2660
mpd2020-pib-per-capita-mapa,TZA,2017,2762.8703
mpd2020-pib-per-capita-mapa,TZA,2018,2874.9629
mpd2020-pib-per-capita-mapa,UGA,1950,1095
mpd2020-pib-per-capita-mapa,UGA,1951,1023
mpd2020-pib-per-capita-mapa,UGA,1952,1058
mpd2020-pib-per-capita-mapa,UGA,1953,1076
mpd2020-pib-per-capita-mapa,UGA,1954,1033
mpd2020-pib-per-capita-mapa,UGA,1955,1071
mpd2020-pib-per-capita-mapa,UGA,1956,1100
mpd2020-pib-per-capita-mapa,UGA,1957,1116
mpd2020-pib-per-capita-mapa,UGA,1958,1092
mpd2020-pib-per-capita-mapa,UGA,1959,1116
mpd2020-pib-per-capita-mapa,UGA,1960,1137
mpd2020-pib-per-capita-mapa,UGA,1961,1093
mpd2020-pib-per-capita-mapa,UGA,1962,1106
mpd2020-pib-per-capita-mapa,UGA,1963,1197
mpd2020-pib-per-capita-mapa,UGA,1964,1251
mpd2020-pib-per-capita-mapa,UGA,1965,1242
mpd2020-pib-per-capita-mapa,UGA,1966,1280
mpd2020-pib-per-capita-mapa,UGA,1967,1310
mpd2020-pib-per-capita-mapa,UGA,1968,1304
mpd2020-pib-per-capita-mapa,UGA,1969,1404
mpd2020-pib-per-capita-mapa,UGA,1970,1382
mpd2020-pib-per-capita-mapa,UGA,1971,1385
mpd2020-pib-per-capita-mapa,UGA,1972,1364
mpd2020-pib-per-capita-mapa,UGA,1973,1331
mpd2020-pib-per-capita-mapa,UGA,1974,1302
mpd2020-pib-per-capita-mapa,UGA,1975,1243
mpd2020-pib-per-capita-mapa,UGA,1976,1219
mpd2020-pib-per-capita-mapa,UGA,1977,1207
mpd2020-pib-per-capita-mapa,UGA,1978,1111
mpd2020-pib-per-capita-mapa,UGA,1979,966
mpd2020-pib-per-capita-mapa,UGA,1980,912
mpd2020-pib-per-capita-mapa,UGA,1981,923
mpd2020-pib-per-capita-mapa,UGA,1982,972
mpd2020-pib-per-capita-mapa,UGA,1983,1014
mpd2020-pib-per-capita-mapa,UGA,1984,897
mpd2020-pib-per-capita-mapa,UGA,1985,886
mpd2020-pib-per-capita-mapa,UGA,1986,858
mpd2020-pib-per-capita-mapa,UGA,1987,877
mpd2020-pib-per-capita-mapa,UGA,1988,902
mpd2020-pib-per-capita-mapa,UGA,1989,929
mpd2020-pib-per-capita-mapa,UGA,1990,932
mpd2020-pib-per-capita-mapa,UGA,1991,915.4053
mpd2020-pib-per-capita-mapa,UGA,1992,934.8263
mpd2020-pib-per-capita-mapa,UGA,1993,959.1881
mpd2020-pib-per-capita-mapa,UGA,1994,994.5334
mpd2020-pib-per-capita-mapa,UGA,1995,1054.7139
mpd2020-pib-per-capita-mapa,UGA,1996,1091.5275
mpd2020-pib-per-capita-mapa,UGA,1997,1107.5009
mpd2020-pib-per-capita-mapa,UGA,1998,1137.6382
mpd2020-pib-per-capita-mapa,UGA,1999,1185.4313
mpd2020-pib-per-capita-mapa,UGA,2000,1191.9539
mpd2020-pib-per-capita-mapa,UGA,2001,1255.8844
mpd2020-pib-per-capita-mapa,UGA,2002,1301.0588
mpd2020-pib-per-capita-mapa,UGA,2003,1335.0305
mpd2020-pib-per-capita-mapa,UGA,2004,1364.6852
mpd2020-pib-per-capita-mapa,UGA,2005,1451.0973
mpd2020-pib-per-capita-mapa,UGA,2006,1501.3855
mpd2020-pib-per-capita-mapa,UGA,2007,1569.8298
mpd2020-pib-per-capita-mapa,UGA,2008,1679.3995
mpd2020-pib-per-capita-mapa,UGA,2009,1757.3862
mpd2020-pib-per-capita-mapa,UGA,2010,1831.2907
mpd2020-pib-per-capita-mapa,UGA,2011,1890
mpd2020-pib-per-capita-mapa,UGA,2012,1877
mpd2020-pib-per-capita-mapa,UGA,2013,1889
mpd2020-pib-per-capita-mapa,UGA,2014,1923
mpd2020-pib-per-capita-mapa,UGA,2015,1954
mpd2020-pib-per-capita-mapa,UGA,2016,1980
mpd2020-pib-per-capita-mapa,UGA,2017,1991.8951
mpd2020-pib-per-capita-mapa,UGA,2018,2045.4203
mpd2020-pib-per-capita-mapa,UKR,1973,7849
mpd2020-pib-per-capita-mapa,UKR,1980,8467
mpd2020-pib-per-capita-mapa,UKR,1981,8695
mpd2020-pib-per-capita-mapa,UKR,1982,8934
mpd2020-pib-per-capita-mapa,UKR,1983,9288
mpd2020-pib-per-capita-mapa,UKR,1984,9476
mpd2020-pib-per-capita-mapa,UKR,1985,9387
mpd2020-pib-per-capita-mapa,UKR,1986,9408
mpd2020-pib-per-capita-mapa,UKR,1987,9648
mpd2020-pib-per-capita-mapa,UKR,1988,9704
mpd2020-pib-per-capita-mapa,UKR,1989,10082
mpd2020-pib-per-capita-mapa,UKR,1990,9607
mpd2020-pib-per-capita-mapa,UKR,1991,8899.0967
mpd2020-pib-per-capita-mapa,UKR,1992,8130.2768
mpd2020-pib-per-capita-mapa,UKR,1993,7090.2573
mpd2020-pib-per-capita-mapa,UKR,1994,5585.4133
mpd2020-pib-per-capita-mapa,UKR,1995,5024.1817
mpd2020-pib-per-capita-mapa,UKR,1996,4636.6263
mpd2020-pib-per-capita-mapa,UKR,1997,4612.4042
mpd2020-pib-per-capita-mapa,UKR,1998,4640.1992
mpd2020-pib-per-capita-mapa,UKR,1999,4751.3162
mpd2020-pib-per-capita-mapa,UKR,2000,5165.8082
mpd2020-pib-per-capita-mapa,UKR,2001,5793.6598
mpd2020-pib-per-capita-mapa,UKR,2002,6262.9824
mpd2020-pib-per-capita-mapa,UKR,2003,7029.5705
mpd2020-pib-per-capita-mapa,UKR,2004,8049.3954
mpd2020-pib-per-capita-mapa,UKR,2005,8496.6763
mpd2020-pib-per-capita-mapa,UKR,2006,9355.9879
mpd2020-pib-per-capita-mapa,UKR,2007,10355.8184
mpd2020-pib-per-capita-mapa,UKR,2008,10824.0765
mpd2020-pib-per-capita-mapa,UKR,2009,9381.225
mpd2020-pib-per-capita-mapa,UKR,2010,9601.2086
mpd2020-pib-per-capita-mapa,UKR,2011,10333
mpd2020-pib-per-capita-mapa,UKR,2012,10383
mpd2020-pib-per-capita-mapa,UKR,2013,10404
mpd2020-pib-per-capita-mapa,UKR,2014,9818
mpd2020-pib-per-capita-mapa,UKR,2015,8961
mpd2020-pib-per-capita-mapa,UKR,2016,9214
mpd2020-pib-per-capita-mapa,UKR,2017,9484.3808
mpd2020-pib-per-capita-mapa,UKR,2018,9813.3637
mpd2020-pib-per-capita-mapa,URY,1820,1983
mpd2020-pib-per-capita-mapa,URY,1850,2467
mpd2020-pib-per-capita-mapa,URY,1860,3000
mpd2020-pib-per-capita-mapa,URY,1870,3677
mpd2020-pib-per-capita-mapa,URY,1871,3677
mpd2020-pib-per-capita-mapa,URY,1872,4305
mpd2020-pib-per-capita-mapa,URY,1873,4403
mpd2020-pib-per-capita-mapa,URY,1874,3918
mpd2020-pib-per-capita-mapa,URY,1875,3241
mpd2020-pib-per-capita-mapa,URY,1876,3532
mpd2020-pib-per-capita-mapa,URY,1877,3435
mpd2020-pib-per-capita-mapa,URY,1878,3677
mpd2020-pib-per-capita-mapa,URY,1879,3145
mpd2020-pib-per-capita-mapa,URY,1880,3435
mpd2020-pib-per-capita-mapa,URY,1881,3096
mpd2020-pib-per-capita-mapa,URY,1882,3387
mpd2020-pib-per-capita-mapa,URY,1883,3967
mpd2020-pib-per-capita-mapa,URY,1884,3870
mpd2020-pib-per-capita-mapa,URY,1885,4355
mpd2020-pib-per-capita-mapa,URY,1886,4500
mpd2020-pib-per-capita-mapa,URY,1887,3677
mpd2020-pib-per-capita-mapa,URY,1888,4595
mpd2020-pib-per-capita-mapa,URY,1889,4112
mpd2020-pib-per-capita-mapa,URY,1890,3628
mpd2020-pib-per-capita-mapa,URY,1891,3677
mpd2020-pib-per-capita-mapa,URY,1892,3677
mpd2020-pib-per-capita-mapa,URY,1893,3870
mpd2020-pib-per-capita-mapa,URY,1894,4160
mpd2020-pib-per-capita-mapa,URY,1895,4063
mpd2020-pib-per-capita-mapa,URY,1896,4112
mpd2020-pib-per-capita-mapa,URY,1897,3967
mpd2020-pib-per-capita-mapa,URY,1898,3435
mpd2020-pib-per-capita-mapa,URY,1899,3532
mpd2020-pib-per-capita-mapa,URY,1900,3387
mpd2020-pib-per-capita-mapa,URY,1901,3532
mpd2020-pib-per-capita-mapa,URY,1902,4015
mpd2020-pib-per-capita-mapa,URY,1903,4015
mpd2020-pib-per-capita-mapa,URY,1904,4015
mpd2020-pib-per-capita-mapa,URY,1905,3387
mpd2020-pib-per-capita-mapa,URY,1906,3822
mpd2020-pib-per-capita-mapa,URY,1907,4063
mpd2020-pib-per-capita-mapa,URY,1908,4355
mpd2020-pib-per-capita-mapa,URY,1909,4355
mpd2020-pib-per-capita-mapa,URY,1910,4500
mpd2020-pib-per-capita-mapa,URY,1911,4500
mpd2020-pib-per-capita-mapa,URY,1912,5176
mpd2020-pib-per-capita-mapa,URY,1913,4838
mpd2020-pib-per-capita-mapa,URY,1914,3773
mpd2020-pib-per-capita-mapa,URY,1915,3532
mpd2020-pib-per-capita-mapa,URY,1916,3435
mpd2020-pib-per-capita-mapa,URY,1917,3918
mpd2020-pib-per-capita-mapa,URY,1918,3918
mpd2020-pib-per-capita-mapa,URY,1919,4595
mpd2020-pib-per-capita-mapa,URY,1920,3580
mpd2020-pib-per-capita-mapa,URY,1921,3532
mpd2020-pib-per-capita-mapa,URY,1922,3870
mpd2020-pib-per-capita-mapa,URY,1923,4112
mpd2020-pib-per-capita-mapa,URY,1924,4258
mpd2020-pib-per-capita-mapa,URY,1925,4208
mpd2020-pib-per-capita-mapa,URY,1926,4548
mpd2020-pib-per-capita-mapa,URY,1927,5080
mpd2020-pib-per-capita-mapa,URY,1928,5176
mpd2020-pib-per-capita-mapa,URY,1929,5128
mpd2020-pib-per-capita-mapa,URY,1930,5950
mpd2020-pib-per-capita-mapa,URY,1931,4838
mpd2020-pib-per-capita-mapa,URY,1932,4450
mpd2020-pib-per-capita-mapa,URY,1933,4112
mpd2020-pib-per-capita-mapa,URY,1934,4693
mpd2020-pib-per-capita-mapa,URY,1935,4790
mpd2020-pib-per-capita-mapa,URY,1936,4790
mpd2020-pib-per-capita-mapa,URY,1937,4935
mpd2020-pib-per-capita-mapa,URY,1938,5273
mpd2020-pib-per-capita-mapa,URY,1939,5322
mpd2020-pib-per-capita-mapa,URY,1940,4983
mpd2020-pib-per-capita-mapa,URY,1941,5225
mpd2020-pib-per-capita-mapa,URY,1942,4838
mpd2020-pib-per-capita-mapa,URY,1943,4693
mpd2020-pib-per-capita-mapa,URY,1944,5322
mpd2020-pib-per-capita-mapa,URY,1945,5418
mpd2020-pib-per-capita-mapa,URY,1946,5903
mpd2020-pib-per-capita-mapa,URY,1947,5757
mpd2020-pib-per-capita-mapa,URY,1948,5853
mpd2020-pib-per-capita-mapa,URY,1949,6531
mpd2020-pib-per-capita-mapa,URY,1950,7015
mpd2020-pib-per-capita-mapa,URY,1951,7548
mpd2020-pib-per-capita-mapa,URY,1952,7353
mpd2020-pib-per-capita-mapa,URY,1953,8030
mpd2020-pib-per-capita-mapa,URY,1954,8273
mpd2020-pib-per-capita-mapa,URY,1955,8176
mpd2020-pib-per-capita-mapa,URY,1956,8225
mpd2020-pib-per-capita-mapa,URY,1957,8176
mpd2020-pib-per-capita-mapa,URY,1958,7788
mpd2020-pib-per-capita-mapa,URY,1959,7450
mpd2020-pib-per-capita-mapa,URY,1960,7643
mpd2020-pib-per-capita-mapa,URY,1961,7740
mpd2020-pib-per-capita-mapa,URY,1962,7498
mpd2020-pib-per-capita-mapa,URY,1963,7450
mpd2020-pib-per-capita-mapa,URY,1964,7498
mpd2020-pib-per-capita-mapa,URY,1965,7498
mpd2020-pib-per-capita-mapa,URY,1966,7693
mpd2020-pib-per-capita-mapa,URY,1967,7305
mpd2020-pib-per-capita-mapa,URY,1968,7353
mpd2020-pib-per-capita-mapa,URY,1969,7740
mpd2020-pib-per-capita-mapa,URY,1970,8030
mpd2020-pib-per-capita-mapa,URY,1971,7933
mpd2020-pib-per-capita-mapa,URY,1972,7643
mpd2020-pib-per-capita-mapa,URY,1973,7885
mpd2020-pib-per-capita-mapa,URY,1974,8176
mpd2020-pib-per-capita-mapa,URY,1975,8563
mpd2020-pib-per-capita-mapa,URY,1976,8853
mpd2020-pib-per-capita-mapa,URY,1977,8950
mpd2020-pib-per-capita-mapa,URY,1978,9483
mpd2020-pib-per-capita-mapa,URY,1979,9966
mpd2020-pib-per-capita-mapa,URY,1980,10546
mpd2020-pib-per-capita-mapa,URY,1981,10643
mpd2020-pib-per-capita-mapa,URY,1982,9578
mpd2020-pib-per-capita-mapa,URY,1983,8950
mpd2020-pib-per-capita-mapa,URY,1984,8805
mpd2020-pib-per-capita-mapa,URY,1985,8901
mpd2020-pib-per-capita-mapa,URY,1986,9628
mpd2020-pib-per-capita-mapa,URY,1987,10305
mpd2020-pib-per-capita-mapa,URY,1988,10256
mpd2020-pib-per-capita-mapa,URY,1989,10305
mpd2020-pib-per-capita-mapa,URY,1990,10305
mpd2020-pib-per-capita-mapa,URY,1991,10586.4084
mpd2020-pib-per-capita-mapa,URY,1992,11349.542
mpd2020-pib-per-capita-mapa,URY,1993,11581.7047
mpd2020-pib-per-capita-mapa,URY,1994,12344.1501
mpd2020-pib-per-capita-mapa,URY,1995,12092.6389
mpd2020-pib-per-capita-mapa,URY,1996,12660.1627
mpd2020-pib-per-capita-mapa,URY,1997,13226.4778
mpd2020-pib-per-capita-mapa,URY,1998,13744.3211
mpd2020-pib-per-capita-mapa,URY,1999,13348.7563
mpd2020-pib-per-capita-mapa,URY,2000,13050.0639
mpd2020-pib-per-capita-mapa,URY,2001,12463.919
mpd2020-pib-per-capita-mapa,URY,2002,11399.5807
mpd2020-pib-per-capita-mapa,URY,2003,11438.6861
mpd2020-pib-per-capita-mapa,URY,2004,11955.3094
mpd2020-pib-per-capita-mapa,URY,2005,12757.4986
mpd2020-pib-per-capita-mapa,URY,2006,13223.7808
mpd2020-pib-per-capita-mapa,URY,2007,13976.3926
mpd2020-pib-per-capita-mapa,URY,2008,14869.9267
mpd2020-pib-per-capita-mapa,URY,2009,15143.9961
mpd2020-pib-per-capita-mapa,URY,2010,16415.6288
mpd2020-pib-per-capita-mapa,URY,2011,17211
mpd2020-pib-per-capita-mapa,URY,2012,17876
mpd2020-pib-per-capita-mapa,URY,2013,18589
mpd2020-pib-per-capita-mapa,URY,2014,19160
mpd2020-pib-per-capita-mapa,URY,2015,19244
mpd2020-pib-per-capita-mapa,URY,2016,19468
mpd2020-pib-per-capita-mapa,URY,2017,19918.1361
mpd2020-pib-per-capita-mapa,URY,2018,20185.836
mpd2020-pib-per-capita-mapa,USA,1820,2674.048
mpd2020-pib-per-capita-mapa,USA,1821,2715.1872
mpd2020-pib-per-capita-mapa,USA,1822,2791.0376
mpd2020-pib-per-capita-mapa,USA,1823,2760.1832
mpd2020-pib-per-capita-mapa,USA,1824,2836.0336
mpd2020-pib-per-capita-mapa,USA,1825,2897.7424
mpd2020-pib-per-capita-mapa,USA,1826,2918.312
mpd2020-pib-per-capita-mapa,USA,1827,2929.8824
mpd2020-pib-per-capita-mapa,USA,1828,2929.8824
mpd2020-pib-per-capita-mapa,USA,1829,2833.4624
mpd2020-pib-per-capita-mapa,USA,1830,3039.1584
mpd2020-pib-per-capita-mapa,USA,1831,3225.5704
mpd2020-pib-per-capita-mapa,USA,1832,3342.56
mpd2020-pib-per-capita-mapa,USA,1833,3459.5496
mpd2020-pib-per-capita-mapa,USA,1834,3294.9928
mpd2020-pib-per-capita-mapa,USA,1835,3419.696
mpd2020-pib-per-capita-mapa,USA,1836,3469.8344
mpd2020-pib-per-capita-mapa,USA,1837,3360.5584
mpd2020-pib-per-capita-mapa,USA,1838,3329.704
mpd2020-pib-per-capita-mapa,USA,1839,3491.6896
mpd2020-pib-per-capita-mapa,USA,1840,3319.4192
mpd2020-pib-per-capita-mapa,USA,1841,3252.568
mpd2020-pib-per-capita-mapa,USA,1842,3222.9992
mpd2020-pib-per-capita-mapa,USA,1843,3274.4232
mpd2020-pib-per-capita-mapa,USA,1844,3453.1216
mpd2020-pib-per-capita-mapa,USA,1845,3505.8312
mpd2020-pib-per-capita-mapa,USA,1846,3526.4008
mpd2020-pib-per-capita-mapa,USA,1847,3618.964
mpd2020-pib-per-capita-mapa,USA,1848,3712.8128
mpd2020-pib-per-capita-mapa,USA,1849,3616.3928
mpd2020-pib-per-capita-mapa,USA,1850,3631.82
mpd2020-pib-per-capita-mapa,USA,1851,3778.3784
mpd2020-pib-per-capita-mapa,USA,1852,3971.2184
mpd2020-pib-per-capita-mapa,USA,1853,4242.48
mpd2020-pib-per-capita-mapa,USA,1854,4254.0504
mpd2020-pib-per-capita-mapa,USA,1855,4161.4872
mpd2020-pib-per-capita-mapa,USA,1856,4247.6224
mpd2020-pib-per-capita-mapa,USA,1857,4156.3448
mpd2020-pib-per-capita-mapa,USA,1858,4176.9144
mpd2020-pib-per-capita-mapa,USA,1859,4288.7616
mpd2020-pib-per-capita-mapa,USA,1860,4401.8944
mpd2020-pib-per-capita-mapa,USA,1861,4311.9024
mpd2020-pib-per-capita-mapa,USA,1862,4446.8904
mpd2020-pib-per-capita-mapa,USA,1863,4733.5792
mpd2020-pib-per-capita-mapa,USA,1864,4889.1368
mpd2020-pib-per-capita-mapa,USA,1865,4637.1592
mpd2020-pib-per-capita-mapa,USA,1866,4599.8768
mpd2020-pib-per-capita-mapa,USA,1867,4751.5776
mpd2020-pib-per-capita-mapa,USA,1868,4815.8576
mpd2020-pib-per-capita-mapa,USA,1869,4943.132
mpd2020-pib-per-capita-mapa,USA,1870,4803.0016
mpd2020-pib-per-capita-mapa,USA,1871,4918.7056
mpd2020-pib-per-capita-mapa,USA,1872,4991.9848
mpd2020-pib-per-capita-mapa,USA,1873,5116.688
mpd2020-pib-per-capita-mapa,USA,1874,4964.9872
mpd2020-pib-per-capita-mapa,USA,1875,5105.1176
mpd2020-pib-per-capita-mapa,USA,1876,5049.8368
mpd2020-pib-per-capita-mapa,USA,1877,5098.6896
mpd2020-pib-per-capita-mapa,USA,1878,5198.9664
mpd2020-pib-per-capita-mapa,USA,1879,5715.7776
mpd2020-pib-per-capita-mapa,USA,1880,6255.7296
mpd2020-pib-per-capita-mapa,USA,1881,6317.4384
mpd2020-pib-per-capita-mapa,USA,1882,6557.8456
mpd2020-pib-per-capita-mapa,USA,1883,6559.1312
mpd2020-pib-per-capita-mapa,USA,1884,6523.1344
mpd2020-pib-per-capita-mapa,USA,1885,6424.1432
mpd2020-pib-per-capita-mapa,USA,1886,6471.7104
mpd2020-pib-per-capita-mapa,USA,1887,6616.9832
mpd2020-pib-per-capita-mapa,USA,1888,6447.284
mpd2020-pib-per-capita-mapa,USA,1889,6705.6896
mpd2020-pib-per-capita-mapa,USA,1890,6664.5504
mpd2020-pib-per-capita-mapa,USA,1891,6811.1088
mpd2020-pib-per-capita-mapa,USA,1892,7324.0632
mpd2020-pib-per-capita-mapa,USA,1893,6834.2496
mpd2020-pib-per-capita-mapa,USA,1894,6510.2784
mpd2020-pib-per-capita-mapa,USA,1895,7159.5064
mpd2020-pib-per-capita-mapa,USA,1896,6885.6736
mpd2020-pib-per-capita-mapa,USA,1897,7406.3416
mpd2020-pib-per-capita-mapa,USA,1898,7426.9112
mpd2020-pib-per-capita-mapa,USA,1899,7959.1496
mpd2020-pib-per-capita-mapa,USA,1900,8037.5712
mpd2020-pib-per-capita-mapa,USA,1901,8770.3632
mpd2020-pib-per-capita-mapa,USA,1902,8684.228
mpd2020-pib-per-capita-mapa,USA,1903,8941.348
mpd2020-pib-per-capita-mapa,USA,1904,8663.6584
mpd2020-pib-per-capita-mapa,USA,1905,9121.332
mpd2020-pib-per-capita-mapa,USA,1906,9980.1128
mpd2020-pib-per-capita-mapa,USA,1907,9950.544
mpd2020-pib-per-capita-mapa,USA,1908,8975.9761
mpd2020-pib-per-capita-mapa,USA,1909,9798.1182
mpd2020-pib-per-capita-mapa,USA,1910,9636.7827
mpd2020-pib-per-capita-mapa,USA,1911,9735.8893
mpd2020-pib-per-capita-mapa,USA,1912,9976.5671
mpd2020-pib-per-capita-mapa,USA,1913,10107.9694
mpd2020-pib-per-capita-mapa,USA,1914,9096.372
mpd2020-pib-per-capita-mapa,USA,1915,9164.1768
mpd2020-pib-per-capita-mapa,USA,1916,10222.3199
mpd2020-pib-per-capita-mapa,USA,1917,9769.078
mpd2020-pib-per-capita-mapa,USA,1918,10471.3058
mpd2020-pib-per-capita-mapa,USA,1919,10449.7803
mpd2020-pib-per-capita-mapa,USA,1920,10152.9271
mpd2020-pib-per-capita-mapa,USA,1921,9674.8805
mpd2020-pib-per-capita-mapa,USA,1922,10009.7153
mpd2020-pib-per-capita-mapa,USA,1923,11071.243
mpd2020-pib-per-capita-mapa,USA,1924,11126.713
mpd2020-pib-per-capita-mapa,USA,1925,11149.772
mpd2020-pib-per-capita-mapa,USA,1926,11647.7678
mpd2020-pib-per-capita-mapa,USA,1927,11532.3979
mpd2020-pib-per-capita-mapa,USA,1928,11451.069
mpd2020-pib-per-capita-mapa,USA,1929,11954.2353
mpd2020-pib-per-capita-mapa,USA,1930,10694.9821
mpd2020-pib-per-capita-mapa,USA,1931,9930.9634
mpd2020-pib-per-capita-mapa,USA,1932,8380.5044
mpd2020-pib-per-capita-mapa,USA,1933,8048.2245
mpd2020-pib-per-capita-mapa,USA,1934,8667.0918
mpd2020-pib-per-capita-mapa,USA,1935,9680.8386
mpd2020-pib-per-capita-mapa,USA,1936,10568.0124
mpd2020-pib-per-capita-mapa,USA,1937,11295.0989
mpd2020-pib-per-capita-mapa,USA,1938,10526.1336
mpd2020-pib-per-capita-mapa,USA,1939,11171.4481
mpd2020-pib-per-capita-mapa,USA,1940,12005.0952
mpd2020-pib-per-capita-mapa,USA,1941,13553.4017
mpd2020-pib-per-capita-mapa,USA,1942,14869.8612
mpd2020-pib-per-capita-mapa,USA,1943,16050.2174
mpd2020-pib-per-capita-mapa,USA,1944,16999.3272
mpd2020-pib-per-capita-mapa,USA,1945,16477.5518
mpd2020-pib-per-capita-mapa,USA,1946,14822.4665
mpd2020-pib-per-capita-mapa,USA,1947,14311.5472
mpd2020-pib-per-capita-mapa,USA,1948,14734.2321
mpd2020-pib-per-capita-mapa,USA,1949,14196.672
mpd2020-pib-per-capita-mapa,USA,1950,15240
mpd2020-pib-per-capita-mapa,USA,1951,16125
mpd2020-pib-per-capita-mapa,USA,1952,16444
mpd2020-pib-per-capita-mapa,USA,1953,16917
mpd2020-pib-per-capita-mapa,USA,1954,16512
mpd2020-pib-per-capita-mapa,USA,1955,17370
mpd2020-pib-per-capita-mapa,USA,1956,17397
mpd2020-pib-per-capita-mapa,USA,1957,17406
mpd2020-pib-per-capita-mapa,USA,1958,16946
mpd2020-pib-per-capita-mapa,USA,1959,17900
mpd2020-pib-per-capita-mapa,USA,1960,18057
mpd2020-pib-per-capita-mapa,USA,1961,18175
mpd2020-pib-per-capita-mapa,USA,1962,18976
mpd2020-pib-per-capita-mapa,USA,1963,19514
mpd2020-pib-per-capita-mapa,USA,1964,20360
mpd2020-pib-per-capita-mapa,USA,1965,21390
mpd2020-pib-per-capita-mapa,USA,1966,22529
mpd2020-pib-per-capita-mapa,USA,1967,22842
mpd2020-pib-per-capita-mapa,USA,1968,23691
mpd2020-pib-per-capita-mapa,USA,1969,24195
mpd2020-pib-per-capita-mapa,USA,1970,23958
mpd2020-pib-per-capita-mapa,USA,1971,24394
mpd2020-pib-per-capita-mapa,USA,1972,25414
mpd2020-pib-per-capita-mapa,USA,1973,26602
mpd2020-pib-per-capita-mapa,USA,1974,26286
mpd2020-pib-per-capita-mapa,USA,1975,25956
mpd2020-pib-per-capita-mapa,USA,1976,27058
mpd2020-pib-per-capita-mapa,USA,1977,28001
mpd2020-pib-per-capita-mapa,USA,1978,29286
mpd2020-pib-per-capita-mapa,USA,1979,29949
mpd2020-pib-per-capita-mapa,USA,1980,29611
mpd2020-pib-per-capita-mapa,USA,1981,30056
mpd2020-pib-per-capita-mapa,USA,1982,29210
mpd2020-pib-per-capita-mapa,USA,1983,30158
mpd2020-pib-per-capita-mapa,USA,1984,32076
mpd2020-pib-per-capita-mapa,USA,1985,33023
mpd2020-pib-per-capita-mapa,USA,1986,33850
mpd2020-pib-per-capita-mapa,USA,1987,34730
mpd2020-pib-per-capita-mapa,USA,1988,35863
mpd2020-pib-per-capita-mapa,USA,1989,36756
mpd2020-pib-per-capita-mapa,USA,1990,36982
mpd2020-pib-per-capita-mapa,USA,1991,36463.9576
mpd2020-pib-per-capita-mapa,USA,1992,37240.299
mpd2020-pib-per-capita-mapa,USA,1993,37761.5352
mpd2020-pib-per-capita-mapa,USA,1994,38807.28
mpd2020-pib-per-capita-mapa,USA,1995,39390.6254
mpd2020-pib-per-capita-mapa,USA,1996,40412.751
mpd2020-pib-per-capita-mapa,USA,1997,41722.6703
mpd2020-pib-per-capita-mapa,USA,1998,43072.758
mpd2020-pib-per-capita-mapa,USA,1999,44575.8486
mpd2020-pib-per-capita-mapa,USA,2000,45886.4705
mpd2020-pib-per-capita-mapa,USA,2001,45878.0092
mpd2020-pib-per-capita-mapa,USA,2002,46266.2959
mpd2020-pib-per-capita-mapa,USA,2003,47157.9953
mpd2020-pib-per-capita-mapa,USA,2004,48492.7171
mpd2020-pib-per-capita-mapa,USA,2005,49654.7614
mpd2020-pib-per-capita-mapa,USA,2006,50489.86
mpd2020-pib-per-capita-mapa,USA,2007,50901.7447
mpd2020-pib-per-capita-mapa,USA,2008,50275.7463
mpd2020-pib-per-capita-mapa,USA,2009,48452.9335
mpd2020-pib-per-capita-mapa,USA,2010,49266.9159
mpd2020-pib-per-capita-mapa,USA,2011,49675
mpd2020-pib-per-capita-mapa,USA,2012,50394
mpd2020-pib-per-capita-mapa,USA,2013,50863
mpd2020-pib-per-capita-mapa,USA,2014,51664
mpd2020-pib-per-capita-mapa,USA,2015,52591
mpd2020-pib-per-capita-mapa,USA,2016,53015
mpd2020-pib-per-capita-mapa,USA,2017,54007.7698
mpd2020-pib-per-capita-mapa,USA,2018,55334.7394
mpd2020-pib-per-capita-mapa,UZB,1973,8125
mpd2020-pib-per-capita-mapa,UZB,1980,7453
mpd2020-pib-per-capita-mapa,UZB,1981,7527
mpd2020-pib-per-capita-mapa,UZB,1982,7594
mpd2020-pib-per-capita-mapa,UZB,1983,7672
mpd2020-pib-per-capita-mapa,UZB,1984,7189
mpd2020-pib-per-capita-mapa,UZB,1985,7181
mpd2020-pib-per-capita-mapa,UZB,1986,6904
mpd2020-pib-per-capita-mapa,UZB,1987,6680
mpd2020-pib-per-capita-mapa,UZB,1988,7101
mpd2020-pib-per-capita-mapa,UZB,1989,7093
mpd2020-pib-per-capita-mapa,UZB,1990,6790
mpd2020-pib-per-capita-mapa,UZB,1991,6485.5278
mpd2020-pib-per-capita-mapa,UZB,1992,5530.4786
mpd2020-pib-per-capita-mapa,UZB,1993,5193.4641
mpd2020-pib-per-capita-mapa,UZB,1994,4744.4579
mpd2020-pib-per-capita-mapa,UZB,1995,4535.2632
mpd2020-pib-per-capita-mapa,UZB,1996,4452.8819
mpd2020-pib-per-capita-mapa,UZB,1997,4529.3344
mpd2020-pib-per-capita-mapa,UZB,1998,4575.9868
mpd2020-pib-per-capita-mapa,UZB,1999,4630.6514
mpd2020-pib-per-capita-mapa,UZB,2000,4667.2599
mpd2020-pib-per-capita-mapa,UZB,2001,4725.2525
mpd2020-pib-per-capita-mapa,UZB,2002,4777.2886
mpd2020-pib-per-capita-mapa,UZB,2003,4844.73
mpd2020-pib-per-capita-mapa,UZB,2004,5068.2086
mpd2020-pib-per-capita-mapa,UZB,2005,5284.0049
mpd2020-pib-per-capita-mapa,UZB,2006,5535.1218
mpd2020-pib-per-capita-mapa,UZB,2007,5907.9989
mpd2020-pib-per-capita-mapa,UZB,2008,6278.2732
mpd2020-pib-per-capita-mapa,UZB,2009,6618.0976
mpd2020-pib-per-capita-mapa,UZB,2010,7002.8596
mpd2020-pib-per-capita-mapa,UZB,2011,7396
mpd2020-pib-per-capita-mapa,UZB,2012,7928
mpd2020-pib-per-capita-mapa,UZB,2013,8482
mpd2020-pib-per-capita-mapa,UZB,2014,9085
mpd2020-pib-per-capita-mapa,UZB,2015,9720
mpd2020-pib-per-capita-mapa,UZB,2016,10381
mpd2020-pib-per-capita-mapa,UZB,2017,10743.8666
mpd2020-pib-per-capita-mapa,UZB,2018,11220.3702
mpd2020-pib-per-capita-mapa,VEN,1820,968
mpd2020-pib-per-capita-mapa,VEN,1830,1922
mpd2020-pib-per-capita-mapa,VEN,1831,1897
mpd2020-pib-per-capita-mapa,VEN,1832,2142
mpd2020-pib-per-capita-mapa,VEN,1833,2173
mpd2020-pib-per-capita-mapa,VEN,1834,2195
mpd2020-pib-per-capita-mapa,VEN,1835,2153
mpd2020-pib-per-capita-mapa,VEN,1836,2002
mpd2020-pib-per-capita-mapa,VEN,1837,1884
mpd2020-pib-per-capita-mapa,VEN,1838,1693
mpd2020-pib-per-capita-mapa,VEN,1839,1576
mpd2020-pib-per-capita-mapa,VEN,1840,1519
mpd2020-pib-per-capita-mapa,VEN,1841,1693
mpd2020-pib-per-capita-mapa,VEN,1842,1884
mpd2020-pib-per-capita-mapa,VEN,1843,1750
mpd2020-pib-per-capita-mapa,VEN,1844,1750
mpd2020-pib-per-capita-mapa,VEN,1845,1769
mpd2020-pib-per-capita-mapa,VEN,1846,1788
mpd2020-pib-per-capita-mapa,VEN,1847,1712
mpd2020-pib-per-capita-mapa,VEN,1848,1712
mpd2020-pib-per-capita-mapa,VEN,1849,1576
mpd2020-pib-per-capita-mapa,VEN,1850,1884
mpd2020-pib-per-capita-mapa,VEN,1851,1808
mpd2020-pib-per-capita-mapa,VEN,1852,1884
mpd2020-pib-per-capita-mapa,VEN,1853,2000
mpd2020-pib-per-capita-mapa,VEN,1854,2039
mpd2020-pib-per-capita-mapa,VEN,1855,2115
mpd2020-pib-per-capita-mapa,VEN,1856,1635
mpd2020-pib-per-capita-mapa,VEN,1857,1884
mpd2020-pib-per-capita-mapa,VEN,1858,1846
mpd2020-pib-per-capita-mapa,VEN,1859,1865
mpd2020-pib-per-capita-mapa,VEN,1860,1981
mpd2020-pib-per-capita-mapa,VEN,1861,2134
mpd2020-pib-per-capita-mapa,VEN,1862,1884
mpd2020-pib-per-capita-mapa,VEN,1863,1731
mpd2020-pib-per-capita-mapa,VEN,1864,1693
mpd2020-pib-per-capita-mapa,VEN,1865,1788
mpd2020-pib-per-capita-mapa,VEN,1866,1769
mpd2020-pib-per-capita-mapa,VEN,1867,1596
mpd2020-pib-per-capita-mapa,VEN,1868,1615
mpd2020-pib-per-capita-mapa,VEN,1869,1788
mpd2020-pib-per-capita-mapa,VEN,1870,1769
mpd2020-pib-per-capita-mapa,VEN,1871,1731
mpd2020-pib-per-capita-mapa,VEN,1872,1750
mpd2020-pib-per-capita-mapa,VEN,1873,1884
mpd2020-pib-per-capita-mapa,VEN,1874,2077
mpd2020-pib-per-capita-mapa,VEN,1875,1846
mpd2020-pib-per-capita-mapa,VEN,1876,1924
mpd2020-pib-per-capita-mapa,VEN,1877,1943
mpd2020-pib-per-capita-mapa,VEN,1878,2077
mpd2020-pib-per-capita-mapa,VEN,1879,2039
mpd2020-pib-per-capita-mapa,VEN,1880,2153
mpd2020-pib-per-capita-mapa,VEN,1881,2153
mpd2020-pib-per-capita-mapa,VEN,1882,2115
mpd2020-pib-per-capita-mapa,VEN,1883,2211
mpd2020-pib-per-capita-mapa,VEN,1884,2346
mpd2020-pib-per-capita-mapa,VEN,1885,2173
mpd2020-pib-per-capita-mapa,VEN,1886,2308
mpd2020-pib-per-capita-mapa,VEN,1887,2385
mpd2020-pib-per-capita-mapa,VEN,1888,2385
mpd2020-pib-per-capita-mapa,VEN,1889,2480
mpd2020-pib-per-capita-mapa,VEN,1890,2673
mpd2020-pib-per-capita-mapa,VEN,1891,2520
mpd2020-pib-per-capita-mapa,VEN,1892,2270
mpd2020-pib-per-capita-mapa,VEN,1893,2270
mpd2020-pib-per-capita-mapa,VEN,1894,2232
mpd2020-pib-per-capita-mapa,VEN,1895,2423
mpd2020-pib-per-capita-mapa,VEN,1896,2134
mpd2020-pib-per-capita-mapa,VEN,1897,2192
mpd2020-pib-per-capita-mapa,VEN,1898,2134
mpd2020-pib-per-capita-mapa,VEN,1899,1808
mpd2020-pib-per-capita-mapa,VEN,1900,1846
mpd2020-pib-per-capita-mapa,VEN,1901,1769
mpd2020-pib-per-capita-mapa,VEN,1902,1655
mpd2020-pib-per-capita-mapa,VEN,1903,1769
mpd2020-pib-per-capita-mapa,VEN,1904,1788
mpd2020-pib-per-capita-mapa,VEN,1905,1808
mpd2020-pib-per-capita-mapa,VEN,1906,1788
mpd2020-pib-per-capita-mapa,VEN,1907,1731
mpd2020-pib-per-capita-mapa,VEN,1908,1693
mpd2020-pib-per-capita-mapa,VEN,1909,1693
mpd2020-pib-per-capita-mapa,VEN,1910,1674
mpd2020-pib-per-capita-mapa,VEN,1911,1596
mpd2020-pib-per-capita-mapa,VEN,1912,1712
mpd2020-pib-per-capita-mapa,VEN,1913,1750
mpd2020-pib-per-capita-mapa,VEN,1914,2020
mpd2020-pib-per-capita-mapa,VEN,1915,2020
mpd2020-pib-per-capita-mapa,VEN,1916,1884
mpd2020-pib-per-capita-mapa,VEN,1917,1962
mpd2020-pib-per-capita-mapa,VEN,1918,2039
mpd2020-pib-per-capita-mapa,VEN,1919,1962
mpd2020-pib-per-capita-mapa,VEN,1920,1903
mpd2020-pib-per-capita-mapa,VEN,1921,1846
mpd2020-pib-per-capita-mapa,VEN,1922,2000
mpd2020-pib-per-capita-mapa,VEN,1923,2096
mpd2020-pib-per-capita-mapa,VEN,1924,2173
mpd2020-pib-per-capita-mapa,VEN,1925,2289
mpd2020-pib-per-capita-mapa,VEN,1926,2423
mpd2020-pib-per-capita-mapa,VEN,1927,2461
mpd2020-pib-per-capita-mapa,VEN,1928,2866
mpd2020-pib-per-capita-mapa,VEN,1929,2942
mpd2020-pib-per-capita-mapa,VEN,1930,2923
mpd2020-pib-per-capita-mapa,VEN,1931,2904
mpd2020-pib-per-capita-mapa,VEN,1932,2635
mpd2020-pib-per-capita-mapa,VEN,1933,2923
mpd2020-pib-per-capita-mapa,VEN,1934,3038
mpd2020-pib-per-capita-mapa,VEN,1935,3615
mpd2020-pib-per-capita-mapa,VEN,1936,3904
mpd2020-pib-per-capita-mapa,VEN,1937,3885
mpd2020-pib-per-capita-mapa,VEN,1938,4289
mpd2020-pib-per-capita-mapa,VEN,1939,4538
mpd2020-pib-per-capita-mapa,VEN,1940,4769
mpd2020-pib-per-capita-mapa,VEN,1941,4635
mpd2020-pib-per-capita-mapa,VEN,1942,4001
mpd2020-pib-per-capita-mapa,VEN,1943,4423
mpd2020-pib-per-capita-mapa,VEN,1944,4769
mpd2020-pib-per-capita-mapa,VEN,1945,5808
mpd2020-pib-per-capita-mapa,VEN,1946,6655
mpd2020-pib-per-capita-mapa,VEN,1947,6500
mpd2020-pib-per-capita-mapa,VEN,1948,7712
mpd2020-pib-per-capita-mapa,VEN,1949,7828
mpd2020-pib-per-capita-mapa,VEN,1950,8462
mpd2020-pib-per-capita-mapa,VEN,1951,9039
mpd2020-pib-per-capita-mapa,VEN,1952,9309
mpd2020-pib-per-capita-mapa,VEN,1953,9500
mpd2020-pib-per-capita-mapa,VEN,1954,10020
mpd2020-pib-per-capita-mapa,VEN,1955,10501
mpd2020-pib-per-capita-mapa,VEN,1956,11136
mpd2020-pib-per-capita-mapa,VEN,1957,11923
mpd2020-pib-per-capita-mapa,VEN,1958,11615
mpd2020-pib-per-capita-mapa,VEN,1959,12078
mpd2020-pib-per-capita-mapa,VEN,1960,12116
mpd2020-pib-per-capita-mapa,VEN,1961,12231
mpd2020-pib-per-capita-mapa,VEN,1962,12848
mpd2020-pib-per-capita-mapa,VEN,1963,13232
mpd2020-pib-per-capita-mapa,VEN,1964,14019
mpd2020-pib-per-capita-mapa,VEN,1965,14347
mpd2020-pib-per-capita-mapa,VEN,1966,14174
mpd2020-pib-per-capita-mapa,VEN,1967,14250
mpd2020-pib-per-capita-mapa,VEN,1968,14520
mpd2020-pib-per-capita-mapa,VEN,1969,14655
mpd2020-pib-per-capita-mapa,VEN,1970,15289
mpd2020-pib-per-capita-mapa,VEN,1971,15192
mpd2020-pib-per-capita-mapa,VEN,1972,15135
mpd2020-pib-per-capita-mapa,VEN,1973,15540
mpd2020-pib-per-capita-mapa,VEN,1974,15943
mpd2020-pib-per-capita-mapa,VEN,1975,16385
mpd2020-pib-per-capita-mapa,VEN,1976,17174
mpd2020-pib-per-capita-mapa,VEN,1977,17693
mpd2020-pib-per-capita-mapa,VEN,1978,17481
mpd2020-pib-per-capita-mapa,VEN,1979,17135
mpd2020-pib-per-capita-mapa,VEN,1980,16270
mpd2020-pib-per-capita-mapa,VEN,1981,15750
mpd2020-pib-per-capita-mapa,VEN,1982,15423
mpd2020-pib-per-capita-mapa,VEN,1983,14155
mpd2020-pib-per-capita-mapa,VEN,1984,13597
mpd2020-pib-per-capita-mapa,VEN,1985,13270
mpd2020-pib-per-capita-mapa,VEN,1986,13751
mpd2020-pib-per-capita-mapa,VEN,1987,13866
mpd2020-pib-per-capita-mapa,VEN,1988,14308
mpd2020-pib-per-capita-mapa,VEN,1989,12750
mpd2020-pib-per-capita-mapa,VEN,1990,13251
mpd2020-pib-per-capita-mapa,VEN,1991,14274.5255
mpd2020-pib-per-capita-mapa,VEN,1992,14901.6164
mpd2020-pib-per-capita-mapa,VEN,1993,14693.902
mpd2020-pib-per-capita-mapa,VEN,1994,14129.278
mpd2020-pib-per-capita-mapa,VEN,1995,14448.2822
mpd2020-pib-per-capita-mapa,VEN,1996,14211.8094
mpd2020-pib-per-capita-mapa,VEN,1997,14894.3367
mpd2020-pib-per-capita-mapa,VEN,1998,14739.0507
mpd2020-pib-per-capita-mapa,VEN,1999,13669.4846
mpd2020-pib-per-capita-mapa,VEN,2000,13992.6088
mpd2020-pib-per-capita-mapa,VEN,2001,14298.037
mpd2020-pib-per-capita-mapa,VEN,2002,12856.0492
mpd2020-pib-per-capita-mapa,VEN,2003,11728.183
mpd2020-pib-per-capita-mapa,VEN,2004,13713.0452
mpd2020-pib-per-capita-mapa,VEN,2005,14944.3395
mpd2020-pib-per-capita-mapa,VEN,2006,16253.6858
mpd2020-pib-per-capita-mapa,VEN,2007,17386.0853
mpd2020-pib-per-capita-mapa,VEN,2008,18019.0902
mpd2020-pib-per-capita-mapa,VEN,2009,17242.9448
mpd2020-pib-per-capita-mapa,VEN,2010,17105.5793
mpd2020-pib-per-capita-mapa,VEN,2011,17746
mpd2020-pib-per-capita-mapa,VEN,2012,18549
mpd2020-pib-per-capita-mapa,VEN,2013,21429
mpd2020-pib-per-capita-mapa,VEN,2014,20317
mpd2020-pib-per-capita-mapa,VEN,2015,18802
mpd2020-pib-per-capita-mapa,VEN,2016,15219
mpd2020-pib-per-capita-mapa,VEN,2017,12879.135
mpd2020-pib-per-capita-mapa,VEN,2018,10709.9506
mpd2020-pib-per-capita-mapa,VNM,1820,840
mpd2020-pib-per-capita-mapa,VNM,1870,805
mpd2020-pib-per-capita-mapa,VNM,1913,1159
mpd2020-pib-per-capita-mapa,VNM,1950,1049
mpd2020-pib-per-capita-mapa,VNM,1951,1078
mpd2020-pib-per-capita-mapa,VNM,1952,1106
mpd2020-pib-per-capita-mapa,VNM,1953,1135
mpd2020-pib-per-capita-mapa,VNM,1954,1167
mpd2020-pib-per-capita-mapa,VNM,1955,1195
mpd2020-pib-per-capita-mapa,VNM,1956,1218
mpd2020-pib-per-capita-mapa,VNM,1957,1235
mpd2020-pib-per-capita-mapa,VNM,1958,1251
mpd2020-pib-per-capita-mapa,VNM,1959,1262
mpd2020-pib-per-capita-mapa,VNM,1960,1274
mpd2020-pib-per-capita-mapa,VNM,1961,1294
mpd2020-pib-per-capita-mapa,VNM,1962,1411
mpd2020-pib-per-capita-mapa,VNM,1963,1406
mpd2020-pib-per-capita-mapa,VNM,1964,1427
mpd2020-pib-per-capita-mapa,VNM,1965,1398
mpd2020-pib-per-capita-mapa,VNM,1966,1369
mpd2020-pib-per-capita-mapa,VNM,1967,1165
mpd2020-pib-per-capita-mapa,VNM,1968,1114
mpd2020-pib-per-capita-mapa,VNM,1969,1178
mpd2020-pib-per-capita-mapa,VNM,1970,1172
mpd2020-pib-per-capita-mapa,VNM,1971,1202
mpd2020-pib-per-capita-mapa,VNM,1972,1278
mpd2020-pib-per-capita-mapa,VNM,1973,1333
mpd2020-pib-per-capita-mapa,VNM,1974,1248
mpd2020-pib-per-capita-mapa,VNM,1975,1132
mpd2020-pib-per-capita-mapa,VNM,1976,1290
mpd2020-pib-per-capita-mapa,VNM,1977,1304
mpd2020-pib-per-capita-mapa,VNM,1978,1285
mpd2020-pib-per-capita-mapa,VNM,1979,1267
mpd2020-pib-per-capita-mapa,VNM,1980,1207
mpd2020-pib-per-capita-mapa,VNM,1981,1223
mpd2020-pib-per-capita-mapa,VNM,1982,1293
mpd2020-pib-per-capita-mapa,VNM,1983,1333
mpd2020-pib-per-capita-mapa,VNM,1984,1420
mpd2020-pib-per-capita-mapa,VNM,1985,1471
mpd2020-pib-per-capita-mapa,VNM,1986,1481
mpd2020-pib-per-capita-mapa,VNM,1987,1500
mpd2020-pib-per-capita-mapa,VNM,1988,1556
mpd2020-pib-per-capita-mapa,VNM,1989,1588
mpd2020-pib-per-capita-mapa,VNM,1990,1634
mpd2020-pib-per-capita-mapa,VNM,1991,1688.1599
mpd2020-pib-per-capita-mapa,VNM,1992,1792.6708
mpd2020-pib-per-capita-mapa,VNM,1993,1894.8586
mpd2020-pib-per-capita-mapa,VNM,1994,2018.3507
mpd2020-pib-per-capita-mapa,VNM,1995,2167.042
mpd2020-pib-per-capita-mapa,VNM,1996,2323.0464
mpd2020-pib-per-capita-mapa,VNM,1997,2466.8735
mpd2020-pib-per-capita-mapa,VNM,1998,2564.2845
mpd2020-pib-per-capita-mapa,VNM,1999,2641.3485
mpd2020-pib-per-capita-mapa,VNM,2000,2773.1016
mpd2020-pib-per-capita-mapa,VNM,2001,2915.6861
mpd2020-pib-per-capita-mapa,VNM,2002,3070.6935
mpd2020-pib-per-capita-mapa,VNM,2003,3242.2855
mpd2020-pib-per-capita-mapa,VNM,2004,3437.6644
mpd2020-pib-per-capita-mapa,VNM,2005,3637.6564
mpd2020-pib-per-capita-mapa,VNM,2006,3828.9077
mpd2020-pib-per-capita-mapa,VNM,2007,4037.2329
mpd2020-pib-per-capita-mapa,VNM,2008,4200.2352
mpd2020-pib-per-capita-mapa,VNM,2009,4360.0617
mpd2020-pib-per-capita-mapa,VNM,2010,4571.8486
mpd2020-pib-per-capita-mapa,VNM,2011,4786
mpd2020-pib-per-capita-mapa,VNM,2012,4984
mpd2020-pib-per-capita-mapa,VNM,2013,5200
mpd2020-pib-per-capita-mapa,VNM,2014,5455
mpd2020-pib-per-capita-mapa,VNM,2015,5763
mpd2020-pib-per-capita-mapa,VNM,2016,6062
mpd2020-pib-per-capita-mapa,VNM,2017,6422.0865
mpd2020-pib-per-capita-mapa,VNM,2018,6814.1423
mpd2020-pib-per-capita-mapa,YEM,1950,1452
mpd2020-pib-per-capita-mapa,YEM,1951,1463
mpd2020-pib-per-capita-mapa,YEM,1952,1473
mpd2020-pib-per-capita-mapa,YEM,1953,1482
mpd2020-pib-per-capita-mapa,YEM,1954,1492
mpd2020-pib-per-capita-mapa,YEM,1955,1502
mpd2020-pib-per-capita-mapa,YEM,1956,1508
mpd2020-pib-per-capita-mapa,YEM,1957,1516
mpd2020-pib-per-capita-mapa,YEM,1958,1522
mpd2020-pib-per-capita-mapa,YEM,1959,1529
mpd2020-pib-per-capita-mapa,YEM,1960,1537
mpd2020-pib-per-capita-mapa,YEM,1961,1545
mpd2020-pib-per-capita-mapa,YEM,1962,1554
mpd2020-pib-per-capita-mapa,YEM,1963,1568
mpd2020-pib-per-capita-mapa,YEM,1964,1576
mpd2020-pib-per-capita-mapa,YEM,1965,1588
mpd2020-pib-per-capita-mapa,YEM,1966,1605
mpd2020-pib-per-capita-mapa,YEM,1967,1624
mpd2020-pib-per-capita-mapa,YEM,1968,1639
mpd2020-pib-per-capita-mapa,YEM,1969,1658
mpd2020-pib-per-capita-mapa,YEM,1970,1961
mpd2020-pib-per-capita-mapa,YEM,1971,2254
mpd2020-pib-per-capita-mapa,YEM,1972,2383
mpd2020-pib-per-capita-mapa,YEM,1973,2614
mpd2020-pib-per-capita-mapa,YEM,1974,2703
mpd2020-pib-per-capita-mapa,YEM,1975,2844
mpd2020-pib-per-capita-mapa,YEM,1976,3193
mpd2020-pib-per-capita-mapa,YEM,1977,3446
mpd2020-pib-per-capita-mapa,YEM,1978,3636
mpd2020-pib-per-capita-mapa,YEM,1979,3733
mpd2020-pib-per-capita-mapa,YEM,1980,3650
mpd2020-pib-per-capita-mapa,YEM,1981,3767
mpd2020-pib-per-capita-mapa,YEM,1982,3724
mpd2020-pib-per-capita-mapa,YEM,1983,3827
mpd2020-pib-per-capita-mapa,YEM,1984,3861
mpd2020-pib-per-capita-mapa,YEM,1985,3717
mpd2020-pib-per-capita-mapa,YEM,1986,3684
mpd2020-pib-per-capita-mapa,YEM,1987,3712
mpd2020-pib-per-capita-mapa,YEM,1988,3747
mpd2020-pib-per-capita-mapa,YEM,1989,3751
mpd2020-pib-per-capita-mapa,YEM,1990,3622
mpd2020-pib-per-capita-mapa,YEM,1991,3661.9236
mpd2020-pib-per-capita-mapa,YEM,1992,3759.7183
mpd2020-pib-per-capita-mapa,YEM,1993,3712.3411
mpd2020-pib-per-capita-mapa,YEM,1994,3775.0695
mpd2020-pib-per-capita-mapa,YEM,1995,3823.3189
mpd2020-pib-per-capita-mapa,YEM,1996,3855.572
mpd2020-pib-per-capita-mapa,YEM,1997,3927.6803
mpd2020-pib-per-capita-mapa,YEM,1998,4044.1484
mpd2020-pib-per-capita-mapa,YEM,1999,4080.2184
mpd2020-pib-per-capita-mapa,YEM,2000,4212.1055
mpd2020-pib-per-capita-mapa,YEM,2001,4249.0339
mpd2020-pib-per-capita-mapa,YEM,2002,4292.0989
mpd2020-pib-per-capita-mapa,YEM,2003,4326.5105
mpd2020-pib-per-capita-mapa,YEM,2004,4371.3956
mpd2020-pib-per-capita-mapa,YEM,2005,4485.5828
mpd2020-pib-per-capita-mapa,YEM,2006,4497.2593
mpd2020-pib-per-capita-mapa,YEM,2007,4516.1436
mpd2020-pib-per-capita-mapa,YEM,2008,4549.009
mpd2020-pib-per-capita-mapa,YEM,2009,4593.5427
mpd2020-pib-per-capita-mapa,YEM,2010,4812.3454
mpd2020-pib-per-capita-mapa,YEM,2011,4088
mpd2020-pib-per-capita-mapa,YEM,2012,4077
mpd2020-pib-per-capita-mapa,YEM,2013,4165
mpd2020-pib-per-capita-mapa,YEM,2014,4054
mpd2020-pib-per-capita-mapa,YEM,2015,2844
mpd2020-pib-per-capita-mapa,YEM,2016,2506
mpd2020-pib-per-capita-mapa,YEM,2017,2321.9239
mpd2020-pib-per-capita-mapa,YEM,2018,2284.8899
mpd2020-pib-per-capita-mapa,YUG,1870,878
mpd2020-pib-per-capita-mapa,YUG,1890,1237
mpd2020-pib-per-capita-mapa,YUG,1900,1323
mpd2020-pib-per-capita-mapa,YUG,1910,1551
mpd2020-pib-per-capita-mapa,YUG,1913,1551
mpd2020-pib-per-capita-mapa,YUG,1920,1513
mpd2020-pib-per-capita-mapa,YUG,1921,1529
mpd2020-pib-per-capita-mapa,YUG,1922,1551
mpd2020-pib-per-capita-mapa,YUG,1923,1608
mpd2020-pib-per-capita-mapa,YUG,1924,1699
mpd2020-pib-per-capita-mapa,YUG,1925,1758
mpd2020-pib-per-capita-mapa,YUG,1926,1854
mpd2020-pib-per-capita-mapa,YUG,1927,1798
mpd2020-pib-per-capita-mapa,YUG,1928,1929
mpd2020-pib-per-capita-mapa,YUG,1929,2002
mpd2020-pib-per-capita-mapa,YUG,1930,1935
mpd2020-pib-per-capita-mapa,YUG,1931,1851
mpd2020-pib-per-capita-mapa,YUG,1932,1655
mpd2020-pib-per-capita-mapa,YUG,1933,1683
mpd2020-pib-per-capita-mapa,YUG,1934,1722
mpd2020-pib-per-capita-mapa,YUG,1935,1672
mpd2020-pib-per-capita-mapa,YUG,1936,1863
mpd2020-pib-per-capita-mapa,YUG,1937,1868
mpd2020-pib-per-capita-mapa,YUG,1938,1991
mpd2020-pib-per-capita-mapa,YUG,1939,2072
mpd2020-pib-per-capita-mapa,YUG,1947,1930
mpd2020-pib-per-capita-mapa,YUG,1948,2273
mpd2020-pib-per-capita-mapa,YUG,1949,2463
mpd2020-pib-per-capita-mapa,YUG,1950,2276
mpd2020-pib-per-capita-mapa,YUG,1951,2335
mpd2020-pib-per-capita-mapa,YUG,1952,2125
mpd2020-pib-per-capita-mapa,YUG,1953,2289
mpd2020-pib-per-capita-mapa,YUG,1954,2335
mpd2020-pib-per-capita-mapa,YUG,1955,2721
mpd2020-pib-per-capita-mapa,YUG,1956,2560
mpd2020-pib-per-capita-mapa,YUG,1957,3045
mpd2020-pib-per-capita-mapa,YUG,1958,3084
mpd2020-pib-per-capita-mapa,YUG,1959,3547
mpd2020-pib-per-capita-mapa,YUG,1960,3778
mpd2020-pib-per-capita-mapa,YUG,1961,3950
mpd2020-pib-per-capita-mapa,YUG,1962,4041
mpd2020-pib-per-capita-mapa,YUG,1963,4481
mpd2020-pib-per-capita-mapa,YUG,1964,4941
mpd2020-pib-per-capita-mapa,YUG,1965,4981
mpd2020-pib-per-capita-mapa,YUG,1966,5311
mpd2020-pib-per-capita-mapa,YUG,1967,5378
mpd2020-pib-per-capita-mapa,YUG,1968,5523
mpd2020-pib-per-capita-mapa,YUG,1969,6001
mpd2020-pib-per-capita-mapa,YUG,1970,6288
mpd2020-pib-per-capita-mapa,YUG,1971,6730
mpd2020-pib-per-capita-mapa,YUG,1972,6948
mpd2020-pib-per-capita-mapa,YUG,1973,7226
mpd2020-pib-per-capita-mapa,YUG,1974,7767
mpd2020-pib-per-capita-mapa,YUG,1975,7976
mpd2020-pib-per-capita-mapa,YUG,1976,8207
mpd2020-pib-per-capita-mapa,YUG,1977,8780
mpd2020-pib-per-capita-mapa,YUG,1978,9283
mpd2020-pib-per-capita-mapa,YUG,1979,9873
mpd2020-pib-per-capita-mapa,YUG,1980,10037
mpd2020-pib-per-capita-mapa,YUG,1981,10106
mpd2020-pib-per-capita-mapa,YUG,1982,10080
mpd2020-pib-per-capita-mapa,YUG,1983,9907
mpd2020-pib-per-capita-mapa,YUG,1984,10029
mpd2020-pib-per-capita-mapa,YUG,1985,10009
mpd2020-pib-per-capita-mapa,YUG,1986,10299
mpd2020-pib-per-capita-mapa,YUG,1987,10119
mpd2020-pib-per-capita-mapa,YUG,1988,9884
mpd2020-pib-per-capita-mapa,YUG,1989,9887
mpd2020-pib-per-capita-mapa,YUG,1990,9000
mpd2020-pib-per-capita-mapa,YUG,1991,7867.9598
mpd2020-pib-per-capita-mapa,YUG,1992,6506.9019
mpd2020-pib-per-capita-mapa,YUG,1993,5552.537
mpd2020-pib-per-capita-mapa,YUG,1994,5851.6907
mpd2020-pib-per-capita-mapa,YUG,1995,6285.9085
mpd2020-pib-per-capita-mapa,YUG,1996,6938.2068
mpd2020-pib-per-capita-mapa,YUG,1997,7697.6786
mpd2020-pib-per-capita-mapa,YUG,1998,8152.8539
mpd2020-pib-per-capita-mapa,YUG,1999,8035.6118
mpd2020-pib-per-capita-mapa,YUG,2000,8472.5892
mpd2020-pib-per-capita-mapa,YUG,2001,8827.6755
mpd2020-pib-per-capita-mapa,YUG,2002,9266.3896
mpd2020-pib-per-capita-mapa,YUG,2003,9686.0307
mpd2020-pib-per-capita-mapa,YUG,2004,10317.2289
mpd2020-pib-per-capita-mapa,YUG,2005,10881.8673
mpd2020-pib-per-capita-mapa,YUG,2006,11598.9793
mpd2020-pib-per-capita-mapa,YUG,2007,12461.6697
mpd2020-pib-per-capita-mapa,YUG,2008,13125.1434
mpd2020-pib-per-capita-mapa,YUG,2009,14028.4195
mpd2020-pib-per-capita-mapa,YUG,2010,14250.7895
mpd2020-pib-per-capita-mapa,YUG,2011,14540
mpd2020-pib-per-capita-mapa,YUG,2012,14331
mpd2020-pib-per-capita-mapa,YUG,2013,14500
mpd2020-pib-per-capita-mapa,YUG,2014,14627
mpd2020-pib-per-capita-mapa,YUG,2015,14971
mpd2020-pib-per-capita-mapa,YUG,2016,15416
mpd2020-pib-per-capita-mapa,YUG,2017,15960.8432
mpd2020-pib-per-capita-mapa,YUG,2018,16558.3123
mpd2020-pib-per-capita-mapa,ZAF,1820,1188
mpd2020-pib-per-capita-mapa,ZAF,1821,1403
mpd2020-pib-per-capita-mapa,ZAF,1822,1309
mpd2020-pib-per-capita-mapa,ZAF,1826,1353
mpd2020-pib-per-capita-mapa,ZAF,1829,1372
mpd2020-pib-per-capita-mapa,ZAF,1831,1243
mpd2020-pib-per-capita-mapa,ZAF,1840,1173
mpd2020-pib-per-capita-mapa,ZAF,1843,1092
mpd2020-pib-per-capita-mapa,ZAF,1847,937
mpd2020-pib-per-capita-mapa,ZAF,1850,1042
mpd2020-pib-per-capita-mapa,ZAF,1851,1234
mpd2020-pib-per-capita-mapa,ZAF,1852,1294
mpd2020-pib-per-capita-mapa,ZAF,1853,1390
mpd2020-pib-per-capita-mapa,ZAF,1854,1352
mpd2020-pib-per-capita-mapa,ZAF,1855,1451
mpd2020-pib-per-capita-mapa,ZAF,1856,1168
mpd2020-pib-per-capita-mapa,ZAF,1857,1384
mpd2020-pib-per-capita-mapa,ZAF,1858,1210
mpd2020-pib-per-capita-mapa,ZAF,1859,1250
mpd2020-pib-per-capita-mapa,ZAF,1860,1294
mpd2020-pib-per-capita-mapa,ZAF,1861,1218
mpd2020-pib-per-capita-mapa,ZAF,1862,897
mpd2020-pib-per-capita-mapa,ZAF,1863,960
mpd2020-pib-per-capita-mapa,ZAF,1864,1339
mpd2020-pib-per-capita-mapa,ZAF,1865,985
mpd2020-pib-per-capita-mapa,ZAF,1866,1025
mpd2020-pib-per-capita-mapa,ZAF,1867,1213
mpd2020-pib-per-capita-mapa,ZAF,1868,1226
mpd2020-pib-per-capita-mapa,ZAF,1869,1211
mpd2020-pib-per-capita-mapa,ZAF,1870,1286
mpd2020-pib-per-capita-mapa,ZAF,1871,1290
mpd2020-pib-per-capita-mapa,ZAF,1872,1902
mpd2020-pib-per-capita-mapa,ZAF,1873,1639
mpd2020-pib-per-capita-mapa,ZAF,1874,1562
mpd2020-pib-per-capita-mapa,ZAF,1875,1741
mpd2020-pib-per-capita-mapa,ZAF,1876,1946
mpd2020-pib-per-capita-mapa,ZAF,1877,1835
mpd2020-pib-per-capita-mapa,ZAF,1878,1790
mpd2020-pib-per-capita-mapa,ZAF,1879,1985
mpd2020-pib-per-capita-mapa,ZAF,1880,2294
mpd2020-pib-per-capita-mapa,ZAF,1881,2168
mpd2020-pib-per-capita-mapa,ZAF,1882,2053
mpd2020-pib-per-capita-mapa,ZAF,1883,1578
mpd2020-pib-per-capita-mapa,ZAF,1884,1430
mpd2020-pib-per-capita-mapa,ZAF,1885,1208
mpd2020-pib-per-capita-mapa,ZAF,1886,1427
mpd2020-pib-per-capita-mapa,ZAF,1887,1627
mpd2020-pib-per-capita-mapa,ZAF,1888,1836
mpd2020-pib-per-capita-mapa,ZAF,1889,1817
mpd2020-pib-per-capita-mapa,ZAF,1890,1830
mpd2020-pib-per-capita-mapa,ZAF,1891,1906
mpd2020-pib-per-capita-mapa,ZAF,1892,1860
mpd2020-pib-per-capita-mapa,ZAF,1893,1843
mpd2020-pib-per-capita-mapa,ZAF,1894,1790
mpd2020-pib-per-capita-mapa,ZAF,1895,2061
mpd2020-pib-per-capita-mapa,ZAF,1896,2153
mpd2020-pib-per-capita-mapa,ZAF,1897,2015
mpd2020-pib-per-capita-mapa,ZAF,1898,2418
mpd2020-pib-per-capita-mapa,ZAF,1899,2123
mpd2020-pib-per-capita-mapa,ZAF,1900,1494
mpd2020-pib-per-capita-mapa,ZAF,1901,1608
mpd2020-pib-per-capita-mapa,ZAF,1902,1919
mpd2020-pib-per-capita-mapa,ZAF,1903,2571
mpd2020-pib-per-capita-mapa,ZAF,1904,2571
mpd2020-pib-per-capita-mapa,ZAF,1905,2745
mpd2020-pib-per-capita-mapa,ZAF,1906,2963
mpd2020-pib-per-capita-mapa,ZAF,1907,2907
mpd2020-pib-per-capita-mapa,ZAF,1908,2283
mpd2020-pib-per-capita-mapa,ZAF,1909,2391
mpd2020-pib-per-capita-mapa,ZAF,1910,1835
mpd2020-pib-per-capita-mapa,ZAF,1918,1854
mpd2020-pib-per-capita-mapa,ZAF,1924,2037
mpd2020-pib-per-capita-mapa,ZAF,1925,2171
mpd2020-pib-per-capita-mapa,ZAF,1926,2228
mpd2020-pib-per-capita-mapa,ZAF,1927,2271
mpd2020-pib-per-capita-mapa,ZAF,1928,2444
mpd2020-pib-per-capita-mapa,ZAF,1929,2386
mpd2020-pib-per-capita-mapa,ZAF,1930,2252
mpd2020-pib-per-capita-mapa,ZAF,1931,2128
mpd2020-pib-per-capita-mapa,ZAF,1932,2047
mpd2020-pib-per-capita-mapa,ZAF,1933,2268
mpd2020-pib-per-capita-mapa,ZAF,1934,2514
mpd2020-pib-per-capita-mapa,ZAF,1935,2785
mpd2020-pib-per-capita-mapa,ZAF,1936,3048
mpd2020-pib-per-capita-mapa,ZAF,1937,3249
mpd2020-pib-per-capita-mapa,ZAF,1938,3118
mpd2020-pib-per-capita-mapa,ZAF,1939,3272
mpd2020-pib-per-capita-mapa,ZAF,1940,3419
mpd2020-pib-per-capita-mapa,ZAF,1941,3510
mpd2020-pib-per-capita-mapa,ZAF,1942,3548
mpd2020-pib-per-capita-mapa,ZAF,1943,3558
mpd2020-pib-per-capita-mapa,ZAF,1944,3610
mpd2020-pib-per-capita-mapa,ZAF,1945,3631
mpd2020-pib-per-capita-mapa,ZAF,1946,3684
mpd2020-pib-per-capita-mapa,ZAF,1947,3647
mpd2020-pib-per-capita-mapa,ZAF,1948,3848
mpd2020-pib-per-capita-mapa,ZAF,1949,3819
mpd2020-pib-per-capita-mapa,ZAF,1950,4041
mpd2020-pib-per-capita-mapa,ZAF,1951,4130
mpd2020-pib-per-capita-mapa,ZAF,1952,4175
mpd2020-pib-per-capita-mapa,ZAF,1953,4264
mpd2020-pib-per-capita-mapa,ZAF,1954,4404
mpd2020-pib-per-capita-mapa,ZAF,1955,4511
mpd2020-pib-per-capita-mapa,ZAF,1956,4645
mpd2020-pib-per-capita-mapa,ZAF,1957,4704
mpd2020-pib-per-capita-mapa,ZAF,1958,4685
mpd2020-pib-per-capita-mapa,ZAF,1959,4774
mpd2020-pib-per-capita-mapa,ZAF,1960,4847
mpd2020-pib-per-capita-mapa,ZAF,1961,4929
mpd2020-pib-per-capita-mapa,ZAF,1962,5067
mpd2020-pib-per-capita-mapa,ZAF,1963,5294
mpd2020-pib-per-capita-mapa,ZAF,1964,5499
mpd2020-pib-per-capita-mapa,ZAF,1965,5673
mpd2020-pib-per-capita-mapa,ZAF,1966,5762
mpd2020-pib-per-capita-mapa,ZAF,1967,5993
mpd2020-pib-per-capita-mapa,ZAF,1968,6087
mpd2020-pib-per-capita-mapa,ZAF,1969,6290
mpd2020-pib-per-capita-mapa,ZAF,1970,6448
mpd2020-pib-per-capita-mapa,ZAF,1971,6591
mpd2020-pib-per-capita-mapa,ZAF,1972,6550
mpd2020-pib-per-capita-mapa,ZAF,1973,6655
mpd2020-pib-per-capita-mapa,ZAF,1974,6853
mpd2020-pib-per-capita-mapa,ZAF,1975,6808
mpd2020-pib-per-capita-mapa,ZAF,1976,6802
mpd2020-pib-per-capita-mapa,ZAF,1977,6623
mpd2020-pib-per-capita-mapa,ZAF,1978,6653
mpd2020-pib-per-capita-mapa,ZAF,1979,6746
mpd2020-pib-per-capita-mapa,ZAF,1980,6998
mpd2020-pib-per-capita-mapa,ZAF,1981,7141
mpd2020-pib-per-capita-mapa,ZAF,1982,6891
mpd2020-pib-per-capita-mapa,ZAF,1983,6554
mpd2020-pib-per-capita-mapa,ZAF,1984,6672
mpd2020-pib-per-capita-mapa,ZAF,1985,6385
mpd2020-pib-per-capita-mapa,ZAF,1986,6236
mpd2020-pib-per-capita-mapa,ZAF,1987,6212
mpd2020-pib-per-capita-mapa,ZAF,1988,6319
mpd2020-pib-per-capita-mapa,ZAF,1989,6306
mpd2020-pib-per-capita-mapa,ZAF,1990,6111
mpd2020-pib-per-capita-mapa,ZAF,1991,6034.9006
mpd2020-pib-per-capita-mapa,ZAF,1992,5901.9845
mpd2020-pib-per-capita-mapa,ZAF,1993,5965.9115
mpd2020-pib-per-capita-mapa,ZAF,1994,6172.9736
mpd2020-pib-per-capita-mapa,ZAF,1995,6406.4281
mpd2020-pib-per-capita-mapa,ZAF,1996,6725.7909
mpd2020-pib-per-capita-mapa,ZAF,1997,6950.4716
mpd2020-pib-per-capita-mapa,ZAF,1998,7024.2955
mpd2020-pib-per-capita-mapa,ZAF,1999,7234.2858
mpd2020-pib-per-capita-mapa,ZAF,2000,7582.7781
mpd2020-pib-per-capita-mapa,ZAF,2001,7839.6253
mpd2020-pib-per-capita-mapa,ZAF,2002,8171.2067
mpd2020-pib-per-capita-mapa,ZAF,2003,8451.4525
mpd2020-pib-per-capita-mapa,ZAF,2004,8877.921
mpd2020-pib-per-capita-mapa,ZAF,2005,9393.6934
mpd2020-pib-per-capita-mapa,ZAF,2006,9978.471
mpd2020-pib-per-capita-mapa,ZAF,2007,10576.2913
mpd2020-pib-per-capita-mapa,ZAF,2008,10977.1468
mpd2020-pib-per-capita-mapa,ZAF,2009,10873.0463
mpd2020-pib-per-capita-mapa,ZAF,2010,11318.6045
mpd2020-pib-per-capita-mapa,ZAF,2011,11838
mpd2020-pib-per-capita-mapa,ZAF,2012,11992
mpd2020-pib-per-capita-mapa,ZAF,2013,12171
mpd2020-pib-per-capita-mapa,ZAF,2014,12242
mpd2020-pib-per-capita-mapa,ZAF,2015,12246
mpd2020-pib-per-capita-mapa,ZAF,2016,12139
mpd2020-pib-per-capita-mapa,ZAF,2017,12189.3579
mpd2020-pib-per-capita-mapa,ZAF,2018,12165.7948
mpd2020-pib-per-capita-mapa,ZMB,1950,1054
mpd2020-pib-per-capita-mapa,ZMB,1951,1097
mpd2020-pib-per-capita-mapa,ZMB,1952,1140
mpd2020-pib-per-capita-mapa,ZMB,1953,1184
mpd2020-pib-per-capita-mapa,ZMB,1954,1231
mpd2020-pib-per-capita-mapa,ZMB,1955,1173
mpd2020-pib-per-capita-mapa,ZMB,1956,1280
mpd2020-pib-per-capita-mapa,ZMB,1957,1302
mpd2020-pib-per-capita-mapa,ZMB,1958,1237
mpd2020-pib-per-capita-mapa,ZMB,1959,1458
mpd2020-pib-per-capita-mapa,ZMB,1960,1530
mpd2020-pib-per-capita-mapa,ZMB,1961,1495
mpd2020-pib-per-capita-mapa,ZMB,1962,1443
mpd2020-pib-per-capita-mapa,ZMB,1963,1438
mpd2020-pib-per-capita-mapa,ZMB,1964,1588
mpd2020-pib-per-capita-mapa,ZMB,1965,1828
mpd2020-pib-per-capita-mapa,ZMB,1966,1683
mpd2020-pib-per-capita-mapa,ZMB,1967,1765
mpd2020-pib-per-capita-mapa,ZMB,1968,1741
mpd2020-pib-per-capita-mapa,ZMB,1969,1683
mpd2020-pib-per-capita-mapa,ZMB,1970,1710
mpd2020-pib-per-capita-mapa,ZMB,1971,1661
mpd2020-pib-per-capita-mapa,ZMB,1972,1761
mpd2020-pib-per-capita-mapa,ZMB,1973,1693
mpd2020-pib-per-capita-mapa,ZMB,1974,1776
mpd2020-pib-per-capita-mapa,ZMB,1975,1659
mpd2020-pib-per-capita-mapa,ZMB,1976,1707
mpd2020-pib-per-capita-mapa,ZMB,1977,1578
mpd2020-pib-per-capita-mapa,ZMB,1978,1541
mpd2020-pib-per-capita-mapa,ZMB,1979,1451
mpd2020-pib-per-capita-mapa,ZMB,1980,1452
mpd2020-pib-per-capita-mapa,ZMB,1981,1492
mpd2020-pib-per-capita-mapa,ZMB,1982,1398
mpd2020-pib-per-capita-mapa,ZMB,1983,1320
mpd2020-pib-per-capita-mapa,ZMB,1984,1269
mpd2020-pib-per-capita-mapa,ZMB,1985,1250
mpd2020-pib-per-capita-mapa,ZMB,1986,1215
mpd2020-pib-per-capita-mapa,ZMB,1987,1203
mpd2020-pib-per-capita-mapa,ZMB,1988,1239
mpd2020-pib-per-capita-mapa,ZMB,1989,1215
mpd2020-pib-per-capita-mapa,ZMB,1990,1285
mpd2020-pib-per-capita-mapa,ZMB,1991,1279.7515
mpd2020-pib-per-capita-mapa,ZMB,1992,1308.8516
mpd2020-pib-per-capita-mapa,ZMB,1993,1312.337
mpd2020-pib-per-capita-mapa,ZMB,1994,1142.2018
mpd2020-pib-per-capita-mapa,ZMB,1995,1180.9438
mpd2020-pib-per-capita-mapa,ZMB,1996,1260.7262
mpd2020-pib-per-capita-mapa,ZMB,1997,1311.3571
mpd2020-pib-per-capita-mapa,ZMB,1998,1308.9515
mpd2020-pib-per-capita-mapa,ZMB,1999,1373.851
mpd2020-pib-per-capita-mapa,ZMB,2000,1428.5024
mpd2020-pib-per-capita-mapa,ZMB,2001,1504.4499
mpd2020-pib-per-capita-mapa,ZMB,2002,1579.0228
mpd2020-pib-per-capita-mapa,ZMB,2003,1698.5516
mpd2020-pib-per-capita-mapa,ZMB,2004,1828.3099
mpd2020-pib-per-capita-mapa,ZMB,2005,1970.0187
mpd2020-pib-per-capita-mapa,ZMB,2006,2133.5939
mpd2020-pib-per-capita-mapa,ZMB,2007,2318.6271
mpd2020-pib-per-capita-mapa,ZMB,2008,2504.757
mpd2020-pib-per-capita-mapa,ZMB,2009,2743.3219
mpd2020-pib-per-capita-mapa,ZMB,2010,3032.0679
mpd2020-pib-per-capita-mapa,ZMB,2011,3205
mpd2020-pib-per-capita-mapa,ZMB,2012,3350
mpd2020-pib-per-capita-mapa,ZMB,2013,3419
mpd2020-pib-per-capita-mapa,ZMB,2014,3478
mpd2020-pib-per-capita-mapa,ZMB,2015,3478
mpd2020-pib-per-capita-mapa,ZMB,2016,3479
mpd2020-pib-per-capita-mapa,ZMB,2017,3497.5818
mpd2020-pib-per-capita-mapa,ZMB,2018,3534.0337
mpd2020-pib-per-capita-mapa,ZWE,1950,1117
mpd2020-pib-per-capita-mapa,ZWE,1951,1151
mpd2020-pib-per-capita-mapa,ZWE,1952,1154
mpd2020-pib-per-capita-mapa,ZWE,1953,1211
mpd2020-pib-per-capita-mapa,ZWE,1954,1231
mpd2020-pib-per-capita-mapa,ZWE,1955,1288
mpd2020-pib-per-capita-mapa,ZWE,1956,1422
mpd2020-pib-per-capita-mapa,ZWE,1957,1473
mpd2020-pib-per-capita-mapa,ZWE,1958,1444
mpd2020-pib-per-capita-mapa,ZWE,1959,1474
mpd2020-pib-per-capita-mapa,ZWE,1960,1495
mpd2020-pib-per-capita-mapa,ZWE,1961,1524
mpd2020-pib-per-capita-mapa,ZWE,1962,1497
mpd2020-pib-per-capita-mapa,ZWE,1963,1436
mpd2020-pib-per-capita-mapa,ZWE,1964,1519
mpd2020-pib-per-capita-mapa,ZWE,1965,1568
mpd2020-pib-per-capita-mapa,ZWE,1966,1541
mpd2020-pib-per-capita-mapa,ZWE,1967,1618
mpd2020-pib-per-capita-mapa,ZWE,1968,1592
mpd2020-pib-per-capita-mapa,ZWE,1969,1731
mpd2020-pib-per-capita-mapa,ZWE,1970,2043
mpd2020-pib-per-capita-mapa,ZWE,1971,2157
mpd2020-pib-per-capita-mapa,ZWE,1972,2268
mpd2020-pib-per-capita-mapa,ZWE,1973,2283
mpd2020-pib-per-capita-mapa,ZWE,1974,2275
mpd2020-pib-per-capita-mapa,ZWE,1975,2235
mpd2020-pib-per-capita-mapa,ZWE,1976,2163
mpd2020-pib-per-capita-mapa,ZWE,1977,1946
mpd2020-pib-per-capita-mapa,ZWE,1978,1964
mpd2020-pib-per-capita-mapa,ZWE,1979,1930
mpd2020-pib-per-capita-mapa,ZWE,1980,2064
mpd2020-pib-per-capita-mapa,ZWE,1981,2243
mpd2020-pib-per-capita-mapa,ZWE,1982,2240
mpd2020-pib-per-capita-mapa,ZWE,1983,2190
mpd2020-pib-per-capita-mapa,ZWE,1984,2067
mpd2020-pib-per-capita-mapa,ZWE,1985,2128
mpd2020-pib-per-capita-mapa,ZWE,1986,2107
mpd2020-pib-per-capita-mapa,ZWE,1987,2004
mpd2020-pib-per-capita-mapa,ZWE,1988,2114
mpd2020-pib-per-capita-mapa,ZWE,1989,2181
mpd2020-pib-per-capita-mapa,ZWE,1990,2160
mpd2020-pib-per-capita-mapa,ZWE,1991,2222.2553
mpd2020-pib-per-capita-mapa,ZWE,1992,1971.4456
mpd2020-pib-per-capita-mapa,ZWE,1993,1948.9105
mpd2020-pib-per-capita-mapa,ZWE,1994,2110.712
mpd2020-pib-per-capita-mapa,ZWE,1995,2102.8599
mpd2020-pib-per-capita-mapa,ZWE,1996,2292.4875
mpd2020-pib-per-capita-mapa,ZWE,1997,2326.5389
mpd2020-pib-per-capita-mapa,ZWE,1998,2369.0191
mpd2020-pib-per-capita-mapa,ZWE,1999,2323.0093
mpd2020-pib-per-capita-mapa,ZWE,2000,2211.1962
mpd2020-pib-per-capita-mapa,ZWE,2001,2193.7385
mpd2020-pib-per-capita-mapa,ZWE,2002,2025.3178
mpd2020-pib-per-capita-mapa,ZWE,2003,1700.9559
mpd2020-pib-per-capita-mapa,ZWE,2004,1604.503
mpd2020-pib-per-capita-mapa,ZWE,2005,1496.0343
mpd2020-pib-per-capita-mapa,ZWE,2006,1455.7286
mpd2020-pib-per-capita-mapa,ZWE,2007,1422.1553
mpd2020-pib-per-capita-mapa,ZWE,2008,1197.5261
mpd2020-pib-per-capita-mapa,ZWE,2009,1285.0466
mpd2020-pib-per-capita-mapa,ZWE,2010,1401.8565
mpd2020-pib-per-capita-mapa,ZWE,2011,1515
mpd2020-pib-per-capita-mapa,ZWE,2012,1604
mpd2020-pib-per-capita-mapa,ZWE,2013,1604
mpd2020-pib-per-capita-mapa,ZWE,2014,1594
mpd2020-pib-per-capita-mapa,ZWE,2015,1560
mpd2020-pib-per-capita-mapa,ZWE,2016,1534
mpd2020-pib-per-capita-mapa,ZWE,2017,1582.3662
mpd2020-pib-per-capita-mapa,ZWE,2018,1611.4052
