serie,region,anio,valor
pwt100-pib-per-capita-mapa,ABW,1970,6773.81315
pwt100-pib-per-capita-mapa,ABW,1971,7343.305072
pwt100-pib-per-capita-mapa,ABW,1972,7957.234612
pwt100-pib-per-capita-mapa,ABW,1973,8622.059014
pwt100-pib-per-capita-mapa,ABW,1974,9366.667967
pwt100-pib-per-capita-mapa,ABW,1975,10200.223648
pwt100-pib-per-capita-mapa,ABW,1976,11137.553993
pwt100-pib-per-capita-mapa,ABW,1977,12192.603067
pwt100-pib-per-capita-mapa,ABW,1978,13357.496673
pwt100-pib-per-capita-mapa,ABW,1979,14601.114393
pwt100-pib-per-capita-mapa,ABW,1980,15901.759537
pwt100-pib-per-capita-mapa,ABW,1981,17211.819336
pwt100-pib-per-capita-mapa,ABW,1982,18541.37508
pwt100-pib-per-capita-mapa,ABW,1983,19944.757517
pwt100-pib-per-capita-mapa,ABW,1984,21528.627334
pwt100-pib-per-capita-mapa,ABW,1985,23421.466965
pwt100-pib-per-capita-mapa,ABW,1986,25702.509933
pwt100-pib-per-capita-mapa,ABW,1987,30199.884969
pwt100-pib-per-capita-mapa,ABW,1988,36328.61185
pwt100-pib-per-capita-mapa,ABW,1989,40719.573691
pwt100-pib-per-capita-mapa,ABW,1990,41436.798906
pwt100-pib-per-capita-mapa,ABW,1991,43398.540563
pwt100-pib-per-capita-mapa,ABW,1992,43152.577318
pwt100-pib-per-capita-mapa,ABW,1993,43188.939226
pwt100-pib-per-capita-mapa,ABW,1994,46127.16257
pwt100-pib-per-capita-mapa,ABW,1995,42488.851548
pwt100-pib-per-capita-mapa,ABW,1996,41209.147527
pwt100-pib-per-capita-mapa,ABW,1997,43515.48146
pwt100-pib-per-capita-mapa,ABW,1998,45743.743586
pwt100-pib-per-capita-mapa,ABW,1999,45307.817701
pwt100-pib-per-capita-mapa,ABW,2000,44369.85325
pwt100-pib-per-capita-mapa,ABW,2001,44381.563608
pwt100-pib-per-capita-mapa,ABW,2002,43179.458533
pwt100-pib-per-capita-mapa,ABW,2003,43385.593625
pwt100-pib-per-capita-mapa,ABW,2004,46071.79893
pwt100-pib-per-capita-mapa,ABW,2005,47043.600078
pwt100-pib-per-capita-mapa,ABW,2006,47095.809813
pwt100-pib-per-capita-mapa,ABW,2007,48051.728773
pwt100-pib-per-capita-mapa,ABW,2008,47224.463273
pwt100-pib-per-capita-mapa,ABW,2009,42884.478109
pwt100-pib-per-capita-mapa,ABW,2010,39468.389282
pwt100-pib-per-capita-mapa,ABW,2011,40106.824048
pwt100-pib-per-capita-mapa,ABW,2012,38358.212856
pwt100-pib-per-capita-mapa,ABW,2013,38473.219852
pwt100-pib-per-capita-mapa,ABW,2014,37638.304791
pwt100-pib-per-capita-mapa,ABW,2015,37948.577542
pwt100-pib-per-capita-mapa,ABW,2016,37698.548867
pwt100-pib-per-capita-mapa,ABW,2017,37772.24532
pwt100-pib-per-capita-mapa,ABW,2018,37106.775477
pwt100-pib-per-capita-mapa,ABW,2019,36883.771004
pwt100-pib-per-capita-mapa,AGO,1970,4918.049964
pwt100-pib-per-capita-mapa,AGO,1971,5080.045477
pwt100-pib-per-capita-mapa,AGO,1972,4928.560286
pwt100-pib-per-capita-mapa,AGO,1973,5172.68927
pwt100-pib-per-capita-mapa,AGO,1974,5119.347747
pwt100-pib-per-capita-mapa,AGO,1975,4660.61172
pwt100-pib-per-capita-mapa,AGO,1976,4262.273701
pwt100-pib-per-capita-mapa,AGO,1977,4201.694528
pwt100-pib-per-capita-mapa,AGO,1978,3791.189789
pwt100-pib-per-capita-mapa,AGO,1979,3701.75578
pwt100-pib-per-capita-mapa,AGO,1980,3642.130899
pwt100-pib-per-capita-mapa,AGO,1981,3461.91575
pwt100-pib-per-capita-mapa,AGO,1982,3412.574338
pwt100-pib-per-capita-mapa,AGO,1983,3341.819977
pwt100-pib-per-capita-mapa,AGO,1984,3581.864913
pwt100-pib-per-capita-mapa,AGO,1985,3524.824688
pwt100-pib-per-capita-mapa,AGO,1986,2937.944001
pwt100-pib-per-capita-mapa,AGO,1987,3225.622413
pwt100-pib-per-capita-mapa,AGO,1988,2960.01074
pwt100-pib-per-capita-mapa,AGO,1989,3024.145993
pwt100-pib-per-capita-mapa,AGO,1990,3064.599236
pwt100-pib-per-capita-mapa,AGO,1991,2735.6976
pwt100-pib-per-capita-mapa,AGO,1992,3028.501472
pwt100-pib-per-capita-mapa,AGO,1993,2534.240323
pwt100-pib-per-capita-mapa,AGO,1994,2677.604328
pwt100-pib-per-capita-mapa,AGO,1995,2621.031501
pwt100-pib-per-capita-mapa,AGO,1996,3386.747673
pwt100-pib-per-capita-mapa,AGO,1997,3074.376457
pwt100-pib-per-capita-mapa,AGO,1998,3086.943642
pwt100-pib-per-capita-mapa,AGO,1999,3135.589774
pwt100-pib-per-capita-mapa,AGO,2000,2494.400674
pwt100-pib-per-capita-mapa,AGO,2001,2409.946804
pwt100-pib-per-capita-mapa,AGO,2002,2648.015708
pwt100-pib-per-capita-mapa,AGO,2003,2675.73682
pwt100-pib-per-capita-mapa,AGO,2004,3069.12219
pwt100-pib-per-capita-mapa,AGO,2005,3703.028378
pwt100-pib-per-capita-mapa,AGO,2006,4538.785482
pwt100-pib-per-capita-mapa,AGO,2007,4811.078935
pwt100-pib-per-capita-mapa,AGO,2008,5556.110679
pwt100-pib-per-capita-mapa,AGO,2009,4421.165365
pwt100-pib-per-capita-mapa,AGO,2010,6025.894797
pwt100-pib-per-capita-mapa,AGO,2011,7657.957033
pwt100-pib-per-capita-mapa,AGO,2012,8159.826446
pwt100-pib-per-capita-mapa,AGO,2013,8281.072866
pwt100-pib-per-capita-mapa,AGO,2014,8620.484471
pwt100-pib-per-capita-mapa,AGO,2015,7753.698881
pwt100-pib-per-capita-mapa,AGO,2016,7338.263937
pwt100-pib-per-capita-mapa,AGO,2017,7489.971728
pwt100-pib-per-capita-mapa,AGO,2018,7780.421364
pwt100-pib-per-capita-mapa,AGO,2019,7168.857842
pwt100-pib-per-capita-mapa,AIA,1970,9129.966631
pwt100-pib-per-capita-mapa,AIA,1971,8789.686602
pwt100-pib-per-capita-mapa,AIA,1972,9680.501469
pwt100-pib-per-capita-mapa,AIA,1973,9973.040751
pwt100-pib-per-capita-mapa,AIA,1974,9848.600843
pwt100-pib-per-capita-mapa,AIA,1975,10097.100292
pwt100-pib-per-capita-mapa,AIA,1976,10193.092374
pwt100-pib-per-capita-mapa,AIA,1977,10165.03616
pwt100-pib-per-capita-mapa,AIA,1978,10875.850638
pwt100-pib-per-capita-mapa,AIA,1979,11846.549682
pwt100-pib-per-capita-mapa,AIA,1980,12389.939831
pwt100-pib-per-capita-mapa,AIA,1981,13046.72576
pwt100-pib-per-capita-mapa,AIA,1982,13126.425285
pwt100-pib-per-capita-mapa,AIA,1983,13045.183115
pwt100-pib-per-capita-mapa,AIA,1984,13266.688525
pwt100-pib-per-capita-mapa,AIA,1985,14687.984189
pwt100-pib-per-capita-mapa,AIA,1986,17317.278457
pwt100-pib-per-capita-mapa,AIA,1987,18418.25151
pwt100-pib-per-capita-mapa,AIA,1988,18229.008127
pwt100-pib-per-capita-mapa,AIA,1989,19540.157776
pwt100-pib-per-capita-mapa,AIA,1990,23156.86448
pwt100-pib-per-capita-mapa,AIA,1991,17907.733218
pwt100-pib-per-capita-mapa,AIA,1992,22014.315426
pwt100-pib-per-capita-mapa,AIA,1993,22434.99129
pwt100-pib-per-capita-mapa,AIA,1994,23954.721476
pwt100-pib-per-capita-mapa,AIA,1995,22540.386516
pwt100-pib-per-capita-mapa,AIA,1996,22507.271913
pwt100-pib-per-capita-mapa,AIA,1997,24016.815468
pwt100-pib-per-capita-mapa,AIA,1998,26840.107131
pwt100-pib-per-capita-mapa,AIA,1999,27373.477587
pwt100-pib-per-capita-mapa,AIA,2000,26833.036215
pwt100-pib-per-capita-mapa,AIA,2001,26138.473955
pwt100-pib-per-capita-mapa,AIA,2002,23706.849219
pwt100-pib-per-capita-mapa,AIA,2003,24832.774556
pwt100-pib-per-capita-mapa,AIA,2004,28421.616989
pwt100-pib-per-capita-mapa,AIA,2005,31896.206592
pwt100-pib-per-capita-mapa,AIA,2006,37230.42573
pwt100-pib-per-capita-mapa,AIA,2007,43774.928223
pwt100-pib-per-capita-mapa,AIA,2008,43092.567779
pwt100-pib-per-capita-mapa,AIA,2009,32650.09345
pwt100-pib-per-capita-mapa,AIA,2010,30428.003424
pwt100-pib-per-capita-mapa,AIA,2011,30093.66387
pwt100-pib-per-capita-mapa,AIA,2012,27934.965857
pwt100-pib-per-capita-mapa,AIA,2013,26607.126873
pwt100-pib-per-capita-mapa,AIA,2014,27806.344757
pwt100-pib-per-capita-mapa,AIA,2015,28581.078676
pwt100-pib-per-capita-mapa,AIA,2016,27057.543805
pwt100-pib-per-capita-mapa,AIA,2017,23351.011208
pwt100-pib-per-capita-mapa,AIA,2018,24480.202219
pwt100-pib-per-capita-mapa,AIA,2019,25330.215835
pwt100-pib-per-capita-mapa,ALB,1970,3106.805629
pwt100-pib-per-capita-mapa,ALB,1971,3156.10262
pwt100-pib-per-capita-mapa,ALB,1972,3207.726003
pwt100-pib-per-capita-mapa,ALB,1973,3260.170843
pwt100-pib-per-capita-mapa,ALB,1974,3315.641585
pwt100-pib-per-capita-mapa,ALB,1975,3373.84545
pwt100-pib-per-capita-mapa,ALB,1976,3428.297208
pwt100-pib-per-capita-mapa,ALB,1977,3497.169189
pwt100-pib-per-capita-mapa,ALB,1978,3562.31333
pwt100-pib-per-capita-mapa,ALB,1979,3601.528886
pwt100-pib-per-capita-mapa,ALB,1980,3718.198679
pwt100-pib-per-capita-mapa,ALB,1981,3770.855195
pwt100-pib-per-capita-mapa,ALB,1982,3732.498505
pwt100-pib-per-capita-mapa,ALB,1983,3796.535008
pwt100-pib-per-capita-mapa,ALB,1984,3776.611189
pwt100-pib-per-capita-mapa,ALB,1985,3720.690852
pwt100-pib-per-capita-mapa,ALB,1986,3837.377625
pwt100-pib-per-capita-mapa,ALB,1987,3802.667736
pwt100-pib-per-capita-mapa,ALB,1988,3634.962283
pwt100-pib-per-capita-mapa,ALB,1989,3841.943767
pwt100-pib-per-capita-mapa,ALB,1990,3653.527124
pwt100-pib-per-capita-mapa,ALB,1991,3015.23241
pwt100-pib-per-capita-mapa,ALB,1992,2364.280074
pwt100-pib-per-capita-mapa,ALB,1993,2942.548287
pwt100-pib-per-capita-mapa,ALB,1994,3590.856512
pwt100-pib-per-capita-mapa,ALB,1995,3920.170302
pwt100-pib-per-capita-mapa,ALB,1996,4422.203515
pwt100-pib-per-capita-mapa,ALB,1997,4065.685008
pwt100-pib-per-capita-mapa,ALB,1998,4491.702716
pwt100-pib-per-capita-mapa,ALB,1999,4810.984878
pwt100-pib-per-capita-mapa,ALB,2000,4851.294981
pwt100-pib-per-capita-mapa,ALB,2001,5077.257306
pwt100-pib-per-capita-mapa,ALB,2002,5246.848287
pwt100-pib-per-capita-mapa,ALB,2003,5595.344264
pwt100-pib-per-capita-mapa,ALB,2004,5970.245905
pwt100-pib-per-capita-mapa,ALB,2005,6330.458897
pwt100-pib-per-capita-mapa,ALB,2006,6935.043408
pwt100-pib-per-capita-mapa,ALB,2007,7591.322288
pwt100-pib-per-capita-mapa,ALB,2008,8386.846024
pwt100-pib-per-capita-mapa,ALB,2009,9073.502676
pwt100-pib-per-capita-mapa,ALB,2010,10003.600957
pwt100-pib-per-capita-mapa,ALB,2011,10136.060184
pwt100-pib-per-capita-mapa,ALB,2012,10457.131796
pwt100-pib-per-capita-mapa,ALB,2013,10299.875604
pwt100-pib-per-capita-mapa,ALB,2014,10712.898768
pwt100-pib-per-capita-mapa,ALB,2015,11083.823372
pwt100-pib-per-capita-mapa,ALB,2016,11185.13315
pwt100-pib-per-capita-mapa,ALB,2017,11733.763261
pwt100-pib-per-capita-mapa,ALB,2018,12227.383388
pwt100-pib-per-capita-mapa,ALB,2019,12457.845725
pwt100-pib-per-capita-mapa,ARE,1970,283541.174514
pwt100-pib-per-capita-mapa,ARE,1971,279349.01305
pwt100-pib-per-capita-mapa,ARE,1972,261287.352821
pwt100-pib-per-capita-mapa,ARE,1973,251719.496755
pwt100-pib-per-capita-mapa,ARE,1974,246098.705399
pwt100-pib-per-capita-mapa,ARE,1975,232781.184514
pwt100-pib-per-capita-mapa,ARE,1976,241446.617886
pwt100-pib-per-capita-mapa,ARE,1977,254457.883827
pwt100-pib-per-capita-mapa,ARE,1978,206948.010971
pwt100-pib-per-capita-mapa,ARE,1979,218517.054352
pwt100-pib-per-capita-mapa,ARE,1980,243471.811553
pwt100-pib-per-capita-mapa,ARE,1981,224487.511513
pwt100-pib-per-capita-mapa,ARE,1982,195859.801439
pwt100-pib-per-capita-mapa,ARE,1983,174107.76428
pwt100-pib-per-capita-mapa,ARE,1984,170889.999177
pwt100-pib-per-capita-mapa,ARE,1985,152608.073591
pwt100-pib-per-capita-mapa,ARE,1986,120395.865454
pwt100-pib-per-capita-mapa,ARE,1987,113248.421459
pwt100-pib-per-capita-mapa,ARE,1988,103321.94576
pwt100-pib-per-capita-mapa,ARE,1989,109259.284813
pwt100-pib-per-capita-mapa,ARE,1990,124114.875136
pwt100-pib-per-capita-mapa,ARE,1991,118344.800011
pwt100-pib-per-capita-mapa,ARE,1992,115971.292131
pwt100-pib-per-capita-mapa,ARE,1993,91371.837294
pwt100-pib-per-capita-mapa,ARE,1994,89788.072294
pwt100-pib-per-capita-mapa,ARE,1995,93704.336588
pwt100-pib-per-capita-mapa,ARE,1996,96017.894051
pwt100-pib-per-capita-mapa,ARE,1997,99377.45474
pwt100-pib-per-capita-mapa,ARE,1998,88140.985053
pwt100-pib-per-capita-mapa,ARE,1999,92436.103227
pwt100-pib-per-capita-mapa,ARE,2000,109404.663979
pwt100-pib-per-capita-mapa,ARE,2001,104883.970223
pwt100-pib-per-capita-mapa,ARE,2002,102737.587448
pwt100-pib-per-capita-mapa,ARE,2003,103760.900321
pwt100-pib-per-capita-mapa,ARE,2004,103171.115711
pwt100-pib-per-capita-mapa,ARE,2005,104336.671589
pwt100-pib-per-capita-mapa,ARE,2006,105325.45724
pwt100-pib-per-capita-mapa,ARE,2007,96951.463955
pwt100-pib-per-capita-mapa,ARE,2008,91445.694519
pwt100-pib-per-capita-mapa,ARE,2009,69420.509735
pwt100-pib-per-capita-mapa,ARE,2010,66166.430584
pwt100-pib-per-capita-mapa,ARE,2011,74288.309354
pwt100-pib-per-capita-mapa,ARE,2012,73245.805492
pwt100-pib-per-capita-mapa,ARE,2013,72051.775893
pwt100-pib-per-capita-mapa,ARE,2014,74448.600933
pwt100-pib-per-capita-mapa,ARE,2015,68304.870775
pwt100-pib-per-capita-mapa,ARE,2016,66743.112099
pwt100-pib-per-capita-mapa,ARE,2017,68235.126833
pwt100-pib-per-capita-mapa,ARE,2018,66530.705821
pwt100-pib-per-capita-mapa,ARE,2019,69753.215256
pwt100-pib-per-capita-mapa,ARG,1950,2943.158873
pwt100-pib-per-capita-mapa,ARG,1951,3017.484132
pwt100-pib-per-capita-mapa,ARG,1952,2676.094333
pwt100-pib-per-capita-mapa,ARG,1953,2726.111105
pwt100-pib-per-capita-mapa,ARG,1954,2799.314415
pwt100-pib-per-capita-mapa,ARG,1955,3002.051602
pwt100-pib-per-capita-mapa,ARG,1956,3022.25266
pwt100-pib-per-capita-mapa,ARG,1957,3108.172687
pwt100-pib-per-capita-mapa,ARG,1958,3290.896162
pwt100-pib-per-capita-mapa,ARG,1959,3068.788991
pwt100-pib-per-capita-mapa,ARG,1960,3252.630494
pwt100-pib-per-capita-mapa,ARG,1961,3353.9496
pwt100-pib-per-capita-mapa,ARG,1962,3145.833725
pwt100-pib-per-capita-mapa,ARG,1963,3073.951879
pwt100-pib-per-capita-mapa,ARG,1964,3232.069949
pwt100-pib-per-capita-mapa,ARG,1965,3670.726591
pwt100-pib-per-capita-mapa,ARG,1966,3597.395757
pwt100-pib-per-capita-mapa,ARG,1967,3705.228203
pwt100-pib-per-capita-mapa,ARG,1968,3757.557377
pwt100-pib-per-capita-mapa,ARG,1969,4028.091088
pwt100-pib-per-capita-mapa,ARG,1970,4046.541767
pwt100-pib-per-capita-mapa,ARG,1971,4166.59468
pwt100-pib-per-capita-mapa,ARG,1972,4197.807749
pwt100-pib-per-capita-mapa,ARG,1973,4364.246893
pwt100-pib-per-capita-mapa,ARG,1974,4494.346743
pwt100-pib-per-capita-mapa,ARG,1975,4375.790572
pwt100-pib-per-capita-mapa,ARG,1976,4257.263954
pwt100-pib-per-capita-mapa,ARG,1977,4359.62229
pwt100-pib-per-capita-mapa,ARG,1978,4165.456902
pwt100-pib-per-capita-mapa,ARG,1979,4479.973585
pwt100-pib-per-capita-mapa,ARG,1980,4667.427274
pwt100-pib-per-capita-mapa,ARG,1981,4557.073485
pwt100-pib-per-capita-mapa,ARG,1982,4490.322971
pwt100-pib-per-capita-mapa,ARG,1983,4827.937298
pwt100-pib-per-capita-mapa,ARG,1984,5074.1883
pwt100-pib-per-capita-mapa,ARG,1985,4790.894339
pwt100-pib-per-capita-mapa,ARG,1986,5368.468521
pwt100-pib-per-capita-mapa,ARG,1987,5679.949123
pwt100-pib-per-capita-mapa,ARG,1988,5863.607322
pwt100-pib-per-capita-mapa,ARG,1989,5680.045847
pwt100-pib-per-capita-mapa,ARG,1990,6030.86521
pwt100-pib-per-capita-mapa,ARG,1991,7142.705247
pwt100-pib-per-capita-mapa,ARG,1992,8475.624257
pwt100-pib-per-capita-mapa,ARG,1993,9619.198772
pwt100-pib-per-capita-mapa,ARG,1994,11090.243223
pwt100-pib-per-capita-mapa,ARG,1995,12161.915197
pwt100-pib-per-capita-mapa,ARG,1996,15561.705369
pwt100-pib-per-capita-mapa,ARG,1997,15933.874537
pwt100-pib-per-capita-mapa,ARG,1998,15819.936324
pwt100-pib-per-capita-mapa,ARG,1999,14667.238258
pwt100-pib-per-capita-mapa,ARG,2000,14339.789181
pwt100-pib-per-capita-mapa,ARG,2001,13231.21558
pwt100-pib-per-capita-mapa,ARG,2002,12133.890567
pwt100-pib-per-capita-mapa,ARG,2003,12648.089971
pwt100-pib-per-capita-mapa,ARG,2004,13472.116017
pwt100-pib-per-capita-mapa,ARG,2005,14246.833827
pwt100-pib-per-capita-mapa,ARG,2006,15456.022795
pwt100-pib-per-capita-mapa,ARG,2007,16913.809985
pwt100-pib-per-capita-mapa,ARG,2008,17983.029197
pwt100-pib-per-capita-mapa,ARG,2009,17096.163807
pwt100-pib-per-capita-mapa,ARG,2010,19247.686777
pwt100-pib-per-capita-mapa,ARG,2011,21399.452148
pwt100-pib-per-capita-mapa,ARG,2012,21435.627137
pwt100-pib-per-capita-mapa,ARG,2013,21419.858693
pwt100-pib-per-capita-mapa,ARG,2014,20608.549359
pwt100-pib-per-capita-mapa,ARG,2015,21238.336677
pwt100-pib-per-capita-mapa,ARG,2016,20946.914692
pwt100-pib-per-capita-mapa,ARG,2017,23354.458779
pwt100-pib-per-capita-mapa,ARG,2018,23125.210629
pwt100-pib-per-capita-mapa,ARG,2019,22144.513637
pwt100-pib-per-capita-mapa,ARM,1990,6700.45994
pwt100-pib-per-capita-mapa,ARM,1991,6094.346782
pwt100-pib-per-capita-mapa,ARM,1992,3571.546401
pwt100-pib-per-capita-mapa,ARM,1993,3249.400252
pwt100-pib-per-capita-mapa,ARM,1994,2761.805509
pwt100-pib-per-capita-mapa,ARM,1995,2961.602494
pwt100-pib-per-capita-mapa,ARM,1996,3179.119242
pwt100-pib-per-capita-mapa,ARM,1997,3028.721153
pwt100-pib-per-capita-mapa,ARM,1998,3099.664809
pwt100-pib-per-capita-mapa,ARM,1999,3136.592716
pwt100-pib-per-capita-mapa,ARM,2000,3286.216892
pwt100-pib-per-capita-mapa,ARM,2001,3602.375375
pwt100-pib-per-capita-mapa,ARM,2002,4055.615899
pwt100-pib-per-capita-mapa,ARM,2003,4596.625026
pwt100-pib-per-capita-mapa,ARM,2004,5082.166999
pwt100-pib-per-capita-mapa,ARM,2005,5764.287163
pwt100-pib-per-capita-mapa,ARM,2006,6637.343853
pwt100-pib-per-capita-mapa,ARM,2007,7740.692494
pwt100-pib-per-capita-mapa,ARM,2008,8303.012391
pwt100-pib-per-capita-mapa,ARM,2009,7570.916007
pwt100-pib-per-capita-mapa,ARM,2010,8225.968802
pwt100-pib-per-capita-mapa,ARM,2011,9083.472938
pwt100-pib-per-capita-mapa,ARM,2012,10434.855304
pwt100-pib-per-capita-mapa,ARM,2013,10440.247253
pwt100-pib-per-capita-mapa,ARM,2014,10082.048513
pwt100-pib-per-capita-mapa,ARM,2015,10704.471941
pwt100-pib-per-capita-mapa,ARM,2016,10879.356917
pwt100-pib-per-capita-mapa,ARM,2017,12339.48325
pwt100-pib-per-capita-mapa,ARM,2018,12724.898746
pwt100-pib-per-capita-mapa,ARM,2019,13878.418594
pwt100-pib-per-capita-mapa,ATG,1970,4780.097361
pwt100-pib-per-capita-mapa,ATG,1971,5119.328117
pwt100-pib-per-capita-mapa,ATG,1972,5515.097338
pwt100-pib-per-capita-mapa,ATG,1973,6004.742715
pwt100-pib-per-capita-mapa,ATG,1974,6333.5322
pwt100-pib-per-capita-mapa,ATG,1975,5997.719569
pwt100-pib-per-capita-mapa,ATG,1976,5461.880205
pwt100-pib-per-capita-mapa,ATG,1977,5875.223677
pwt100-pib-per-capita-mapa,ATG,1978,5938.580207
pwt100-pib-per-capita-mapa,ATG,1979,7380.47519
pwt100-pib-per-capita-mapa,ATG,1980,7114.714701
pwt100-pib-per-capita-mapa,ATG,1981,7420.336776
pwt100-pib-per-capita-mapa,ATG,1982,9388.532675
pwt100-pib-per-capita-mapa,ATG,1983,9609.765905
pwt100-pib-per-capita-mapa,ATG,1984,8305.904228
pwt100-pib-per-capita-mapa,ATG,1985,8972.495934
pwt100-pib-per-capita-mapa,ATG,1986,10862.720913
pwt100-pib-per-capita-mapa,ATG,1987,11424.886842
pwt100-pib-per-capita-mapa,ATG,1988,12644.424015
pwt100-pib-per-capita-mapa,ATG,1989,13038.538791
pwt100-pib-per-capita-mapa,ATG,1990,13518.065001
pwt100-pib-per-capita-mapa,ATG,1991,13556.256208
pwt100-pib-per-capita-mapa,ATG,1992,13698.484098
pwt100-pib-per-capita-mapa,ATG,1993,14393.323408
pwt100-pib-per-capita-mapa,ATG,1994,14979.004938
pwt100-pib-per-capita-mapa,ATG,1995,14096.803944
pwt100-pib-per-capita-mapa,ATG,1996,14561.204534
pwt100-pib-per-capita-mapa,ATG,1997,15034.527594
pwt100-pib-per-capita-mapa,ATG,1998,15677.247974
pwt100-pib-per-capita-mapa,ATG,1999,16009.784509
pwt100-pib-per-capita-mapa,ATG,2000,16688.591554
pwt100-pib-per-capita-mapa,ATG,2001,16410.205918
pwt100-pib-per-capita-mapa,ATG,2002,16806.488456
pwt100-pib-per-capita-mapa,ATG,2003,17274.633266
pwt100-pib-per-capita-mapa,ATG,2004,18318.079022
pwt100-pib-per-capita-mapa,ATG,2005,19150.352864
pwt100-pib-per-capita-mapa,ATG,2006,21398.841355
pwt100-pib-per-capita-mapa,ATG,2007,23782.263719
pwt100-pib-per-capita-mapa,ATG,2008,24555.600424
pwt100-pib-per-capita-mapa,ATG,2009,22616.596638
pwt100-pib-per-capita-mapa,ATG,2010,20994.291012
pwt100-pib-per-capita-mapa,ATG,2011,20867.84422
pwt100-pib-per-capita-mapa,ATG,2012,20807.56655
pwt100-pib-per-capita-mapa,ATG,2013,19416.282537
pwt100-pib-per-capita-mapa,ATG,2014,19364.156023
pwt100-pib-per-capita-mapa,ATG,2015,19531.68836
pwt100-pib-per-capita-mapa,ATG,2016,20042.971095
pwt100-pib-per-capita-mapa,ATG,2017,19045.344251
pwt100-pib-per-capita-mapa,ATG,2018,19940.256416
pwt100-pib-per-capita-mapa,ATG,2019,20451.030787
pwt100-pib-per-capita-mapa,AUS,1950,14624.715001
pwt100-pib-per-capita-mapa,AUS,1951,13267.539508
pwt100-pib-per-capita-mapa,AUS,1952,12683.706057
pwt100-pib-per-capita-mapa,AUS,1953,13799.814877
pwt100-pib-per-capita-mapa,AUS,1954,14376.95794
pwt100-pib-per-capita-mapa,AUS,1955,14557.063984
pwt100-pib-per-capita-mapa,AUS,1956,14526.536118
pwt100-pib-per-capita-mapa,AUS,1957,14201.175106
pwt100-pib-per-capita-mapa,AUS,1958,14853.664481
pwt100-pib-per-capita-mapa,AUS,1959,15595.676119
pwt100-pib-per-capita-mapa,AUS,1960,15437.939216
pwt100-pib-per-capita-mapa,AUS,1961,15473.133028
pwt100-pib-per-capita-mapa,AUS,1962,16085.577383
pwt100-pib-per-capita-mapa,AUS,1963,17126.591887
pwt100-pib-per-capita-mapa,AUS,1964,17551.088332
pwt100-pib-per-capita-mapa,AUS,1965,17488.758762
pwt100-pib-per-capita-mapa,AUS,1966,18308.144375
pwt100-pib-per-capita-mapa,AUS,1967,18702.780343
pwt100-pib-per-capita-mapa,AUS,1968,19832.132266
pwt100-pib-per-capita-mapa,AUS,1969,20869.335918
pwt100-pib-per-capita-mapa,AUS,1970,21043.798621
pwt100-pib-per-capita-mapa,AUS,1971,21278.289821
pwt100-pib-per-capita-mapa,AUS,1972,21962.595847
pwt100-pib-per-capita-mapa,AUS,1973,22799.388339
pwt100-pib-per-capita-mapa,AUS,1974,21679.586008
pwt100-pib-per-capita-mapa,AUS,1975,21509.03664
pwt100-pib-per-capita-mapa,AUS,1976,22139.128367
pwt100-pib-per-capita-mapa,AUS,1977,22054.523958
pwt100-pib-per-capita-mapa,AUS,1978,22916.588301
pwt100-pib-per-capita-mapa,AUS,1979,23439.900177
pwt100-pib-per-capita-mapa,AUS,1980,23928.988896
pwt100-pib-per-capita-mapa,AUS,1981,24791.033415
pwt100-pib-per-capita-mapa,AUS,1982,23874.696204
pwt100-pib-per-capita-mapa,AUS,1983,24872.80096
pwt100-pib-per-capita-mapa,AUS,1984,25422.46352
pwt100-pib-per-capita-mapa,AUS,1985,25858.919861
pwt100-pib-per-capita-mapa,AUS,1986,25932.888822
pwt100-pib-per-capita-mapa,AUS,1987,27501.987327
pwt100-pib-per-capita-mapa,AUS,1988,29015.351923
pwt100-pib-per-capita-mapa,AUS,1989,29750.180373
pwt100-pib-per-capita-mapa,AUS,1990,29007.104673
pwt100-pib-per-capita-mapa,AUS,1991,28684.586986
pwt100-pib-per-capita-mapa,AUS,1992,29440.903013
pwt100-pib-per-capita-mapa,AUS,1993,30299.035034
pwt100-pib-per-capita-mapa,AUS,1994,31545.054229
pwt100-pib-per-capita-mapa,AUS,1995,32768.080651
pwt100-pib-per-capita-mapa,AUS,1996,34097.390182
pwt100-pib-per-capita-mapa,AUS,1997,35432.808092
pwt100-pib-per-capita-mapa,AUS,1998,36687.229896
pwt100-pib-per-capita-mapa,AUS,1999,38256.770105
pwt100-pib-per-capita-mapa,AUS,2000,38390.942605
pwt100-pib-per-capita-mapa,AUS,2001,39374.341093
pwt100-pib-per-capita-mapa,AUS,2002,40060.264694
pwt100-pib-per-capita-mapa,AUS,2003,41467.695366
pwt100-pib-per-capita-mapa,AUS,2004,42464.875134
pwt100-pib-per-capita-mapa,AUS,2005,43332.923244
pwt100-pib-per-capita-mapa,AUS,2006,44200.394367
pwt100-pib-per-capita-mapa,AUS,2007,44867.819634
pwt100-pib-per-capita-mapa,AUS,2008,44744.38963
pwt100-pib-per-capita-mapa,AUS,2009,44635.839766
pwt100-pib-per-capita-mapa,AUS,2010,46863.678323
pwt100-pib-per-capita-mapa,AUS,2011,48099.65733
pwt100-pib-per-capita-mapa,AUS,2012,47924.958178
pwt100-pib-per-capita-mapa,AUS,2013,50163.373004
pwt100-pib-per-capita-mapa,AUS,2014,49515.760312
pwt100-pib-per-capita-mapa,AUS,2015,48099.39011
pwt100-pib-per-capita-mapa,AUS,2016,50418.688768
pwt100-pib-per-capita-mapa,AUS,2017,50451.639074
pwt100-pib-per-capita-mapa,AUS,2018,51563.771681
pwt100-pib-per-capita-mapa,AUS,2019,50820.663711
pwt100-pib-per-capita-mapa,AUT,1950,5781.224246
pwt100-pib-per-capita-mapa,AUT,1951,5994.249146
pwt100-pib-per-capita-mapa,AUT,1952,6289.300063
pwt100-pib-per-capita-mapa,AUT,1953,6595.876103
pwt100-pib-per-capita-mapa,AUT,1954,7025.324613
pwt100-pib-per-capita-mapa,AUT,1955,7710.998956
pwt100-pib-per-capita-mapa,AUT,1956,8330.183264
pwt100-pib-per-capita-mapa,AUT,1957,8743.6654
pwt100-pib-per-capita-mapa,AUT,1958,9126.742539
pwt100-pib-per-capita-mapa,AUT,1959,9445.720829
pwt100-pib-per-capita-mapa,AUT,1960,10109.611369
pwt100-pib-per-capita-mapa,AUT,1961,10639.052414
pwt100-pib-per-capita-mapa,AUT,1962,10893.577429
pwt100-pib-per-capita-mapa,AUT,1963,11316.709075
pwt100-pib-per-capita-mapa,AUT,1964,11799.938402
pwt100-pib-per-capita-mapa,AUT,1965,12125.572446
pwt100-pib-per-capita-mapa,AUT,1966,12646.281427
pwt100-pib-per-capita-mapa,AUT,1967,12955.031088
pwt100-pib-per-capita-mapa,AUT,1968,13482.006888
pwt100-pib-per-capita-mapa,AUT,1969,14091.95378
pwt100-pib-per-capita-mapa,AUT,1970,14885.269373
pwt100-pib-per-capita-mapa,AUT,1971,15569.398199
pwt100-pib-per-capita-mapa,AUT,1972,16505.353449
pwt100-pib-per-capita-mapa,AUT,1973,17397.40253
pwt100-pib-per-capita-mapa,AUT,1974,17733.596136
pwt100-pib-per-capita-mapa,AUT,1975,17825.954127
pwt100-pib-per-capita-mapa,AUT,1976,18361.147824
pwt100-pib-per-capita-mapa,AUT,1977,19135.764346
pwt100-pib-per-capita-mapa,AUT,1978,19176.876688
pwt100-pib-per-capita-mapa,AUT,1979,19967.466524
pwt100-pib-per-capita-mapa,AUT,1980,20103.213449
pwt100-pib-per-capita-mapa,AUT,1981,19913.076616
pwt100-pib-per-capita-mapa,AUT,1982,20078.113521
pwt100-pib-per-capita-mapa,AUT,1983,20525.740267
pwt100-pib-per-capita-mapa,AUT,1984,20492.01955
pwt100-pib-per-capita-mapa,AUT,1985,20873.703917
pwt100-pib-per-capita-mapa,AUT,1986,21842.441842
pwt100-pib-per-capita-mapa,AUT,1987,22696.325389
pwt100-pib-per-capita-mapa,AUT,1988,23966.831139
pwt100-pib-per-capita-mapa,AUT,1989,25369.944658
pwt100-pib-per-capita-mapa,AUT,1990,26930.166729
pwt100-pib-per-capita-mapa,AUT,1991,28358.003383
pwt100-pib-per-capita-mapa,AUT,1992,29278.355944
pwt100-pib-per-capita-mapa,AUT,1993,29692.983341
pwt100-pib-per-capita-mapa,AUT,1994,31027.995961
pwt100-pib-per-capita-mapa,AUT,1995,32521.867472
pwt100-pib-per-capita-mapa,AUT,1996,33223.799783
pwt100-pib-per-capita-mapa,AUT,1997,34702.355514
pwt100-pib-per-capita-mapa,AUT,1998,36706.858868
pwt100-pib-per-capita-mapa,AUT,1999,37810.451642
pwt100-pib-per-capita-mapa,AUT,2000,38984.871443
pwt100-pib-per-capita-mapa,AUT,2001,38090.717475
pwt100-pib-per-capita-mapa,AUT,2002,38519.213958
pwt100-pib-per-capita-mapa,AUT,2003,38993.997965
pwt100-pib-per-capita-mapa,AUT,2004,40254.302007
pwt100-pib-per-capita-mapa,AUT,2005,41677.814512
pwt100-pib-per-capita-mapa,AUT,2006,43642.595726
pwt100-pib-per-capita-mapa,AUT,2007,45320.199418
pwt100-pib-per-capita-mapa,AUT,2008,46417.698661
pwt100-pib-per-capita-mapa,AUT,2009,45674.125723
pwt100-pib-per-capita-mapa,AUT,2010,46636.225886
pwt100-pib-per-capita-mapa,AUT,2011,48640.649744
pwt100-pib-per-capita-mapa,AUT,2012,49562.452138
pwt100-pib-per-capita-mapa,AUT,2013,49538.66216
pwt100-pib-per-capita-mapa,AUT,2014,49806.398454
pwt100-pib-per-capita-mapa,AUT,2015,51712.443943
pwt100-pib-per-capita-mapa,AUT,2016,53340.203167
pwt100-pib-per-capita-mapa,AUT,2017,54527.472162
pwt100-pib-per-capita-mapa,AUT,2018,55395.48142
pwt100-pib-per-capita-mapa,AUT,2019,55613.24148
pwt100-pib-per-capita-mapa,AZE,1990,7910.647568
pwt100-pib-per-capita-mapa,AZE,1991,9527.352684
pwt100-pib-per-capita-mapa,AZE,1992,6638.358077
pwt100-pib-per-capita-mapa,AZE,1993,5333.549487
pwt100-pib-per-capita-mapa,AZE,1994,3797.228744
pwt100-pib-per-capita-mapa,AZE,1995,2540.399294
pwt100-pib-per-capita-mapa,AZE,1996,2444.768907
pwt100-pib-per-capita-mapa,AZE,1997,2361.489879
pwt100-pib-per-capita-mapa,AZE,1998,2231.670826
pwt100-pib-per-capita-mapa,AZE,1999,2390.592208
pwt100-pib-per-capita-mapa,AZE,2000,2851.699591
pwt100-pib-per-capita-mapa,AZE,2001,3192.060064
pwt100-pib-per-capita-mapa,AZE,2002,3140.504163
pwt100-pib-per-capita-mapa,AZE,2003,3227.75816
pwt100-pib-per-capita-mapa,AZE,2004,3434.049597
pwt100-pib-per-capita-mapa,AZE,2005,5078.781714
pwt100-pib-per-capita-mapa,AZE,2006,7471.371555
pwt100-pib-per-capita-mapa,AZE,2007,10024.04306
pwt100-pib-per-capita-mapa,AZE,2008,12928.686955
pwt100-pib-per-capita-mapa,AZE,2009,12077.50972
pwt100-pib-per-capita-mapa,AZE,2010,14651.051012
pwt100-pib-per-capita-mapa,AZE,2011,18411.204288
pwt100-pib-per-capita-mapa,AZE,2012,18946.115195
pwt100-pib-per-capita-mapa,AZE,2013,17177.649665
pwt100-pib-per-capita-mapa,AZE,2014,18457.197291
pwt100-pib-per-capita-mapa,AZE,2015,14567.21971
pwt100-pib-per-capita-mapa,AZE,2016,14001.912147
pwt100-pib-per-capita-mapa,AZE,2017,14917.56045
pwt100-pib-per-capita-mapa,AZE,2018,16544.615656
pwt100-pib-per-capita-mapa,AZE,2019,16135.622785
pwt100-pib-per-capita-mapa,BDI,1960,719.328005
pwt100-pib-per-capita-mapa,BDI,1961,605.516214
pwt100-pib-per-capita-mapa,BDI,1962,642.806545
pwt100-pib-per-capita-mapa,BDI,1963,653.459528
pwt100-pib-per-capita-mapa,BDI,1964,656.807662
pwt100-pib-per-capita-mapa,BDI,1965,661.043438
pwt100-pib-per-capita-mapa,BDI,1966,655.040675
pwt100-pib-per-capita-mapa,BDI,1967,718.050402
pwt100-pib-per-capita-mapa,BDI,1968,707.240001
pwt100-pib-per-capita-mapa,BDI,1969,662.864588
pwt100-pib-per-capita-mapa,BDI,1970,815.521253
pwt100-pib-per-capita-mapa,BDI,1971,814.121772
pwt100-pib-per-capita-mapa,BDI,1972,736.701985
pwt100-pib-per-capita-mapa,BDI,1973,799.899173
pwt100-pib-per-capita-mapa,BDI,1974,775.67137
pwt100-pib-per-capita-mapa,BDI,1975,744.436213
pwt100-pib-per-capita-mapa,BDI,1976,860.101755
pwt100-pib-per-capita-mapa,BDI,1977,1008.417273
pwt100-pib-per-capita-mapa,BDI,1978,923.236481
pwt100-pib-per-capita-mapa,BDI,1979,919.743332
pwt100-pib-per-capita-mapa,BDI,1980,892.635295
pwt100-pib-per-capita-mapa,BDI,1981,921.434701
pwt100-pib-per-capita-mapa,BDI,1982,884.211102
pwt100-pib-per-capita-mapa,BDI,1983,902.602954
pwt100-pib-per-capita-mapa,BDI,1984,902.413451
pwt100-pib-per-capita-mapa,BDI,1985,972.363816
pwt100-pib-per-capita-mapa,BDI,1986,990.471204
pwt100-pib-per-capita-mapa,BDI,1987,944.722716
pwt100-pib-per-capita-mapa,BDI,1988,990.99102
pwt100-pib-per-capita-mapa,BDI,1989,925.1122
pwt100-pib-per-capita-mapa,BDI,1990,912.1507
pwt100-pib-per-capita-mapa,BDI,1991,928.730131
pwt100-pib-per-capita-mapa,BDI,1992,883.05962
pwt100-pib-per-capita-mapa,BDI,1993,811.439384
pwt100-pib-per-capita-mapa,BDI,1994,828.044955
pwt100-pib-per-capita-mapa,BDI,1995,747.356266
pwt100-pib-per-capita-mapa,BDI,1996,694.619648
pwt100-pib-per-capita-mapa,BDI,1997,698.565769
pwt100-pib-per-capita-mapa,BDI,1998,736.239437
pwt100-pib-per-capita-mapa,BDI,1999,742.227821
pwt100-pib-per-capita-mapa,BDI,2000,679.751307
pwt100-pib-per-capita-mapa,BDI,2001,668.388932
pwt100-pib-per-capita-mapa,BDI,2002,670.289971
pwt100-pib-per-capita-mapa,BDI,2003,672.478401
pwt100-pib-per-capita-mapa,BDI,2004,692.413234
pwt100-pib-per-capita-mapa,BDI,2005,659.771358
pwt100-pib-per-capita-mapa,BDI,2006,659.05568
pwt100-pib-per-capita-mapa,BDI,2007,656.786734
pwt100-pib-per-capita-mapa,BDI,2008,675.411759
pwt100-pib-per-capita-mapa,BDI,2009,680.32873
pwt100-pib-per-capita-mapa,BDI,2010,709.65756
pwt100-pib-per-capita-mapa,BDI,2011,718.305747
pwt100-pib-per-capita-mapa,BDI,2012,735.587099
pwt100-pib-per-capita-mapa,BDI,2013,764.001013
pwt100-pib-per-capita-mapa,BDI,2014,789.200529
pwt100-pib-per-capita-mapa,BDI,2015,784.128592
pwt100-pib-per-capita-mapa,BDI,2016,800.226216
pwt100-pib-per-capita-mapa,BDI,2017,785.074056
pwt100-pib-per-capita-mapa,BDI,2018,762.897951
pwt100-pib-per-capita-mapa,BDI,2019,751.478961
pwt100-pib-per-capita-mapa,BEL,1950,8719.369419
pwt100-pib-per-capita-mapa,BEL,1951,9277.658625
pwt100-pib-per-capita-mapa,BEL,1952,9414.064198
pwt100-pib-per-capita-mapa,BEL,1953,9371.818862
pwt100-pib-per-capita-mapa,BEL,1954,9724.960091
pwt100-pib-per-capita-mapa,BEL,1955,10268.310204
pwt100-pib-per-capita-mapa,BEL,1956,10658.557416
pwt100-pib-per-capita-mapa,BEL,1957,10665.714596
pwt100-pib-per-capita-mapa,BEL,1958,10551.211187
pwt100-pib-per-capita-mapa,BEL,1959,10632.441332
pwt100-pib-per-capita-mapa,BEL,1960,11293.192122
pwt100-pib-per-capita-mapa,BEL,1961,11737.216193
pwt100-pib-per-capita-mapa,BEL,1962,12290.966809
pwt100-pib-per-capita-mapa,BEL,1963,12612.764838
pwt100-pib-per-capita-mapa,BEL,1964,13416.457116
pwt100-pib-per-capita-mapa,BEL,1965,13861.289084
pwt100-pib-per-capita-mapa,BEL,1966,14208.098447
pwt100-pib-per-capita-mapa,BEL,1967,14672.851603
pwt100-pib-per-capita-mapa,BEL,1968,15225.984792
pwt100-pib-per-capita-mapa,BEL,1969,16266.454835
pwt100-pib-per-capita-mapa,BEL,1970,17228.540813
pwt100-pib-per-capita-mapa,BEL,1971,17742.374415
pwt100-pib-per-capita-mapa,BEL,1972,18860.316219
pwt100-pib-per-capita-mapa,BEL,1973,20252.595514
pwt100-pib-per-capita-mapa,BEL,1974,20889.980989
pwt100-pib-per-capita-mapa,BEL,1975,20425.636061
pwt100-pib-per-capita-mapa,BEL,1976,21716.026881
pwt100-pib-per-capita-mapa,BEL,1977,22126.149929
pwt100-pib-per-capita-mapa,BEL,1978,22947.426118
pwt100-pib-per-capita-mapa,BEL,1979,23734.163065
pwt100-pib-per-capita-mapa,BEL,1980,24652.386717
pwt100-pib-per-capita-mapa,BEL,1981,23051.209254
pwt100-pib-per-capita-mapa,BEL,1982,22287.103517
pwt100-pib-per-capita-mapa,BEL,1983,21604.672225
pwt100-pib-per-capita-mapa,BEL,1984,21631.043358
pwt100-pib-per-capita-mapa,BEL,1985,21419.80864
pwt100-pib-per-capita-mapa,BEL,1986,22488.219758
pwt100-pib-per-capita-mapa,BEL,1987,23274.794605
pwt100-pib-per-capita-mapa,BEL,1988,24984.249517
pwt100-pib-per-capita-mapa,BEL,1989,26235.335492
pwt100-pib-per-capita-mapa,BEL,1990,27183.567324
pwt100-pib-per-capita-mapa,BEL,1991,27644.409751
pwt100-pib-per-capita-mapa,BEL,1992,28442.275484
pwt100-pib-per-capita-mapa,BEL,1993,28417.51733
pwt100-pib-per-capita-mapa,BEL,1994,29371.837251
pwt100-pib-per-capita-mapa,BEL,1995,30225.649782
pwt100-pib-per-capita-mapa,BEL,1996,30284.554687
pwt100-pib-per-capita-mapa,BEL,1997,32135.279054
pwt100-pib-per-capita-mapa,BEL,1998,33331.789957
pwt100-pib-per-capita-mapa,BEL,1999,34732.137285
pwt100-pib-per-capita-mapa,BEL,2000,36813.889335
pwt100-pib-per-capita-mapa,BEL,2001,36907.005768
pwt100-pib-per-capita-mapa,BEL,2002,37336.225872
pwt100-pib-per-capita-mapa,BEL,2003,37228.887362
pwt100-pib-per-capita-mapa,BEL,2004,37982.495806
pwt100-pib-per-capita-mapa,BEL,2005,39220.033169
pwt100-pib-per-capita-mapa,BEL,2006,40518.337182
pwt100-pib-per-capita-mapa,BEL,2007,42046.541612
pwt100-pib-per-capita-mapa,BEL,2008,42702.000662
pwt100-pib-per-capita-mapa,BEL,2009,42203.879004
pwt100-pib-per-capita-mapa,BEL,2010,44699.939248
pwt100-pib-per-capita-mapa,BEL,2011,44931.693069
pwt100-pib-per-capita-mapa,BEL,2012,45159.702443
pwt100-pib-per-capita-mapa,BEL,2013,44994.738551
pwt100-pib-per-capita-mapa,BEL,2014,45337.842724
pwt100-pib-per-capita-mapa,BEL,2015,47059.682723
pwt100-pib-per-capita-mapa,BEL,2016,48422.833355
pwt100-pib-per-capita-mapa,BEL,2017,49764.419057
pwt100-pib-per-capita-mapa,BEL,2018,50125.502104
pwt100-pib-per-capita-mapa,BEL,2019,51081.754934
pwt100-pib-per-capita-mapa,BEN,1959,1612.341309
pwt100-pib-per-capita-mapa,BEN,1960,1700.376242
pwt100-pib-per-capita-mapa,BEN,1961,1683.324632
pwt100-pib-per-capita-mapa,BEN,1962,1579.627138
pwt100-pib-per-capita-mapa,BEN,1963,1620.054398
pwt100-pib-per-capita-mapa,BEN,1964,1679.260747
pwt100-pib-per-capita-mapa,BEN,1965,1766.686266
pwt100-pib-per-capita-mapa,BEN,1966,1770.694868
pwt100-pib-per-capita-mapa,BEN,1967,1786.183644
pwt100-pib-per-capita-mapa,BEN,1968,1904.65
pwt100-pib-per-capita-mapa,BEN,1969,1926.395899
pwt100-pib-per-capita-mapa,BEN,1970,2050.519198
pwt100-pib-per-capita-mapa,BEN,1971,2062.974387
pwt100-pib-per-capita-mapa,BEN,1972,2047.160909
pwt100-pib-per-capita-mapa,BEN,1973,2142.471975
pwt100-pib-per-capita-mapa,BEN,1974,2131.043821
pwt100-pib-per-capita-mapa,BEN,1975,1795.765962
pwt100-pib-per-capita-mapa,BEN,1976,1828.344298
pwt100-pib-per-capita-mapa,BEN,1977,1712.423452
pwt100-pib-per-capita-mapa,BEN,1978,1734.87205
pwt100-pib-per-capita-mapa,BEN,1979,1798.132002
pwt100-pib-per-capita-mapa,BEN,1980,1983.863679
pwt100-pib-per-capita-mapa,BEN,1981,2122.567999
pwt100-pib-per-capita-mapa,BEN,1982,1596.765121
pwt100-pib-per-capita-mapa,BEN,1983,1588.319672
pwt100-pib-per-capita-mapa,BEN,1984,1720.958593
pwt100-pib-per-capita-mapa,BEN,1985,1823.169292
pwt100-pib-per-capita-mapa,BEN,1986,1584.323554
pwt100-pib-per-capita-mapa,BEN,1987,1424.271815
pwt100-pib-per-capita-mapa,BEN,1988,1421.760473
pwt100-pib-per-capita-mapa,BEN,1989,1289.790438
pwt100-pib-per-capita-mapa,BEN,1990,1283.140209
pwt100-pib-per-capita-mapa,BEN,1991,1295.061703
pwt100-pib-per-capita-mapa,BEN,1992,1284.017236
pwt100-pib-per-capita-mapa,BEN,1993,1296.051861
pwt100-pib-per-capita-mapa,BEN,1994,1158.428898
pwt100-pib-per-capita-mapa,BEN,1995,1243.486383
pwt100-pib-per-capita-mapa,BEN,1996,1306.23264
pwt100-pib-per-capita-mapa,BEN,1997,1367.843616
pwt100-pib-per-capita-mapa,BEN,1998,1396.761341
pwt100-pib-per-capita-mapa,BEN,1999,1474.220605
pwt100-pib-per-capita-mapa,BEN,2000,1587.361758
pwt100-pib-per-capita-mapa,BEN,2001,1642.898703
pwt100-pib-per-capita-mapa,BEN,2002,1758.44108
pwt100-pib-per-capita-mapa,BEN,2003,1833.556214
pwt100-pib-per-capita-mapa,BEN,2004,1925.881566
pwt100-pib-per-capita-mapa,BEN,2005,1941.58104
pwt100-pib-per-capita-mapa,BEN,2006,1926.691997
pwt100-pib-per-capita-mapa,BEN,2007,1940.849234
pwt100-pib-per-capita-mapa,BEN,2008,1978.523716
pwt100-pib-per-capita-mapa,BEN,2009,1964.914225
pwt100-pib-per-capita-mapa,BEN,2010,1911.677198
pwt100-pib-per-capita-mapa,BEN,2011,2003.768221
pwt100-pib-per-capita-mapa,BEN,2012,2194.550085
pwt100-pib-per-capita-mapa,BEN,2013,2390.363522
pwt100-pib-per-capita-mapa,BEN,2014,2618.035071
pwt100-pib-per-capita-mapa,BEN,2015,2879.615176
pwt100-pib-per-capita-mapa,BEN,2016,2941.082729
pwt100-pib-per-capita-mapa,BEN,2017,2891.313425
pwt100-pib-per-capita-mapa,BEN,2018,2971.977213
pwt100-pib-per-capita-mapa,BEN,2019,3113.318539
pwt100-pib-per-capita-mapa,BFA,1959,830.332432
pwt100-pib-per-capita-mapa,BFA,1960,900.586156
pwt100-pib-per-capita-mapa,BFA,1961,868.797918
pwt100-pib-per-capita-mapa,BFA,1962,931.350502
pwt100-pib-per-capita-mapa,BFA,1963,897.869032
pwt100-pib-per-capita-mapa,BFA,1964,939.889586
pwt100-pib-per-capita-mapa,BFA,1965,930.153821
pwt100-pib-per-capita-mapa,BFA,1966,932.606647
pwt100-pib-per-capita-mapa,BFA,1967,1015.334274
pwt100-pib-per-capita-mapa,BFA,1968,1030.764535
pwt100-pib-per-capita-mapa,BFA,1969,1033.460808
pwt100-pib-per-capita-mapa,BFA,1970,975.473968
pwt100-pib-per-capita-mapa,BFA,1971,889.115554
pwt100-pib-per-capita-mapa,BFA,1972,1078.204465
pwt100-pib-per-capita-mapa,BFA,1973,993.489083
pwt100-pib-per-capita-mapa,BFA,1974,1019.601936
pwt100-pib-per-capita-mapa,BFA,1975,1000.622304
pwt100-pib-per-capita-mapa,BFA,1976,996.94855
pwt100-pib-per-capita-mapa,BFA,1977,1068.533066
pwt100-pib-per-capita-mapa,BFA,1978,1158.083599
pwt100-pib-per-capita-mapa,BFA,1979,1166.432315
pwt100-pib-per-capita-mapa,BFA,1980,1139.266094
pwt100-pib-per-capita-mapa,BFA,1981,1188.457728
pwt100-pib-per-capita-mapa,BFA,1982,1142.781759
pwt100-pib-per-capita-mapa,BFA,1983,1051.425212
pwt100-pib-per-capita-mapa,BFA,1984,1036.132195
pwt100-pib-per-capita-mapa,BFA,1985,1078.415732
pwt100-pib-per-capita-mapa,BFA,1986,1155.303113
pwt100-pib-per-capita-mapa,BFA,1987,1111.718378
pwt100-pib-per-capita-mapa,BFA,1988,1150.139681
pwt100-pib-per-capita-mapa,BFA,1989,1123.196384
pwt100-pib-per-capita-mapa,BFA,1990,1087.24769
pwt100-pib-per-capita-mapa,BFA,1991,1134.561292
pwt100-pib-per-capita-mapa,BFA,1992,1112.741262
pwt100-pib-per-capita-mapa,BFA,1993,1126.25148
pwt100-pib-per-capita-mapa,BFA,1994,987.342245
pwt100-pib-per-capita-mapa,BFA,1995,1057.688144
pwt100-pib-per-capita-mapa,BFA,1996,1138.304262
pwt100-pib-per-capita-mapa,BFA,1997,1172.538992
pwt100-pib-per-capita-mapa,BFA,1998,1246.267644
pwt100-pib-per-capita-mapa,BFA,1999,1324.646365
pwt100-pib-per-capita-mapa,BFA,2000,1306.034612
pwt100-pib-per-capita-mapa,BFA,2001,1351.185972
pwt100-pib-per-capita-mapa,BFA,2002,1379.46843
pwt100-pib-per-capita-mapa,BFA,2003,1441.978037
pwt100-pib-per-capita-mapa,BFA,2004,1471.049298
pwt100-pib-per-capita-mapa,BFA,2005,1529.927229
pwt100-pib-per-capita-mapa,BFA,2006,1531.926081
pwt100-pib-per-capita-mapa,BFA,2007,1505.468505
pwt100-pib-per-capita-mapa,BFA,2008,1509.023261
pwt100-pib-per-capita-mapa,BFA,2009,1497.964426
pwt100-pib-per-capita-mapa,BFA,2010,1600.818941
pwt100-pib-per-capita-mapa,BFA,2011,1674.127806
pwt100-pib-per-capita-mapa,BFA,2012,1714.449956
pwt100-pib-per-capita-mapa,BFA,2013,1726.006523
pwt100-pib-per-capita-mapa,BFA,2014,1709.918594
pwt100-pib-per-capita-mapa,BFA,2015,1705.419371
pwt100-pib-per-capita-mapa,BFA,2016,1847.504398
pwt100-pib-per-capita-mapa,BFA,2017,1931.858757
pwt100-pib-per-capita-mapa,BFA,2018,2053.204597
pwt100-pib-per-capita-mapa,BFA,2019,2145.960525
pwt100-pib-per-capita-mapa,BGD,1959,1511.456348
pwt100-pib-per-capita-mapa,BGD,1960,1598.931751
pwt100-pib-per-capita-mapa,BGD,1961,1566.636004
pwt100-pib-per-capita-mapa,BGD,1962,1630.313064
pwt100-pib-per-capita-mapa,BGD,1963,1695.526319
pwt100-pib-per-capita-mapa,BGD,1964,1656.830997
pwt100-pib-per-capita-mapa,BGD,1965,1607.375155
pwt100-pib-per-capita-mapa,BGD,1966,1601.637803
pwt100-pib-per-capita-mapa,BGD,1967,1528.845457
pwt100-pib-per-capita-mapa,BGD,1968,1539.668815
pwt100-pib-per-capita-mapa,BGD,1969,1573.274701
pwt100-pib-per-capita-mapa,BGD,1970,1651.164934
pwt100-pib-per-capita-mapa,BGD,1971,1583.52806
pwt100-pib-per-capita-mapa,BGD,1972,1474.63789
pwt100-pib-per-capita-mapa,BGD,1973,1215.861247
pwt100-pib-per-capita-mapa,BGD,1974,1200.434141
pwt100-pib-per-capita-mapa,BGD,1975,1130.86104
pwt100-pib-per-capita-mapa,BGD,1976,1253.995532
pwt100-pib-per-capita-mapa,BGD,1977,1283.662146
pwt100-pib-per-capita-mapa,BGD,1978,1283.361575
pwt100-pib-per-capita-mapa,BGD,1979,1329.536502
pwt100-pib-per-capita-mapa,BGD,1980,1288.503044
pwt100-pib-per-capita-mapa,BGD,1981,1282.769508
pwt100-pib-per-capita-mapa,BGD,1982,1243.698096
pwt100-pib-per-capita-mapa,BGD,1983,1244.753588
pwt100-pib-per-capita-mapa,BGD,1984,1327.737048
pwt100-pib-per-capita-mapa,BGD,1985,1345.369024
pwt100-pib-per-capita-mapa,BGD,1986,1348.192256
pwt100-pib-per-capita-mapa,BGD,1987,1330.255694
pwt100-pib-per-capita-mapa,BGD,1988,1342.286886
pwt100-pib-per-capita-mapa,BGD,1989,1458.094155
pwt100-pib-per-capita-mapa,BGD,1990,1479.156494
pwt100-pib-per-capita-mapa,BGD,1991,1515.744213
pwt100-pib-per-capita-mapa,BGD,1992,1521.64453
pwt100-pib-per-capita-mapa,BGD,1993,1537.508371
pwt100-pib-per-capita-mapa,BGD,1994,1578.196241
pwt100-pib-per-capita-mapa,BGD,1995,1604.238868
pwt100-pib-per-capita-mapa,BGD,1996,1607.614215
pwt100-pib-per-capita-mapa,BGD,1997,1575.876061
pwt100-pib-per-capita-mapa,BGD,1998,1553.104392
pwt100-pib-per-capita-mapa,BGD,1999,1510.166139
pwt100-pib-per-capita-mapa,BGD,2000,1496.282301
pwt100-pib-per-capita-mapa,BGD,2001,1504.851811
pwt100-pib-per-capita-mapa,BGD,2002,1539.955045
pwt100-pib-per-capita-mapa,BGD,2003,1560.414802
pwt100-pib-per-capita-mapa,BGD,2004,1583.823941
pwt100-pib-per-capita-mapa,BGD,2005,1615.533497
pwt100-pib-per-capita-mapa,BGD,2006,1753.332237
pwt100-pib-per-capita-mapa,BGD,2007,1931.463085
pwt100-pib-per-capita-mapa,BGD,2008,2081.26288
pwt100-pib-per-capita-mapa,BGD,2009,2275.848206
pwt100-pib-per-capita-mapa,BGD,2010,2526.28139
pwt100-pib-per-capita-mapa,BGD,2011,2807.965211
pwt100-pib-per-capita-mapa,BGD,2012,3069.876288
pwt100-pib-per-capita-mapa,BGD,2013,3225.207567
pwt100-pib-per-capita-mapa,BGD,2014,3407.155513
pwt100-pib-per-capita-mapa,BGD,2015,3607.041118
pwt100-pib-per-capita-mapa,BGD,2016,3836.474063
pwt100-pib-per-capita-mapa,BGD,2017,4097.460705
pwt100-pib-per-capita-mapa,BGD,2018,4373.231018
pwt100-pib-per-capita-mapa,BGD,2019,4638.904454
pwt100-pib-per-capita-mapa,BGR,1970,4501.675556
pwt100-pib-per-capita-mapa,BGR,1971,4782.490492
pwt100-pib-per-capita-mapa,BGR,1972,5118.040184
pwt100-pib-per-capita-mapa,BGR,1973,5510.468943
pwt100-pib-per-capita-mapa,BGR,1974,5890.605059
pwt100-pib-per-capita-mapa,BGR,1975,6378.672844
pwt100-pib-per-capita-mapa,BGR,1976,6793.766861
pwt100-pib-per-capita-mapa,BGR,1977,7149.315187
pwt100-pib-per-capita-mapa,BGR,1978,7537.750016
pwt100-pib-per-capita-mapa,BGR,1979,8150.977504
pwt100-pib-per-capita-mapa,BGR,1980,8275.729946
pwt100-pib-per-capita-mapa,BGR,1981,8812.012189
pwt100-pib-per-capita-mapa,BGR,1982,9202.341322
pwt100-pib-per-capita-mapa,BGR,1983,9721.178863
pwt100-pib-per-capita-mapa,BGR,1984,9990.597074
pwt100-pib-per-capita-mapa,BGR,1985,10396.611763
pwt100-pib-per-capita-mapa,BGR,1986,10558.149098
pwt100-pib-per-capita-mapa,BGR,1987,11465.196921
pwt100-pib-per-capita-mapa,BGR,1988,11981.888078
pwt100-pib-per-capita-mapa,BGR,1989,11667.477506
pwt100-pib-per-capita-mapa,BGR,1990,11846.048893
pwt100-pib-per-capita-mapa,BGR,1991,12339.384891
pwt100-pib-per-capita-mapa,BGR,1992,10397.304046
pwt100-pib-per-capita-mapa,BGR,1993,9564.580186
pwt100-pib-per-capita-mapa,BGR,1994,9599.056776
pwt100-pib-per-capita-mapa,BGR,1995,10339.204957
pwt100-pib-per-capita-mapa,BGR,1996,9780.930188
pwt100-pib-per-capita-mapa,BGR,1997,7626.468479
pwt100-pib-per-capita-mapa,BGR,1998,8875.143891
pwt100-pib-per-capita-mapa,BGR,1999,8616.612439
pwt100-pib-per-capita-mapa,BGR,2000,9252.002379
pwt100-pib-per-capita-mapa,BGR,2001,9439.400029
pwt100-pib-per-capita-mapa,BGR,2002,10061.952931
pwt100-pib-per-capita-mapa,BGR,2003,10478.703352
pwt100-pib-per-capita-mapa,BGR,2004,11103.348947
pwt100-pib-per-capita-mapa,BGR,2005,11919.2122
pwt100-pib-per-capita-mapa,BGR,2006,12833.89432
pwt100-pib-per-capita-mapa,BGR,2007,14288.490135
pwt100-pib-per-capita-mapa,BGR,2008,15531.779595
pwt100-pib-per-capita-mapa,BGR,2009,15800.300341
pwt100-pib-per-capita-mapa,BGR,2010,16643.825712
pwt100-pib-per-capita-mapa,BGR,2011,16895.904908
pwt100-pib-per-capita-mapa,BGR,2012,17106.329927
pwt100-pib-per-capita-mapa,BGR,2013,16820.176974
pwt100-pib-per-capita-mapa,BGR,2014,17345.122462
pwt100-pib-per-capita-mapa,BGR,2015,18405.63171
pwt100-pib-per-capita-mapa,BGR,2016,19651.979152
pwt100-pib-per-capita-mapa,BGR,2017,20624.482836
pwt100-pib-per-capita-mapa,BGR,2018,21571.145989
pwt100-pib-per-capita-mapa,BGR,2019,22773.894094
pwt100-pib-per-capita-mapa,BHR,1970,16225.847412
pwt100-pib-per-capita-mapa,BHR,1971,15897.825309
pwt100-pib-per-capita-mapa,BHR,1972,16834.260781
pwt100-pib-per-capita-mapa,BHR,1973,18698.374818
pwt100-pib-per-capita-mapa,BHR,1974,19046.614708
pwt100-pib-per-capita-mapa,BHR,1975,15704.094297
pwt100-pib-per-capita-mapa,BHR,1976,21514.050245
pwt100-pib-per-capita-mapa,BHR,1977,20674.466712
pwt100-pib-per-capita-mapa,BHR,1978,19445.794404
pwt100-pib-per-capita-mapa,BHR,1979,21792.326393
pwt100-pib-per-capita-mapa,BHR,1980,24222.859894
pwt100-pib-per-capita-mapa,BHR,1981,22079.391096
pwt100-pib-per-capita-mapa,BHR,1982,19084.603282
pwt100-pib-per-capita-mapa,BHR,1983,19470.026098
pwt100-pib-per-capita-mapa,BHR,1984,21541.387209
pwt100-pib-per-capita-mapa,BHR,1985,15934.431368
pwt100-pib-per-capita-mapa,BHR,1986,14441.545386
pwt100-pib-per-capita-mapa,BHR,1987,13799.053836
pwt100-pib-per-capita-mapa,BHR,1988,15299.904263
pwt100-pib-per-capita-mapa,BHR,1989,15435.893742
pwt100-pib-per-capita-mapa,BHR,1990,16631.588098
pwt100-pib-per-capita-mapa,BHR,1991,16713.169096
pwt100-pib-per-capita-mapa,BHR,1992,17338.240031
pwt100-pib-per-capita-mapa,BHR,1993,18110.860688
pwt100-pib-per-capita-mapa,BHR,1994,17730.11879
pwt100-pib-per-capita-mapa,BHR,1995,18185.859519
pwt100-pib-per-capita-mapa,BHR,1996,17668.375005
pwt100-pib-per-capita-mapa,BHR,1997,18791.110335
pwt100-pib-per-capita-mapa,BHR,1998,17847.69094
pwt100-pib-per-capita-mapa,BHR,1999,20517.761596
pwt100-pib-per-capita-mapa,BHR,2000,26317.759209
pwt100-pib-per-capita-mapa,BHR,2001,27175.436486
pwt100-pib-per-capita-mapa,BHR,2002,26124.320139
pwt100-pib-per-capita-mapa,BHR,2003,30091.86922
pwt100-pib-per-capita-mapa,BHR,2004,32979.019438
pwt100-pib-per-capita-mapa,BHR,2005,40549.88731
pwt100-pib-per-capita-mapa,BHR,2006,43413.697103
pwt100-pib-per-capita-mapa,BHR,2007,46694.45756
pwt100-pib-per-capita-mapa,BHR,2008,50522.5239
pwt100-pib-per-capita-mapa,BHR,2009,44161.160998
pwt100-pib-per-capita-mapa,BHR,2010,48907.278772
pwt100-pib-per-capita-mapa,BHR,2011,53845.982889
pwt100-pib-per-capita-mapa,BHR,2012,57306.320743
pwt100-pib-per-capita-mapa,BHR,2013,56493.414494
pwt100-pib-per-capita-mapa,BHR,2014,53853.708624
pwt100-pib-per-capita-mapa,BHR,2015,47910.057971
pwt100-pib-per-capita-mapa,BHR,2016,45642.305185
pwt100-pib-per-capita-mapa,BHR,2017,47904.351711
pwt100-pib-per-capita-mapa,BHR,2018,47023.808481
pwt100-pib-per-capita-mapa,BHR,2019,45148.970713
pwt100-pib-per-capita-mapa,BHS,1970,19125.215242
pwt100-pib-per-capita-mapa,BHS,1971,18993.97046
pwt100-pib-per-capita-mapa,BHS,1972,17880.96254
pwt100-pib-per-capita-mapa,BHS,1973,18711.939687
pwt100-pib-per-capita-mapa,BHS,1974,15577.928548
pwt100-pib-per-capita-mapa,BHS,1975,12771.727937
pwt100-pib-per-capita-mapa,BHS,1976,14210.413461
pwt100-pib-per-capita-mapa,BHS,1977,15813.458017
pwt100-pib-per-capita-mapa,BHS,1978,18166.118595
pwt100-pib-per-capita-mapa,BHS,1979,22299.545641
pwt100-pib-per-capita-mapa,BHS,1980,25737.71367
pwt100-pib-per-capita-mapa,BHS,1981,22943.282076
pwt100-pib-per-capita-mapa,BHS,1982,21251.025243
pwt100-pib-per-capita-mapa,BHS,1983,21359.551809
pwt100-pib-per-capita-mapa,BHS,1984,26060.662921
pwt100-pib-per-capita-mapa,BHS,1985,28594.633235
pwt100-pib-per-capita-mapa,BHS,1986,28480.428759
pwt100-pib-per-capita-mapa,BHS,1987,30524.935331
pwt100-pib-per-capita-mapa,BHS,1988,30366.018171
pwt100-pib-per-capita-mapa,BHS,1989,31594.795425
pwt100-pib-per-capita-mapa,BHS,1990,30537.935643
pwt100-pib-per-capita-mapa,BHS,1991,27749.177513
pwt100-pib-per-capita-mapa,BHS,1992,26762.020805
pwt100-pib-per-capita-mapa,BHS,1993,25725.533098
pwt100-pib-per-capita-mapa,BHS,1994,26240.46442
pwt100-pib-per-capita-mapa,BHS,1995,26368.844823
pwt100-pib-per-capita-mapa,BHS,1996,29582.679215
pwt100-pib-per-capita-mapa,BHS,1997,31317.560543
pwt100-pib-per-capita-mapa,BHS,1998,33867.943756
pwt100-pib-per-capita-mapa,BHS,1999,36779.0543
pwt100-pib-per-capita-mapa,BHS,2000,38724.156059
pwt100-pib-per-capita-mapa,BHS,2001,37397.224363
pwt100-pib-per-capita-mapa,BHS,2002,40956.030119
pwt100-pib-per-capita-mapa,BHS,2003,39724.894857
pwt100-pib-per-capita-mapa,BHS,2004,38057.828262
pwt100-pib-per-capita-mapa,BHS,2005,39949.459323
pwt100-pib-per-capita-mapa,BHS,2006,39253.780967
pwt100-pib-per-capita-mapa,BHS,2007,40540.075078
pwt100-pib-per-capita-mapa,BHS,2008,38579.67297
pwt100-pib-per-capita-mapa,BHS,2009,35144.104562
pwt100-pib-per-capita-mapa,BHS,2010,34198.834004
pwt100-pib-per-capita-mapa,BHS,2011,34297.425341
pwt100-pib-per-capita-mapa,BHS,2012,35399.36997
pwt100-pib-per-capita-mapa,BHS,2013,33835.800493
pwt100-pib-per-capita-mapa,BHS,2014,34637.574433
pwt100-pib-per-capita-mapa,BHS,2015,34669.777267
pwt100-pib-per-capita-mapa,BHS,2016,34744.878247
pwt100-pib-per-capita-mapa,BHS,2017,35656.184615
pwt100-pib-per-capita-mapa,BHS,2018,36128.580966
pwt100-pib-per-capita-mapa,BHS,2019,37005.094868
pwt100-pib-per-capita-mapa,BIH,1990,1556.278685
pwt100-pib-per-capita-mapa,BIH,1991,1438.087131
pwt100-pib-per-capita-mapa,BIH,1992,1397.961861
pwt100-pib-per-capita-mapa,BIH,1993,1410.668354
pwt100-pib-per-capita-mapa,BIH,1994,1613.685703
pwt100-pib-per-capita-mapa,BIH,1995,2000.882975
pwt100-pib-per-capita-mapa,BIH,1996,3637.878689
pwt100-pib-per-capita-mapa,BIH,1997,4910.554615
pwt100-pib-per-capita-mapa,BIH,1998,5032.431439
pwt100-pib-per-capita-mapa,BIH,1999,5627.214592
pwt100-pib-per-capita-mapa,BIH,2000,5726.896233
pwt100-pib-per-capita-mapa,BIH,2001,5930.356084
pwt100-pib-per-capita-mapa,BIH,2002,6267.854577
pwt100-pib-per-capita-mapa,BIH,2003,6489.320737
pwt100-pib-per-capita-mapa,BIH,2004,6910.802568
pwt100-pib-per-capita-mapa,BIH,2005,7366.009228
pwt100-pib-per-capita-mapa,BIH,2006,8323.998776
pwt100-pib-per-capita-mapa,BIH,2007,9054.263998
pwt100-pib-per-capita-mapa,BIH,2008,9692.598277
pwt100-pib-per-capita-mapa,BIH,2009,9798.047622
pwt100-pib-per-capita-mapa,BIH,2010,10097.359898
pwt100-pib-per-capita-mapa,BIH,2011,10399.576084
pwt100-pib-per-capita-mapa,BIH,2012,10707.331127
pwt100-pib-per-capita-mapa,BIH,2013,10964.67169
pwt100-pib-per-capita-mapa,BIH,2014,11165.529723
pwt100-pib-per-capita-mapa,BIH,2015,11838.713584
pwt100-pib-per-capita-mapa,BIH,2016,12499.042317
pwt100-pib-per-capita-mapa,BIH,2017,12947.888461
pwt100-pib-per-capita-mapa,BIH,2018,13665.818648
pwt100-pib-per-capita-mapa,BIH,2019,14224.127158
pwt100-pib-per-capita-mapa,BLR,1990,14893.873249
pwt100-pib-per-capita-mapa,BLR,1991,14696.915508
pwt100-pib-per-capita-mapa,BLR,1992,12390.239755
pwt100-pib-per-capita-mapa,BLR,1993,9793.221048
pwt100-pib-per-capita-mapa,BLR,1994,8716.390585
pwt100-pib-per-capita-mapa,BLR,1995,8397.217592
pwt100-pib-per-capita-mapa,BLR,1996,8681.724704
pwt100-pib-per-capita-mapa,BLR,1997,8696.411841
pwt100-pib-per-capita-mapa,BLR,1998,8834.442155
pwt100-pib-per-capita-mapa,BLR,1999,8810.005419
pwt100-pib-per-capita-mapa,BLR,2000,9033.679949
pwt100-pib-per-capita-mapa,BLR,2001,9422.69308
pwt100-pib-per-capita-mapa,BLR,2002,9678.022062
pwt100-pib-per-capita-mapa,BLR,2003,10023.703449
pwt100-pib-per-capita-mapa,BLR,2004,10764.625225
pwt100-pib-per-capita-mapa,BLR,2005,11844.361621
pwt100-pib-per-capita-mapa,BLR,2006,13310.076977
pwt100-pib-per-capita-mapa,BLR,2007,14653.489288
pwt100-pib-per-capita-mapa,BLR,2008,16797.474811
pwt100-pib-per-capita-mapa,BLR,2009,16309.14301
pwt100-pib-per-capita-mapa,BLR,2010,17652.104121
pwt100-pib-per-capita-mapa,BLR,2011,20814.27032
pwt100-pib-per-capita-mapa,BLR,2012,20723.867057
pwt100-pib-per-capita-mapa,BLR,2013,19508.329424
pwt100-pib-per-capita-mapa,BLR,2014,20280.342111
pwt100-pib-per-capita-mapa,BLR,2015,19615.959974
pwt100-pib-per-capita-mapa,BLR,2016,18253.844325
pwt100-pib-per-capita-mapa,BLR,2017,19804.307561
pwt100-pib-per-capita-mapa,BLR,2018,20936.576347
pwt100-pib-per-capita-mapa,BLR,2019,21313.611482
pwt100-pib-per-capita-mapa,BLZ,1970,4587.462229
pwt100-pib-per-capita-mapa,BLZ,1971,4871.149143
pwt100-pib-per-capita-mapa,BLZ,1972,4398.273524
pwt100-pib-per-capita-mapa,BLZ,1973,4666.449589
pwt100-pib-per-capita-mapa,BLZ,1974,5536.024448
pwt100-pib-per-capita-mapa,BLZ,1975,5246.70084
pwt100-pib-per-capita-mapa,BLZ,1976,4429.096477
pwt100-pib-per-capita-mapa,BLZ,1977,4805.170438
pwt100-pib-per-capita-mapa,BLZ,1978,4857.307434
pwt100-pib-per-capita-mapa,BLZ,1979,5139.293193
pwt100-pib-per-capita-mapa,BLZ,1980,5853.59856
pwt100-pib-per-capita-mapa,BLZ,1981,4648.090661
pwt100-pib-per-capita-mapa,BLZ,1982,4682.337191
pwt100-pib-per-capita-mapa,BLZ,1983,4578.507855
pwt100-pib-per-capita-mapa,BLZ,1984,4539.435266
pwt100-pib-per-capita-mapa,BLZ,1985,5025.917831
pwt100-pib-per-capita-mapa,BLZ,1986,5434.72483
pwt100-pib-per-capita-mapa,BLZ,1987,5892.054999
pwt100-pib-per-capita-mapa,BLZ,1988,6101.966461
pwt100-pib-per-capita-mapa,BLZ,1989,6498.200698
pwt100-pib-per-capita-mapa,BLZ,1990,7251.771394
pwt100-pib-per-capita-mapa,BLZ,1991,6694.088435
pwt100-pib-per-capita-mapa,BLZ,1992,7024.311508
pwt100-pib-per-capita-mapa,BLZ,1993,7291.421565
pwt100-pib-per-capita-mapa,BLZ,1994,7838.74197
pwt100-pib-per-capita-mapa,BLZ,1995,8415.019381
pwt100-pib-per-capita-mapa,BLZ,1996,7120.452671
pwt100-pib-per-capita-mapa,BLZ,1997,6767.770833
pwt100-pib-per-capita-mapa,BLZ,1998,6699.499893
pwt100-pib-per-capita-mapa,BLZ,1999,6681.962841
pwt100-pib-per-capita-mapa,BLZ,2000,7059.060896
pwt100-pib-per-capita-mapa,BLZ,2001,7266.265945
pwt100-pib-per-capita-mapa,BLZ,2002,7463.307296
pwt100-pib-per-capita-mapa,BLZ,2003,7674.92131
pwt100-pib-per-capita-mapa,BLZ,2004,7744.911551
pwt100-pib-per-capita-mapa,BLZ,2005,7656.309358
pwt100-pib-per-capita-mapa,BLZ,2006,7876.245116
pwt100-pib-per-capita-mapa,BLZ,2007,7870.509168
pwt100-pib-per-capita-mapa,BLZ,2008,7632.834563
pwt100-pib-per-capita-mapa,BLZ,2009,7447.475801
pwt100-pib-per-capita-mapa,BLZ,2010,7737.112315
pwt100-pib-per-capita-mapa,BLZ,2011,7860.938224
pwt100-pib-per-capita-mapa,BLZ,2012,7946.108485
pwt100-pib-per-capita-mapa,BLZ,2013,7586.237998
pwt100-pib-per-capita-mapa,BLZ,2014,7437.047582
pwt100-pib-per-capita-mapa,BLZ,2015,7438.639143
pwt100-pib-per-capita-mapa,BLZ,2016,7282.839432
pwt100-pib-per-capita-mapa,BLZ,2017,7085.785172
pwt100-pib-per-capita-mapa,BLZ,2018,6915.311835
pwt100-pib-per-capita-mapa,BLZ,2019,6867.756531
pwt100-pib-per-capita-mapa,BMU,1970,21813.027806
pwt100-pib-per-capita-mapa,BMU,1971,22317.342657
pwt100-pib-per-capita-mapa,BMU,1972,22465.134292
pwt100-pib-per-capita-mapa,BMU,1973,22543.42242
pwt100-pib-per-capita-mapa,BMU,1974,22518.699758
pwt100-pib-per-capita-mapa,BMU,1975,23129.241613
pwt100-pib-per-capita-mapa,BMU,1976,25039.815927
pwt100-pib-per-capita-mapa,BMU,1977,25416.328461
pwt100-pib-per-capita-mapa,BMU,1978,25515.682551
pwt100-pib-per-capita-mapa,BMU,1979,26604.912698
pwt100-pib-per-capita-mapa,BMU,1980,27551.750621
pwt100-pib-per-capita-mapa,BMU,1981,27015.686825
pwt100-pib-per-capita-mapa,BMU,1982,27762.979264
pwt100-pib-per-capita-mapa,BMU,1983,28638.262164
pwt100-pib-per-capita-mapa,BMU,1984,28198.285497
pwt100-pib-per-capita-mapa,BMU,1985,29647.213233
pwt100-pib-per-capita-mapa,BMU,1986,31521.166557
pwt100-pib-per-capita-mapa,BMU,1987,32581.554178
pwt100-pib-per-capita-mapa,BMU,1988,32509.126611
pwt100-pib-per-capita-mapa,BMU,1989,32586.769881
pwt100-pib-per-capita-mapa,BMU,1990,31735.779793
pwt100-pib-per-capita-mapa,BMU,1991,31275.555642
pwt100-pib-per-capita-mapa,BMU,1992,30645.144527
pwt100-pib-per-capita-mapa,BMU,1993,31655.969871
pwt100-pib-per-capita-mapa,BMU,1994,32103.795759
pwt100-pib-per-capita-mapa,BMU,1995,33496.273078
pwt100-pib-per-capita-mapa,BMU,1996,34799.912031
pwt100-pib-per-capita-mapa,BMU,1997,36739.121722
pwt100-pib-per-capita-mapa,BMU,1998,38308.413976
pwt100-pib-per-capita-mapa,BMU,1999,40202.998968
pwt100-pib-per-capita-mapa,BMU,2000,42141.115835
pwt100-pib-per-capita-mapa,BMU,2001,46273.051294
pwt100-pib-per-capita-mapa,BMU,2002,47060.671221
pwt100-pib-per-capita-mapa,BMU,2003,49907.611379
pwt100-pib-per-capita-mapa,BMU,2004,52246.894635
pwt100-pib-per-capita-mapa,BMU,2005,54735.888166
pwt100-pib-per-capita-mapa,BMU,2006,58985.680317
pwt100-pib-per-capita-mapa,BMU,2007,67465.636235
pwt100-pib-per-capita-mapa,BMU,2008,72998.672677
pwt100-pib-per-capita-mapa,BMU,2009,73579.026767
pwt100-pib-per-capita-mapa,BMU,2010,77323.665869
pwt100-pib-per-capita-mapa,BMU,2011,75751.128394
pwt100-pib-per-capita-mapa,BMU,2012,74321.848945
pwt100-pib-per-capita-mapa,BMU,2013,73414.43507
pwt100-pib-per-capita-mapa,BMU,2014,72158.40337
pwt100-pib-per-capita-mapa,BMU,2015,74748.306548
pwt100-pib-per-capita-mapa,BMU,2016,77499.702232
pwt100-pib-per-capita-mapa,BMU,2017,79337.048677
pwt100-pib-per-capita-mapa,BMU,2018,79683.87267
pwt100-pib-per-capita-mapa,BMU,2019,79967.588736
pwt100-pib-per-capita-mapa,BOL,1950,1796.121329
pwt100-pib-per-capita-mapa,BOL,1951,2001.205645
pwt100-pib-per-capita-mapa,BOL,1952,1941.23391
pwt100-pib-per-capita-mapa,BOL,1953,1642.267202
pwt100-pib-per-capita-mapa,BOL,1954,1654.609442
pwt100-pib-per-capita-mapa,BOL,1955,1760.44259
pwt100-pib-per-capita-mapa,BOL,1956,1596.310271
pwt100-pib-per-capita-mapa,BOL,1957,1520.581028
pwt100-pib-per-capita-mapa,BOL,1958,1506.989566
pwt100-pib-per-capita-mapa,BOL,1959,1490.50088
pwt100-pib-per-capita-mapa,BOL,1960,1545.339433
pwt100-pib-per-capita-mapa,BOL,1961,1595.443348
pwt100-pib-per-capita-mapa,BOL,1962,1604.521699
pwt100-pib-per-capita-mapa,BOL,1963,1671.224684
pwt100-pib-per-capita-mapa,BOL,1964,1766.829266
pwt100-pib-per-capita-mapa,BOL,1965,1913.454395
pwt100-pib-per-capita-mapa,BOL,1966,1976.213011
pwt100-pib-per-capita-mapa,BOL,1967,2032.676942
pwt100-pib-per-capita-mapa,BOL,1968,1780.806001
pwt100-pib-per-capita-mapa,BOL,1969,1811.490515
pwt100-pib-per-capita-mapa,BOL,1970,1849.810268
pwt100-pib-per-capita-mapa,BOL,1971,1914.330761
pwt100-pib-per-capita-mapa,BOL,1972,1908.331794
pwt100-pib-per-capita-mapa,BOL,1973,1982.047917
pwt100-pib-per-capita-mapa,BOL,1974,2252.838275
pwt100-pib-per-capita-mapa,BOL,1975,2141.518604
pwt100-pib-per-capita-mapa,BOL,1976,2231.357088
pwt100-pib-per-capita-mapa,BOL,1977,2302.494689
pwt100-pib-per-capita-mapa,BOL,1978,2195.033894
pwt100-pib-per-capita-mapa,BOL,1979,2273.892771
pwt100-pib-per-capita-mapa,BOL,1980,2289.507447
pwt100-pib-per-capita-mapa,BOL,1981,2340.917314
pwt100-pib-per-capita-mapa,BOL,1982,2328.927756
pwt100-pib-per-capita-mapa,BOL,1983,2252.789993
pwt100-pib-per-capita-mapa,BOL,1984,2363.347117
pwt100-pib-per-capita-mapa,BOL,1985,2449.884438
pwt100-pib-per-capita-mapa,BOL,1986,2337.986248
pwt100-pib-per-capita-mapa,BOL,1987,2363.101632
pwt100-pib-per-capita-mapa,BOL,1988,2162.202906
pwt100-pib-per-capita-mapa,BOL,1989,2268.276131
pwt100-pib-per-capita-mapa,BOL,1990,2372.398892
pwt100-pib-per-capita-mapa,BOL,1991,2439.015282
pwt100-pib-per-capita-mapa,BOL,1992,2491.412373
pwt100-pib-per-capita-mapa,BOL,1993,2605.716895
pwt100-pib-per-capita-mapa,BOL,1994,2806.970329
pwt100-pib-per-capita-mapa,BOL,1995,3045.787971
pwt100-pib-per-capita-mapa,BOL,1996,3278.998031
pwt100-pib-per-capita-mapa,BOL,1997,3278.911543
pwt100-pib-per-capita-mapa,BOL,1998,3295.778504
pwt100-pib-per-capita-mapa,BOL,1999,3286.935736
pwt100-pib-per-capita-mapa,BOL,2000,3304.865292
pwt100-pib-per-capita-mapa,BOL,2001,3353.125353
pwt100-pib-per-capita-mapa,BOL,2002,3425.955331
pwt100-pib-per-capita-mapa,BOL,2003,3594.557425
pwt100-pib-per-capita-mapa,BOL,2004,3838.000107
pwt100-pib-per-capita-mapa,BOL,2005,3992.6543
pwt100-pib-per-capita-mapa,BOL,2006,4361.500059
pwt100-pib-per-capita-mapa,BOL,2007,4519.773214
pwt100-pib-per-capita-mapa,BOL,2008,4895.950525
pwt100-pib-per-capita-mapa,BOL,2009,4915.283799
pwt100-pib-per-capita-mapa,BOL,2010,5427.51948
pwt100-pib-per-capita-mapa,BOL,2011,5929.758193
pwt100-pib-per-capita-mapa,BOL,2012,6540.968024
pwt100-pib-per-capita-mapa,BOL,2013,7060.022048
pwt100-pib-per-capita-mapa,BOL,2014,7297.786479
pwt100-pib-per-capita-mapa,BOL,2015,7338.055286
pwt100-pib-per-capita-mapa,BOL,2016,7544.105082
pwt100-pib-per-capita-mapa,BOL,2017,8269.777628
pwt100-pib-per-capita-mapa,BOL,2018,8587.496775
pwt100-pib-per-capita-mapa,BOL,2019,8628.591425
pwt100-pib-per-capita-mapa,BRA,1950,1729.382508
pwt100-pib-per-capita-mapa,BRA,1951,1756.297851
pwt100-pib-per-capita-mapa,BRA,1952,1865.892133
pwt100-pib-per-capita-mapa,BRA,1953,1863.751779
pwt100-pib-per-capita-mapa,BRA,1954,1972.343507
pwt100-pib-per-capita-mapa,BRA,1955,2055.727646
pwt100-pib-per-capita-mapa,BRA,1956,2065.874536
pwt100-pib-per-capita-mapa,BRA,1957,2180.627298
pwt100-pib-per-capita-mapa,BRA,1958,2236.942071
pwt100-pib-per-capita-mapa,BRA,1959,2274.706037
pwt100-pib-per-capita-mapa,BRA,1960,2429.154769
pwt100-pib-per-capita-mapa,BRA,1961,2660.471111
pwt100-pib-per-capita-mapa,BRA,1962,2750.120053
pwt100-pib-per-capita-mapa,BRA,1963,2847.978324
pwt100-pib-per-capita-mapa,BRA,1964,2912.684002
pwt100-pib-per-capita-mapa,BRA,1965,3028.054779
pwt100-pib-per-capita-mapa,BRA,1966,3064.636147
pwt100-pib-per-capita-mapa,BRA,1967,3221.990123
pwt100-pib-per-capita-mapa,BRA,1968,3450.564656
pwt100-pib-per-capita-mapa,BRA,1969,3429.410709
pwt100-pib-per-capita-mapa,BRA,1970,3816.977119
pwt100-pib-per-capita-mapa,BRA,1971,4152.635469
pwt100-pib-per-capita-mapa,BRA,1972,4549.468889
pwt100-pib-per-capita-mapa,BRA,1973,5084.130474
pwt100-pib-per-capita-mapa,BRA,1974,5256.003327
pwt100-pib-per-capita-mapa,BRA,1975,5382.592352
pwt100-pib-per-capita-mapa,BRA,1976,5766.949659
pwt100-pib-per-capita-mapa,BRA,1977,5823.236311
pwt100-pib-per-capita-mapa,BRA,1978,5862.747483
pwt100-pib-per-capita-mapa,BRA,1979,6062.923706
pwt100-pib-per-capita-mapa,BRA,1980,5971.294213
pwt100-pib-per-capita-mapa,BRA,1981,5908.723844
pwt100-pib-per-capita-mapa,BRA,1982,5924.060676
pwt100-pib-per-capita-mapa,BRA,1983,5683.172745
pwt100-pib-per-capita-mapa,BRA,1984,5867.855329
pwt100-pib-per-capita-mapa,BRA,1985,6047.164117
pwt100-pib-per-capita-mapa,BRA,1986,6686.918673
pwt100-pib-per-capita-mapa,BRA,1987,6783.058652
pwt100-pib-per-capita-mapa,BRA,1988,6767.622267
pwt100-pib-per-capita-mapa,BRA,1989,6691.429722
pwt100-pib-per-capita-mapa,BRA,1990,6357.229937
pwt100-pib-per-capita-mapa,BRA,1991,6819.049625
pwt100-pib-per-capita-mapa,BRA,1992,6935.553125
pwt100-pib-per-capita-mapa,BRA,1993,7340.463136
pwt100-pib-per-capita-mapa,BRA,1994,8106.209519
pwt100-pib-per-capita-mapa,BRA,1995,9298.787755
pwt100-pib-per-capita-mapa,BRA,1996,10963.89482
pwt100-pib-per-capita-mapa,BRA,1997,10490.475724
pwt100-pib-per-capita-mapa,BRA,1998,9937.540216
pwt100-pib-per-capita-mapa,BRA,1999,9388.711786
pwt100-pib-per-capita-mapa,BRA,2000,9382.806138
pwt100-pib-per-capita-mapa,BRA,2001,9199.880377
pwt100-pib-per-capita-mapa,BRA,2002,9224.380369
pwt100-pib-per-capita-mapa,BRA,2003,9108.922051
pwt100-pib-per-capita-mapa,BRA,2004,9505.688281
pwt100-pib-per-capita-mapa,BRA,2005,9609.713449
pwt100-pib-per-capita-mapa,BRA,2006,10380.552539
pwt100-pib-per-capita-mapa,BRA,2007,11424.835317
pwt100-pib-per-capita-mapa,BRA,2008,12536.0788
pwt100-pib-per-capita-mapa,BRA,2009,12974.506457
pwt100-pib-per-capita-mapa,BRA,2010,14904.447
pwt100-pib-per-capita-mapa,BRA,2011,16448.384336
pwt100-pib-per-capita-mapa,BRA,2012,16258.064444
pwt100-pib-per-capita-mapa,BRA,2013,16388.755955
pwt100-pib-per-capita-mapa,BRA,2014,16186.321165
pwt100-pib-per-capita-mapa,BRA,2015,15077.621791
pwt100-pib-per-capita-mapa,BRA,2016,14258.352587
pwt100-pib-per-capita-mapa,BRA,2017,14293.009228
pwt100-pib-per-capita-mapa,BRA,2018,14597.562336
pwt100-pib-per-capita-mapa,BRA,2019,14637.670806
pwt100-pib-per-capita-mapa,BRB,1960,9270.018983
pwt100-pib-per-capita-mapa,BRB,1961,9612.447342
pwt100-pib-per-capita-mapa,BRB,1962,10007.940403
pwt100-pib-per-capita-mapa,BRB,1963,10530.637176
pwt100-pib-per-capita-mapa,BRB,1964,10177.194147
pwt100-pib-per-capita-mapa,BRB,1965,10209.163622
pwt100-pib-per-capita-mapa,BRB,1966,10661.199325
pwt100-pib-per-capita-mapa,BRB,1967,11926.091212
pwt100-pib-per-capita-mapa,BRB,1968,12129.567653
pwt100-pib-per-capita-mapa,BRB,1969,13669.836807
pwt100-pib-per-capita-mapa,BRB,1970,15103.690232
pwt100-pib-per-capita-mapa,BRB,1971,15706.656454
pwt100-pib-per-capita-mapa,BRB,1972,15579.005348
pwt100-pib-per-capita-mapa,BRB,1973,16193.092572
pwt100-pib-per-capita-mapa,BRB,1974,15228.051438
pwt100-pib-per-capita-mapa,BRB,1975,16665.552786
pwt100-pib-per-capita-mapa,BRB,1976,13002.370985
pwt100-pib-per-capita-mapa,BRB,1977,13146.813336
pwt100-pib-per-capita-mapa,BRB,1978,12860.331825
pwt100-pib-per-capita-mapa,BRB,1979,13489.557509
pwt100-pib-per-capita-mapa,BRB,1980,13870.50321
pwt100-pib-per-capita-mapa,BRB,1981,13468.494519
pwt100-pib-per-capita-mapa,BRB,1982,12875.947083
pwt100-pib-per-capita-mapa,BRB,1983,12970.252896
pwt100-pib-per-capita-mapa,BRB,1984,13487.207921
pwt100-pib-per-capita-mapa,BRB,1985,13492.748226
pwt100-pib-per-capita-mapa,BRB,1986,14526.079943
pwt100-pib-per-capita-mapa,BRB,1987,14949.813531
pwt100-pib-per-capita-mapa,BRB,1988,15621.06795
pwt100-pib-per-capita-mapa,BRB,1989,16670.8498
pwt100-pib-per-capita-mapa,BRB,1990,15712.096309
pwt100-pib-per-capita-mapa,BRB,1991,16367.143501
pwt100-pib-per-capita-mapa,BRB,1992,13164.533236
pwt100-pib-per-capita-mapa,BRB,1993,13976.102897
pwt100-pib-per-capita-mapa,BRB,1994,20420.564713
pwt100-pib-per-capita-mapa,BRB,1995,21733.440573
pwt100-pib-per-capita-mapa,BRB,1996,23277.903382
pwt100-pib-per-capita-mapa,BRB,1997,22266.096191
pwt100-pib-per-capita-mapa,BRB,1998,24051.82183
pwt100-pib-per-capita-mapa,BRB,1999,23978.875433
pwt100-pib-per-capita-mapa,BRB,2000,23796.017111
pwt100-pib-per-capita-mapa,BRB,2001,23145.839306
pwt100-pib-per-capita-mapa,BRB,2002,23355.115877
pwt100-pib-per-capita-mapa,BRB,2003,22228.630614
pwt100-pib-per-capita-mapa,BRB,2004,22986.775844
pwt100-pib-per-capita-mapa,BRB,2005,23708.16165
pwt100-pib-per-capita-mapa,BRB,2006,23431.694691
pwt100-pib-per-capita-mapa,BRB,2007,23730.840173
pwt100-pib-per-capita-mapa,BRB,2008,21985.092382
pwt100-pib-per-capita-mapa,BRB,2009,20189.83146
pwt100-pib-per-capita-mapa,BRB,2010,19011.366354
pwt100-pib-per-capita-mapa,BRB,2011,18525.570452
pwt100-pib-per-capita-mapa,BRB,2012,17695.098669
pwt100-pib-per-capita-mapa,BRB,2013,17353.897187
pwt100-pib-per-capita-mapa,BRB,2014,16865.836031
pwt100-pib-per-capita-mapa,BRB,2015,17019.985873
pwt100-pib-per-capita-mapa,BRB,2016,17252.829119
pwt100-pib-per-capita-mapa,BRB,2017,16684.243736
pwt100-pib-per-capita-mapa,BRB,2018,17221.134461
pwt100-pib-per-capita-mapa,BRB,2019,16891.863799
pwt100-pib-per-capita-mapa,BRN,1970,100096.740221
pwt100-pib-per-capita-mapa,BRN,1971,105492.165157
pwt100-pib-per-capita-mapa,BRN,1972,110698.319131
pwt100-pib-per-capita-mapa,BRN,1973,115015.629524
pwt100-pib-per-capita-mapa,BRN,1974,125319.231752
pwt100-pib-per-capita-mapa,BRN,1975,119569.90502
pwt100-pib-per-capita-mapa,BRN,1976,135529.102109
pwt100-pib-per-capita-mapa,BRN,1977,141321.763711
pwt100-pib-per-capita-mapa,BRN,1978,140640.585766
pwt100-pib-per-capita-mapa,BRN,1979,166858.91767
pwt100-pib-per-capita-mapa,BRN,1980,177110.647137
pwt100-pib-per-capita-mapa,BRN,1981,160666.020693
pwt100-pib-per-capita-mapa,BRN,1982,119947.504049
pwt100-pib-per-capita-mapa,BRN,1983,109889.279816
pwt100-pib-per-capita-mapa,BRN,1984,107271.023118
pwt100-pib-per-capita-mapa,BRN,1985,95460.473482
pwt100-pib-per-capita-mapa,BRN,1986,58522.193637
pwt100-pib-per-capita-mapa,BRN,1987,62905.332447
pwt100-pib-per-capita-mapa,BRN,1988,52692.000713
pwt100-pib-per-capita-mapa,BRN,1989,57002.07173
pwt100-pib-per-capita-mapa,BRN,1990,59171.362292
pwt100-pib-per-capita-mapa,BRN,1991,56173.763488
pwt100-pib-per-capita-mapa,BRN,1992,56754.574881
pwt100-pib-per-capita-mapa,BRN,1993,52052.797951
pwt100-pib-per-capita-mapa,BRN,1994,47797.642285
pwt100-pib-per-capita-mapa,BRN,1995,43437.655401
pwt100-pib-per-capita-mapa,BRN,1996,56894.916846
pwt100-pib-per-capita-mapa,BRN,1997,47905.36519
pwt100-pib-per-capita-mapa,BRN,1998,41314.820122
pwt100-pib-per-capita-mapa,BRN,1999,47496.142966
pwt100-pib-per-capita-mapa,BRN,2000,56975.657473
pwt100-pib-per-capita-mapa,BRN,2001,54317.678297
pwt100-pib-per-capita-mapa,BRN,2002,54331.086875
pwt100-pib-per-capita-mapa,BRN,2003,59221.537612
pwt100-pib-per-capita-mapa,BRN,2004,66801.224298
pwt100-pib-per-capita-mapa,BRN,2005,78707.983585
pwt100-pib-per-capita-mapa,BRN,2006,88057.472197
pwt100-pib-per-capita-mapa,BRN,2007,83889.048395
pwt100-pib-per-capita-mapa,BRN,2008,96691.35464
pwt100-pib-per-capita-mapa,BRN,2009,73479.372229
pwt100-pib-per-capita-mapa,BRN,2010,77629.590135
pwt100-pib-per-capita-mapa,BRN,2011,93789.6491
pwt100-pib-per-capita-mapa,BRN,2012,98537.314782
pwt100-pib-per-capita-mapa,BRN,2013,91199.198592
pwt100-pib-per-capita-mapa,BRN,2014,87667.457153
pwt100-pib-per-capita-mapa,BRN,2015,67147.940118
pwt100-pib-per-capita-mapa,BRN,2016,59294.990732
pwt100-pib-per-capita-mapa,BRN,2017,63592.066479
pwt100-pib-per-capita-mapa,BRN,2018,67761.084399
pwt100-pib-per-capita-mapa,BRN,2019,67555.392597
pwt100-pib-per-capita-mapa,BTN,1970,1645.964503
pwt100-pib-per-capita-mapa,BTN,1971,1635.713853
pwt100-pib-per-capita-mapa,BTN,1972,1602.432344
pwt100-pib-per-capita-mapa,BTN,1973,1576.942572
pwt100-pib-per-capita-mapa,BTN,1974,1601.225318
pwt100-pib-per-capita-mapa,BTN,1975,1496.621288
pwt100-pib-per-capita-mapa,BTN,1976,1584.24326
pwt100-pib-per-capita-mapa,BTN,1977,1650.734375
pwt100-pib-per-capita-mapa,BTN,1978,1716.734502
pwt100-pib-per-capita-mapa,BTN,1979,1759.352607
pwt100-pib-per-capita-mapa,BTN,1980,1757.416475
pwt100-pib-per-capita-mapa,BTN,1981,1931.521225
pwt100-pib-per-capita-mapa,BTN,1982,1974.103834
pwt100-pib-per-capita-mapa,BTN,1983,2175.130871
pwt100-pib-per-capita-mapa,BTN,1984,2175.964913
pwt100-pib-per-capita-mapa,BTN,1985,2201.524201
pwt100-pib-per-capita-mapa,BTN,1986,2296.498692
pwt100-pib-per-capita-mapa,BTN,1987,2541.951666
pwt100-pib-per-capita-mapa,BTN,1988,2467.388535
pwt100-pib-per-capita-mapa,BTN,1989,2637.021156
pwt100-pib-per-capita-mapa,BTN,1990,2784.753323
pwt100-pib-per-capita-mapa,BTN,1991,2748.482844
pwt100-pib-per-capita-mapa,BTN,1992,2778.678825
pwt100-pib-per-capita-mapa,BTN,1993,2964.256165
pwt100-pib-per-capita-mapa,BTN,1994,3029.672577
pwt100-pib-per-capita-mapa,BTN,1995,3352.203946
pwt100-pib-per-capita-mapa,BTN,1996,3547.482113
pwt100-pib-per-capita-mapa,BTN,1997,3753.708629
pwt100-pib-per-capita-mapa,BTN,1998,3803.215343
pwt100-pib-per-capita-mapa,BTN,1999,4039.963951
pwt100-pib-per-capita-mapa,BTN,2000,4442.059321
pwt100-pib-per-capita-mapa,BTN,2001,4625.718234
pwt100-pib-per-capita-mapa,BTN,2002,5119.379835
pwt100-pib-per-capita-mapa,BTN,2003,5315.214762
pwt100-pib-per-capita-mapa,BTN,2004,5524.607513
pwt100-pib-per-capita-mapa,BTN,2005,5806.372536
pwt100-pib-per-capita-mapa,BTN,2006,6261.116511
pwt100-pib-per-capita-mapa,BTN,2007,7211.761661
pwt100-pib-per-capita-mapa,BTN,2008,6999.368963
pwt100-pib-per-capita-mapa,BTN,2009,7401.612627
pwt100-pib-per-capita-mapa,BTN,2010,7860.08994
pwt100-pib-per-capita-mapa,BTN,2011,7946.253389
pwt100-pib-per-capita-mapa,BTN,2012,8363.711801
pwt100-pib-per-capita-mapa,BTN,2013,8363.098834
pwt100-pib-per-capita-mapa,BTN,2014,8571.508759
pwt100-pib-per-capita-mapa,BTN,2015,9246.140751
pwt100-pib-per-capita-mapa,BTN,2016,9959.486524
pwt100-pib-per-capita-mapa,BTN,2017,10558.306037
pwt100-pib-per-capita-mapa,BTN,2018,10774.359947
pwt100-pib-per-capita-mapa,BTN,2019,11176.518577
pwt100-pib-per-capita-mapa,BWA,1960,519.469843
pwt100-pib-per-capita-mapa,BWA,1961,546.602609
pwt100-pib-per-capita-mapa,BWA,1962,578.985449
pwt100-pib-per-capita-mapa,BWA,1963,600.909627
pwt100-pib-per-capita-mapa,BWA,1964,635.205519
pwt100-pib-per-capita-mapa,BWA,1965,593.736328
pwt100-pib-per-capita-mapa,BWA,1966,618.129709
pwt100-pib-per-capita-mapa,BWA,1967,700.327619
pwt100-pib-per-capita-mapa,BWA,1968,810.568906
pwt100-pib-per-capita-mapa,BWA,1969,801.391691
pwt100-pib-per-capita-mapa,BWA,1970,960.021658
pwt100-pib-per-capita-mapa,BWA,1971,1164.522852
pwt100-pib-per-capita-mapa,BWA,1972,1403.400163
pwt100-pib-per-capita-mapa,BWA,1973,1660.669152
pwt100-pib-per-capita-mapa,BWA,1974,1760.277128
pwt100-pib-per-capita-mapa,BWA,1975,1855.061056
pwt100-pib-per-capita-mapa,BWA,1976,1993.748096
pwt100-pib-per-capita-mapa,BWA,1977,2095.64154
pwt100-pib-per-capita-mapa,BWA,1978,2132.372967
pwt100-pib-per-capita-mapa,BWA,1979,2362.371517
pwt100-pib-per-capita-mapa,BWA,1980,2730.839716
pwt100-pib-per-capita-mapa,BWA,1981,2904.209346
pwt100-pib-per-capita-mapa,BWA,1982,2823.478373
pwt100-pib-per-capita-mapa,BWA,1983,2981.579974
pwt100-pib-per-capita-mapa,BWA,1984,3380.239633
pwt100-pib-per-capita-mapa,BWA,1985,4007.044158
pwt100-pib-per-capita-mapa,BWA,1986,4805.76427
pwt100-pib-per-capita-mapa,BWA,1987,5188.044829
pwt100-pib-per-capita-mapa,BWA,1988,5853.457362
pwt100-pib-per-capita-mapa,BWA,1989,7265.439054
pwt100-pib-per-capita-mapa,BWA,1990,7378.950013
pwt100-pib-per-capita-mapa,BWA,1991,7530.599658
pwt100-pib-per-capita-mapa,BWA,1992,7403.935609
pwt100-pib-per-capita-mapa,BWA,1993,7510.564891
pwt100-pib-per-capita-mapa,BWA,1994,7747.008312
pwt100-pib-per-capita-mapa,BWA,1995,8287.876066
pwt100-pib-per-capita-mapa,BWA,1996,9709.14295
pwt100-pib-per-capita-mapa,BWA,1997,10271.954676
pwt100-pib-per-capita-mapa,BWA,1998,9883.370938
pwt100-pib-per-capita-mapa,BWA,1999,11268.275536
pwt100-pib-per-capita-mapa,BWA,2000,11829.349521
pwt100-pib-per-capita-mapa,BWA,2001,11478.056575
pwt100-pib-per-capita-mapa,BWA,2002,11754.917326
pwt100-pib-per-capita-mapa,BWA,2003,11977.243194
pwt100-pib-per-capita-mapa,BWA,2004,12664.748304
pwt100-pib-per-capita-mapa,BWA,2005,14253.337117
pwt100-pib-per-capita-mapa,BWA,2006,14968.732008
pwt100-pib-per-capita-mapa,BWA,2007,15114.389581
pwt100-pib-per-capita-mapa,BWA,2008,14392.293879
pwt100-pib-per-capita-mapa,BWA,2009,13105.354192
pwt100-pib-per-capita-mapa,BWA,2010,14641.502651
pwt100-pib-per-capita-mapa,BWA,2011,15904.087909
pwt100-pib-per-capita-mapa,BWA,2012,14587.234879
pwt100-pib-per-capita-mapa,BWA,2013,15429.360614
pwt100-pib-per-capita-mapa,BWA,2014,16831.539444
pwt100-pib-per-capita-mapa,BWA,2015,15754.617927
pwt100-pib-per-capita-mapa,BWA,2016,17134.52729
pwt100-pib-per-capita-mapa,BWA,2017,16759.394075
pwt100-pib-per-capita-mapa,BWA,2018,16921.601924
pwt100-pib-per-capita-mapa,BWA,2019,17066.453401
pwt100-pib-per-capita-mapa,CAF,1960,1481.193938
pwt100-pib-per-capita-mapa,CAF,1961,1575.753167
pwt100-pib-per-capita-mapa,CAF,1962,1559.758872
pwt100-pib-per-capita-mapa,CAF,1963,1438.395611
pwt100-pib-per-capita-mapa,CAF,1964,1481.680642
pwt100-pib-per-capita-mapa,CAF,1965,1453.262237
pwt100-pib-per-capita-mapa,CAF,1966,1404.094034
pwt100-pib-per-capita-mapa,CAF,1967,1272.770276
pwt100-pib-per-capita-mapa,CAF,1968,1529.455919
pwt100-pib-per-capita-mapa,CAF,1969,1501.055209
pwt100-pib-per-capita-mapa,CAF,1970,1534.021313
pwt100-pib-per-capita-mapa,CAF,1971,1460.578195
pwt100-pib-per-capita-mapa,CAF,1972,1403.04831
pwt100-pib-per-capita-mapa,CAF,1973,1481.284901
pwt100-pib-per-capita-mapa,CAF,1974,1341.844013
pwt100-pib-per-capita-mapa,CAF,1975,1276.046339
pwt100-pib-per-capita-mapa,CAF,1976,1272.131226
pwt100-pib-per-capita-mapa,CAF,1977,1315.074883
pwt100-pib-per-capita-mapa,CAF,1978,1318.451153
pwt100-pib-per-capita-mapa,CAF,1979,1261.285668
pwt100-pib-per-capita-mapa,CAF,1980,1134.064549
pwt100-pib-per-capita-mapa,CAF,1981,1302.625211
pwt100-pib-per-capita-mapa,CAF,1982,1255.06946
pwt100-pib-per-capita-mapa,CAF,1983,1164.603791
pwt100-pib-per-capita-mapa,CAF,1984,1224.174352
pwt100-pib-per-capita-mapa,CAF,1985,1325.214968
pwt100-pib-per-capita-mapa,CAF,1986,1267.110558
pwt100-pib-per-capita-mapa,CAF,1987,1153.259974
pwt100-pib-per-capita-mapa,CAF,1988,1191.375325
pwt100-pib-per-capita-mapa,CAF,1989,1230.454936
pwt100-pib-per-capita-mapa,CAF,1990,1194.410071
pwt100-pib-per-capita-mapa,CAF,1991,1147.420286
pwt100-pib-per-capita-mapa,CAF,1992,1070.77726
pwt100-pib-per-capita-mapa,CAF,1993,1017.939988
pwt100-pib-per-capita-mapa,CAF,1994,1166.995715
pwt100-pib-per-capita-mapa,CAF,1995,1152.925165
pwt100-pib-per-capita-mapa,CAF,1996,988.186849
pwt100-pib-per-capita-mapa,CAF,1997,1031.609351
pwt100-pib-per-capita-mapa,CAF,1998,1058.626112
pwt100-pib-per-capita-mapa,CAF,1999,1034.167041
pwt100-pib-per-capita-mapa,CAF,2000,1040.435341
pwt100-pib-per-capita-mapa,CAF,2001,1033.500056
pwt100-pib-per-capita-mapa,CAF,2002,1007.590496
pwt100-pib-per-capita-mapa,CAF,2003,933.959023
pwt100-pib-per-capita-mapa,CAF,2004,940.74372
pwt100-pib-per-capita-mapa,CAF,2005,932.918421
pwt100-pib-per-capita-mapa,CAF,2006,969.07282
pwt100-pib-per-capita-mapa,CAF,2007,1000.757837
pwt100-pib-per-capita-mapa,CAF,2008,1008.144495
pwt100-pib-per-capita-mapa,CAF,2009,1063.220665
pwt100-pib-per-capita-mapa,CAF,2010,1098.29722
pwt100-pib-per-capita-mapa,CAF,2011,1116.233792
pwt100-pib-per-capita-mapa,CAF,2012,1227.750511
pwt100-pib-per-capita-mapa,CAF,2013,803.460885
pwt100-pib-per-capita-mapa,CAF,2014,770.418216
pwt100-pib-per-capita-mapa,CAF,2015,826.871544
pwt100-pib-per-capita-mapa,CAF,2016,873.545567
pwt100-pib-per-capita-mapa,CAF,2017,913.529382
pwt100-pib-per-capita-mapa,CAF,2018,926.297983
pwt100-pib-per-capita-mapa,CAF,2019,955.191639
pwt100-pib-per-capita-mapa,CAN,1950,12401.125854
pwt100-pib-per-capita-mapa,CAN,1951,12578.363474
pwt100-pib-per-capita-mapa,CAN,1952,13331.86263
pwt100-pib-per-capita-mapa,CAN,1953,13635.90335
pwt100-pib-per-capita-mapa,CAN,1954,13150.703204
pwt100-pib-per-capita-mapa,CAN,1955,14038.693556
pwt100-pib-per-capita-mapa,CAN,1956,14880.848097
pwt100-pib-per-capita-mapa,CAN,1957,14647.40756
pwt100-pib-per-capita-mapa,CAN,1958,14524.210899
pwt100-pib-per-capita-mapa,CAN,1959,14842.411201
pwt100-pib-per-capita-mapa,CAN,1960,14980.657991
pwt100-pib-per-capita-mapa,CAN,1961,15212.399258
pwt100-pib-per-capita-mapa,CAN,1962,15865.701722
pwt100-pib-per-capita-mapa,CAN,1963,16342.58117
pwt100-pib-per-capita-mapa,CAN,1964,17156.526784
pwt100-pib-per-capita-mapa,CAN,1965,17990.958515
pwt100-pib-per-capita-mapa,CAN,1966,18823.274925
pwt100-pib-per-capita-mapa,CAN,1967,19024.648323
pwt100-pib-per-capita-mapa,CAN,1968,19595.312439
pwt100-pib-per-capita-mapa,CAN,1969,20301.879816
pwt100-pib-per-capita-mapa,CAN,1970,20486.735172
pwt100-pib-per-capita-mapa,CAN,1971,21133.942003
pwt100-pib-per-capita-mapa,CAN,1972,22065.192919
pwt100-pib-per-capita-mapa,CAN,1973,23611.059435
pwt100-pib-per-capita-mapa,CAN,1974,24593.096502
pwt100-pib-per-capita-mapa,CAN,1975,24508.174914
pwt100-pib-per-capita-mapa,CAN,1976,25707.662405
pwt100-pib-per-capita-mapa,CAN,1977,25962.509626
pwt100-pib-per-capita-mapa,CAN,1978,26413.832006
pwt100-pib-per-capita-mapa,CAN,1979,27515.162374
pwt100-pib-per-capita-mapa,CAN,1980,27693.534507
pwt100-pib-per-capita-mapa,CAN,1981,28127.084797
pwt100-pib-per-capita-mapa,CAN,1982,26698.264852
pwt100-pib-per-capita-mapa,CAN,1983,27422.340446
pwt100-pib-per-capita-mapa,CAN,1984,28935.421262
pwt100-pib-per-capita-mapa,CAN,1985,30183.617591
pwt100-pib-per-capita-mapa,CAN,1986,30354.482587
pwt100-pib-per-capita-mapa,CAN,1987,31674.013605
pwt100-pib-per-capita-mapa,CAN,1988,33086.967064
pwt100-pib-per-capita-mapa,CAN,1989,33782.073619
pwt100-pib-per-capita-mapa,CAN,1990,33249.122437
pwt100-pib-per-capita-mapa,CAN,1991,32027.413056
pwt100-pib-per-capita-mapa,CAN,1992,31927.462148
pwt100-pib-per-capita-mapa,CAN,1993,32511.921077
pwt100-pib-per-capita-mapa,CAN,1994,33925.425719
pwt100-pib-per-capita-mapa,CAN,1995,35085.112795
pwt100-pib-per-capita-mapa,CAN,1996,35769.495411
pwt100-pib-per-capita-mapa,CAN,1997,37213.054254
pwt100-pib-per-capita-mapa,CAN,1998,37866.14352
pwt100-pib-per-capita-mapa,CAN,1999,39894.184526
pwt100-pib-per-capita-mapa,CAN,2000,41743.805156
pwt100-pib-per-capita-mapa,CAN,2001,41205.108226
pwt100-pib-per-capita-mapa,CAN,2002,41020.34164
pwt100-pib-per-capita-mapa,CAN,2003,41940.786549
pwt100-pib-per-capita-mapa,CAN,2004,43287.949576
pwt100-pib-per-capita-mapa,CAN,2005,44671.070813
pwt100-pib-per-capita-mapa,CAN,2006,44857.357259
pwt100-pib-per-capita-mapa,CAN,2007,45056.718037
pwt100-pib-per-capita-mapa,CAN,2008,45013.623191
pwt100-pib-per-capita-mapa,CAN,2009,41741.169118
pwt100-pib-per-capita-mapa,CAN,2010,43429.496171
pwt100-pib-per-capita-mapa,CAN,2011,44946.187022
pwt100-pib-per-capita-mapa,CAN,2012,45121.653867
pwt100-pib-per-capita-mapa,CAN,2013,46667.823107
pwt100-pib-per-capita-mapa,CAN,2014,47249.174995
pwt100-pib-per-capita-mapa,CAN,2015,46068.411918
pwt100-pib-per-capita-mapa,CAN,2016,46272.052641
pwt100-pib-per-capita-mapa,CAN,2017,48221.391946
pwt100-pib-per-capita-mapa,CAN,2018,48971.333768
pwt100-pib-per-capita-mapa,CAN,2019,49359.247417
pwt100-pib-per-capita-mapa,CHE,1950,15781.567101
pwt100-pib-per-capita-mapa,CHE,1951,16633.142746
pwt100-pib-per-capita-mapa,CHE,1952,16641.673912
pwt100-pib-per-capita-mapa,CHE,1953,17288.920061
pwt100-pib-per-capita-mapa,CHE,1954,18232.184527
pwt100-pib-per-capita-mapa,CHE,1955,19302.313825
pwt100-pib-per-capita-mapa,CHE,1956,20238.830886
pwt100-pib-per-capita-mapa,CHE,1957,20570.221906
pwt100-pib-per-capita-mapa,CHE,1958,19850.846586
pwt100-pib-per-capita-mapa,CHE,1959,21119.993353
pwt100-pib-per-capita-mapa,CHE,1960,22529.517768
pwt100-pib-per-capita-mapa,CHE,1961,23763.679676
pwt100-pib-per-capita-mapa,CHE,1962,24324.099307
pwt100-pib-per-capita-mapa,CHE,1963,24972.619903
pwt100-pib-per-capita-mapa,CHE,1964,26086.784106
pwt100-pib-per-capita-mapa,CHE,1965,26638.505472
pwt100-pib-per-capita-mapa,CHE,1966,27151.865703
pwt100-pib-per-capita-mapa,CHE,1967,27896.418652
pwt100-pib-per-capita-mapa,CHE,1968,28727.27021
pwt100-pib-per-capita-mapa,CHE,1969,29828.358726
pwt100-pib-per-capita-mapa,CHE,1970,31223.222714
pwt100-pib-per-capita-mapa,CHE,1971,32507.509231
pwt100-pib-per-capita-mapa,CHE,1972,33530.655003
pwt100-pib-per-capita-mapa,CHE,1973,34199.510257
pwt100-pib-per-capita-mapa,CHE,1974,34111.064585
pwt100-pib-per-capita-mapa,CHE,1975,31347.149786
pwt100-pib-per-capita-mapa,CHE,1976,31323.153709
pwt100-pib-per-capita-mapa,CHE,1977,31807.323629
pwt100-pib-per-capita-mapa,CHE,1978,33030.915247
pwt100-pib-per-capita-mapa,CHE,1979,33892.97205
pwt100-pib-per-capita-mapa,CHE,1980,34994.841225
pwt100-pib-per-capita-mapa,CHE,1981,34982.384439
pwt100-pib-per-capita-mapa,CHE,1982,35128.540963
pwt100-pib-per-capita-mapa,CHE,1983,35299.716581
pwt100-pib-per-capita-mapa,CHE,1984,35723.779102
pwt100-pib-per-capita-mapa,CHE,1985,36198.416181
pwt100-pib-per-capita-mapa,CHE,1986,38019.856365
pwt100-pib-per-capita-mapa,CHE,1987,38526.003261
pwt100-pib-per-capita-mapa,CHE,1988,39224.828168
pwt100-pib-per-capita-mapa,CHE,1989,40950.1864
pwt100-pib-per-capita-mapa,CHE,1990,42637.546506
pwt100-pib-per-capita-mapa,CHE,1991,41762.994231
pwt100-pib-per-capita-mapa,CHE,1992,41131.922222
pwt100-pib-per-capita-mapa,CHE,1993,41113.589036
pwt100-pib-per-capita-mapa,CHE,1994,41837.225252
pwt100-pib-per-capita-mapa,CHE,1995,42152.81553
pwt100-pib-per-capita-mapa,CHE,1996,42723.558202
pwt100-pib-per-capita-mapa,CHE,1997,44744.825393
pwt100-pib-per-capita-mapa,CHE,1998,46771.147224
pwt100-pib-per-capita-mapa,CHE,1999,47646.20447
pwt100-pib-per-capita-mapa,CHE,2000,48391.355933
pwt100-pib-per-capita-mapa,CHE,2001,48057.542419
pwt100-pib-per-capita-mapa,CHE,2002,47172.406995
pwt100-pib-per-capita-mapa,CHE,2003,46755.881383
pwt100-pib-per-capita-mapa,CHE,2004,47597.30671
pwt100-pib-per-capita-mapa,CHE,2005,49858.715345
pwt100-pib-per-capita-mapa,CHE,2006,53960.43478
pwt100-pib-per-capita-mapa,CHE,2007,58851.457387
pwt100-pib-per-capita-mapa,CHE,2008,60662.782354
pwt100-pib-per-capita-mapa,CHE,2009,59662.382268
pwt100-pib-per-capita-mapa,CHE,2010,60617.81048
pwt100-pib-per-capita-mapa,CHE,2011,64222.257339
pwt100-pib-per-capita-mapa,CHE,2012,65547.408957
pwt100-pib-per-capita-mapa,CHE,2013,64695.070946
pwt100-pib-per-capita-mapa,CHE,2014,65494.317452
pwt100-pib-per-capita-mapa,CHE,2015,67584.731718
pwt100-pib-per-capita-mapa,CHE,2016,68207.731055
pwt100-pib-per-capita-mapa,CHE,2017,70058.802214
pwt100-pib-per-capita-mapa,CHE,2018,71616.304098
pwt100-pib-per-capita-mapa,CHE,2019,71831.637057
pwt100-pib-per-capita-mapa,CHL,1951,4803.166507
pwt100-pib-per-capita-mapa,CHL,1952,5142.813506
pwt100-pib-per-capita-mapa,CHL,1953,5111.934523
pwt100-pib-per-capita-mapa,CHL,1954,5345.906901
pwt100-pib-per-capita-mapa,CHL,1955,5207.78812
pwt100-pib-per-capita-mapa,CHL,1956,5071.589707
pwt100-pib-per-capita-mapa,CHL,1957,5331.737076
pwt100-pib-per-capita-mapa,CHL,1958,5365.506097
pwt100-pib-per-capita-mapa,CHL,1959,5305.820162
pwt100-pib-per-capita-mapa,CHL,1960,5466.905227
pwt100-pib-per-capita-mapa,CHL,1961,5181.702597
pwt100-pib-per-capita-mapa,CHL,1962,6272.529843
pwt100-pib-per-capita-mapa,CHL,1963,6489.135027
pwt100-pib-per-capita-mapa,CHL,1964,6496.159825
pwt100-pib-per-capita-mapa,CHL,1965,6400.805742
pwt100-pib-per-capita-mapa,CHL,1966,6927.012135
pwt100-pib-per-capita-mapa,CHL,1967,7129.939629
pwt100-pib-per-capita-mapa,CHL,1968,7332.939419
pwt100-pib-per-capita-mapa,CHL,1969,7718.59039
pwt100-pib-per-capita-mapa,CHL,1970,7588.203746
pwt100-pib-per-capita-mapa,CHL,1971,8257.771296
pwt100-pib-per-capita-mapa,CHL,1972,8055.545098
pwt100-pib-per-capita-mapa,CHL,1973,7694.039645
pwt100-pib-per-capita-mapa,CHL,1974,7403.327276
pwt100-pib-per-capita-mapa,CHL,1975,5847.056766
pwt100-pib-per-capita-mapa,CHL,1976,6147.924757
pwt100-pib-per-capita-mapa,CHL,1977,6425.202809
pwt100-pib-per-capita-mapa,CHL,1978,6779.98242
pwt100-pib-per-capita-mapa,CHL,1979,7355.446055
pwt100-pib-per-capita-mapa,CHL,1980,7636.246915
pwt100-pib-per-capita-mapa,CHL,1981,7843.775595
pwt100-pib-per-capita-mapa,CHL,1982,6684.139338
pwt100-pib-per-capita-mapa,CHL,1983,6464.379315
pwt100-pib-per-capita-mapa,CHL,1984,6492.123991
pwt100-pib-per-capita-mapa,CHL,1985,6487.354184
pwt100-pib-per-capita-mapa,CHL,1986,6694.830215
pwt100-pib-per-capita-mapa,CHL,1987,7035.907002
pwt100-pib-per-capita-mapa,CHL,1988,7724.044899
pwt100-pib-per-capita-mapa,CHL,1989,8250.253991
pwt100-pib-per-capita-mapa,CHL,1990,8216.224978
pwt100-pib-per-capita-mapa,CHL,1991,8719.356736
pwt100-pib-per-capita-mapa,CHL,1992,9448.990362
pwt100-pib-per-capita-mapa,CHL,1993,9834.773501
pwt100-pib-per-capita-mapa,CHL,1994,10635.428329
pwt100-pib-per-capita-mapa,CHL,1995,12058.760708
pwt100-pib-per-capita-mapa,CHL,1996,12346.236847
pwt100-pib-per-capita-mapa,CHL,1997,12483.984243
pwt100-pib-per-capita-mapa,CHL,1998,12219.85768
pwt100-pib-per-capita-mapa,CHL,1999,11732.673879
pwt100-pib-per-capita-mapa,CHL,2000,11909.364351
pwt100-pib-per-capita-mapa,CHL,2001,11736.79198
pwt100-pib-per-capita-mapa,CHL,2002,11743.716324
pwt100-pib-per-capita-mapa,CHL,2003,12122.871649
pwt100-pib-per-capita-mapa,CHL,2004,13493.809558
pwt100-pib-per-capita-mapa,CHL,2005,14534.084302
pwt100-pib-per-capita-mapa,CHL,2006,16976.263848
pwt100-pib-per-capita-mapa,CHL,2007,18288.412886
pwt100-pib-per-capita-mapa,CHL,2008,17740.359288
pwt100-pib-per-capita-mapa,CHL,2009,18043.100807
pwt100-pib-per-capita-mapa,CHL,2010,20676.269562
pwt100-pib-per-capita-mapa,CHL,2011,22450.788797
pwt100-pib-per-capita-mapa,CHL,2012,22912.714758
pwt100-pib-per-capita-mapa,CHL,2013,23717.219089
pwt100-pib-per-capita-mapa,CHL,2014,23658.238498
pwt100-pib-per-capita-mapa,CHL,2015,23392.813239
pwt100-pib-per-capita-mapa,CHL,2016,22928.541702
pwt100-pib-per-capita-mapa,CHL,2017,23216.105272
pwt100-pib-per-capita-mapa,CHL,2018,23677.176392
pwt100-pib-per-capita-mapa,CHL,2019,23595.701159
pwt100-pib-per-capita-mapa,CHN,1952,957.43321
pwt100-pib-per-capita-mapa,CHN,1953,1062.740674
pwt100-pib-per-capita-mapa,CHN,1954,975.037985
pwt100-pib-per-capita-mapa,CHN,1955,1048.989119
pwt100-pib-per-capita-mapa,CHN,1956,1111.065582
pwt100-pib-per-capita-mapa,CHN,1957,1125.003584
pwt100-pib-per-capita-mapa,CHN,1958,1122.595805
pwt100-pib-per-capita-mapa,CHN,1959,1058.81087
pwt100-pib-per-capita-mapa,CHN,1960,996.100554
pwt100-pib-per-capita-mapa,CHN,1961,857.225202
pwt100-pib-per-capita-mapa,CHN,1962,921.03775
pwt100-pib-per-capita-mapa,CHN,1963,1003.05504
pwt100-pib-per-capita-mapa,CHN,1964,1095.963175
pwt100-pib-per-capita-mapa,CHN,1965,1175.85806
pwt100-pib-per-capita-mapa,CHN,1966,1176.072473
pwt100-pib-per-capita-mapa,CHN,1967,1179.530748
pwt100-pib-per-capita-mapa,CHN,1968,1115.338634
pwt100-pib-per-capita-mapa,CHN,1969,1192.703408
pwt100-pib-per-capita-mapa,CHN,1970,1300.153078
pwt100-pib-per-capita-mapa,CHN,1971,1396.312892
pwt100-pib-per-capita-mapa,CHN,1972,1324.149897
pwt100-pib-per-capita-mapa,CHN,1973,1408.476086
pwt100-pib-per-capita-mapa,CHN,1974,1395.382865
pwt100-pib-per-capita-mapa,CHN,1975,1435.027887
pwt100-pib-per-capita-mapa,CHN,1976,1358.340609
pwt100-pib-per-capita-mapa,CHN,1977,1433.056042
pwt100-pib-per-capita-mapa,CHN,1978,1621.846507
pwt100-pib-per-capita-mapa,CHN,1979,1678.175981
pwt100-pib-per-capita-mapa,CHN,1980,1680.461669
pwt100-pib-per-capita-mapa,CHN,1981,1675.56734
pwt100-pib-per-capita-mapa,CHN,1982,1785.614873
pwt100-pib-per-capita-mapa,CHN,1983,1884.451799
pwt100-pib-per-capita-mapa,CHN,1984,2096.269369
pwt100-pib-per-capita-mapa,CHN,1985,2282.731997
pwt100-pib-per-capita-mapa,CHN,1986,2333.204183
pwt100-pib-per-capita-mapa,CHN,1987,2450.472929
pwt100-pib-per-capita-mapa,CHN,1988,2537.072193
pwt100-pib-per-capita-mapa,CHN,1989,2495.775706
pwt100-pib-per-capita-mapa,CHN,1990,2477.863628
pwt100-pib-per-capita-mapa,CHN,1991,2576.897685
pwt100-pib-per-capita-mapa,CHN,1992,2744.091444
pwt100-pib-per-capita-mapa,CHN,1993,2914.6702
pwt100-pib-per-capita-mapa,CHN,1994,3175.551944
pwt100-pib-per-capita-mapa,CHN,1995,3487.542013
pwt100-pib-per-capita-mapa,CHN,1996,3723.319965
pwt100-pib-per-capita-mapa,CHN,1997,3880.433419
pwt100-pib-per-capita-mapa,CHN,1998,3858.308254
pwt100-pib-per-capita-mapa,CHN,1999,4014.466998
pwt100-pib-per-capita-mapa,CHN,2000,4272.927613
pwt100-pib-per-capita-mapa,CHN,2001,4605.624258
pwt100-pib-per-capita-mapa,CHN,2002,5017.320668
pwt100-pib-per-capita-mapa,CHN,2003,5420.637052
pwt100-pib-per-capita-mapa,CHN,2004,6028.989569
pwt100-pib-per-capita-mapa,CHN,2005,6680.76856
pwt100-pib-per-capita-mapa,CHN,2006,7362.013853
pwt100-pib-per-capita-mapa,CHN,2007,8063.856082
pwt100-pib-per-capita-mapa,CHN,2008,8411.926491
pwt100-pib-per-capita-mapa,CHN,2009,9041.048695
pwt100-pib-per-capita-mapa,CHN,2010,10126.501686
pwt100-pib-per-capita-mapa,CHN,2011,10769.310154
pwt100-pib-per-capita-mapa,CHN,2012,11360.466177
pwt100-pib-per-capita-mapa,CHN,2013,11819.120644
pwt100-pib-per-capita-mapa,CHN,2014,12231.550611
pwt100-pib-per-capita-mapa,CHN,2015,12699.512421
pwt100-pib-per-capita-mapa,CHN,2016,13161.635403
pwt100-pib-per-capita-mapa,CHN,2017,13723.322277
pwt100-pib-per-capita-mapa,CHN,2018,13664.930658
pwt100-pib-per-capita-mapa,CHN,2019,13988.209097
pwt100-pib-per-capita-mapa,CIV,1960,2030.659776
pwt100-pib-per-capita-mapa,CIV,1961,1989.282968
pwt100-pib-per-capita-mapa,CIV,1962,2021.017736
pwt100-pib-per-capita-mapa,CIV,1963,2279.701634
pwt100-pib-per-capita-mapa,CIV,1964,2618.793366
pwt100-pib-per-capita-mapa,CIV,1965,2253.081982
pwt100-pib-per-capita-mapa,CIV,1966,2418.447248
pwt100-pib-per-capita-mapa,CIV,1967,2429.512613
pwt100-pib-per-capita-mapa,CIV,1968,2668.564117
pwt100-pib-per-capita-mapa,CIV,1969,2868.447108
pwt100-pib-per-capita-mapa,CIV,1970,3037.460596
pwt100-pib-per-capita-mapa,CIV,1971,2892.572677
pwt100-pib-per-capita-mapa,CIV,1972,2883.379208
pwt100-pib-per-capita-mapa,CIV,1973,3006.028312
pwt100-pib-per-capita-mapa,CIV,1974,3180.405416
pwt100-pib-per-capita-mapa,CIV,1975,2990.370831
pwt100-pib-per-capita-mapa,CIV,1976,3399.047529
pwt100-pib-per-capita-mapa,CIV,1977,3687.57298
pwt100-pib-per-capita-mapa,CIV,1978,3707.597646
pwt100-pib-per-capita-mapa,CIV,1979,3514.814518
pwt100-pib-per-capita-mapa,CIV,1980,2687.593017
pwt100-pib-per-capita-mapa,CIV,1981,2650.269932
pwt100-pib-per-capita-mapa,CIV,1982,2592.8002
pwt100-pib-per-capita-mapa,CIV,1983,2574.65144
pwt100-pib-per-capita-mapa,CIV,1984,2776.649168
pwt100-pib-per-capita-mapa,CIV,1985,3026.893229
pwt100-pib-per-capita-mapa,CIV,1986,2972.657068
pwt100-pib-per-capita-mapa,CIV,1987,2738.24766
pwt100-pib-per-capita-mapa,CIV,1988,2686.190919
pwt100-pib-per-capita-mapa,CIV,1989,2848.541822
pwt100-pib-per-capita-mapa,CIV,1990,2537.269685
pwt100-pib-per-capita-mapa,CIV,1991,2491.31361
pwt100-pib-per-capita-mapa,CIV,1992,2515.117337
pwt100-pib-per-capita-mapa,CIV,1993,2441.103862
pwt100-pib-per-capita-mapa,CIV,1994,2487.929508
pwt100-pib-per-capita-mapa,CIV,1995,2622.574216
pwt100-pib-per-capita-mapa,CIV,1996,2779.463922
pwt100-pib-per-capita-mapa,CIV,1997,2697.974347
pwt100-pib-per-capita-mapa,CIV,1998,2661.392833
pwt100-pib-per-capita-mapa,CIV,1999,2570.538838
pwt100-pib-per-capita-mapa,CIV,2000,2428.259691
pwt100-pib-per-capita-mapa,CIV,2001,2396.827773
pwt100-pib-per-capita-mapa,CIV,2002,2371.996398
pwt100-pib-per-capita-mapa,CIV,2003,2504.108667
pwt100-pib-per-capita-mapa,CIV,2004,2318.082187
pwt100-pib-per-capita-mapa,CIV,2005,2203.381473
pwt100-pib-per-capita-mapa,CIV,2006,2273.959215
pwt100-pib-per-capita-mapa,CIV,2007,2320.425222
pwt100-pib-per-capita-mapa,CIV,2008,2442.150095
pwt100-pib-per-capita-mapa,CIV,2009,2611.221649
pwt100-pib-per-capita-mapa,CIV,2010,2898.609689
pwt100-pib-per-capita-mapa,CIV,2011,3019.722337
pwt100-pib-per-capita-mapa,CIV,2012,3358.740549
pwt100-pib-per-capita-mapa,CIV,2013,3667.828991
pwt100-pib-per-capita-mapa,CIV,2014,4129.697586
pwt100-pib-per-capita-mapa,CIV,2015,4639.547301
pwt100-pib-per-capita-mapa,CIV,2016,4636.604377
pwt100-pib-per-capita-mapa,CIV,2017,4659.948815
pwt100-pib-per-capita-mapa,CIV,2018,4881.039052
pwt100-pib-per-capita-mapa,CIV,2019,5108.141062
pwt100-pib-per-capita-mapa,CMR,1960,1562.769789
pwt100-pib-per-capita-mapa,CMR,1961,1592.887347
pwt100-pib-per-capita-mapa,CMR,1962,1554.347342
pwt100-pib-per-capita-mapa,CMR,1963,1637.728554
pwt100-pib-per-capita-mapa,CMR,1964,1670.618496
pwt100-pib-per-capita-mapa,CMR,1965,1716.370586
pwt100-pib-per-capita-mapa,CMR,1966,1766.185243
pwt100-pib-per-capita-mapa,CMR,1967,1559.42387
pwt100-pib-per-capita-mapa,CMR,1968,1622.508537
pwt100-pib-per-capita-mapa,CMR,1969,1713.815823
pwt100-pib-per-capita-mapa,CMR,1970,1731.425237
pwt100-pib-per-capita-mapa,CMR,1971,1689.02259
pwt100-pib-per-capita-mapa,CMR,1972,1732.157829
pwt100-pib-per-capita-mapa,CMR,1973,1785.814094
pwt100-pib-per-capita-mapa,CMR,1974,1743.039784
pwt100-pib-per-capita-mapa,CMR,1975,1734.473704
pwt100-pib-per-capita-mapa,CMR,1976,1622.356441
pwt100-pib-per-capita-mapa,CMR,1977,1818.129989
pwt100-pib-per-capita-mapa,CMR,1978,2146.023981
pwt100-pib-per-capita-mapa,CMR,1979,2291.721389
pwt100-pib-per-capita-mapa,CMR,1980,2483.644525
pwt100-pib-per-capita-mapa,CMR,1981,2698.4452
pwt100-pib-per-capita-mapa,CMR,1982,2913.847204
pwt100-pib-per-capita-mapa,CMR,1983,3201.557344
pwt100-pib-per-capita-mapa,CMR,1984,3497.997389
pwt100-pib-per-capita-mapa,CMR,1985,3563.337402
pwt100-pib-per-capita-mapa,CMR,1986,3282.049175
pwt100-pib-per-capita-mapa,CMR,1987,3134.119552
pwt100-pib-per-capita-mapa,CMR,1988,3013.928259
pwt100-pib-per-capita-mapa,CMR,1989,2830.769372
pwt100-pib-per-capita-mapa,CMR,1990,2608.670924
pwt100-pib-per-capita-mapa,CMR,1991,2461.61556
pwt100-pib-per-capita-mapa,CMR,1992,2348.438813
pwt100-pib-per-capita-mapa,CMR,1993,2398.93906
pwt100-pib-per-capita-mapa,CMR,1994,2407.382774
pwt100-pib-per-capita-mapa,CMR,1995,2477.034872
pwt100-pib-per-capita-mapa,CMR,1996,2576.099689
pwt100-pib-per-capita-mapa,CMR,1997,2607.780597
pwt100-pib-per-capita-mapa,CMR,1998,2670.6402
pwt100-pib-per-capita-mapa,CMR,1999,2717.133738
pwt100-pib-per-capita-mapa,CMR,2000,2731.412318
pwt100-pib-per-capita-mapa,CMR,2001,2677.293499
pwt100-pib-per-capita-mapa,CMR,2002,2692.669573
pwt100-pib-per-capita-mapa,CMR,2003,2782.468111
pwt100-pib-per-capita-mapa,CMR,2004,2777.928592
pwt100-pib-per-capita-mapa,CMR,2005,2743.015338
pwt100-pib-per-capita-mapa,CMR,2006,2790.781968
pwt100-pib-per-capita-mapa,CMR,2007,2857.274786
pwt100-pib-per-capita-mapa,CMR,2008,2890.745957
pwt100-pib-per-capita-mapa,CMR,2009,2864.269635
pwt100-pib-per-capita-mapa,CMR,2010,2902.425161
pwt100-pib-per-capita-mapa,CMR,2011,2975.945042
pwt100-pib-per-capita-mapa,CMR,2012,3070.639706
pwt100-pib-per-capita-mapa,CMR,2013,3139.524751
pwt100-pib-per-capita-mapa,CMR,2014,3249.675046
pwt100-pib-per-capita-mapa,CMR,2015,3306.137553
pwt100-pib-per-capita-mapa,CMR,2016,3405.054533
pwt100-pib-per-capita-mapa,CMR,2017,3480.82413
pwt100-pib-per-capita-mapa,CMR,2018,3551.607121
pwt100-pib-per-capita-mapa,CMR,2019,3580.181943
pwt100-pib-per-capita-mapa,COD,1950,2082.223583
pwt100-pib-per-capita-mapa,COD,1951,2350.617652
pwt100-pib-per-capita-mapa,COD,1952,2428.605931
pwt100-pib-per-capita-mapa,COD,1953,2710.317492
pwt100-pib-per-capita-mapa,COD,1954,2746.616746
pwt100-pib-per-capita-mapa,COD,1955,2885.213679
pwt100-pib-per-capita-mapa,COD,1956,2912.549112
pwt100-pib-per-capita-mapa,COD,1957,2786.216429
pwt100-pib-per-capita-mapa,COD,1958,2755.39655
pwt100-pib-per-capita-mapa,COD,1959,2729.459938
pwt100-pib-per-capita-mapa,COD,1960,2793.312444
pwt100-pib-per-capita-mapa,COD,1961,2392.988845
pwt100-pib-per-capita-mapa,COD,1962,2875.214265
pwt100-pib-per-capita-mapa,COD,1963,2809.337
pwt100-pib-per-capita-mapa,COD,1964,2579.746677
pwt100-pib-per-capita-mapa,COD,1965,2718.11861
pwt100-pib-per-capita-mapa,COD,1966,3029.698243
pwt100-pib-per-capita-mapa,COD,1967,2727.343809
pwt100-pib-per-capita-mapa,COD,1968,2832.922763
pwt100-pib-per-capita-mapa,COD,1969,3065.908257
pwt100-pib-per-capita-mapa,COD,1970,2948.051585
pwt100-pib-per-capita-mapa,COD,1971,2768.78767
pwt100-pib-per-capita-mapa,COD,1972,2547.838798
pwt100-pib-per-capita-mapa,COD,1973,2820.291817
pwt100-pib-per-capita-mapa,COD,1974,2945.007017
pwt100-pib-per-capita-mapa,COD,1975,2211.055889
pwt100-pib-per-capita-mapa,COD,1976,1944.205463
pwt100-pib-per-capita-mapa,COD,1977,1998.418023
pwt100-pib-per-capita-mapa,COD,1978,1890.013881
pwt100-pib-per-capita-mapa,COD,1979,2182.451579
pwt100-pib-per-capita-mapa,COD,1980,2219.033386
pwt100-pib-per-capita-mapa,COD,1981,2074.948854
pwt100-pib-per-capita-mapa,COD,1982,2056.761726
pwt100-pib-per-capita-mapa,COD,1983,2061.40264
pwt100-pib-per-capita-mapa,COD,1984,2494.624188
pwt100-pib-per-capita-mapa,COD,1985,2215.622766
pwt100-pib-per-capita-mapa,COD,1986,1999.719935
pwt100-pib-per-capita-mapa,COD,1987,1951.867589
pwt100-pib-per-capita-mapa,COD,1988,2054.76759
pwt100-pib-per-capita-mapa,COD,1989,1999.177811
pwt100-pib-per-capita-mapa,COD,1990,1510.750551
pwt100-pib-per-capita-mapa,COD,1991,1199.904427
pwt100-pib-per-capita-mapa,COD,1992,1501.734978
pwt100-pib-per-capita-mapa,COD,1993,1118.686211
pwt100-pib-per-capita-mapa,COD,1994,812.333931
pwt100-pib-per-capita-mapa,COD,1995,822.934741
pwt100-pib-per-capita-mapa,COD,1996,711.16647
pwt100-pib-per-capita-mapa,COD,1997,710.478955
pwt100-pib-per-capita-mapa,COD,1998,612.516955
pwt100-pib-per-capita-mapa,COD,1999,625.172212
pwt100-pib-per-capita-mapa,COD,2000,553.339074
pwt100-pib-per-capita-mapa,COD,2001,532.918202
pwt100-pib-per-capita-mapa,COD,2002,539.587292
pwt100-pib-per-capita-mapa,COD,2003,563.649338
pwt100-pib-per-capita-mapa,COD,2004,599.42962
pwt100-pib-per-capita-mapa,COD,2005,623.897592
pwt100-pib-per-capita-mapa,COD,2006,640.000857
pwt100-pib-per-capita-mapa,COD,2007,679.336471
pwt100-pib-per-capita-mapa,COD,2008,655.463479
pwt100-pib-per-capita-mapa,COD,2009,649.743182
pwt100-pib-per-capita-mapa,COD,2010,719.588007
pwt100-pib-per-capita-mapa,COD,2011,746.7435
pwt100-pib-per-capita-mapa,COD,2012,770.859533
pwt100-pib-per-capita-mapa,COD,2013,818.87098
pwt100-pib-per-capita-mapa,COD,2014,884.880918
pwt100-pib-per-capita-mapa,COD,2015,949.485255
pwt100-pib-per-capita-mapa,COD,2016,1063.961945
pwt100-pib-per-capita-mapa,COD,2017,1022.007034
pwt100-pib-per-capita-mapa,COD,2018,1024.746156
pwt100-pib-per-capita-mapa,COD,2019,1026.167646
pwt100-pib-per-capita-mapa,COG,1960,1059.281443
pwt100-pib-per-capita-mapa,COG,1961,1091.246851
pwt100-pib-per-capita-mapa,COG,1962,1241.303175
pwt100-pib-per-capita-mapa,COG,1963,1303.562637
pwt100-pib-per-capita-mapa,COG,1964,1359.821021
pwt100-pib-per-capita-mapa,COG,1965,1347.757121
pwt100-pib-per-capita-mapa,COG,1966,1299.585951
pwt100-pib-per-capita-mapa,COG,1967,1294.750751
pwt100-pib-per-capita-mapa,COG,1968,1360.339022
pwt100-pib-per-capita-mapa,COG,1969,1429.412628
pwt100-pib-per-capita-mapa,COG,1970,1508.485691
pwt100-pib-per-capita-mapa,COG,1971,1557.631018
pwt100-pib-per-capita-mapa,COG,1972,1578.904327
pwt100-pib-per-capita-mapa,COG,1973,1577.073606
pwt100-pib-per-capita-mapa,COG,1974,1923.349123
pwt100-pib-per-capita-mapa,COG,1975,1816.447755
pwt100-pib-per-capita-mapa,COG,1976,1855.952477
pwt100-pib-per-capita-mapa,COG,1977,1799.725453
pwt100-pib-per-capita-mapa,COG,1978,1792.437597
pwt100-pib-per-capita-mapa,COG,1979,2033.749261
pwt100-pib-per-capita-mapa,COG,1980,2365.787132
pwt100-pib-per-capita-mapa,COG,1981,2645.145815
pwt100-pib-per-capita-mapa,COG,1982,2834.122838
pwt100-pib-per-capita-mapa,COG,1983,3386.885923
pwt100-pib-per-capita-mapa,COG,1984,3950.052141
pwt100-pib-per-capita-mapa,COG,1985,3807.382835
pwt100-pib-per-capita-mapa,COG,1986,2514.158356
pwt100-pib-per-capita-mapa,COG,1987,2487.353897
pwt100-pib-per-capita-mapa,COG,1988,2169.5732
pwt100-pib-per-capita-mapa,COG,1989,2269.521121
pwt100-pib-per-capita-mapa,COG,1990,2487.088328
pwt100-pib-per-capita-mapa,COG,1991,2753.673388
pwt100-pib-per-capita-mapa,COG,1992,1954.550652
pwt100-pib-per-capita-mapa,COG,1993,2003.096008
pwt100-pib-per-capita-mapa,COG,1994,1787.370605
pwt100-pib-per-capita-mapa,COG,1995,1651.82505
pwt100-pib-per-capita-mapa,COG,1996,1896.766034
pwt100-pib-per-capita-mapa,COG,1997,1738.833889
pwt100-pib-per-capita-mapa,COG,1998,1375.211506
pwt100-pib-per-capita-mapa,COG,1999,1723.890339
pwt100-pib-per-capita-mapa,COG,2000,2643.415864
pwt100-pib-per-capita-mapa,COG,2001,2394.116334
pwt100-pib-per-capita-mapa,COG,2002,2476.130198
pwt100-pib-per-capita-mapa,COG,2003,2446.467178
pwt100-pib-per-capita-mapa,COG,2004,2907.91306
pwt100-pib-per-capita-mapa,COG,2005,3637.87757
pwt100-pib-per-capita-mapa,COG,2006,3858.882896
pwt100-pib-per-capita-mapa,COG,2007,3264.422238
pwt100-pib-per-capita-mapa,COG,2008,4150.60108
pwt100-pib-per-capita-mapa,COG,2009,3508.993341
pwt100-pib-per-capita-mapa,COG,2010,5043.941516
pwt100-pib-per-capita-mapa,COG,2011,5982.663559
pwt100-pib-per-capita-mapa,COG,2012,6472.111267
pwt100-pib-per-capita-mapa,COG,2013,6051.883271
pwt100-pib-per-capita-mapa,COG,2014,5791.601178
pwt100-pib-per-capita-mapa,COG,2015,4399.634474
pwt100-pib-per-capita-mapa,COG,2016,3719.985797
pwt100-pib-per-capita-mapa,COG,2017,4263.324417
pwt100-pib-per-capita-mapa,COG,2018,4868.148492
pwt100-pib-per-capita-mapa,COG,2019,4489.284806
pwt100-pib-per-capita-mapa,COL,1950,3471.091363
pwt100-pib-per-capita-mapa,COL,1951,3374.21822
pwt100-pib-per-capita-mapa,COL,1952,3484.000703
pwt100-pib-per-capita-mapa,COL,1953,3700.910124
pwt100-pib-per-capita-mapa,COL,1954,3973.995705
pwt100-pib-per-capita-mapa,COL,1955,3960.506169
pwt100-pib-per-capita-mapa,COL,1956,3918.322931
pwt100-pib-per-capita-mapa,COL,1957,3768.954865
pwt100-pib-per-capita-mapa,COL,1958,3616.095885
pwt100-pib-per-capita-mapa,COL,1959,3684.780444
pwt100-pib-per-capita-mapa,COL,1960,3763.216611
pwt100-pib-per-capita-mapa,COL,1961,3875.528795
pwt100-pib-per-capita-mapa,COL,1962,3944.332651
pwt100-pib-per-capita-mapa,COL,1963,3940.751608
pwt100-pib-per-capita-mapa,COL,1964,4175.182612
pwt100-pib-per-capita-mapa,COL,1965,4046.001056
pwt100-pib-per-capita-mapa,COL,1966,4120.526755
pwt100-pib-per-capita-mapa,COL,1967,4170.060165
pwt100-pib-per-capita-mapa,COL,1968,4302.768241
pwt100-pib-per-capita-mapa,COL,1969,4482.434391
pwt100-pib-per-capita-mapa,COL,1970,4737.526036
pwt100-pib-per-capita-mapa,COL,1971,5094.448396
pwt100-pib-per-capita-mapa,COL,1972,5524.976142
pwt100-pib-per-capita-mapa,COL,1973,6027.297988
pwt100-pib-per-capita-mapa,COL,1974,6308.48731
pwt100-pib-per-capita-mapa,COL,1975,6552.240931
pwt100-pib-per-capita-mapa,COL,1976,6909.804502
pwt100-pib-per-capita-mapa,COL,1977,7175.964859
pwt100-pib-per-capita-mapa,COL,1978,7494.109105
pwt100-pib-per-capita-mapa,COL,1979,7540.640496
pwt100-pib-per-capita-mapa,COL,1980,7693.26781
pwt100-pib-per-capita-mapa,COL,1981,7486.648267
pwt100-pib-per-capita-mapa,COL,1982,7386.886148
pwt100-pib-per-capita-mapa,COL,1983,7201.848089
pwt100-pib-per-capita-mapa,COL,1984,7234.811718
pwt100-pib-per-capita-mapa,COL,1985,7107.144051
pwt100-pib-per-capita-mapa,COL,1986,7520.093931
pwt100-pib-per-capita-mapa,COL,1987,7378.116476
pwt100-pib-per-capita-mapa,COL,1988,7421.162859
pwt100-pib-per-capita-mapa,COL,1989,7473.23446
pwt100-pib-per-capita-mapa,COL,1990,7587.109915
pwt100-pib-per-capita-mapa,COL,1991,7563.469618
pwt100-pib-per-capita-mapa,COL,1992,7649.276555
pwt100-pib-per-capita-mapa,COL,1993,7861.731656
pwt100-pib-per-capita-mapa,COL,1994,8184.987958
pwt100-pib-per-capita-mapa,COL,1995,8403.465049
pwt100-pib-per-capita-mapa,COL,1996,8325.924193
pwt100-pib-per-capita-mapa,COL,1997,8400.260578
pwt100-pib-per-capita-mapa,COL,1998,8080.250285
pwt100-pib-per-capita-mapa,COL,1999,7588.554054
pwt100-pib-per-capita-mapa,COL,2000,7730.229558
pwt100-pib-per-capita-mapa,COL,2001,7566.818448
pwt100-pib-per-capita-mapa,COL,2002,7585.872027
pwt100-pib-per-capita-mapa,COL,2003,7721.789101
pwt100-pib-per-capita-mapa,COL,2004,8048.698033
pwt100-pib-per-capita-mapa,COL,2005,8366.707673
pwt100-pib-per-capita-mapa,COL,2006,9055.02972
pwt100-pib-per-capita-mapa,COL,2007,9859.064699
pwt100-pib-per-capita-mapa,COL,2008,10577.902541
pwt100-pib-per-capita-mapa,COL,2009,10769.401809
pwt100-pib-per-capita-mapa,COL,2010,11606.422217
pwt100-pib-per-capita-mapa,COL,2011,12778.073223
pwt100-pib-per-capita-mapa,COL,2012,13145.520868
pwt100-pib-per-capita-mapa,COL,2013,13399.906309
pwt100-pib-per-capita-mapa,COL,2014,13598.089578
pwt100-pib-per-capita-mapa,COL,2015,13459.52278
pwt100-pib-per-capita-mapa,COL,2016,13295.9898
pwt100-pib-per-capita-mapa,COL,2017,13290.659166
pwt100-pib-per-capita-mapa,COL,2018,13602.178462
pwt100-pib-per-capita-mapa,COL,2019,13819.851463
pwt100-pib-per-capita-mapa,COM,1960,1776.308815
pwt100-pib-per-capita-mapa,COM,1961,1869.113825
pwt100-pib-per-capita-mapa,COM,1962,2157.951624
pwt100-pib-per-capita-mapa,COM,1963,2331.417212
pwt100-pib-per-capita-mapa,COM,1964,2544.359137
pwt100-pib-per-capita-mapa,COM,1965,2493.565682
pwt100-pib-per-capita-mapa,COM,1966,2735.368876
pwt100-pib-per-capita-mapa,COM,1967,2955.771674
pwt100-pib-per-capita-mapa,COM,1968,2839.936061
pwt100-pib-per-capita-mapa,COM,1969,2680.942273
pwt100-pib-per-capita-mapa,COM,1970,2853.777853
pwt100-pib-per-capita-mapa,COM,1971,2914.342612
pwt100-pib-per-capita-mapa,COM,1972,2919.256659
pwt100-pib-per-capita-mapa,COM,1973,3069.77634
pwt100-pib-per-capita-mapa,COM,1974,3076.250797
pwt100-pib-per-capita-mapa,COM,1975,3174.180401
pwt100-pib-per-capita-mapa,COM,1976,3084.182388
pwt100-pib-per-capita-mapa,COM,1977,3102.898593
pwt100-pib-per-capita-mapa,COM,1978,3068.044558
pwt100-pib-per-capita-mapa,COM,1979,3240.567956
pwt100-pib-per-capita-mapa,COM,1980,3399.862566
pwt100-pib-per-capita-mapa,COM,1981,3330.476045
pwt100-pib-per-capita-mapa,COM,1982,3477.721396
pwt100-pib-per-capita-mapa,COM,1983,3616.551291
pwt100-pib-per-capita-mapa,COM,1984,3654.914115
pwt100-pib-per-capita-mapa,COM,1985,3945.80106
pwt100-pib-per-capita-mapa,COM,1986,4451.751375
pwt100-pib-per-capita-mapa,COM,1987,4337.478853
pwt100-pib-per-capita-mapa,COM,1988,4186.932775
pwt100-pib-per-capita-mapa,COM,1989,3843.273666
pwt100-pib-per-capita-mapa,COM,1990,3755.588244
pwt100-pib-per-capita-mapa,COM,1991,3531.002268
pwt100-pib-per-capita-mapa,COM,1992,3648.543552
pwt100-pib-per-capita-mapa,COM,1993,3509.538466
pwt100-pib-per-capita-mapa,COM,1994,2914.601573
pwt100-pib-per-capita-mapa,COM,1995,3397.385751
pwt100-pib-per-capita-mapa,COM,1996,3271.250641
pwt100-pib-per-capita-mapa,COM,1997,3240.305768
pwt100-pib-per-capita-mapa,COM,1998,2982.836055
pwt100-pib-per-capita-mapa,COM,1999,2962.471299
pwt100-pib-per-capita-mapa,COM,2000,2831.000547
pwt100-pib-per-capita-mapa,COM,2001,3074.218664
pwt100-pib-per-capita-mapa,COM,2002,3163.470951
pwt100-pib-per-capita-mapa,COM,2003,3015.524419
pwt100-pib-per-capita-mapa,COM,2004,2895.758368
pwt100-pib-per-capita-mapa,COM,2005,3176.479385
pwt100-pib-per-capita-mapa,COM,2006,3122.809097
pwt100-pib-per-capita-mapa,COM,2007,2489.953751
pwt100-pib-per-capita-mapa,COM,2008,2553.252975
pwt100-pib-per-capita-mapa,COM,2009,2591.81456
pwt100-pib-per-capita-mapa,COM,2010,2472.172503
pwt100-pib-per-capita-mapa,COM,2011,2634.830533
pwt100-pib-per-capita-mapa,COM,2012,2813.842197
pwt100-pib-per-capita-mapa,COM,2013,2868.068666
pwt100-pib-per-capita-mapa,COM,2014,2892.860167
pwt100-pib-per-capita-mapa,COM,2015,2857.433339
pwt100-pib-per-capita-mapa,COM,2016,2993.70632
pwt100-pib-per-capita-mapa,COM,2017,3075.450695
pwt100-pib-per-capita-mapa,COM,2018,3096.009661
pwt100-pib-per-capita-mapa,COM,2019,3125.790536
pwt100-pib-per-capita-mapa,CPV,1960,1107.362982
pwt100-pib-per-capita-mapa,CPV,1961,1300.073489
pwt100-pib-per-capita-mapa,CPV,1962,1075.848918
pwt100-pib-per-capita-mapa,CPV,1963,863.140334
pwt100-pib-per-capita-mapa,CPV,1964,903.902348
pwt100-pib-per-capita-mapa,CPV,1965,919.821829
pwt100-pib-per-capita-mapa,CPV,1966,1126.815184
pwt100-pib-per-capita-mapa,CPV,1967,1215.454067
pwt100-pib-per-capita-mapa,CPV,1968,1317.70775
pwt100-pib-per-capita-mapa,CPV,1969,1388.324884
pwt100-pib-per-capita-mapa,CPV,1970,1532.384995
pwt100-pib-per-capita-mapa,CPV,1971,1596.560244
pwt100-pib-per-capita-mapa,CPV,1972,1630.057947
pwt100-pib-per-capita-mapa,CPV,1973,1661.215856
pwt100-pib-per-capita-mapa,CPV,1974,1695.689584
pwt100-pib-per-capita-mapa,CPV,1975,1407.590444
pwt100-pib-per-capita-mapa,CPV,1976,1428.152071
pwt100-pib-per-capita-mapa,CPV,1977,1351.617489
pwt100-pib-per-capita-mapa,CPV,1978,1467.044493
pwt100-pib-per-capita-mapa,CPV,1979,1493.363334
pwt100-pib-per-capita-mapa,CPV,1980,1576.642588
pwt100-pib-per-capita-mapa,CPV,1981,1611.028887
pwt100-pib-per-capita-mapa,CPV,1982,1679.092178
pwt100-pib-per-capita-mapa,CPV,1983,1779.070616
pwt100-pib-per-capita-mapa,CPV,1984,1812.975373
pwt100-pib-per-capita-mapa,CPV,1985,1857.454794
pwt100-pib-per-capita-mapa,CPV,1986,2056.670941
pwt100-pib-per-capita-mapa,CPV,1987,2159.120434
pwt100-pib-per-capita-mapa,CPV,1988,2198.627808
pwt100-pib-per-capita-mapa,CPV,1989,2312.002961
pwt100-pib-per-capita-mapa,CPV,1990,2226.832684
pwt100-pib-per-capita-mapa,CPV,1991,2242.639093
pwt100-pib-per-capita-mapa,CPV,1992,2354.085232
pwt100-pib-per-capita-mapa,CPV,1993,2426.763435
pwt100-pib-per-capita-mapa,CPV,1994,2671.460729
pwt100-pib-per-capita-mapa,CPV,1995,2663.674432
pwt100-pib-per-capita-mapa,CPV,1996,2985.565732
pwt100-pib-per-capita-mapa,CPV,1997,2929.666363
pwt100-pib-per-capita-mapa,CPV,1998,3244.957044
pwt100-pib-per-capita-mapa,CPV,1999,3703.770443
pwt100-pib-per-capita-mapa,CPV,2000,3707.422905
pwt100-pib-per-capita-mapa,CPV,2001,3831.081231
pwt100-pib-per-capita-mapa,CPV,2002,3973.656526
pwt100-pib-per-capita-mapa,CPV,2003,4368.106784
pwt100-pib-per-capita-mapa,CPV,2004,4607.31065
pwt100-pib-per-capita-mapa,CPV,2005,4556.287227
pwt100-pib-per-capita-mapa,CPV,2006,4970.834674
pwt100-pib-per-capita-mapa,CPV,2007,5621.957416
pwt100-pib-per-capita-mapa,CPV,2008,6046.9884
pwt100-pib-per-capita-mapa,CPV,2009,6208.60268
pwt100-pib-per-capita-mapa,CPV,2010,6372.252977
pwt100-pib-per-capita-mapa,CPV,2011,6696.540225
pwt100-pib-per-capita-mapa,CPV,2012,6407.824144
pwt100-pib-per-capita-mapa,CPV,2013,6282.814537
pwt100-pib-per-capita-mapa,CPV,2014,6128.801115
pwt100-pib-per-capita-mapa,CPV,2015,6272.688841
pwt100-pib-per-capita-mapa,CPV,2016,6471.048053
pwt100-pib-per-capita-mapa,CPV,2017,6602.758489
pwt100-pib-per-capita-mapa,CPV,2018,6813.72151
pwt100-pib-per-capita-mapa,CPV,2019,7189.128211
pwt100-pib-per-capita-mapa,CRI,1950,3520.40579
pwt100-pib-per-capita-mapa,CRI,1951,3599.263229
pwt100-pib-per-capita-mapa,CRI,1952,4060.728088
pwt100-pib-per-capita-mapa,CRI,1953,4768.4042
pwt100-pib-per-capita-mapa,CRI,1954,4859.837
pwt100-pib-per-capita-mapa,CRI,1955,5010.666916
pwt100-pib-per-capita-mapa,CRI,1956,4686.163255
pwt100-pib-per-capita-mapa,CRI,1957,4857.557982
pwt100-pib-per-capita-mapa,CRI,1958,5206.225516
pwt100-pib-per-capita-mapa,CRI,1959,4978.400386
pwt100-pib-per-capita-mapa,CRI,1960,5118.861372
pwt100-pib-per-capita-mapa,CRI,1961,4868.333529
pwt100-pib-per-capita-mapa,CRI,1962,5014.773917
pwt100-pib-per-capita-mapa,CRI,1963,5137.602223
pwt100-pib-per-capita-mapa,CRI,1964,5284.735352
pwt100-pib-per-capita-mapa,CRI,1965,5509.25404
pwt100-pib-per-capita-mapa,CRI,1966,5694.803631
pwt100-pib-per-capita-mapa,CRI,1967,5771.866968
pwt100-pib-per-capita-mapa,CRI,1968,5935.041439
pwt100-pib-per-capita-mapa,CRI,1969,6091.130884
pwt100-pib-per-capita-mapa,CRI,1970,6465.217334
pwt100-pib-per-capita-mapa,CRI,1971,6486.66371
pwt100-pib-per-capita-mapa,CRI,1972,6791.704169
pwt100-pib-per-capita-mapa,CRI,1973,7092.410663
pwt100-pib-per-capita-mapa,CRI,1974,6764.462708
pwt100-pib-per-capita-mapa,CRI,1975,7027.153562
pwt100-pib-per-capita-mapa,CRI,1976,7632.236459
pwt100-pib-per-capita-mapa,CRI,1977,8543.670076
pwt100-pib-per-capita-mapa,CRI,1978,8622.760936
pwt100-pib-per-capita-mapa,CRI,1979,8622.24214
pwt100-pib-per-capita-mapa,CRI,1980,8417.654228
pwt100-pib-per-capita-mapa,CRI,1981,7667.403642
pwt100-pib-per-capita-mapa,CRI,1982,7203.126121
pwt100-pib-per-capita-mapa,CRI,1983,7153.596934
pwt100-pib-per-capita-mapa,CRI,1984,7543.550661
pwt100-pib-per-capita-mapa,CRI,1985,7591.41467
pwt100-pib-per-capita-mapa,CRI,1986,8201.20304
pwt100-pib-per-capita-mapa,CRI,1987,7882.967109
pwt100-pib-per-capita-mapa,CRI,1988,7919.346613
pwt100-pib-per-capita-mapa,CRI,1989,8066.350536
pwt100-pib-per-capita-mapa,CRI,1990,7993.14055
pwt100-pib-per-capita-mapa,CRI,1991,8016.274699
pwt100-pib-per-capita-mapa,CRI,1992,8613.483782
pwt100-pib-per-capita-mapa,CRI,1993,9076.780113
pwt100-pib-per-capita-mapa,CRI,1994,9378.525732
pwt100-pib-per-capita-mapa,CRI,1995,9642.5917
pwt100-pib-per-capita-mapa,CRI,1996,9447.366178
pwt100-pib-per-capita-mapa,CRI,1997,9844.16649
pwt100-pib-per-capita-mapa,CRI,1998,10422.176382
pwt100-pib-per-capita-mapa,CRI,1999,10515.888846
pwt100-pib-per-capita-mapa,CRI,2000,10548.179853
pwt100-pib-per-capita-mapa,CRI,2001,10781.020277
pwt100-pib-per-capita-mapa,CRI,2002,10844.828453
pwt100-pib-per-capita-mapa,CRI,2003,11137.16706
pwt100-pib-per-capita-mapa,CRI,2004,11384.024854
pwt100-pib-per-capita-mapa,CRI,2005,11579.870595
pwt100-pib-per-capita-mapa,CRI,2006,11993.364352
pwt100-pib-per-capita-mapa,CRI,2007,12701.595841
pwt100-pib-per-capita-mapa,CRI,2008,12986.600266
pwt100-pib-per-capita-mapa,CRI,2009,13768.007457
pwt100-pib-per-capita-mapa,CRI,2010,14151.384128
pwt100-pib-per-capita-mapa,CRI,2011,14596.745358
pwt100-pib-per-capita-mapa,CRI,2012,15531.135012
pwt100-pib-per-capita-mapa,CRI,2013,15535.80244
pwt100-pib-per-capita-mapa,CRI,2014,16117.739872
pwt100-pib-per-capita-mapa,CRI,2015,17149.188839
pwt100-pib-per-capita-mapa,CRI,2016,18119.729206
pwt100-pib-per-capita-mapa,CRI,2017,18823.063179
pwt100-pib-per-capita-mapa,CRI,2018,18909.901627
pwt100-pib-per-capita-mapa,CRI,2019,19249.169921
pwt100-pib-per-capita-mapa,CUW,2005,29843.969132
pwt100-pib-per-capita-mapa,CUW,2006,29751.012225
pwt100-pib-per-capita-mapa,CUW,2007,29780.595012
pwt100-pib-per-capita-mapa,CUW,2008,29596.426103
pwt100-pib-per-capita-mapa,CUW,2009,28454.868889
pwt100-pib-per-capita-mapa,CUW,2010,27877.674249
pwt100-pib-per-capita-mapa,CUW,2011,27859.985243
pwt100-pib-per-capita-mapa,CUW,2012,27257.338755
pwt100-pib-per-capita-mapa,CUW,2013,26356.400058
pwt100-pib-per-capita-mapa,CUW,2014,25542.951293
pwt100-pib-per-capita-mapa,CUW,2015,25280.453425
pwt100-pib-per-capita-mapa,CUW,2016,24730.869872
pwt100-pib-per-capita-mapa,CUW,2017,24022.538081
pwt100-pib-per-capita-mapa,CUW,2018,23566.526172
pwt100-pib-per-capita-mapa,CUW,2019,22681.305547
pwt100-pib-per-capita-mapa,CYM,1970,34709.603351
pwt100-pib-per-capita-mapa,CYM,1971,34177.428944
pwt100-pib-per-capita-mapa,CYM,1972,34914.127215
pwt100-pib-per-capita-mapa,CYM,1973,37491.807069
pwt100-pib-per-capita-mapa,CYM,1974,38763.562648
pwt100-pib-per-capita-mapa,CYM,1975,40018.731572
pwt100-pib-per-capita-mapa,CYM,1976,41297.759717
pwt100-pib-per-capita-mapa,CYM,1977,42660.102357
pwt100-pib-per-capita-mapa,CYM,1978,44200.23186
pwt100-pib-per-capita-mapa,CYM,1979,46180.563441
pwt100-pib-per-capita-mapa,CYM,1980,48390.472962
pwt100-pib-per-capita-mapa,CYM,1981,51192.263493
pwt100-pib-per-capita-mapa,CYM,1982,54424.694286
pwt100-pib-per-capita-mapa,CYM,1983,59494.763237
pwt100-pib-per-capita-mapa,CYM,1984,62454.146808
pwt100-pib-per-capita-mapa,CYM,1985,60263.486515
pwt100-pib-per-capita-mapa,CYM,1986,63162.280739
pwt100-pib-per-capita-mapa,CYM,1987,65106.890169
pwt100-pib-per-capita-mapa,CYM,1988,71670.483288
pwt100-pib-per-capita-mapa,CYM,1989,73071.439372
pwt100-pib-per-capita-mapa,CYM,1990,77873.991955
pwt100-pib-per-capita-mapa,CYM,1991,75255.303731
pwt100-pib-per-capita-mapa,CYM,1992,74120.469776
pwt100-pib-per-capita-mapa,CYM,1993,74225.720887
pwt100-pib-per-capita-mapa,CYM,1994,74337.13188
pwt100-pib-per-capita-mapa,CYM,1995,73866.06448
pwt100-pib-per-capita-mapa,CYM,1996,73182.616184
pwt100-pib-per-capita-mapa,CYM,1997,72650.546903
pwt100-pib-per-capita-mapa,CYM,1998,89133.468875
pwt100-pib-per-capita-mapa,CYM,1999,87396.5815
pwt100-pib-per-capita-mapa,CYM,2000,84355.632884
pwt100-pib-per-capita-mapa,CYM,2001,81732.535457
pwt100-pib-per-capita-mapa,CYM,2002,80615.782401
pwt100-pib-per-capita-mapa,CYM,2003,79936.238418
pwt100-pib-per-capita-mapa,CYM,2004,78483.662771
pwt100-pib-per-capita-mapa,CYM,2005,81544.683548
pwt100-pib-per-capita-mapa,CYM,2006,82662.012373
pwt100-pib-per-capita-mapa,CYM,2007,80822.025407
pwt100-pib-per-capita-mapa,CYM,2008,80125.850238
pwt100-pib-per-capita-mapa,CYM,2009,72229.64954
pwt100-pib-per-capita-mapa,CYM,2010,68607.005071
pwt100-pib-per-capita-mapa,CYM,2011,68036.771751
pwt100-pib-per-capita-mapa,CYM,2012,67321.800119
pwt100-pib-per-capita-mapa,CYM,2013,63943.090581
pwt100-pib-per-capita-mapa,CYM,2014,63076.588031
pwt100-pib-per-capita-mapa,CYM,2015,63781.042138
pwt100-pib-per-capita-mapa,CYM,2016,64682.625538
pwt100-pib-per-capita-mapa,CYM,2017,64996.765643
pwt100-pib-per-capita-mapa,CYM,2018,68103.524573
pwt100-pib-per-capita-mapa,CYM,2019,70208.345162
pwt100-pib-per-capita-mapa,CYP,1950,2938.015849
pwt100-pib-per-capita-mapa,CYP,1951,3067.240721
pwt100-pib-per-capita-mapa,CYP,1952,3439.724225
pwt100-pib-per-capita-mapa,CYP,1953,3848.225814
pwt100-pib-per-capita-mapa,CYP,1954,4256.763127
pwt100-pib-per-capita-mapa,CYP,1955,4287.996991
pwt100-pib-per-capita-mapa,CYP,1956,4775.067279
pwt100-pib-per-capita-mapa,CYP,1957,4558.876472
pwt100-pib-per-capita-mapa,CYP,1958,4005.457688
pwt100-pib-per-capita-mapa,CYP,1959,4162.37766
pwt100-pib-per-capita-mapa,CYP,1960,4003.454119
pwt100-pib-per-capita-mapa,CYP,1961,4464.270829
pwt100-pib-per-capita-mapa,CYP,1962,5276.472329
pwt100-pib-per-capita-mapa,CYP,1963,5293.764027
pwt100-pib-per-capita-mapa,CYP,1964,4588.755878
pwt100-pib-per-capita-mapa,CYP,1965,5813.379976
pwt100-pib-per-capita-mapa,CYP,1966,6161.119576
pwt100-pib-per-capita-mapa,CYP,1967,6731.719787
pwt100-pib-per-capita-mapa,CYP,1968,6941.271162
pwt100-pib-per-capita-mapa,CYP,1969,7730.348477
pwt100-pib-per-capita-mapa,CYP,1970,7764.499287
pwt100-pib-per-capita-mapa,CYP,1971,8382.562947
pwt100-pib-per-capita-mapa,CYP,1972,8761.105977
pwt100-pib-per-capita-mapa,CYP,1973,8579.216893
pwt100-pib-per-capita-mapa,CYP,1974,7728.95747
pwt100-pib-per-capita-mapa,CYP,1975,6404.477039
pwt100-pib-per-capita-mapa,CYP,1976,8230.682146
pwt100-pib-per-capita-mapa,CYP,1977,10023.143059
pwt100-pib-per-capita-mapa,CYP,1978,11042.593841
pwt100-pib-per-capita-mapa,CYP,1979,12588.406852
pwt100-pib-per-capita-mapa,CYP,1980,13282.045881
pwt100-pib-per-capita-mapa,CYP,1981,13291.231796
pwt100-pib-per-capita-mapa,CYP,1982,14248.98631
pwt100-pib-per-capita-mapa,CYP,1983,14662.90547
pwt100-pib-per-capita-mapa,CYP,1984,16243.786009
pwt100-pib-per-capita-mapa,CYP,1985,16680.577253
pwt100-pib-per-capita-mapa,CYP,1986,17175.312143
pwt100-pib-per-capita-mapa,CYP,1987,18433.930739
pwt100-pib-per-capita-mapa,CYP,1988,19638.635208
pwt100-pib-per-capita-mapa,CYP,1989,21173.721434
pwt100-pib-per-capita-mapa,CYP,1990,22285.567505
pwt100-pib-per-capita-mapa,CYP,1991,21574.356969
pwt100-pib-per-capita-mapa,CYP,1992,23254.05307
pwt100-pib-per-capita-mapa,CYP,1993,22472.491461
pwt100-pib-per-capita-mapa,CYP,1994,23664.892349
pwt100-pib-per-capita-mapa,CYP,1995,24886.001674
pwt100-pib-per-capita-mapa,CYP,1996,24671.45299
pwt100-pib-per-capita-mapa,CYP,1997,24829.838646
pwt100-pib-per-capita-mapa,CYP,1998,25905.577957
pwt100-pib-per-capita-mapa,CYP,1999,27108.319334
pwt100-pib-per-capita-mapa,CYP,2000,28465.073529
pwt100-pib-per-capita-mapa,CYP,2001,29520.658621
pwt100-pib-per-capita-mapa,CYP,2002,29442.396024
pwt100-pib-per-capita-mapa,CYP,2003,29622.979909
pwt100-pib-per-capita-mapa,CYP,2004,31195.096363
pwt100-pib-per-capita-mapa,CYP,2005,33025.417441
pwt100-pib-per-capita-mapa,CYP,2006,34754.126774
pwt100-pib-per-capita-mapa,CYP,2007,37604.545177
pwt100-pib-per-capita-mapa,CYP,2008,39243.31686
pwt100-pib-per-capita-mapa,CYP,2009,37866.550393
pwt100-pib-per-capita-mapa,CYP,2010,37577.333715
pwt100-pib-per-capita-mapa,CYP,2011,36219.809876
pwt100-pib-per-capita-mapa,CYP,2012,34965.595683
pwt100-pib-per-capita-mapa,CYP,2013,31717.666403
pwt100-pib-per-capita-mapa,CYP,2014,30620.50332
pwt100-pib-per-capita-mapa,CYP,2015,32284.916631
pwt100-pib-per-capita-mapa,CYP,2016,35624.318837
pwt100-pib-per-capita-mapa,CYP,2017,37664.204693
pwt100-pib-per-capita-mapa,CYP,2018,38637.043494
pwt100-pib-per-capita-mapa,CYP,2019,38763.19452
pwt100-pib-per-capita-mapa,CZE,1990,24351.792643
pwt100-pib-per-capita-mapa,CZE,1991,20409.389192
pwt100-pib-per-capita-mapa,CZE,1992,19678.092607
pwt100-pib-per-capita-mapa,CZE,1993,20130.985735
pwt100-pib-per-capita-mapa,CZE,1994,20956.785931
pwt100-pib-per-capita-mapa,CZE,1995,21660.222553
pwt100-pib-per-capita-mapa,CZE,1996,22751.47806
pwt100-pib-per-capita-mapa,CZE,1997,22177.157157
pwt100-pib-per-capita-mapa,CZE,1998,22040.503584
pwt100-pib-per-capita-mapa,CZE,1999,21894.607941
pwt100-pib-per-capita-mapa,CZE,2000,22238.332695
pwt100-pib-per-capita-mapa,CZE,2001,23372.202429
pwt100-pib-per-capita-mapa,CZE,2002,23307.501999
pwt100-pib-per-capita-mapa,CZE,2003,24257.379663
pwt100-pib-per-capita-mapa,CZE,2004,25456.132472
pwt100-pib-per-capita-mapa,CZE,2005,26624.447745
pwt100-pib-per-capita-mapa,CZE,2006,28090.087535
pwt100-pib-per-capita-mapa,CZE,2007,30542.930424
pwt100-pib-per-capita-mapa,CZE,2008,31772.522639
pwt100-pib-per-capita-mapa,CZE,2009,31420.305216
pwt100-pib-per-capita-mapa,CZE,2010,31342.728096
pwt100-pib-per-capita-mapa,CZE,2011,31966.907828
pwt100-pib-per-capita-mapa,CZE,2012,31936.06632
pwt100-pib-per-capita-mapa,CZE,2013,32081.681628
pwt100-pib-per-capita-mapa,CZE,2014,33451.628715
pwt100-pib-per-capita-mapa,CZE,2015,35545.200434
pwt100-pib-per-capita-mapa,CZE,2016,36832.960223
pwt100-pib-per-capita-mapa,CZE,2017,38758.551331
pwt100-pib-per-capita-mapa,CZE,2018,39823.453659
pwt100-pib-per-capita-mapa,CZE,2019,40731.741119
pwt100-pib-per-capita-mapa,DEU,1950,5125.100496
pwt100-pib-per-capita-mapa,DEU,1951,5596.992779
pwt100-pib-per-capita-mapa,DEU,1952,6153.230363
pwt100-pib-per-capita-mapa,DEU,1953,6684.230124
pwt100-pib-per-capita-mapa,DEU,1954,7202.203591
pwt100-pib-per-capita-mapa,DEU,1955,8132.557826
pwt100-pib-per-capita-mapa,DEU,1956,8706.859328
pwt100-pib-per-capita-mapa,DEU,1957,9151.149529
pwt100-pib-per-capita-mapa,DEU,1958,9488.939147
pwt100-pib-per-capita-mapa,DEU,1959,10225.344575
pwt100-pib-per-capita-mapa,DEU,1960,11135.842894
pwt100-pib-per-capita-mapa,DEU,1961,11521.022581
pwt100-pib-per-capita-mapa,DEU,1962,11891.337983
pwt100-pib-per-capita-mapa,DEU,1963,12040.616835
pwt100-pib-per-capita-mapa,DEU,1964,12832.087663
pwt100-pib-per-capita-mapa,DEU,1965,13365.383676
pwt100-pib-per-capita-mapa,DEU,1966,13661.81425
pwt100-pib-per-capita-mapa,DEU,1967,13499.323348
pwt100-pib-per-capita-mapa,DEU,1968,14192.188953
pwt100-pib-per-capita-mapa,DEU,1969,15231.488182
pwt100-pib-per-capita-mapa,DEU,1970,16183.11766
pwt100-pib-per-capita-mapa,DEU,1971,16739.941885
pwt100-pib-per-capita-mapa,DEU,1972,17550.62697
pwt100-pib-per-capita-mapa,DEU,1973,18438.12694
pwt100-pib-per-capita-mapa,DEU,1974,18473.570402
pwt100-pib-per-capita-mapa,DEU,1975,18595.165869
pwt100-pib-per-capita-mapa,DEU,1976,19583.467401
pwt100-pib-per-capita-mapa,DEU,1977,20343.888494
pwt100-pib-per-capita-mapa,DEU,1978,21241.839465
pwt100-pib-per-capita-mapa,DEU,1979,22131.6246
pwt100-pib-per-capita-mapa,DEU,1980,22179.715354
pwt100-pib-per-capita-mapa,DEU,1981,21460.705931
pwt100-pib-per-capita-mapa,DEU,1982,21095.679144
pwt100-pib-per-capita-mapa,DEU,1983,21241.095225
pwt100-pib-per-capita-mapa,DEU,1984,21395.99345
pwt100-pib-per-capita-mapa,DEU,1985,21529.83537
pwt100-pib-per-capita-mapa,DEU,1986,22992.375204
pwt100-pib-per-capita-mapa,DEU,1987,23795.144918
pwt100-pib-per-capita-mapa,DEU,1988,24978.094379
pwt100-pib-per-capita-mapa,DEU,1989,26127.445123
pwt100-pib-per-capita-mapa,DEU,1990,27885.862147
pwt100-pib-per-capita-mapa,DEU,1991,29456.166236
pwt100-pib-per-capita-mapa,DEU,1992,30439.252031
pwt100-pib-per-capita-mapa,DEU,1993,30441.147047
pwt100-pib-per-capita-mapa,DEU,1994,31529.124693
pwt100-pib-per-capita-mapa,DEU,1995,32460.836579
pwt100-pib-per-capita-mapa,DEU,1996,32791.245731
pwt100-pib-per-capita-mapa,DEU,1997,34064.223146
pwt100-pib-per-capita-mapa,DEU,1998,35605.415562
pwt100-pib-per-capita-mapa,DEU,1999,37019.891294
pwt100-pib-per-capita-mapa,DEU,2000,37226.291971
pwt100-pib-per-capita-mapa,DEU,2001,37610.55105
pwt100-pib-per-capita-mapa,DEU,2002,37253.341572
pwt100-pib-per-capita-mapa,DEU,2003,37363.522825
pwt100-pib-per-capita-mapa,DEU,2004,38119.680465
pwt100-pib-per-capita-mapa,DEU,2005,38475.472288
pwt100-pib-per-capita-mapa,DEU,2006,40210.847437
pwt100-pib-per-capita-mapa,DEU,2007,42278.272562
pwt100-pib-per-capita-mapa,DEU,2008,43176.115235
pwt100-pib-per-capita-mapa,DEU,2009,41460.4588
pwt100-pib-per-capita-mapa,DEU,2010,43696.087478
pwt100-pib-per-capita-mapa,DEU,2011,45706.333728
pwt100-pib-per-capita-mapa,DEU,2012,46008.640105
pwt100-pib-per-capita-mapa,DEU,2013,45711.459013
pwt100-pib-per-capita-mapa,DEU,2014,46807.680254
pwt100-pib-per-capita-mapa,DEU,2015,47871.160147
pwt100-pib-per-capita-mapa,DEU,2016,49140.571704
pwt100-pib-per-capita-mapa,DEU,2017,51265.231829
pwt100-pib-per-capita-mapa,DEU,2018,51430.236781
pwt100-pib-per-capita-mapa,DEU,2019,51592.600049
pwt100-pib-per-capita-mapa,DJI,1970,7397.585256
pwt100-pib-per-capita-mapa,DJI,1971,7407.550917
pwt100-pib-per-capita-mapa,DJI,1972,7240.740512
pwt100-pib-per-capita-mapa,DJI,1973,7143.913811
pwt100-pib-per-capita-mapa,DJI,1974,6402.936258
pwt100-pib-per-capita-mapa,DJI,1975,6534.396063
pwt100-pib-per-capita-mapa,DJI,1976,6373.110893
pwt100-pib-per-capita-mapa,DJI,1977,5053.73399
pwt100-pib-per-capita-mapa,DJI,1978,4209.249974
pwt100-pib-per-capita-mapa,DJI,1979,4025.516674
pwt100-pib-per-capita-mapa,DJI,1980,3894.51056
pwt100-pib-per-capita-mapa,DJI,1981,3768.849638
pwt100-pib-per-capita-mapa,DJI,1982,3622.238204
pwt100-pib-per-capita-mapa,DJI,1983,3528.454841
pwt100-pib-per-capita-mapa,DJI,1984,3442.092261
pwt100-pib-per-capita-mapa,DJI,1985,3307.022386
pwt100-pib-per-capita-mapa,DJI,1986,3071.037658
pwt100-pib-per-capita-mapa,DJI,1987,2816.69933
pwt100-pib-per-capita-mapa,DJI,1988,2636.924262
pwt100-pib-per-capita-mapa,DJI,1989,2418.038219
pwt100-pib-per-capita-mapa,DJI,1990,2375.606118
pwt100-pib-per-capita-mapa,DJI,1991,2240.698424
pwt100-pib-per-capita-mapa,DJI,1992,2482.175941
pwt100-pib-per-capita-mapa,DJI,1993,3209.183802
pwt100-pib-per-capita-mapa,DJI,1994,2327.630857
pwt100-pib-per-capita-mapa,DJI,1995,2741.241547
pwt100-pib-per-capita-mapa,DJI,1996,2427.966556
pwt100-pib-per-capita-mapa,DJI,1997,2573.742938
pwt100-pib-per-capita-mapa,DJI,1998,2455.607001
pwt100-pib-per-capita-mapa,DJI,1999,2553.686871
pwt100-pib-per-capita-mapa,DJI,2000,2493.154261
pwt100-pib-per-capita-mapa,DJI,2001,2539.201554
pwt100-pib-per-capita-mapa,DJI,2002,2426.183047
pwt100-pib-per-capita-mapa,DJI,2003,2515.291441
pwt100-pib-per-capita-mapa,DJI,2004,2555.866815
pwt100-pib-per-capita-mapa,DJI,2005,2637.633528
pwt100-pib-per-capita-mapa,DJI,2006,3068.037429
pwt100-pib-per-capita-mapa,DJI,2007,3089.502491
pwt100-pib-per-capita-mapa,DJI,2008,3345.25602
pwt100-pib-per-capita-mapa,DJI,2009,3024.142347
pwt100-pib-per-capita-mapa,DJI,2010,2791.090147
pwt100-pib-per-capita-mapa,DJI,2011,3464.683766
pwt100-pib-per-capita-mapa,DJI,2012,3741.898701
pwt100-pib-per-capita-mapa,DJI,2013,4206.479842
pwt100-pib-per-capita-mapa,DJI,2014,4417.719441
pwt100-pib-per-capita-mapa,DJI,2015,4837.839529
pwt100-pib-per-capita-mapa,DJI,2016,4781.323205
pwt100-pib-per-capita-mapa,DJI,2017,4831.363707
pwt100-pib-per-capita-mapa,DJI,2018,6735.867959
pwt100-pib-per-capita-mapa,DJI,2019,7123.102907
pwt100-pib-per-capita-mapa,DMA,1970,3755.480119
pwt100-pib-per-capita-mapa,DMA,1971,3917.789182
pwt100-pib-per-capita-mapa,DMA,1972,4287.28556
pwt100-pib-per-capita-mapa,DMA,1973,4760.744315
pwt100-pib-per-capita-mapa,DMA,1974,4494.066361
pwt100-pib-per-capita-mapa,DMA,1975,4705.063926
pwt100-pib-per-capita-mapa,DMA,1976,4936.566685
pwt100-pib-per-capita-mapa,DMA,1977,4861.14851
pwt100-pib-per-capita-mapa,DMA,1978,5381.71065
pwt100-pib-per-capita-mapa,DMA,1979,4634.800737
pwt100-pib-per-capita-mapa,DMA,1980,4757.632648
pwt100-pib-per-capita-mapa,DMA,1981,5455.234395
pwt100-pib-per-capita-mapa,DMA,1982,5838.76588
pwt100-pib-per-capita-mapa,DMA,1983,6152.711765
pwt100-pib-per-capita-mapa,DMA,1984,6275.120854
pwt100-pib-per-capita-mapa,DMA,1985,6404.937629
pwt100-pib-per-capita-mapa,DMA,1986,7076.413474
pwt100-pib-per-capita-mapa,DMA,1987,7449.219246
pwt100-pib-per-capita-mapa,DMA,1988,7794.349224
pwt100-pib-per-capita-mapa,DMA,1989,7630.690783
pwt100-pib-per-capita-mapa,DMA,1990,8169.717615
pwt100-pib-per-capita-mapa,DMA,1991,8153.403212
pwt100-pib-per-capita-mapa,DMA,1992,8784.702722
pwt100-pib-per-capita-mapa,DMA,1993,9081.191264
pwt100-pib-per-capita-mapa,DMA,1994,8924.810158
pwt100-pib-per-capita-mapa,DMA,1995,9155.755895
pwt100-pib-per-capita-mapa,DMA,1996,9423.937055
pwt100-pib-per-capita-mapa,DMA,1997,9154.27836
pwt100-pib-per-capita-mapa,DMA,1998,9222.32819
pwt100-pib-per-capita-mapa,DMA,1999,8918.902592
pwt100-pib-per-capita-mapa,DMA,2000,8867.930613
pwt100-pib-per-capita-mapa,DMA,2001,8759.646711
pwt100-pib-per-capita-mapa,DMA,2002,8430.259297
pwt100-pib-per-capita-mapa,DMA,2003,8695.10667
pwt100-pib-per-capita-mapa,DMA,2004,8825.999081
pwt100-pib-per-capita-mapa,DMA,2005,8798.837429
pwt100-pib-per-capita-mapa,DMA,2006,9222.571951
pwt100-pib-per-capita-mapa,DMA,2007,9850.908688
pwt100-pib-per-capita-mapa,DMA,2008,10587.976504
pwt100-pib-per-capita-mapa,DMA,2009,10573.295226
pwt100-pib-per-capita-mapa,DMA,2010,10738.769676
pwt100-pib-per-capita-mapa,DMA,2011,10830.477441
pwt100-pib-per-capita-mapa,DMA,2012,10775.914445
pwt100-pib-per-capita-mapa,DMA,2013,10843.367865
pwt100-pib-per-capita-mapa,DMA,2014,11265.291889
pwt100-pib-per-capita-mapa,DMA,2015,11662.497644
pwt100-pib-per-capita-mapa,DMA,2016,12251.194795
pwt100-pib-per-capita-mapa,DMA,2017,11168.317232
pwt100-pib-per-capita-mapa,DMA,2018,11244.403087
pwt100-pib-per-capita-mapa,DMA,2019,11699.021181
pwt100-pib-per-capita-mapa,DNK,1950,10516.366506
pwt100-pib-per-capita-mapa,DNK,1951,10030.613845
pwt100-pib-per-capita-mapa,DNK,1952,10336.704678
pwt100-pib-per-capita-mapa,DNK,1953,10984.613035
pwt100-pib-per-capita-mapa,DNK,1954,11296.978051
pwt100-pib-per-capita-mapa,DNK,1955,11222.508246
pwt100-pib-per-capita-mapa,DNK,1956,11409.930658
pwt100-pib-per-capita-mapa,DNK,1957,11835.995829
pwt100-pib-per-capita-mapa,DNK,1958,12106.078999
pwt100-pib-per-capita-mapa,DNK,1959,13200.702183
pwt100-pib-per-capita-mapa,DNK,1960,13838.497408
pwt100-pib-per-capita-mapa,DNK,1961,14599.916258
pwt100-pib-per-capita-mapa,DNK,1962,15312.042356
pwt100-pib-per-capita-mapa,DNK,1963,15501.668196
pwt100-pib-per-capita-mapa,DNK,1964,16740.483674
pwt100-pib-per-capita-mapa,DNK,1965,17406.064244
pwt100-pib-per-capita-mapa,DNK,1966,17821.73099
pwt100-pib-per-capita-mapa,DNK,1967,18680.014952
pwt100-pib-per-capita-mapa,DNK,1968,19608.594178
pwt100-pib-per-capita-mapa,DNK,1969,21000.184353
pwt100-pib-per-capita-mapa,DNK,1970,21236.42976
pwt100-pib-per-capita-mapa,DNK,1971,21606.347642
pwt100-pib-per-capita-mapa,DNK,1972,22445.756061
pwt100-pib-per-capita-mapa,DNK,1973,23496.160146
pwt100-pib-per-capita-mapa,DNK,1974,22393.113985
pwt100-pib-per-capita-mapa,DNK,1975,22076.694272
pwt100-pib-per-capita-mapa,DNK,1976,23560.869821
pwt100-pib-per-capita-mapa,DNK,1977,24038.531455
pwt100-pib-per-capita-mapa,DNK,1978,24854.443225
pwt100-pib-per-capita-mapa,DNK,1979,25585.294294
pwt100-pib-per-capita-mapa,DNK,1980,25045.738074
pwt100-pib-per-capita-mapa,DNK,1981,23975.631819
pwt100-pib-per-capita-mapa,DNK,1982,24256.385752
pwt100-pib-per-capita-mapa,DNK,1983,24482.398319
pwt100-pib-per-capita-mapa,DNK,1984,25154.275885
pwt100-pib-per-capita-mapa,DNK,1985,25790.482946
pwt100-pib-per-capita-mapa,DNK,1986,27489.291437
pwt100-pib-per-capita-mapa,DNK,1987,27544.403742
pwt100-pib-per-capita-mapa,DNK,1988,27362.342363
pwt100-pib-per-capita-mapa,DNK,1989,27618.08879
pwt100-pib-per-capita-mapa,DNK,1990,28013.02891
pwt100-pib-per-capita-mapa,DNK,1991,28143.664252
pwt100-pib-per-capita-mapa,DNK,1992,28803.452476
pwt100-pib-per-capita-mapa,DNK,1993,28363.192704
pwt100-pib-per-capita-mapa,DNK,1994,29797.786661
pwt100-pib-per-capita-mapa,DNK,1995,30760.810998
pwt100-pib-per-capita-mapa,DNK,1996,31770.55383
pwt100-pib-per-capita-mapa,DNK,1997,34091.827404
pwt100-pib-per-capita-mapa,DNK,1998,35679.305904
pwt100-pib-per-capita-mapa,DNK,1999,36505.543076
pwt100-pib-per-capita-mapa,DNK,2000,38023.617121
pwt100-pib-per-capita-mapa,DNK,2001,37744.524046
pwt100-pib-per-capita-mapa,DNK,2002,37800.179785
pwt100-pib-per-capita-mapa,DNK,2003,37212.421718
pwt100-pib-per-capita-mapa,DNK,2004,39128.957629
pwt100-pib-per-capita-mapa,DNK,2005,40344.347817
pwt100-pib-per-capita-mapa,DNK,2006,43215.357464
pwt100-pib-per-capita-mapa,DNK,2007,44911.520431
pwt100-pib-per-capita-mapa,DNK,2008,46501.965289
pwt100-pib-per-capita-mapa,DNK,2009,44706.936067
pwt100-pib-per-capita-mapa,DNK,2010,46973.410729
pwt100-pib-per-capita-mapa,DNK,2011,47141.83228
pwt100-pib-per-capita-mapa,DNK,2012,47445.309828
pwt100-pib-per-capita-mapa,DNK,2013,47164.116035
pwt100-pib-per-capita-mapa,DNK,2014,47200.481984
pwt100-pib-per-capita-mapa,DNK,2015,48888.634608
pwt100-pib-per-capita-mapa,DNK,2016,50685.119444
pwt100-pib-per-capita-mapa,DNK,2017,53751.644853
pwt100-pib-per-capita-mapa,DNK,2018,54500.142643
pwt100-pib-per-capita-mapa,DNK,2019,55898.203634
pwt100-pib-per-capita-mapa,DOM,1951,2418.797023
pwt100-pib-per-capita-mapa,DOM,1952,2223.056965
pwt100-pib-per-capita-mapa,DOM,1953,2102.690398
pwt100-pib-per-capita-mapa,DOM,1954,2254.156301
pwt100-pib-per-capita-mapa,DOM,1955,2168.875711
pwt100-pib-per-capita-mapa,DOM,1956,2300.616767
pwt100-pib-per-capita-mapa,DOM,1957,2545.637201
pwt100-pib-per-capita-mapa,DOM,1958,2391.203303
pwt100-pib-per-capita-mapa,DOM,1959,2343.833706
pwt100-pib-per-capita-mapa,DOM,1960,2576.565318
pwt100-pib-per-capita-mapa,DOM,1961,2438.967769
pwt100-pib-per-capita-mapa,DOM,1962,2935.654939
pwt100-pib-per-capita-mapa,DOM,1963,3043.270568
pwt100-pib-per-capita-mapa,DOM,1964,3097.156236
pwt100-pib-per-capita-mapa,DOM,1965,2637.459305
pwt100-pib-per-capita-mapa,DOM,1966,2769.642988
pwt100-pib-per-capita-mapa,DOM,1967,2745.681076
pwt100-pib-per-capita-mapa,DOM,1968,2665.10124
pwt100-pib-per-capita-mapa,DOM,1969,2859.825788
pwt100-pib-per-capita-mapa,DOM,1970,3257.959228
pwt100-pib-per-capita-mapa,DOM,1971,3460.258931
pwt100-pib-per-capita-mapa,DOM,1972,3715.056081
pwt100-pib-per-capita-mapa,DOM,1973,4008.384718
pwt100-pib-per-capita-mapa,DOM,1974,4311.803417
pwt100-pib-per-capita-mapa,DOM,1975,4635.026591
pwt100-pib-per-capita-mapa,DOM,1976,4422.309149
pwt100-pib-per-capita-mapa,DOM,1977,4526.843143
pwt100-pib-per-capita-mapa,DOM,1978,4364.471877
pwt100-pib-per-capita-mapa,DOM,1979,4458.921512
pwt100-pib-per-capita-mapa,DOM,1980,4928.679041
pwt100-pib-per-capita-mapa,DOM,1981,5144.911514
pwt100-pib-per-capita-mapa,DOM,1982,5063.997783
pwt100-pib-per-capita-mapa,DOM,1983,5224.412106
pwt100-pib-per-capita-mapa,DOM,1984,4995.247844
pwt100-pib-per-capita-mapa,DOM,1985,4904.531333
pwt100-pib-per-capita-mapa,DOM,1986,5080.734748
pwt100-pib-per-capita-mapa,DOM,1987,5223.575986
pwt100-pib-per-capita-mapa,DOM,1988,5528.236151
pwt100-pib-per-capita-mapa,DOM,1989,5419.247229
pwt100-pib-per-capita-mapa,DOM,1990,4954.216685
pwt100-pib-per-capita-mapa,DOM,1991,4985.329273
pwt100-pib-per-capita-mapa,DOM,1992,5464.848254
pwt100-pib-per-capita-mapa,DOM,1993,5884.944978
pwt100-pib-per-capita-mapa,DOM,1994,6104.181
pwt100-pib-per-capita-mapa,DOM,1995,6282.563777
pwt100-pib-per-capita-mapa,DOM,1996,6611.56911
pwt100-pib-per-capita-mapa,DOM,1997,7212.903417
pwt100-pib-per-capita-mapa,DOM,1998,7937.794056
pwt100-pib-per-capita-mapa,DOM,1999,8253.797171
pwt100-pib-per-capita-mapa,DOM,2000,8512.886081
pwt100-pib-per-capita-mapa,DOM,2001,8737.716825
pwt100-pib-per-capita-mapa,DOM,2002,9084.947235
pwt100-pib-per-capita-mapa,DOM,2003,8525.293148
pwt100-pib-per-capita-mapa,DOM,2004,8727.051782
pwt100-pib-per-capita-mapa,DOM,2005,9354.900878
pwt100-pib-per-capita-mapa,DOM,2006,10344.373509
pwt100-pib-per-capita-mapa,DOM,2007,11182.935779
pwt100-pib-per-capita-mapa,DOM,2008,11215.315683
pwt100-pib-per-capita-mapa,DOM,2009,11702.380173
pwt100-pib-per-capita-mapa,DOM,2010,12474.406747
pwt100-pib-per-capita-mapa,DOM,2011,12582.535739
pwt100-pib-per-capita-mapa,DOM,2012,12803.225585
pwt100-pib-per-capita-mapa,DOM,2013,13024.750119
pwt100-pib-per-capita-mapa,DOM,2014,13731.868194
pwt100-pib-per-capita-mapa,DOM,2015,14968.819237
pwt100-pib-per-capita-mapa,DOM,2016,15994.617545
pwt100-pib-per-capita-mapa,DOM,2017,16256.047274
pwt100-pib-per-capita-mapa,DOM,2018,16903.074813
pwt100-pib-per-capita-mapa,DOM,2019,17766.403058
pwt100-pib-per-capita-mapa,DZA,1960,5936.796289
pwt100-pib-per-capita-mapa,DZA,1961,5255.70362
pwt100-pib-per-capita-mapa,DZA,1962,4153.628234
pwt100-pib-per-capita-mapa,DZA,1963,4910.265557
pwt100-pib-per-capita-mapa,DZA,1964,5072.085993
pwt100-pib-per-capita-mapa,DZA,1965,5349.947883
pwt100-pib-per-capita-mapa,DZA,1966,4592.446762
pwt100-pib-per-capita-mapa,DZA,1967,5127.325246
pwt100-pib-per-capita-mapa,DZA,1968,5361.532278
pwt100-pib-per-capita-mapa,DZA,1969,5639.815381
pwt100-pib-per-capita-mapa,DZA,1970,6182.943674
pwt100-pib-per-capita-mapa,DZA,1971,5872.884063
pwt100-pib-per-capita-mapa,DZA,1972,6480.406548
pwt100-pib-per-capita-mapa,DZA,1973,6854.636052
pwt100-pib-per-capita-mapa,DZA,1974,9451.346521
pwt100-pib-per-capita-mapa,DZA,1975,8798.78202
pwt100-pib-per-capita-mapa,DZA,1976,9255.324055
pwt100-pib-per-capita-mapa,DZA,1977,9843.18347
pwt100-pib-per-capita-mapa,DZA,1978,10393.636631
pwt100-pib-per-capita-mapa,DZA,1979,11866.334943
pwt100-pib-per-capita-mapa,DZA,1980,12635.4762
pwt100-pib-per-capita-mapa,DZA,1981,13196.624657
pwt100-pib-per-capita-mapa,DZA,1982,12881.813483
pwt100-pib-per-capita-mapa,DZA,1983,13165.512543
pwt100-pib-per-capita-mapa,DZA,1984,13355.224842
pwt100-pib-per-capita-mapa,DZA,1985,13631.944932
pwt100-pib-per-capita-mapa,DZA,1986,11049.280039
pwt100-pib-per-capita-mapa,DZA,1987,10393.477439
pwt100-pib-per-capita-mapa,DZA,1988,9237.8473
pwt100-pib-per-capita-mapa,DZA,1989,9213.856349
pwt100-pib-per-capita-mapa,DZA,1990,9466.723626
pwt100-pib-per-capita-mapa,DZA,1991,9528.281191
pwt100-pib-per-capita-mapa,DZA,1992,9085.235361
pwt100-pib-per-capita-mapa,DZA,1993,8318.869193
pwt100-pib-per-capita-mapa,DZA,1994,8013.726514
pwt100-pib-per-capita-mapa,DZA,1995,8151.331348
pwt100-pib-per-capita-mapa,DZA,1996,8907.061591
pwt100-pib-per-capita-mapa,DZA,1997,8795.372452
pwt100-pib-per-capita-mapa,DZA,1998,8497.277815
pwt100-pib-per-capita-mapa,DZA,1999,8979.133681
pwt100-pib-per-capita-mapa,DZA,2000,10968.291466
pwt100-pib-per-capita-mapa,DZA,2001,10420.757289
pwt100-pib-per-capita-mapa,DZA,2002,10472.58326
pwt100-pib-per-capita-mapa,DZA,2003,11353.671041
pwt100-pib-per-capita-mapa,DZA,2004,11773.577623
pwt100-pib-per-capita-mapa,DZA,2005,13425.808425
pwt100-pib-per-capita-mapa,DZA,2006,14608.318407
pwt100-pib-per-capita-mapa,DZA,2007,14265.877695
pwt100-pib-per-capita-mapa,DZA,2008,14948.818705
pwt100-pib-per-capita-mapa,DZA,2009,12711.287645
pwt100-pib-per-capita-mapa,DZA,2010,14332.971683
pwt100-pib-per-capita-mapa,DZA,2011,15484.381821
pwt100-pib-per-capita-mapa,DZA,2012,14659.238624
pwt100-pib-per-capita-mapa,DZA,2013,13660.635865
pwt100-pib-per-capita-mapa,DZA,2014,13199.802096
pwt100-pib-per-capita-mapa,DZA,2015,11826.535707
pwt100-pib-per-capita-mapa,DZA,2016,11128.599174
pwt100-pib-per-capita-mapa,DZA,2017,10928.876711
pwt100-pib-per-capita-mapa,DZA,2018,11394.364547
pwt100-pib-per-capita-mapa,DZA,2019,11356.973073
pwt100-pib-per-capita-mapa,ECU,1950,3291.550889
pwt100-pib-per-capita-mapa,ECU,1951,3316.266821
pwt100-pib-per-capita-mapa,ECU,1952,3535.358623
pwt100-pib-per-capita-mapa,ECU,1953,3649.723743
pwt100-pib-per-capita-mapa,ECU,1954,3951.801637
pwt100-pib-per-capita-mapa,ECU,1955,4006.357131
pwt100-pib-per-capita-mapa,ECU,1956,4013.383744
pwt100-pib-per-capita-mapa,ECU,1957,4043.264578
pwt100-pib-per-capita-mapa,ECU,1958,4000.897829
pwt100-pib-per-capita-mapa,ECU,1959,4108.043983
pwt100-pib-per-capita-mapa,ECU,1960,4261.882391
pwt100-pib-per-capita-mapa,ECU,1961,4331.561608
pwt100-pib-per-capita-mapa,ECU,1962,4388.542547
pwt100-pib-per-capita-mapa,ECU,1963,4340.968355
pwt100-pib-per-capita-mapa,ECU,1964,4534.075382
pwt100-pib-per-capita-mapa,ECU,1965,4530.324779
pwt100-pib-per-capita-mapa,ECU,1966,4544.812534
pwt100-pib-per-capita-mapa,ECU,1967,4749.300299
pwt100-pib-per-capita-mapa,ECU,1968,4844.643783
pwt100-pib-per-capita-mapa,ECU,1969,4816.964904
pwt100-pib-per-capita-mapa,ECU,1970,5058.31641
pwt100-pib-per-capita-mapa,ECU,1971,5168.500523
pwt100-pib-per-capita-mapa,ECU,1972,5071.770382
pwt100-pib-per-capita-mapa,ECU,1973,5343.226069
pwt100-pib-per-capita-mapa,ECU,1974,6440.67549
pwt100-pib-per-capita-mapa,ECU,1975,6767.302983
pwt100-pib-per-capita-mapa,ECU,1976,7156.751184
pwt100-pib-per-capita-mapa,ECU,1977,7336.711123
pwt100-pib-per-capita-mapa,ECU,1978,7387.016768
pwt100-pib-per-capita-mapa,ECU,1979,7690.062978
pwt100-pib-per-capita-mapa,ECU,1980,7866.897751
pwt100-pib-per-capita-mapa,ECU,1981,7843.920487
pwt100-pib-per-capita-mapa,ECU,1982,7499.526553
pwt100-pib-per-capita-mapa,ECU,1983,7111.489647
pwt100-pib-per-capita-mapa,ECU,1984,7032.008594
pwt100-pib-per-capita-mapa,ECU,1985,7171.779726
pwt100-pib-per-capita-mapa,ECU,1986,6625.259827
pwt100-pib-per-capita-mapa,ECU,1987,6333.685432
pwt100-pib-per-capita-mapa,ECU,1988,6022.266368
pwt100-pib-per-capita-mapa,ECU,1989,5964.365044
pwt100-pib-per-capita-mapa,ECU,1990,6235.639676
pwt100-pib-per-capita-mapa,ECU,1991,6273.373027
pwt100-pib-per-capita-mapa,ECU,1992,6249.278103
pwt100-pib-per-capita-mapa,ECU,1993,5679.297439
pwt100-pib-per-capita-mapa,ECU,1994,5699.017841
pwt100-pib-per-capita-mapa,ECU,1995,5597.285126
pwt100-pib-per-capita-mapa,ECU,1996,5547.774836
pwt100-pib-per-capita-mapa,ECU,1997,5697.688971
pwt100-pib-per-capita-mapa,ECU,1998,5637.23114
pwt100-pib-per-capita-mapa,ECU,1999,5373.878481
pwt100-pib-per-capita-mapa,ECU,2000,5603.018779
pwt100-pib-per-capita-mapa,ECU,2001,5671.09933
pwt100-pib-per-capita-mapa,ECU,2002,6117.333666
pwt100-pib-per-capita-mapa,ECU,2003,6437.062518
pwt100-pib-per-capita-mapa,ECU,2004,7005.414094
pwt100-pib-per-capita-mapa,ECU,2005,7711.212128
pwt100-pib-per-capita-mapa,ECU,2006,8230.889374
pwt100-pib-per-capita-mapa,ECU,2007,8596.222897
pwt100-pib-per-capita-mapa,ECU,2008,9347.98211
pwt100-pib-per-capita-mapa,ECU,2009,9035.213699
pwt100-pib-per-capita-mapa,ECU,2010,9474.857034
pwt100-pib-per-capita-mapa,ECU,2011,10372.410871
pwt100-pib-per-capita-mapa,ECU,2012,10903.426231
pwt100-pib-per-capita-mapa,ECU,2013,11494.724979
pwt100-pib-per-capita-mapa,ECU,2014,11845.986497
pwt100-pib-per-capita-mapa,ECU,2015,11267.826858
pwt100-pib-per-capita-mapa,ECU,2016,11023.201257
pwt100-pib-per-capita-mapa,ECU,2017,11419.338479
pwt100-pib-per-capita-mapa,ECU,2018,11420.04063
pwt100-pib-per-capita-mapa,ECU,2019,11238.183766
pwt100-pib-per-capita-mapa,EGY,1950,700.662529
pwt100-pib-per-capita-mapa,EGY,1951,710.288297
pwt100-pib-per-capita-mapa,EGY,1952,640.32381
pwt100-pib-per-capita-mapa,EGY,1953,626.380629
pwt100-pib-per-capita-mapa,EGY,1954,650.115621
pwt100-pib-per-capita-mapa,EGY,1955,663.030083
pwt100-pib-per-capita-mapa,EGY,1956,671.085654
pwt100-pib-per-capita-mapa,EGY,1957,683.822081
pwt100-pib-per-capita-mapa,EGY,1958,677.379215
pwt100-pib-per-capita-mapa,EGY,1959,733.798512
pwt100-pib-per-capita-mapa,EGY,1960,742.330005
pwt100-pib-per-capita-mapa,EGY,1961,755.49801
pwt100-pib-per-capita-mapa,EGY,1962,778.236555
pwt100-pib-per-capita-mapa,EGY,1963,825.812216
pwt100-pib-per-capita-mapa,EGY,1964,912.448247
pwt100-pib-per-capita-mapa,EGY,1965,924.501752
pwt100-pib-per-capita-mapa,EGY,1966,933.665171
pwt100-pib-per-capita-mapa,EGY,1967,945.13019
pwt100-pib-per-capita-mapa,EGY,1968,1020.894832
pwt100-pib-per-capita-mapa,EGY,1969,1074.403133
pwt100-pib-per-capita-mapa,EGY,1970,1196.512415
pwt100-pib-per-capita-mapa,EGY,1971,1192.540721
pwt100-pib-per-capita-mapa,EGY,1972,1241.329642
pwt100-pib-per-capita-mapa,EGY,1973,1225.221869
pwt100-pib-per-capita-mapa,EGY,1974,1323.498115
pwt100-pib-per-capita-mapa,EGY,1975,1346.930716
pwt100-pib-per-capita-mapa,EGY,1976,1357.128017
pwt100-pib-per-capita-mapa,EGY,1977,1405.023287
pwt100-pib-per-capita-mapa,EGY,1978,1440.571961
pwt100-pib-per-capita-mapa,EGY,1979,1398.144562
pwt100-pib-per-capita-mapa,EGY,1980,1403.880432
pwt100-pib-per-capita-mapa,EGY,1981,1568.781375
pwt100-pib-per-capita-mapa,EGY,1982,1539.252015
pwt100-pib-per-capita-mapa,EGY,1983,1728.972509
pwt100-pib-per-capita-mapa,EGY,1984,1907.583611
pwt100-pib-per-capita-mapa,EGY,1985,1988.843445
pwt100-pib-per-capita-mapa,EGY,1986,1956.715263
pwt100-pib-per-capita-mapa,EGY,1987,1963.032381
pwt100-pib-per-capita-mapa,EGY,1988,1888.983542
pwt100-pib-per-capita-mapa,EGY,1989,2047.041054
pwt100-pib-per-capita-mapa,EGY,1990,2237.634075
pwt100-pib-per-capita-mapa,EGY,1991,2536.060949
pwt100-pib-per-capita-mapa,EGY,1992,2749.08294
pwt100-pib-per-capita-mapa,EGY,1993,3156.487473
pwt100-pib-per-capita-mapa,EGY,1994,3528.832254
pwt100-pib-per-capita-mapa,EGY,1995,4058.772391
pwt100-pib-per-capita-mapa,EGY,1996,4782.562252
pwt100-pib-per-capita-mapa,EGY,1997,4910.485679
pwt100-pib-per-capita-mapa,EGY,1998,4867.430656
pwt100-pib-per-capita-mapa,EGY,1999,5040.746811
pwt100-pib-per-capita-mapa,EGY,2000,5182.506321
pwt100-pib-per-capita-mapa,EGY,2001,5332.982843
pwt100-pib-per-capita-mapa,EGY,2002,5384.775473
pwt100-pib-per-capita-mapa,EGY,2003,5505.899726
pwt100-pib-per-capita-mapa,EGY,2004,5653.830283
pwt100-pib-per-capita-mapa,EGY,2005,5742.891004
pwt100-pib-per-capita-mapa,EGY,2006,6239.436158
pwt100-pib-per-capita-mapa,EGY,2007,7020.791401
pwt100-pib-per-capita-mapa,EGY,2008,7835.775509
pwt100-pib-per-capita-mapa,EGY,2009,8714.870406
pwt100-pib-per-capita-mapa,EGY,2010,9653.48466
pwt100-pib-per-capita-mapa,EGY,2011,10516.366867
pwt100-pib-per-capita-mapa,EGY,2012,11941.851879
pwt100-pib-per-capita-mapa,EGY,2013,11665.461564
pwt100-pib-per-capita-mapa,EGY,2014,11329.681614
pwt100-pib-per-capita-mapa,EGY,2015,11574.621586
pwt100-pib-per-capita-mapa,EGY,2016,10957.003136
pwt100-pib-per-capita-mapa,EGY,2017,10425.74385
pwt100-pib-per-capita-mapa,EGY,2018,10733.917185
pwt100-pib-per-capita-mapa,EGY,2019,10975.896758
pwt100-pib-per-capita-mapa,ESP,1950,3837.4303
pwt100-pib-per-capita-mapa,ESP,1951,4442.640751
pwt100-pib-per-capita-mapa,ESP,1952,4596.659482
pwt100-pib-per-capita-mapa,ESP,1953,4388.142774
pwt100-pib-per-capita-mapa,ESP,1954,4919.427825
pwt100-pib-per-capita-mapa,ESP,1955,5131.954021
pwt100-pib-per-capita-mapa,ESP,1956,5466.188065
pwt100-pib-per-capita-mapa,ESP,1957,5671.590153
pwt100-pib-per-capita-mapa,ESP,1958,5865.265436
pwt100-pib-per-capita-mapa,ESP,1959,5684.337646
pwt100-pib-per-capita-mapa,ESP,1960,6251.700804
pwt100-pib-per-capita-mapa,ESP,1961,6898.983934
pwt100-pib-per-capita-mapa,ESP,1962,7509.678441
pwt100-pib-per-capita-mapa,ESP,1963,8161.915243
pwt100-pib-per-capita-mapa,ESP,1964,8508.507579
pwt100-pib-per-capita-mapa,ESP,1965,8901.162352
pwt100-pib-per-capita-mapa,ESP,1966,9536.867958
pwt100-pib-per-capita-mapa,ESP,1967,9966.323157
pwt100-pib-per-capita-mapa,ESP,1968,10541.176284
pwt100-pib-per-capita-mapa,ESP,1969,11432.652909
pwt100-pib-per-capita-mapa,ESP,1970,11813.735731
pwt100-pib-per-capita-mapa,ESP,1971,12293.728
pwt100-pib-per-capita-mapa,ESP,1972,13205.652042
pwt100-pib-per-capita-mapa,ESP,1973,14040.029442
pwt100-pib-per-capita-mapa,ESP,1974,14221.585981
pwt100-pib-per-capita-mapa,ESP,1975,14255.923256
pwt100-pib-per-capita-mapa,ESP,1976,14785.031954
pwt100-pib-per-capita-mapa,ESP,1977,15254.441781
pwt100-pib-per-capita-mapa,ESP,1978,15734.167974
pwt100-pib-per-capita-mapa,ESP,1979,15883.295472
pwt100-pib-per-capita-mapa,ESP,1980,15982.881847
pwt100-pib-per-capita-mapa,ESP,1981,14882.768335
pwt100-pib-per-capita-mapa,ESP,1982,14376.965486
pwt100-pib-per-capita-mapa,ESP,1983,13922.601698
pwt100-pib-per-capita-mapa,ESP,1984,13694.322213
pwt100-pib-per-capita-mapa,ESP,1985,13555.340421
pwt100-pib-per-capita-mapa,ESP,1986,14468.466227
pwt100-pib-per-capita-mapa,ESP,1987,15532.086706
pwt100-pib-per-capita-mapa,ESP,1988,16673.443811
pwt100-pib-per-capita-mapa,ESP,1989,17829.560499
pwt100-pib-per-capita-mapa,ESP,1990,18955.64125
pwt100-pib-per-capita-mapa,ESP,1991,19866.865653
pwt100-pib-per-capita-mapa,ESP,1992,20408.809874
pwt100-pib-per-capita-mapa,ESP,1993,20333.789379
pwt100-pib-per-capita-mapa,ESP,1994,21152.494087
pwt100-pib-per-capita-mapa,ESP,1995,22277.963984
pwt100-pib-per-capita-mapa,ESP,1996,23009.34641
pwt100-pib-per-capita-mapa,ESP,1997,24663.048551
pwt100-pib-per-capita-mapa,ESP,1998,26584.901183
pwt100-pib-per-capita-mapa,ESP,1999,27503.425456
pwt100-pib-per-capita-mapa,ESP,2000,28637.542433
pwt100-pib-per-capita-mapa,ESP,2001,29270.511181
pwt100-pib-per-capita-mapa,ESP,2002,29978.505274
pwt100-pib-per-capita-mapa,ESP,2003,30208.697776
pwt100-pib-per-capita-mapa,ESP,2004,31221.419336
pwt100-pib-per-capita-mapa,ESP,2005,32768.68158
pwt100-pib-per-capita-mapa,ESP,2006,35582.281144
pwt100-pib-per-capita-mapa,ESP,2007,37641.724212
pwt100-pib-per-capita-mapa,ESP,2008,37705.203093
pwt100-pib-per-capita-mapa,ESP,2009,36059.775052
pwt100-pib-per-capita-mapa,ESP,2010,35383.815479
pwt100-pib-per-capita-mapa,ESP,2011,35014.561136
pwt100-pib-per-capita-mapa,ESP,2012,34573.97904
pwt100-pib-per-capita-mapa,ESP,2013,34235.427751
pwt100-pib-per-capita-mapa,ESP,2014,34412.773226
pwt100-pib-per-capita-mapa,ESP,2015,36533.876382
pwt100-pib-per-capita-mapa,ESP,2016,38161.934583
pwt100-pib-per-capita-mapa,ESP,2017,39730.15136
pwt100-pib-per-capita-mapa,ESP,2018,40667.046446
pwt100-pib-per-capita-mapa,ESP,2019,41352.416457
pwt100-pib-per-capita-mapa,EST,1990,11346.441809
pwt100-pib-per-capita-mapa,EST,1991,12078.440009
pwt100-pib-per-capita-mapa,EST,1992,9576.472856
pwt100-pib-per-capita-mapa,EST,1993,9391.756023
pwt100-pib-per-capita-mapa,EST,1994,9270.216371
pwt100-pib-per-capita-mapa,EST,1995,10424.652583
pwt100-pib-per-capita-mapa,EST,1996,11083.580314
pwt100-pib-per-capita-mapa,EST,1997,11729.131674
pwt100-pib-per-capita-mapa,EST,1998,11957.440141
pwt100-pib-per-capita-mapa,EST,1999,11921.755268
pwt100-pib-per-capita-mapa,EST,2000,13031.789874
pwt100-pib-per-capita-mapa,EST,2001,13730.974107
pwt100-pib-per-capita-mapa,EST,2002,14770.76948
pwt100-pib-per-capita-mapa,EST,2003,16047.520379
pwt100-pib-per-capita-mapa,EST,2004,17443.615747
pwt100-pib-per-capita-mapa,EST,2005,19819.48854
pwt100-pib-per-capita-mapa,EST,2006,22373.188486
pwt100-pib-per-capita-mapa,EST,2007,25562.360452
pwt100-pib-per-capita-mapa,EST,2008,25892.852479
pwt100-pib-per-capita-mapa,EST,2009,23494.406792
pwt100-pib-per-capita-mapa,EST,2010,24817.990762
pwt100-pib-per-capita-mapa,EST,2011,27839.187536
pwt100-pib-per-capita-mapa,EST,2012,29213.928088
pwt100-pib-per-capita-mapa,EST,2013,29576.791003
pwt100-pib-per-capita-mapa,EST,2014,30490.480323
pwt100-pib-per-capita-mapa,EST,2015,31048.763495
pwt100-pib-per-capita-mapa,EST,2016,32298.872825
pwt100-pib-per-capita-mapa,EST,2017,34228.359081
pwt100-pib-per-capita-mapa,EST,2018,35561.402522
pwt100-pib-per-capita-mapa,EST,2019,37120.737368
pwt100-pib-per-capita-mapa,ETH,1950,404.29772
pwt100-pib-per-capita-mapa,ETH,1951,454.419767
pwt100-pib-per-capita-mapa,ETH,1952,464.955774
pwt100-pib-per-capita-mapa,ETH,1953,487.440179
pwt100-pib-per-capita-mapa,ETH,1954,481.706199
pwt100-pib-per-capita-mapa,ETH,1955,482.896583
pwt100-pib-per-capita-mapa,ETH,1956,498.151153
pwt100-pib-per-capita-mapa,ETH,1957,486.243514
pwt100-pib-per-capita-mapa,ETH,1958,479.798784
pwt100-pib-per-capita-mapa,ETH,1959,502.944054
pwt100-pib-per-capita-mapa,ETH,1960,516.729531
pwt100-pib-per-capita-mapa,ETH,1961,527.297763
pwt100-pib-per-capita-mapa,ETH,1962,534.601411
pwt100-pib-per-capita-mapa,ETH,1963,539.890739
pwt100-pib-per-capita-mapa,ETH,1964,567.94281
pwt100-pib-per-capita-mapa,ETH,1965,595.160065
pwt100-pib-per-capita-mapa,ETH,1966,600.990595
pwt100-pib-per-capita-mapa,ETH,1967,594.894852
pwt100-pib-per-capita-mapa,ETH,1968,608.979935
pwt100-pib-per-capita-mapa,ETH,1969,644.637109
pwt100-pib-per-capita-mapa,ETH,1970,626.731541
pwt100-pib-per-capita-mapa,ETH,1971,636.090341
pwt100-pib-per-capita-mapa,ETH,1972,649.526728
pwt100-pib-per-capita-mapa,ETH,1973,648.103609
pwt100-pib-per-capita-mapa,ETH,1974,641.923874
pwt100-pib-per-capita-mapa,ETH,1975,648.240997
pwt100-pib-per-capita-mapa,ETH,1976,660.206696
pwt100-pib-per-capita-mapa,ETH,1977,660.782034
pwt100-pib-per-capita-mapa,ETH,1978,662.203658
pwt100-pib-per-capita-mapa,ETH,1979,671.491324
pwt100-pib-per-capita-mapa,ETH,1980,695.171638
pwt100-pib-per-capita-mapa,ETH,1981,753.805957
pwt100-pib-per-capita-mapa,ETH,1982,800.613541
pwt100-pib-per-capita-mapa,ETH,1983,898.249163
pwt100-pib-per-capita-mapa,ETH,1984,882.332467
pwt100-pib-per-capita-mapa,ETH,1985,915.516817
pwt100-pib-per-capita-mapa,ETH,1986,867.743028
pwt100-pib-per-capita-mapa,ETH,1987,827.929551
pwt100-pib-per-capita-mapa,ETH,1988,789.196992
pwt100-pib-per-capita-mapa,ETH,1989,714.614493
pwt100-pib-per-capita-mapa,ETH,1990,780.069018
pwt100-pib-per-capita-mapa,ETH,1991,699.744771
pwt100-pib-per-capita-mapa,ETH,1992,603.648644
pwt100-pib-per-capita-mapa,ETH,1993,626.106846
pwt100-pib-per-capita-mapa,ETH,1994,564.981697
pwt100-pib-per-capita-mapa,ETH,1995,605.149614
pwt100-pib-per-capita-mapa,ETH,1996,601.356146
pwt100-pib-per-capita-mapa,ETH,1997,646.057642
pwt100-pib-per-capita-mapa,ETH,1998,569.625853
pwt100-pib-per-capita-mapa,ETH,1999,566.048373
pwt100-pib-per-capita-mapa,ETH,2000,554.513721
pwt100-pib-per-capita-mapa,ETH,2001,598.638453
pwt100-pib-per-capita-mapa,ETH,2002,528.725249
pwt100-pib-per-capita-mapa,ETH,2003,514.657507
pwt100-pib-per-capita-mapa,ETH,2004,600.379369
pwt100-pib-per-capita-mapa,ETH,2005,679.110354
pwt100-pib-per-capita-mapa,ETH,2006,686.001622
pwt100-pib-per-capita-mapa,ETH,2007,809.664217
pwt100-pib-per-capita-mapa,ETH,2008,848.186011
pwt100-pib-per-capita-mapa,ETH,2009,915.178104
pwt100-pib-per-capita-mapa,ETH,2010,1010.825773
pwt100-pib-per-capita-mapa,ETH,2011,1121.03717
pwt100-pib-per-capita-mapa,ETH,2012,1206.148098
pwt100-pib-per-capita-mapa,ETH,2013,1254.909939
pwt100-pib-per-capita-mapa,ETH,2014,1439.923629
pwt100-pib-per-capita-mapa,ETH,2015,1593.021289
pwt100-pib-per-capita-mapa,ETH,2016,1813.765705
pwt100-pib-per-capita-mapa,ETH,2017,1896.284983
pwt100-pib-per-capita-mapa,ETH,2018,2097.194818
pwt100-pib-per-capita-mapa,ETH,2019,2552.113646
pwt100-pib-per-capita-mapa,FIN,1950,6430.02488
pwt100-pib-per-capita-mapa,FIN,1951,7582.072909
pwt100-pib-per-capita-mapa,FIN,1952,7589.617659
pwt100-pib-per-capita-mapa,FIN,1953,7221.537034
pwt100-pib-per-capita-mapa,FIN,1954,7997.955353
pwt100-pib-per-capita-mapa,FIN,1955,8673.366985
pwt100-pib-per-capita-mapa,FIN,1956,8738.846167
pwt100-pib-per-capita-mapa,FIN,1957,8608.733279
pwt100-pib-per-capita-mapa,FIN,1958,8532.274954
pwt100-pib-per-capita-mapa,FIN,1959,9117.458326
pwt100-pib-per-capita-mapa,FIN,1960,9996.589672
pwt100-pib-per-capita-mapa,FIN,1961,10942.402806
pwt100-pib-per-capita-mapa,FIN,1962,11057.87823
pwt100-pib-per-capita-mapa,FIN,1963,11226.655257
pwt100-pib-per-capita-mapa,FIN,1964,11737.465272
pwt100-pib-per-capita-mapa,FIN,1965,12503.14367
pwt100-pib-per-capita-mapa,FIN,1966,12795.355672
pwt100-pib-per-capita-mapa,FIN,1967,13004.024629
pwt100-pib-per-capita-mapa,FIN,1968,13488.884889
pwt100-pib-per-capita-mapa,FIN,1969,14941.246625
pwt100-pib-per-capita-mapa,FIN,1970,16257.49805
pwt100-pib-per-capita-mapa,FIN,1971,16455.198577
pwt100-pib-per-capita-mapa,FIN,1972,17420.651249
pwt100-pib-per-capita-mapa,FIN,1973,18637.847838
pwt100-pib-per-capita-mapa,FIN,1974,19105.387205
pwt100-pib-per-capita-mapa,FIN,1975,18909.735795
pwt100-pib-per-capita-mapa,FIN,1976,18835.573467
pwt100-pib-per-capita-mapa,FIN,1977,18569.803349
pwt100-pib-per-capita-mapa,FIN,1978,18881.659759
pwt100-pib-per-capita-mapa,FIN,1979,20476.170765
pwt100-pib-per-capita-mapa,FIN,1980,21253.770694
pwt100-pib-per-capita-mapa,FIN,1981,21135.144703
pwt100-pib-per-capita-mapa,FIN,1982,21358.918701
pwt100-pib-per-capita-mapa,FIN,1983,21520.239361
pwt100-pib-per-capita-mapa,FIN,1984,21997.541173
pwt100-pib-per-capita-mapa,FIN,1985,22187.050137
pwt100-pib-per-capita-mapa,FIN,1986,23055.178257
pwt100-pib-per-capita-mapa,FIN,1987,24030.800889
pwt100-pib-per-capita-mapa,FIN,1988,25913.689946
pwt100-pib-per-capita-mapa,FIN,1989,27468.664703
pwt100-pib-per-capita-mapa,FIN,1990,27259.46913
pwt100-pib-per-capita-mapa,FIN,1991,24694.47644
pwt100-pib-per-capita-mapa,FIN,1992,23593.803426
pwt100-pib-per-capita-mapa,FIN,1993,23204.264375
pwt100-pib-per-capita-mapa,FIN,1994,24609.979587
pwt100-pib-per-capita-mapa,FIN,1995,26810.077715
pwt100-pib-per-capita-mapa,FIN,1996,27146.271792
pwt100-pib-per-capita-mapa,FIN,1997,29907.751785
pwt100-pib-per-capita-mapa,FIN,1998,32777.002898
pwt100-pib-per-capita-mapa,FIN,1999,34244.388709
pwt100-pib-per-capita-mapa,FIN,2000,35862.975799
pwt100-pib-per-capita-mapa,FIN,2001,35952.306034
pwt100-pib-per-capita-mapa,FIN,2002,35544.466377
pwt100-pib-per-capita-mapa,FIN,2003,35543.812306
pwt100-pib-per-capita-mapa,FIN,2004,37271.379267
pwt100-pib-per-capita-mapa,FIN,2005,38435.350619
pwt100-pib-per-capita-mapa,FIN,2006,40054.210301
pwt100-pib-per-capita-mapa,FIN,2007,43590.674366
pwt100-pib-per-capita-mapa,FIN,2008,45401.327633
pwt100-pib-per-capita-mapa,FIN,2009,42740.752302
pwt100-pib-per-capita-mapa,FIN,2010,43734.925892
pwt100-pib-per-capita-mapa,FIN,2011,45162.549758
pwt100-pib-per-capita-mapa,FIN,2012,44427.201548
pwt100-pib-per-capita-mapa,FIN,2013,43379.817561
pwt100-pib-per-capita-mapa,FIN,2014,42539.696358
pwt100-pib-per-capita-mapa,FIN,2015,43314.657451
pwt100-pib-per-capita-mapa,FIN,2016,44627.917895
pwt100-pib-per-capita-mapa,FIN,2017,46025.951392
pwt100-pib-per-capita-mapa,FIN,2018,46773.210432
pwt100-pib-per-capita-mapa,FIN,2019,47181.848044
pwt100-pib-per-capita-mapa,FJI,1960,2920.091493
pwt100-pib-per-capita-mapa,FJI,1961,2902.554661
pwt100-pib-per-capita-mapa,FJI,1962,2855.278741
pwt100-pib-per-capita-mapa,FJI,1963,3303.54092
pwt100-pib-per-capita-mapa,FJI,1964,3655.127713
pwt100-pib-per-capita-mapa,FJI,1965,2854.590761
pwt100-pib-per-capita-mapa,FJI,1966,2894.687283
pwt100-pib-per-capita-mapa,FJI,1967,3021.28576
pwt100-pib-per-capita-mapa,FJI,1968,3296.106604
pwt100-pib-per-capita-mapa,FJI,1969,3383.826254
pwt100-pib-per-capita-mapa,FJI,1970,3662.348093
pwt100-pib-per-capita-mapa,FJI,1971,3839.503565
pwt100-pib-per-capita-mapa,FJI,1972,4060.311925
pwt100-pib-per-capita-mapa,FJI,1973,4432.095752
pwt100-pib-per-capita-mapa,FJI,1974,4727.812792
pwt100-pib-per-capita-mapa,FJI,1975,5082.36327
pwt100-pib-per-capita-mapa,FJI,1976,5004.720137
pwt100-pib-per-capita-mapa,FJI,1977,5217.994968
pwt100-pib-per-capita-mapa,FJI,1978,5269.137156
pwt100-pib-per-capita-mapa,FJI,1979,5940.988122
pwt100-pib-per-capita-mapa,FJI,1980,5884.872869
pwt100-pib-per-capita-mapa,FJI,1981,5335.396742
pwt100-pib-per-capita-mapa,FJI,1982,5123.592849
pwt100-pib-per-capita-mapa,FJI,1983,4915.664961
pwt100-pib-per-capita-mapa,FJI,1984,5096.831261
pwt100-pib-per-capita-mapa,FJI,1985,5160.534102
pwt100-pib-per-capita-mapa,FJI,1986,5185.415618
pwt100-pib-per-capita-mapa,FJI,1987,5164.869889
pwt100-pib-per-capita-mapa,FJI,1988,5309.553886
pwt100-pib-per-capita-mapa,FJI,1989,5729.72737
pwt100-pib-per-capita-mapa,FJI,1990,6185.912956
pwt100-pib-per-capita-mapa,FJI,1991,5970.949836
pwt100-pib-per-capita-mapa,FJI,1992,6144.823184
pwt100-pib-per-capita-mapa,FJI,1993,6159.470548
pwt100-pib-per-capita-mapa,FJI,1994,6330.341475
pwt100-pib-per-capita-mapa,FJI,1995,6387.056267
pwt100-pib-per-capita-mapa,FJI,1996,6655.663011
pwt100-pib-per-capita-mapa,FJI,1997,6326.271279
pwt100-pib-per-capita-mapa,FJI,1998,6221.421258
pwt100-pib-per-capita-mapa,FJI,1999,6544.302722
pwt100-pib-per-capita-mapa,FJI,2000,6301.56248
pwt100-pib-per-capita-mapa,FJI,2001,6303.930054
pwt100-pib-per-capita-mapa,FJI,2002,6400.585423
pwt100-pib-per-capita-mapa,FJI,2003,6350.731657
pwt100-pib-per-capita-mapa,FJI,2004,6542.66785
pwt100-pib-per-capita-mapa,FJI,2005,6439.575223
pwt100-pib-per-capita-mapa,FJI,2006,6831.867261
pwt100-pib-per-capita-mapa,FJI,2007,6984.505358
pwt100-pib-per-capita-mapa,FJI,2008,7266.976193
pwt100-pib-per-capita-mapa,FJI,2009,7490.264359
pwt100-pib-per-capita-mapa,FJI,2010,8086.619489
pwt100-pib-per-capita-mapa,FJI,2011,8794.620244
pwt100-pib-per-capita-mapa,FJI,2012,9404.499544
pwt100-pib-per-capita-mapa,FJI,2013,9872.599123
pwt100-pib-per-capita-mapa,FJI,2014,11468.903247
pwt100-pib-per-capita-mapa,FJI,2015,12474.781052
pwt100-pib-per-capita-mapa,FJI,2016,12397.982236
pwt100-pib-per-capita-mapa,FJI,2017,12852.430106
pwt100-pib-per-capita-mapa,FJI,2018,13443.174805
pwt100-pib-per-capita-mapa,FJI,2019,13748.438251
pwt100-pib-per-capita-mapa,FRA,1950,7657.224737
pwt100-pib-per-capita-mapa,FRA,1951,7943.833572
pwt100-pib-per-capita-mapa,FRA,1952,8147.94196
pwt100-pib-per-capita-mapa,FRA,1953,8476.298576
pwt100-pib-per-capita-mapa,FRA,1954,8881.593618
pwt100-pib-per-capita-mapa,FRA,1955,9290.10136
pwt100-pib-per-capita-mapa,FRA,1956,9671.371704
pwt100-pib-per-capita-mapa,FRA,1957,10105.971577
pwt100-pib-per-capita-mapa,FRA,1958,10310.274249
pwt100-pib-per-capita-mapa,FRA,1959,10550.457879
pwt100-pib-per-capita-mapa,FRA,1960,11326.729966
pwt100-pib-per-capita-mapa,FRA,1961,11748.185463
pwt100-pib-per-capita-mapa,FRA,1962,12272.304546
pwt100-pib-per-capita-mapa,FRA,1963,12866.807281
pwt100-pib-per-capita-mapa,FRA,1964,13599.991837
pwt100-pib-per-capita-mapa,FRA,1965,14116.597545
pwt100-pib-per-capita-mapa,FRA,1966,14740.081718
pwt100-pib-per-capita-mapa,FRA,1967,15365.425095
pwt100-pib-per-capita-mapa,FRA,1968,15915.794013
pwt100-pib-per-capita-mapa,FRA,1969,16926.752576
pwt100-pib-per-capita-mapa,FRA,1970,17765.433707
pwt100-pib-per-capita-mapa,FRA,1971,18685.257292
pwt100-pib-per-capita-mapa,FRA,1972,19589.242119
pwt100-pib-per-capita-mapa,FRA,1973,20892.6535
pwt100-pib-per-capita-mapa,FRA,1974,21214.282114
pwt100-pib-per-capita-mapa,FRA,1975,21160.448025
pwt100-pib-per-capita-mapa,FRA,1976,22093.943912
pwt100-pib-per-capita-mapa,FRA,1977,22822.213061
pwt100-pib-per-capita-mapa,FRA,1978,23964.024823
pwt100-pib-per-capita-mapa,FRA,1979,24841.682788
pwt100-pib-per-capita-mapa,FRA,1980,24951.629784
pwt100-pib-per-capita-mapa,FRA,1981,24074.614359
pwt100-pib-per-capita-mapa,FRA,1982,23948.488927
pwt100-pib-per-capita-mapa,FRA,1983,23581.555204
pwt100-pib-per-capita-mapa,FRA,1984,23144.986163
pwt100-pib-per-capita-mapa,FRA,1985,22876.625267
pwt100-pib-per-capita-mapa,FRA,1986,23797.097865
pwt100-pib-per-capita-mapa,FRA,1987,24302.993562
pwt100-pib-per-capita-mapa,FRA,1988,25508.009642
pwt100-pib-per-capita-mapa,FRA,1989,26466.036231
pwt100-pib-per-capita-mapa,FRA,1990,27157.391539
pwt100-pib-per-capita-mapa,FRA,1991,27213.951122
pwt100-pib-per-capita-mapa,FRA,1992,27522.135239
pwt100-pib-per-capita-mapa,FRA,1993,27168.344425
pwt100-pib-per-capita-mapa,FRA,1994,27735.398444
pwt100-pib-per-capita-mapa,FRA,1995,28188.949075
pwt100-pib-per-capita-mapa,FRA,1996,28596.525264
pwt100-pib-per-capita-mapa,FRA,1997,30250.312004
pwt100-pib-per-capita-mapa,FRA,1998,32256.506948
pwt100-pib-per-capita-mapa,FRA,1999,33549.863626
pwt100-pib-per-capita-mapa,FRA,2000,35082.444485
pwt100-pib-per-capita-mapa,FRA,2001,35880.175925
pwt100-pib-per-capita-mapa,FRA,2002,35864.443273
pwt100-pib-per-capita-mapa,FRA,2003,34487.611718
pwt100-pib-per-capita-mapa,FRA,2004,35076.935927
pwt100-pib-per-capita-mapa,FRA,2005,36651.405147
pwt100-pib-per-capita-mapa,FRA,2006,38004.857468
pwt100-pib-per-capita-mapa,FRA,2007,39716.502293
pwt100-pib-per-capita-mapa,FRA,2008,39974.848483
pwt100-pib-per-capita-mapa,FRA,2009,39000.735528
pwt100-pib-per-capita-mapa,FRA,2010,40244.188126
pwt100-pib-per-capita-mapa,FRA,2011,41042.997415
pwt100-pib-per-capita-mapa,FRA,2012,41370.622231
pwt100-pib-per-capita-mapa,FRA,2013,41003.531154
pwt100-pib-per-capita-mapa,FRA,2014,40729.435104
pwt100-pib-per-capita-mapa,FRA,2015,41630.880778
pwt100-pib-per-capita-mapa,FRA,2016,42189.296866
pwt100-pib-per-capita-mapa,FRA,2017,43597.461751
pwt100-pib-per-capita-mapa,FRA,2018,44135.919369
pwt100-pib-per-capita-mapa,FRA,2019,44822.997115
pwt100-pib-per-capita-mapa,GAB,1960,2919.487184
pwt100-pib-per-capita-mapa,GAB,1961,3095.24382
pwt100-pib-per-capita-mapa,GAB,1962,3451.964854
pwt100-pib-per-capita-mapa,GAB,1963,4130.375615
pwt100-pib-per-capita-mapa,GAB,1964,4512.520969
pwt100-pib-per-capita-mapa,GAB,1965,5028.575827
pwt100-pib-per-capita-mapa,GAB,1966,4489.47726
pwt100-pib-per-capita-mapa,GAB,1967,5051.381625
pwt100-pib-per-capita-mapa,GAB,1968,5017.365057
pwt100-pib-per-capita-mapa,GAB,1969,5271.872317
pwt100-pib-per-capita-mapa,GAB,1970,6006.376644
pwt100-pib-per-capita-mapa,GAB,1971,6593.465093
pwt100-pib-per-capita-mapa,GAB,1972,6278.785656
pwt100-pib-per-capita-mapa,GAB,1973,7095.907367
pwt100-pib-per-capita-mapa,GAB,1974,9281.976999
pwt100-pib-per-capita-mapa,GAB,1975,9207.07437
pwt100-pib-per-capita-mapa,GAB,1976,10979.271176
pwt100-pib-per-capita-mapa,GAB,1977,10463.733863
pwt100-pib-per-capita-mapa,GAB,1978,11468.111089
pwt100-pib-per-capita-mapa,GAB,1979,12388.191621
pwt100-pib-per-capita-mapa,GAB,1980,13953.667562
pwt100-pib-per-capita-mapa,GAB,1981,13833.16014
pwt100-pib-per-capita-mapa,GAB,1982,12388.365099
pwt100-pib-per-capita-mapa,GAB,1983,13328.468105
pwt100-pib-per-capita-mapa,GAB,1984,12789.658009
pwt100-pib-per-capita-mapa,GAB,1985,11455.613169
pwt100-pib-per-capita-mapa,GAB,1986,9015.416331
pwt100-pib-per-capita-mapa,GAB,1987,8139.735107
pwt100-pib-per-capita-mapa,GAB,1988,7442.771659
pwt100-pib-per-capita-mapa,GAB,1989,9832.737103
pwt100-pib-per-capita-mapa,GAB,1990,9573.417175
pwt100-pib-per-capita-mapa,GAB,1991,10017.578111
pwt100-pib-per-capita-mapa,GAB,1992,9349.772678
pwt100-pib-per-capita-mapa,GAB,1993,9043.339279
pwt100-pib-per-capita-mapa,GAB,1994,9486.083286
pwt100-pib-per-capita-mapa,GAB,1995,9500.814874
pwt100-pib-per-capita-mapa,GAB,1996,10337.80145
pwt100-pib-per-capita-mapa,GAB,1997,8684.827143
pwt100-pib-per-capita-mapa,GAB,1998,7622.786333
pwt100-pib-per-capita-mapa,GAB,1999,8576.882345
pwt100-pib-per-capita-mapa,GAB,2000,10743.447596
pwt100-pib-per-capita-mapa,GAB,2001,10338.662435
pwt100-pib-per-capita-mapa,GAB,2002,10391.060404
pwt100-pib-per-capita-mapa,GAB,2003,11528.844002
pwt100-pib-per-capita-mapa,GAB,2004,13706.41044
pwt100-pib-per-capita-mapa,GAB,2005,18984.179371
pwt100-pib-per-capita-mapa,GAB,2006,17173.592497
pwt100-pib-per-capita-mapa,GAB,2007,16400.521567
pwt100-pib-per-capita-mapa,GAB,2008,16360.06563
pwt100-pib-per-capita-mapa,GAB,2009,12907.378826
pwt100-pib-per-capita-mapa,GAB,2010,14780.794807
pwt100-pib-per-capita-mapa,GAB,2011,17024.296992
pwt100-pib-per-capita-mapa,GAB,2012,16372.078835
pwt100-pib-per-capita-mapa,GAB,2013,15890.338378
pwt100-pib-per-capita-mapa,GAB,2014,15661.520265
pwt100-pib-per-capita-mapa,GAB,2015,15300.173433
pwt100-pib-per-capita-mapa,GAB,2016,14657.760663
pwt100-pib-per-capita-mapa,GAB,2017,15072.232432
pwt100-pib-per-capita-mapa,GAB,2018,15355.707398
pwt100-pib-per-capita-mapa,GAB,2019,15359.093386
pwt100-pib-per-capita-mapa,GBR,1950,9967.019272
pwt100-pib-per-capita-mapa,GBR,1951,10079.438794
pwt100-pib-per-capita-mapa,GBR,1952,10176.051618
pwt100-pib-per-capita-mapa,GBR,1953,10747.181939
pwt100-pib-per-capita-mapa,GBR,1954,11112.857493
pwt100-pib-per-capita-mapa,GBR,1955,11507.447575
pwt100-pib-per-capita-mapa,GBR,1956,11770.124075
pwt100-pib-per-capita-mapa,GBR,1957,11943.247807
pwt100-pib-per-capita-mapa,GBR,1958,12025.547117
pwt100-pib-per-capita-mapa,GBR,1959,12379.897588
pwt100-pib-per-capita-mapa,GBR,1960,12861.09267
pwt100-pib-per-capita-mapa,GBR,1961,13104.363941
pwt100-pib-per-capita-mapa,GBR,1962,13187.81797
pwt100-pib-per-capita-mapa,GBR,1963,13592.445679
pwt100-pib-per-capita-mapa,GBR,1964,14308.948818
pwt100-pib-per-capita-mapa,GBR,1965,14618.825886
pwt100-pib-per-capita-mapa,GBR,1966,14886.778648
pwt100-pib-per-capita-mapa,GBR,1967,15167.447936
pwt100-pib-per-capita-mapa,GBR,1968,15641.968485
pwt100-pib-per-capita-mapa,GBR,1969,15898.453976
pwt100-pib-per-capita-mapa,GBR,1970,16302.417361
pwt100-pib-per-capita-mapa,GBR,1971,16552.883474
pwt100-pib-per-capita-mapa,GBR,1972,17079.280995
pwt100-pib-per-capita-mapa,GBR,1973,17888.254474
pwt100-pib-per-capita-mapa,GBR,1974,16738.910321
pwt100-pib-per-capita-mapa,GBR,1975,16686.064273
pwt100-pib-per-capita-mapa,GBR,1976,17437.556627
pwt100-pib-per-capita-mapa,GBR,1977,18306.393479
pwt100-pib-per-capita-mapa,GBR,1978,19724.450522
pwt100-pib-per-capita-mapa,GBR,1979,20926.686026
pwt100-pib-per-capita-mapa,GBR,1980,21379.718445
pwt100-pib-per-capita-mapa,GBR,1981,20944.939176
pwt100-pib-per-capita-mapa,GBR,1982,20978.289539
pwt100-pib-per-capita-mapa,GBR,1983,21478.620727
pwt100-pib-per-capita-mapa,GBR,1984,21675.856441
pwt100-pib-per-capita-mapa,GBR,1985,22256.074706
pwt100-pib-per-capita-mapa,GBR,1986,22539.188949
pwt100-pib-per-capita-mapa,GBR,1987,23448.752495
pwt100-pib-per-capita-mapa,GBR,1988,24555.248657
pwt100-pib-per-capita-mapa,GBR,1989,25041.601215
pwt100-pib-per-capita-mapa,GBR,1990,25198.653995
pwt100-pib-per-capita-mapa,GBR,1991,24501.141414
pwt100-pib-per-capita-mapa,GBR,1992,24419.704531
pwt100-pib-per-capita-mapa,GBR,1993,24975.20107
pwt100-pib-per-capita-mapa,GBR,1994,25676.432912
pwt100-pib-per-capita-mapa,GBR,1995,28092.934801
pwt100-pib-per-capita-mapa,GBR,1996,29626.036744
pwt100-pib-per-capita-mapa,GBR,1997,31468.501215
pwt100-pib-per-capita-mapa,GBR,1998,32795.654208
pwt100-pib-per-capita-mapa,GBR,1999,33990.732299
pwt100-pib-per-capita-mapa,GBR,2000,35659.86934
pwt100-pib-per-capita-mapa,GBR,2001,36314.665641
pwt100-pib-per-capita-mapa,GBR,2002,36609.745082
pwt100-pib-per-capita-mapa,GBR,2003,37482.615428
pwt100-pib-per-capita-mapa,GBR,2004,38747.8842
pwt100-pib-per-capita-mapa,GBR,2005,39307.607785
pwt100-pib-per-capita-mapa,GBR,2006,40568.558682
pwt100-pib-per-capita-mapa,GBR,2007,41128.644328
pwt100-pib-per-capita-mapa,GBR,2008,41054.493808
pwt100-pib-per-capita-mapa,GBR,2009,38589.462165
pwt100-pib-per-capita-mapa,GBR,2010,40132.098257
pwt100-pib-per-capita-mapa,GBR,2011,40022.011836
pwt100-pib-per-capita-mapa,GBR,2012,40955.404447
pwt100-pib-per-capita-mapa,GBR,2013,41636.799067
pwt100-pib-per-capita-mapa,GBR,2014,42263.133969
pwt100-pib-per-capita-mapa,GBR,2015,44231.829519
pwt100-pib-per-capita-mapa,GBR,2016,44878.024423
pwt100-pib-per-capita-mapa,GBR,2017,45525.346004
pwt100-pib-per-capita-mapa,GBR,2018,45880.510682
pwt100-pib-per-capita-mapa,GBR,2019,46186.632695
pwt100-pib-per-capita-mapa,GEO,1990,12011.224963
pwt100-pib-per-capita-mapa,GEO,1991,10286.321363
pwt100-pib-per-capita-mapa,GEO,1992,4521.719816
pwt100-pib-per-capita-mapa,GEO,1993,2690.971772
pwt100-pib-per-capita-mapa,GEO,1994,2464.835306
pwt100-pib-per-capita-mapa,GEO,1995,2591.31548
pwt100-pib-per-capita-mapa,GEO,1996,2991.486793
pwt100-pib-per-capita-mapa,GEO,1997,3323.658221
pwt100-pib-per-capita-mapa,GEO,1998,3356.638276
pwt100-pib-per-capita-mapa,GEO,1999,3479.031749
pwt100-pib-per-capita-mapa,GEO,2000,3572.033238
pwt100-pib-per-capita-mapa,GEO,2001,3813.839055
pwt100-pib-per-capita-mapa,GEO,2002,4138.978724
pwt100-pib-per-capita-mapa,GEO,2003,4553.212413
pwt100-pib-per-capita-mapa,GEO,2004,4894.733275
pwt100-pib-per-capita-mapa,GEO,2005,5402.758627
pwt100-pib-per-capita-mapa,GEO,2006,6130.097615
pwt100-pib-per-capita-mapa,GEO,2007,6996.111283
pwt100-pib-per-capita-mapa,GEO,2008,7499.094689
pwt100-pib-per-capita-mapa,GEO,2009,7669.92949
pwt100-pib-per-capita-mapa,GEO,2010,8022.11733
pwt100-pib-per-capita-mapa,GEO,2011,8719.336802
pwt100-pib-per-capita-mapa,GEO,2012,9463.501167
pwt100-pib-per-capita-mapa,GEO,2013,10080.797945
pwt100-pib-per-capita-mapa,GEO,2014,10608.507002
pwt100-pib-per-capita-mapa,GEO,2015,11187.550367
pwt100-pib-per-capita-mapa,GEO,2016,11718.703305
pwt100-pib-per-capita-mapa,GEO,2017,12633.389812
pwt100-pib-per-capita-mapa,GEO,2018,13328.404966
pwt100-pib-per-capita-mapa,GEO,2019,14858.580353
pwt100-pib-per-capita-mapa,GHA,1955,3881.297751
pwt100-pib-per-capita-mapa,GHA,1956,3785.113474
pwt100-pib-per-capita-mapa,GHA,1957,3576.211775
pwt100-pib-per-capita-mapa,GHA,1958,3835.100975
pwt100-pib-per-capita-mapa,GHA,1959,4220.912015
pwt100-pib-per-capita-mapa,GHA,1960,4408.556928
pwt100-pib-per-capita-mapa,GHA,1961,4112.404322
pwt100-pib-per-capita-mapa,GHA,1962,4069.949127
pwt100-pib-per-capita-mapa,GHA,1963,4311.690436
pwt100-pib-per-capita-mapa,GHA,1964,4550.996226
pwt100-pib-per-capita-mapa,GHA,1965,4268.921896
pwt100-pib-per-capita-mapa,GHA,1966,4152.513165
pwt100-pib-per-capita-mapa,GHA,1967,3789.728599
pwt100-pib-per-capita-mapa,GHA,1968,3773.78991
pwt100-pib-per-capita-mapa,GHA,1969,3963.573145
pwt100-pib-per-capita-mapa,GHA,1970,4503.290616
pwt100-pib-per-capita-mapa,GHA,1971,4480.578509
pwt100-pib-per-capita-mapa,GHA,1972,3757.557283
pwt100-pib-per-capita-mapa,GHA,1973,4147.320594
pwt100-pib-per-capita-mapa,GHA,1974,4478.92322
pwt100-pib-per-capita-mapa,GHA,1975,3926.289492
pwt100-pib-per-capita-mapa,GHA,1976,3456.205882
pwt100-pib-per-capita-mapa,GHA,1977,3951.309143
pwt100-pib-per-capita-mapa,GHA,1978,3875.556263
pwt100-pib-per-capita-mapa,GHA,1979,3574.310823
pwt100-pib-per-capita-mapa,GHA,1980,3522.245558
pwt100-pib-per-capita-mapa,GHA,1981,3224.945477
pwt100-pib-per-capita-mapa,GHA,1982,2657.954552
pwt100-pib-per-capita-mapa,GHA,1983,2564.985981
pwt100-pib-per-capita-mapa,GHA,1984,2709.507948
pwt100-pib-per-capita-mapa,GHA,1985,2839.703907
pwt100-pib-per-capita-mapa,GHA,1986,2828.283154
pwt100-pib-per-capita-mapa,GHA,1987,2813.29724
pwt100-pib-per-capita-mapa,GHA,1988,3002.46797
pwt100-pib-per-capita-mapa,GHA,1989,2903.543751
pwt100-pib-per-capita-mapa,GHA,1990,2932.51335
pwt100-pib-per-capita-mapa,GHA,1991,3112.514892
pwt100-pib-per-capita-mapa,GHA,1992,2873.659607
pwt100-pib-per-capita-mapa,GHA,1993,2681.729346
pwt100-pib-per-capita-mapa,GHA,1994,2770.699264
pwt100-pib-per-capita-mapa,GHA,1995,2793.930787
pwt100-pib-per-capita-mapa,GHA,1996,2802.60466
pwt100-pib-per-capita-mapa,GHA,1997,2866.484076
pwt100-pib-per-capita-mapa,GHA,1998,2830.659786
pwt100-pib-per-capita-mapa,GHA,1999,2910.028871
pwt100-pib-per-capita-mapa,GHA,2000,3229.755956
pwt100-pib-per-capita-mapa,GHA,2001,2943.585315
pwt100-pib-per-capita-mapa,GHA,2002,2950.317778
pwt100-pib-per-capita-mapa,GHA,2003,3131.030184
pwt100-pib-per-capita-mapa,GHA,2004,3232.637222
pwt100-pib-per-capita-mapa,GHA,2005,3219.474319
pwt100-pib-per-capita-mapa,GHA,2006,3309.157617
pwt100-pib-per-capita-mapa,GHA,2007,3817.588599
pwt100-pib-per-capita-mapa,GHA,2008,4097.807696
pwt100-pib-per-capita-mapa,GHA,2009,3959.974767
pwt100-pib-per-capita-mapa,GHA,2010,4271.904425
pwt100-pib-per-capita-mapa,GHA,2011,4949.729408
pwt100-pib-per-capita-mapa,GHA,2012,5344.221278
pwt100-pib-per-capita-mapa,GHA,2013,5596.047912
pwt100-pib-per-capita-mapa,GHA,2014,5657.908534
pwt100-pib-per-capita-mapa,GHA,2015,5320.709559
pwt100-pib-per-capita-mapa,GHA,2016,5054.305565
pwt100-pib-per-capita-mapa,GHA,2017,5150.389069
pwt100-pib-per-capita-mapa,GHA,2018,5263.228597
pwt100-pib-per-capita-mapa,GHA,2019,5546.511377
pwt100-pib-per-capita-mapa,GIN,1959,2929.410935
pwt100-pib-per-capita-mapa,GIN,1960,3168.219622
pwt100-pib-per-capita-mapa,GIN,1961,3236.603524
pwt100-pib-per-capita-mapa,GIN,1962,3266.730903
pwt100-pib-per-capita-mapa,GIN,1963,3543.9954
pwt100-pib-per-capita-mapa,GIN,1964,3185.320334
pwt100-pib-per-capita-mapa,GIN,1965,3252.086561
pwt100-pib-per-capita-mapa,GIN,1966,3185.497948
pwt100-pib-per-capita-mapa,GIN,1967,3131.961052
pwt100-pib-per-capita-mapa,GIN,1968,3097.909167
pwt100-pib-per-capita-mapa,GIN,1969,2986.820782
pwt100-pib-per-capita-mapa,GIN,1970,2822.106857
pwt100-pib-per-capita-mapa,GIN,1971,2927.289251
pwt100-pib-per-capita-mapa,GIN,1972,2949.409331
pwt100-pib-per-capita-mapa,GIN,1973,2950.928291
pwt100-pib-per-capita-mapa,GIN,1974,3056.980367
pwt100-pib-per-capita-mapa,GIN,1975,3109.422699
pwt100-pib-per-capita-mapa,GIN,1976,3299.664879
pwt100-pib-per-capita-mapa,GIN,1977,3135.062637
pwt100-pib-per-capita-mapa,GIN,1978,3291.430118
pwt100-pib-per-capita-mapa,GIN,1979,3194.41922
pwt100-pib-per-capita-mapa,GIN,1980,3285.923971
pwt100-pib-per-capita-mapa,GIN,1981,3150.991586
pwt100-pib-per-capita-mapa,GIN,1982,3141.864541
pwt100-pib-per-capita-mapa,GIN,1983,3103.518781
pwt100-pib-per-capita-mapa,GIN,1984,3080.362356
pwt100-pib-per-capita-mapa,GIN,1985,3150.464054
pwt100-pib-per-capita-mapa,GIN,1986,3125.241199
pwt100-pib-per-capita-mapa,GIN,1987,3125.133455
pwt100-pib-per-capita-mapa,GIN,1988,3207.548054
pwt100-pib-per-capita-mapa,GIN,1989,3233.909605
pwt100-pib-per-capita-mapa,GIN,1990,3182.590392
pwt100-pib-per-capita-mapa,GIN,1991,3222.941869
pwt100-pib-per-capita-mapa,GIN,1992,3110.901053
pwt100-pib-per-capita-mapa,GIN,1993,3172.899089
pwt100-pib-per-capita-mapa,GIN,1994,3266.277331
pwt100-pib-per-capita-mapa,GIN,1995,3353.510218
pwt100-pib-per-capita-mapa,GIN,1996,3589.209878
pwt100-pib-per-capita-mapa,GIN,1997,3211.407219
pwt100-pib-per-capita-mapa,GIN,1998,3124.640074
pwt100-pib-per-capita-mapa,GIN,1999,2863.118972
pwt100-pib-per-capita-mapa,GIN,2000,2622.844614
pwt100-pib-per-capita-mapa,GIN,2001,2397.209188
pwt100-pib-per-capita-mapa,GIN,2002,2229.364921
pwt100-pib-per-capita-mapa,GIN,2003,1966.486348
pwt100-pib-per-capita-mapa,GIN,2004,1867.744328
pwt100-pib-per-capita-mapa,GIN,2005,1785.747782
pwt100-pib-per-capita-mapa,GIN,2006,1783.27132
pwt100-pib-per-capita-mapa,GIN,2007,1785.377236
pwt100-pib-per-capita-mapa,GIN,2008,1802.504741
pwt100-pib-per-capita-mapa,GIN,2009,1692.962727
pwt100-pib-per-capita-mapa,GIN,2010,1888.960624
pwt100-pib-per-capita-mapa,GIN,2011,1891.573798
pwt100-pib-per-capita-mapa,GIN,2012,1962.381781
pwt100-pib-per-capita-mapa,GIN,2013,1945.815316
pwt100-pib-per-capita-mapa,GIN,2014,1903.978719
pwt100-pib-per-capita-mapa,GIN,2015,1922.769106
pwt100-pib-per-capita-mapa,GIN,2016,1945.547891
pwt100-pib-per-capita-mapa,GIN,2017,2390.353698
pwt100-pib-per-capita-mapa,GIN,2018,2205.278436
pwt100-pib-per-capita-mapa,GIN,2019,2300.715828
pwt100-pib-per-capita-mapa,GMB,1960,2829.916757
pwt100-pib-per-capita-mapa,GMB,1961,2545.688917
pwt100-pib-per-capita-mapa,GMB,1962,2487.863448
pwt100-pib-per-capita-mapa,GMB,1963,2546.191098
pwt100-pib-per-capita-mapa,GMB,1964,2747.897016
pwt100-pib-per-capita-mapa,GMB,1965,2972.203334
pwt100-pib-per-capita-mapa,GMB,1966,2953.646215
pwt100-pib-per-capita-mapa,GMB,1967,2896.168055
pwt100-pib-per-capita-mapa,GMB,1968,2868.966109
pwt100-pib-per-capita-mapa,GMB,1969,2789.21333
pwt100-pib-per-capita-mapa,GMB,1970,3073.144102
pwt100-pib-per-capita-mapa,GMB,1971,2974.978641
pwt100-pib-per-capita-mapa,GMB,1972,2942.272919
pwt100-pib-per-capita-mapa,GMB,1973,3111.780431
pwt100-pib-per-capita-mapa,GMB,1974,3210.676375
pwt100-pib-per-capita-mapa,GMB,1975,3295.299365
pwt100-pib-per-capita-mapa,GMB,1976,3124.739142
pwt100-pib-per-capita-mapa,GMB,1977,3062.143452
pwt100-pib-per-capita-mapa,GMB,1978,3125.736348
pwt100-pib-per-capita-mapa,GMB,1979,2925.470829
pwt100-pib-per-capita-mapa,GMB,1980,2821.907501
pwt100-pib-per-capita-mapa,GMB,1981,3241.994394
pwt100-pib-per-capita-mapa,GMB,1982,3368.577755
pwt100-pib-per-capita-mapa,GMB,1983,3135.474073
pwt100-pib-per-capita-mapa,GMB,1984,3117.002806
pwt100-pib-per-capita-mapa,GMB,1985,3099.457632
pwt100-pib-per-capita-mapa,GMB,1986,3021.745359
pwt100-pib-per-capita-mapa,GMB,1987,2926.712357
pwt100-pib-per-capita-mapa,GMB,1988,2892.497482
pwt100-pib-per-capita-mapa,GMB,1989,2865.680893
pwt100-pib-per-capita-mapa,GMB,1990,2849.089079
pwt100-pib-per-capita-mapa,GMB,1991,2806.015978
pwt100-pib-per-capita-mapa,GMB,1992,2776.984338
pwt100-pib-per-capita-mapa,GMB,1993,2791.258558
pwt100-pib-per-capita-mapa,GMB,1994,2735.336335
pwt100-pib-per-capita-mapa,GMB,1995,2662.651532
pwt100-pib-per-capita-mapa,GMB,1996,2678.340466
pwt100-pib-per-capita-mapa,GMB,1997,2636.229096
pwt100-pib-per-capita-mapa,GMB,1998,2635.48417
pwt100-pib-per-capita-mapa,GMB,1999,2732.895283
pwt100-pib-per-capita-mapa,GMB,2000,2823.140194
pwt100-pib-per-capita-mapa,GMB,2001,2808.466787
pwt100-pib-per-capita-mapa,GMB,2002,2538.027286
pwt100-pib-per-capita-mapa,GMB,2003,2616.058333
pwt100-pib-per-capita-mapa,GMB,2004,3002.650379
pwt100-pib-per-capita-mapa,GMB,2005,3012.818678
pwt100-pib-per-capita-mapa,GMB,2006,2774.844069
pwt100-pib-per-capita-mapa,GMB,2007,2768.277127
pwt100-pib-per-capita-mapa,GMB,2008,2661.799859
pwt100-pib-per-capita-mapa,GMB,2009,2723.525278
pwt100-pib-per-capita-mapa,GMB,2010,2766.354988
pwt100-pib-per-capita-mapa,GMB,2011,2362.068707
pwt100-pib-per-capita-mapa,GMB,2012,2354.11805
pwt100-pib-per-capita-mapa,GMB,2013,2235.34397
pwt100-pib-per-capita-mapa,GMB,2014,2020.439349
pwt100-pib-per-capita-mapa,GMB,2015,2050.234413
pwt100-pib-per-capita-mapa,GMB,2016,1983.027324
pwt100-pib-per-capita-mapa,GMB,2017,1948.550277
pwt100-pib-per-capita-mapa,GMB,2018,2133.656979
pwt100-pib-per-capita-mapa,GMB,2019,2178.527253
pwt100-pib-per-capita-mapa,GNB,1960,1000.566722
pwt100-pib-per-capita-mapa,GNB,1961,1008.93658
pwt100-pib-per-capita-mapa,GNB,1962,995.155149
pwt100-pib-per-capita-mapa,GNB,1963,1087.970626
pwt100-pib-per-capita-mapa,GNB,1964,1166.283679
pwt100-pib-per-capita-mapa,GNB,1965,1210.237251
pwt100-pib-per-capita-mapa,GNB,1966,1109.725428
pwt100-pib-per-capita-mapa,GNB,1967,1249.665017
pwt100-pib-per-capita-mapa,GNB,1968,1277.94326
pwt100-pib-per-capita-mapa,GNB,1969,1412.938928
pwt100-pib-per-capita-mapa,GNB,1970,1536.737437
pwt100-pib-per-capita-mapa,GNB,1971,1459.483874
pwt100-pib-per-capita-mapa,GNB,1972,1515.87787
pwt100-pib-per-capita-mapa,GNB,1973,1518.025274
pwt100-pib-per-capita-mapa,GNB,1974,1558.484414
pwt100-pib-per-capita-mapa,GNB,1975,1667.129115
pwt100-pib-per-capita-mapa,GNB,1976,1789.867379
pwt100-pib-per-capita-mapa,GNB,1977,1514.703689
pwt100-pib-per-capita-mapa,GNB,1978,1776.317644
pwt100-pib-per-capita-mapa,GNB,1979,1811.076764
pwt100-pib-per-capita-mapa,GNB,1980,1678.613787
pwt100-pib-per-capita-mapa,GNB,1981,1503.040489
pwt100-pib-per-capita-mapa,GNB,1982,1524.086198
pwt100-pib-per-capita-mapa,GNB,1983,1455.477704
pwt100-pib-per-capita-mapa,GNB,1984,1448.937166
pwt100-pib-per-capita-mapa,GNB,1985,1230.600589
pwt100-pib-per-capita-mapa,GNB,1986,1487.838905
pwt100-pib-per-capita-mapa,GNB,1987,1492.451647
pwt100-pib-per-capita-mapa,GNB,1988,1535.435844
pwt100-pib-per-capita-mapa,GNB,1989,1558.812639
pwt100-pib-per-capita-mapa,GNB,1990,1596.670941
pwt100-pib-per-capita-mapa,GNB,1991,1622.367027
pwt100-pib-per-capita-mapa,GNB,1992,1391.592111
pwt100-pib-per-capita-mapa,GNB,1993,1521.910305
pwt100-pib-per-capita-mapa,GNB,1994,1651.019447
pwt100-pib-per-capita-mapa,GNB,1995,1648.634653
pwt100-pib-per-capita-mapa,GNB,1996,1658.817363
pwt100-pib-per-capita-mapa,GNB,1997,1873.062026
pwt100-pib-per-capita-mapa,GNB,1998,1564.757279
pwt100-pib-per-capita-mapa,GNB,1999,1809.115691
pwt100-pib-per-capita-mapa,GNB,2000,1730.612131
pwt100-pib-per-capita-mapa,GNB,2001,1708.158905
pwt100-pib-per-capita-mapa,GNB,2002,1640.857928
pwt100-pib-per-capita-mapa,GNB,2003,1594.135902
pwt100-pib-per-capita-mapa,GNB,2004,1609.335174
pwt100-pib-per-capita-mapa,GNB,2005,1565.928131
pwt100-pib-per-capita-mapa,GNB,2006,1474.180627
pwt100-pib-per-capita-mapa,GNB,2007,1468.742271
pwt100-pib-per-capita-mapa,GNB,2008,1447.21271
pwt100-pib-per-capita-mapa,GNB,2009,1378.435085
pwt100-pib-per-capita-mapa,GNB,2010,1404.775111
pwt100-pib-per-capita-mapa,GNB,2011,1543.262333
pwt100-pib-per-capita-mapa,GNB,2012,1455.787003
pwt100-pib-per-capita-mapa,GNB,2013,1435.247908
pwt100-pib-per-capita-mapa,GNB,2014,1432.907236
pwt100-pib-per-capita-mapa,GNB,2015,1656.227884
pwt100-pib-per-capita-mapa,GNB,2016,1772.115789
pwt100-pib-per-capita-mapa,GNB,2017,1900.77381
pwt100-pib-per-capita-mapa,GNB,2018,1834.263237
pwt100-pib-per-capita-mapa,GNB,2019,1698.613252
pwt100-pib-per-capita-mapa,GNQ,1960,1356.780078
pwt100-pib-per-capita-mapa,GNQ,1961,1366.174792
pwt100-pib-per-capita-mapa,GNQ,1962,1391.088672
pwt100-pib-per-capita-mapa,GNQ,1963,1820.235309
pwt100-pib-per-capita-mapa,GNQ,1964,1731.559235
pwt100-pib-per-capita-mapa,GNQ,1965,1561.662623
pwt100-pib-per-capita-mapa,GNQ,1966,1778.600129
pwt100-pib-per-capita-mapa,GNQ,1967,1889.425449
pwt100-pib-per-capita-mapa,GNQ,1968,2088.376728
pwt100-pib-per-capita-mapa,GNQ,1969,2151.963484
pwt100-pib-per-capita-mapa,GNQ,1970,1712.305768
pwt100-pib-per-capita-mapa,GNQ,1971,1928.337471
pwt100-pib-per-capita-mapa,GNQ,1972,1912.275228
pwt100-pib-per-capita-mapa,GNQ,1973,2036.425724
pwt100-pib-per-capita-mapa,GNQ,1974,2166.396563
pwt100-pib-per-capita-mapa,GNQ,1975,2591.029951
pwt100-pib-per-capita-mapa,GNQ,1976,2740.739481
pwt100-pib-per-capita-mapa,GNQ,1977,3006.41749
pwt100-pib-per-capita-mapa,GNQ,1978,2169.286701
pwt100-pib-per-capita-mapa,GNQ,1979,2147.984491
pwt100-pib-per-capita-mapa,GNQ,1980,1994.919829
pwt100-pib-per-capita-mapa,GNQ,1981,1784.165312
pwt100-pib-per-capita-mapa,GNQ,1982,1725.816916
pwt100-pib-per-capita-mapa,GNQ,1983,2631.46765
pwt100-pib-per-capita-mapa,GNQ,1984,2492.64344
pwt100-pib-per-capita-mapa,GNQ,1985,2587.179561
pwt100-pib-per-capita-mapa,GNQ,1986,2147.968005
pwt100-pib-per-capita-mapa,GNQ,1987,2286.651185
pwt100-pib-per-capita-mapa,GNQ,1988,2275.129604
pwt100-pib-per-capita-mapa,GNQ,1989,2453.769839
pwt100-pib-per-capita-mapa,GNQ,1990,2106.007737
pwt100-pib-per-capita-mapa,GNQ,1991,2037.158907
pwt100-pib-per-capita-mapa,GNQ,1992,2353.286782
pwt100-pib-per-capita-mapa,GNQ,1993,2373.245486
pwt100-pib-per-capita-mapa,GNQ,1994,1562.736855
pwt100-pib-per-capita-mapa,GNQ,1995,1761.232262
pwt100-pib-per-capita-mapa,GNQ,1996,2642.751404
pwt100-pib-per-capita-mapa,GNQ,1997,6412.100983
pwt100-pib-per-capita-mapa,GNQ,1998,4981.378968
pwt100-pib-per-capita-mapa,GNQ,1999,7442.244881
pwt100-pib-per-capita-mapa,GNQ,2000,10977.374545
pwt100-pib-per-capita-mapa,GNQ,2001,14929.292018
pwt100-pib-per-capita-mapa,GNQ,2002,12649.089297
pwt100-pib-per-capita-mapa,GNQ,2003,12869.025155
pwt100-pib-per-capita-mapa,GNQ,2004,16577.03637
pwt100-pib-per-capita-mapa,GNQ,2005,23569.842469
pwt100-pib-per-capita-mapa,GNQ,2006,21886.317477
pwt100-pib-per-capita-mapa,GNQ,2007,24176.155181
pwt100-pib-per-capita-mapa,GNQ,2008,33929.754477
pwt100-pib-per-capita-mapa,GNQ,2009,25103.418257
pwt100-pib-per-capita-mapa,GNQ,2010,28646.359747
pwt100-pib-per-capita-mapa,GNQ,2011,39466.62158
pwt100-pib-per-capita-mapa,GNQ,2012,41236.215272
pwt100-pib-per-capita-mapa,GNQ,2013,37111.702972
pwt100-pib-per-capita-mapa,GNQ,2014,35545.877099
pwt100-pib-per-capita-mapa,GNQ,2015,26523.694158
pwt100-pib-per-capita-mapa,GNQ,2016,23062.417322
pwt100-pib-per-capita-mapa,GNQ,2017,25727.988892
pwt100-pib-per-capita-mapa,GNQ,2018,26629.605822
pwt100-pib-per-capita-mapa,GNQ,2019,22214.046124
pwt100-pib-per-capita-mapa,GRC,1951,3698.749314
pwt100-pib-per-capita-mapa,GRC,1952,3580.842278
pwt100-pib-per-capita-mapa,GRC,1953,3970.676893
pwt100-pib-per-capita-mapa,GRC,1954,4011.790708
pwt100-pib-per-capita-mapa,GRC,1955,4273.521211
pwt100-pib-per-capita-mapa,GRC,1956,4613.800613
pwt100-pib-per-capita-mapa,GRC,1957,4914.860706
pwt100-pib-per-capita-mapa,GRC,1958,5132.669894
pwt100-pib-per-capita-mapa,GRC,1959,5265.625905
pwt100-pib-per-capita-mapa,GRC,1960,5311.823729
pwt100-pib-per-capita-mapa,GRC,1961,6003.546365
pwt100-pib-per-capita-mapa,GRC,1962,5885.486399
pwt100-pib-per-capita-mapa,GRC,1963,6630.980067
pwt100-pib-per-capita-mapa,GRC,1964,7091.929234
pwt100-pib-per-capita-mapa,GRC,1965,7824.810249
pwt100-pib-per-capita-mapa,GRC,1966,8409.615829
pwt100-pib-per-capita-mapa,GRC,1967,8781.827045
pwt100-pib-per-capita-mapa,GRC,1968,9317.43259
pwt100-pib-per-capita-mapa,GRC,1969,10368.080859
pwt100-pib-per-capita-mapa,GRC,1970,11276.393526
pwt100-pib-per-capita-mapa,GRC,1971,12068.35349
pwt100-pib-per-capita-mapa,GRC,1972,13173.93209
pwt100-pib-per-capita-mapa,GRC,1973,14078.84292
pwt100-pib-per-capita-mapa,GRC,1974,12915.186008
pwt100-pib-per-capita-mapa,GRC,1975,13380.00387
pwt100-pib-per-capita-mapa,GRC,1976,14097.905406
pwt100-pib-per-capita-mapa,GRC,1977,14316.898228
pwt100-pib-per-capita-mapa,GRC,1978,15145.344036
pwt100-pib-per-capita-mapa,GRC,1979,15287.400024
pwt100-pib-per-capita-mapa,GRC,1980,15189.074439
pwt100-pib-per-capita-mapa,GRC,1981,15189.34794
pwt100-pib-per-capita-mapa,GRC,1982,14632.925166
pwt100-pib-per-capita-mapa,GRC,1983,14467.096799
pwt100-pib-per-capita-mapa,GRC,1984,14622.532278
pwt100-pib-per-capita-mapa,GRC,1985,15041.205126
pwt100-pib-per-capita-mapa,GRC,1986,15682.135492
pwt100-pib-per-capita-mapa,GRC,1987,15567.516861
pwt100-pib-per-capita-mapa,GRC,1988,16714.481326
pwt100-pib-per-capita-mapa,GRC,1989,17424.493374
pwt100-pib-per-capita-mapa,GRC,1990,17732.49572
pwt100-pib-per-capita-mapa,GRC,1991,18752.150365
pwt100-pib-per-capita-mapa,GRC,1992,19086.953741
pwt100-pib-per-capita-mapa,GRC,1993,19131.543569
pwt100-pib-per-capita-mapa,GRC,1994,19980.787954
pwt100-pib-per-capita-mapa,GRC,1995,20784.289077
pwt100-pib-per-capita-mapa,GRC,1996,21476.22236
pwt100-pib-per-capita-mapa,GRC,1997,23131.96223
pwt100-pib-per-capita-mapa,GRC,1998,24545.291023
pwt100-pib-per-capita-mapa,GRC,1999,24888.218178
pwt100-pib-per-capita-mapa,GRC,2000,25372.49188
pwt100-pib-per-capita-mapa,GRC,2001,26363.154148
pwt100-pib-per-capita-mapa,GRC,2002,27550.896819
pwt100-pib-per-capita-mapa,GRC,2003,28471.71285
pwt100-pib-per-capita-mapa,GRC,2004,30306.777811
pwt100-pib-per-capita-mapa,GRC,2005,30138.439771
pwt100-pib-per-capita-mapa,GRC,2006,33010.77658
pwt100-pib-per-capita-mapa,GRC,2007,34170.058307
pwt100-pib-per-capita-mapa,GRC,2008,35382.01184
pwt100-pib-per-capita-mapa,GRC,2009,34742.621932
pwt100-pib-per-capita-mapa,GRC,2010,31936.891471
pwt100-pib-per-capita-mapa,GRC,2011,29054.992811
pwt100-pib-per-capita-mapa,GRC,2012,27773.606071
pwt100-pib-per-capita-mapa,GRC,2013,27465.065057
pwt100-pib-per-capita-mapa,GRC,2014,27475.939956
pwt100-pib-per-capita-mapa,GRC,2015,27648.73414
pwt100-pib-per-capita-mapa,GRC,2016,27352.267059
pwt100-pib-per-capita-mapa,GRC,2017,27981.422874
pwt100-pib-per-capita-mapa,GRC,2018,28300.674233
pwt100-pib-per-capita-mapa,GRC,2019,28856.025185
pwt100-pib-per-capita-mapa,GRD,1970,1892.494914
pwt100-pib-per-capita-mapa,GRD,1971,2029.067683
pwt100-pib-per-capita-mapa,GRD,1972,2220.245784
pwt100-pib-per-capita-mapa,GRD,1973,2356.436026
pwt100-pib-per-capita-mapa,GRD,1974,2543.884317
pwt100-pib-per-capita-mapa,GRD,1975,2817.351442
pwt100-pib-per-capita-mapa,GRD,1976,3075.031573
pwt100-pib-per-capita-mapa,GRD,1977,3083.894503
pwt100-pib-per-capita-mapa,GRD,1978,3341.680456
pwt100-pib-per-capita-mapa,GRD,1979,3444.050257
pwt100-pib-per-capita-mapa,GRD,1980,3196.518187
pwt100-pib-per-capita-mapa,GRD,1981,3034.6639
pwt100-pib-per-capita-mapa,GRD,1982,3104.432276
pwt100-pib-per-capita-mapa,GRD,1983,3126.25841
pwt100-pib-per-capita-mapa,GRD,1984,3317.043846
pwt100-pib-per-capita-mapa,GRD,1985,3519.242004
pwt100-pib-per-capita-mapa,GRD,1986,3529.814451
pwt100-pib-per-capita-mapa,GRD,1987,4038.011813
pwt100-pib-per-capita-mapa,GRD,1988,4202.770944
pwt100-pib-per-capita-mapa,GRD,1989,4733.008924
pwt100-pib-per-capita-mapa,GRD,1990,5041.015339
pwt100-pib-per-capita-mapa,GRD,1991,5128.738115
pwt100-pib-per-capita-mapa,GRD,1992,5902.105577
pwt100-pib-per-capita-mapa,GRD,1993,5814.61485
pwt100-pib-per-capita-mapa,GRD,1994,6077.491274
pwt100-pib-per-capita-mapa,GRD,1995,6112.008621
pwt100-pib-per-capita-mapa,GRD,1996,6703.288872
pwt100-pib-per-capita-mapa,GRD,1997,6807.328191
pwt100-pib-per-capita-mapa,GRD,1998,7474.60534
pwt100-pib-per-capita-mapa,GRD,1999,7781.638611
pwt100-pib-per-capita-mapa,GRD,2000,7994.959701
pwt100-pib-per-capita-mapa,GRD,2001,8010.213259
pwt100-pib-per-capita-mapa,GRD,2002,8330.722836
pwt100-pib-per-capita-mapa,GRD,2003,9059.623622
pwt100-pib-per-capita-mapa,GRD,2004,9201.316969
pwt100-pib-per-capita-mapa,GRD,2005,10378.197274
pwt100-pib-per-capita-mapa,GRD,2006,10244.150676
pwt100-pib-per-capita-mapa,GRD,2007,11128.432869
pwt100-pib-per-capita-mapa,GRD,2008,11527.384273
pwt100-pib-per-capita-mapa,GRD,2009,11028.125977
pwt100-pib-per-capita-mapa,GRD,2010,11185.277696
pwt100-pib-per-capita-mapa,GRD,2011,11470.16873
pwt100-pib-per-capita-mapa,GRD,2012,11722.212859
pwt100-pib-per-capita-mapa,GRD,2013,12086.071386
pwt100-pib-per-capita-mapa,GRD,2014,13072.886193
pwt100-pib-per-capita-mapa,GRD,2015,14146.237212
pwt100-pib-per-capita-mapa,GRD,2016,14782.983759
pwt100-pib-per-capita-mapa,GRD,2017,15254.206774
pwt100-pib-per-capita-mapa,GRD,2018,15716.098752
pwt100-pib-per-capita-mapa,GRD,2019,16101.233669
pwt100-pib-per-capita-mapa,GTM,1950,2443.048868
pwt100-pib-per-capita-mapa,GTM,1951,2391.426845
pwt100-pib-per-capita-mapa,GTM,1952,2369.990104
pwt100-pib-per-capita-mapa,GTM,1953,2391.331075
pwt100-pib-per-capita-mapa,GTM,1954,2390.667323
pwt100-pib-per-capita-mapa,GTM,1955,2334.866648
pwt100-pib-per-capita-mapa,GTM,1956,2446.675515
pwt100-pib-per-capita-mapa,GTM,1957,2468.869941
pwt100-pib-per-capita-mapa,GTM,1958,2460.624512
pwt100-pib-per-capita-mapa,GTM,1959,2505.567457
pwt100-pib-per-capita-mapa,GTM,1960,2484.0599
pwt100-pib-per-capita-mapa,GTM,1961,2492.387858
pwt100-pib-per-capita-mapa,GTM,1962,2508.636208
pwt100-pib-per-capita-mapa,GTM,1963,2613.309524
pwt100-pib-per-capita-mapa,GTM,1964,2655.606661
pwt100-pib-per-capita-mapa,GTM,1965,2684.949594
pwt100-pib-per-capita-mapa,GTM,1966,2767.410855
pwt100-pib-per-capita-mapa,GTM,1967,2790.485347
pwt100-pib-per-capita-mapa,GTM,1968,2948.971049
pwt100-pib-per-capita-mapa,GTM,1969,3050.27487
pwt100-pib-per-capita-mapa,GTM,1970,3219.670241
pwt100-pib-per-capita-mapa,GTM,1971,3227.918775
pwt100-pib-per-capita-mapa,GTM,1972,3342.281038
pwt100-pib-per-capita-mapa,GTM,1973,3468.136892
pwt100-pib-per-capita-mapa,GTM,1974,3452.574468
pwt100-pib-per-capita-mapa,GTM,1975,3456.544751
pwt100-pib-per-capita-mapa,GTM,1976,3565.930411
pwt100-pib-per-capita-mapa,GTM,1977,3930.717484
pwt100-pib-per-capita-mapa,GTM,1978,3897.648416
pwt100-pib-per-capita-mapa,GTM,1979,3938.591617
pwt100-pib-per-capita-mapa,GTM,1980,3990.106802
pwt100-pib-per-capita-mapa,GTM,1981,3912.570167
pwt100-pib-per-capita-mapa,GTM,1982,3771.529667
pwt100-pib-per-capita-mapa,GTM,1983,3708.044002
pwt100-pib-per-capita-mapa,GTM,1984,3687.039205
pwt100-pib-per-capita-mapa,GTM,1985,3569.453586
pwt100-pib-per-capita-mapa,GTM,1986,3674.821948
pwt100-pib-per-capita-mapa,GTM,1987,3550.055683
pwt100-pib-per-capita-mapa,GTM,1988,3648.905075
pwt100-pib-per-capita-mapa,GTM,1989,3724.885873
pwt100-pib-per-capita-mapa,GTM,1990,3807.814645
pwt100-pib-per-capita-mapa,GTM,1991,3971.50472
pwt100-pib-per-capita-mapa,GTM,1992,3966.558911
pwt100-pib-per-capita-mapa,GTM,1993,4116.448057
pwt100-pib-per-capita-mapa,GTM,1994,4297.481465
pwt100-pib-per-capita-mapa,GTM,1995,4480.745761
pwt100-pib-per-capita-mapa,GTM,1996,4550.695686
pwt100-pib-per-capita-mapa,GTM,1997,4718.165596
pwt100-pib-per-capita-mapa,GTM,1998,4910.716301
pwt100-pib-per-capita-mapa,GTM,1999,4997.047522
pwt100-pib-per-capita-mapa,GTM,2000,5114.701631
pwt100-pib-per-capita-mapa,GTM,2001,5214.527347
pwt100-pib-per-capita-mapa,GTM,2002,5350.578403
pwt100-pib-per-capita-mapa,GTM,2003,5404.598953
pwt100-pib-per-capita-mapa,GTM,2004,5489.812494
pwt100-pib-per-capita-mapa,GTM,2005,5588.076734
pwt100-pib-per-capita-mapa,GTM,2006,5837.780443
pwt100-pib-per-capita-mapa,GTM,2007,6177.102789
pwt100-pib-per-capita-mapa,GTM,2008,6342.334056
pwt100-pib-per-capita-mapa,GTM,2009,6549.631156
pwt100-pib-per-capita-mapa,GTM,2010,6721.728267
pwt100-pib-per-capita-mapa,GTM,2011,7050.224714
pwt100-pib-per-capita-mapa,GTM,2012,7413.224155
pwt100-pib-per-capita-mapa,GTM,2013,7355.681766
pwt100-pib-per-capita-mapa,GTM,2014,7357.056596
pwt100-pib-per-capita-mapa,GTM,2015,7738.395692
pwt100-pib-per-capita-mapa,GTM,2016,7680.820193
pwt100-pib-per-capita-mapa,GTM,2017,7625.910935
pwt100-pib-per-capita-mapa,GTM,2018,7672.998456
pwt100-pib-per-capita-mapa,GTM,2019,7919.762243
pwt100-pib-per-capita-mapa,GUY,1970,3573.967743
pwt100-pib-per-capita-mapa,GUY,1971,3623.083971
pwt100-pib-per-capita-mapa,GUY,1972,3516.647556
pwt100-pib-per-capita-mapa,GUY,1973,3566.470494
pwt100-pib-per-capita-mapa,GUY,1974,3775.468049
pwt100-pib-per-capita-mapa,GUY,1975,4193.477538
pwt100-pib-per-capita-mapa,GUY,1976,4265.537694
pwt100-pib-per-capita-mapa,GUY,1977,4064.039485
pwt100-pib-per-capita-mapa,GUY,1978,3923.258133
pwt100-pib-per-capita-mapa,GUY,1979,3880.764523
pwt100-pib-per-capita-mapa,GUY,1980,3931.839369
pwt100-pib-per-capita-mapa,GUY,1981,3977.826465
pwt100-pib-per-capita-mapa,GUY,1982,3428.068177
pwt100-pib-per-capita-mapa,GUY,1983,3216.192329
pwt100-pib-per-capita-mapa,GUY,1984,3071.021995
pwt100-pib-per-capita-mapa,GUY,1985,3169.193023
pwt100-pib-per-capita-mapa,GUY,1986,3210.847824
pwt100-pib-per-capita-mapa,GUY,1987,3235.408969
pwt100-pib-per-capita-mapa,GUY,1988,3112.771421
pwt100-pib-per-capita-mapa,GUY,1989,2958.259666
pwt100-pib-per-capita-mapa,GUY,1990,2872.967287
pwt100-pib-per-capita-mapa,GUY,1991,3037.558137
pwt100-pib-per-capita-mapa,GUY,1992,3275.682369
pwt100-pib-per-capita-mapa,GUY,1993,3520.563986
pwt100-pib-per-capita-mapa,GUY,1994,3799.303039
pwt100-pib-per-capita-mapa,GUY,1995,3977.205872
pwt100-pib-per-capita-mapa,GUY,1996,4297.245963
pwt100-pib-per-capita-mapa,GUY,1997,4589.014348
pwt100-pib-per-capita-mapa,GUY,1998,4543.363563
pwt100-pib-per-capita-mapa,GUY,1999,4726.904563
pwt100-pib-per-capita-mapa,GUY,2000,4689.454197
pwt100-pib-per-capita-mapa,GUY,2001,5173.203838
pwt100-pib-per-capita-mapa,GUY,2002,5692.563651
pwt100-pib-per-capita-mapa,GUY,2003,6142.598478
pwt100-pib-per-capita-mapa,GUY,2004,6840.231438
pwt100-pib-per-capita-mapa,GUY,2005,7213.168848
pwt100-pib-per-capita-mapa,GUY,2006,8187.924319
pwt100-pib-per-capita-mapa,GUY,2007,8781.330838
pwt100-pib-per-capita-mapa,GUY,2008,8912.833226
pwt100-pib-per-capita-mapa,GUY,2009,9264.441211
pwt100-pib-per-capita-mapa,GUY,2010,9580.711857
pwt100-pib-per-capita-mapa,GUY,2011,10048.540335
pwt100-pib-per-capita-mapa,GUY,2012,10647.548462
pwt100-pib-per-capita-mapa,GUY,2013,11005.516034
pwt100-pib-per-capita-mapa,GUY,2014,10716.880513
pwt100-pib-per-capita-mapa,GUY,2015,11318.774365
pwt100-pib-per-capita-mapa,GUY,2016,11364.81813
pwt100-pib-per-capita-mapa,GUY,2017,12191.888158
pwt100-pib-per-capita-mapa,GUY,2018,12846.638406
pwt100-pib-per-capita-mapa,GUY,2019,13335.394184
pwt100-pib-per-capita-mapa,HKG,1960,4147.528447
pwt100-pib-per-capita-mapa,HKG,1961,4267.56732
pwt100-pib-per-capita-mapa,HKG,1962,4692.468108
pwt100-pib-per-capita-mapa,HKG,1963,5322.230362
pwt100-pib-per-capita-mapa,HKG,1964,5669.383647
pwt100-pib-per-capita-mapa,HKG,1965,6455.597979
pwt100-pib-per-capita-mapa,HKG,1966,6685.107655
pwt100-pib-per-capita-mapa,HKG,1967,6886.468986
pwt100-pib-per-capita-mapa,HKG,1968,7190.21786
pwt100-pib-per-capita-mapa,HKG,1969,7909.155159
pwt100-pib-per-capita-mapa,HKG,1970,8431.057615
pwt100-pib-per-capita-mapa,HKG,1971,9127.869338
pwt100-pib-per-capita-mapa,HKG,1972,10088.312534
pwt100-pib-per-capita-mapa,HKG,1973,11031.304895
pwt100-pib-per-capita-mapa,HKG,1974,10605.751845
pwt100-pib-per-capita-mapa,HKG,1975,10851.100325
pwt100-pib-per-capita-mapa,HKG,1976,12398.4741
pwt100-pib-per-capita-mapa,HKG,1977,13381.334656
pwt100-pib-per-capita-mapa,HKG,1978,14122.37929
pwt100-pib-per-capita-mapa,HKG,1979,15248.016687
pwt100-pib-per-capita-mapa,HKG,1980,16538.454646
pwt100-pib-per-capita-mapa,HKG,1981,17058.174871
pwt100-pib-per-capita-mapa,HKG,1982,17417.52518
pwt100-pib-per-capita-mapa,HKG,1983,17869.860575
pwt100-pib-per-capita-mapa,HKG,1984,19522.19139
pwt100-pib-per-capita-mapa,HKG,1985,19954.821093
pwt100-pib-per-capita-mapa,HKG,1986,21062.26285
pwt100-pib-per-capita-mapa,HKG,1987,23385.851798
pwt100-pib-per-capita-mapa,HKG,1988,24769.578814
pwt100-pib-per-capita-mapa,HKG,1989,25655.432907
pwt100-pib-per-capita-mapa,HKG,1990,26369.747935
pwt100-pib-per-capita-mapa,HKG,1991,28005.634921
pwt100-pib-per-capita-mapa,HKG,1992,30012.375657
pwt100-pib-per-capita-mapa,HKG,1993,32134.470662
pwt100-pib-per-capita-mapa,HKG,1994,33766.212702
pwt100-pib-per-capita-mapa,HKG,1995,34082.392985
pwt100-pib-per-capita-mapa,HKG,1996,36398.760182
pwt100-pib-per-capita-mapa,HKG,1997,38484.974157
pwt100-pib-per-capita-mapa,HKG,1998,36473.219754
pwt100-pib-per-capita-mapa,HKG,1999,36278.818376
pwt100-pib-per-capita-mapa,HKG,2000,38861.100976
pwt100-pib-per-capita-mapa,HKG,2001,39353.638992
pwt100-pib-per-capita-mapa,HKG,2002,40952.662727
pwt100-pib-per-capita-mapa,HKG,2003,41906.62243
pwt100-pib-per-capita-mapa,HKG,2004,44395.147145
pwt100-pib-per-capita-mapa,HKG,2005,47716.282627
pwt100-pib-per-capita-mapa,HKG,2006,49482.318276
pwt100-pib-per-capita-mapa,HKG,2007,52499.021384
pwt100-pib-per-capita-mapa,HKG,2008,52450.345749
pwt100-pib-per-capita-mapa,HKG,2009,50944.339433
pwt100-pib-per-capita-mapa,HKG,2010,53039.388668
pwt100-pib-per-capita-mapa,HKG,2011,54885.583608
pwt100-pib-per-capita-mapa,HKG,2012,56322.051717
pwt100-pib-per-capita-mapa,HKG,2013,56708.121096
pwt100-pib-per-capita-mapa,HKG,2014,56868.599038
pwt100-pib-per-capita-mapa,HKG,2015,57243.373953
pwt100-pib-per-capita-mapa,HKG,2016,57277.632614
pwt100-pib-per-capita-mapa,HKG,2017,59519.310811
pwt100-pib-per-capita-mapa,HKG,2018,60843.689338
pwt100-pib-per-capita-mapa,HKG,2019,59244.910911
pwt100-pib-per-capita-mapa,HND,1950,2362.092533
pwt100-pib-per-capita-mapa,HND,1951,2366.115243
pwt100-pib-per-capita-mapa,HND,1952,2332.510973
pwt100-pib-per-capita-mapa,HND,1953,2446.708276
pwt100-pib-per-capita-mapa,HND,1954,2212.370265
pwt100-pib-per-capita-mapa,HND,1955,2169.413262
pwt100-pib-per-capita-mapa,HND,1956,2380.61229
pwt100-pib-per-capita-mapa,HND,1957,2312.04321
pwt100-pib-per-capita-mapa,HND,1958,2327.693626
pwt100-pib-per-capita-mapa,HND,1959,2309.412451
pwt100-pib-per-capita-mapa,HND,1960,2223.806352
pwt100-pib-per-capita-mapa,HND,1961,2270.805136
pwt100-pib-per-capita-mapa,HND,1962,2322.982468
pwt100-pib-per-capita-mapa,HND,1963,2312.732977
pwt100-pib-per-capita-mapa,HND,1964,2396.52587
pwt100-pib-per-capita-mapa,HND,1965,2490.829433
pwt100-pib-per-capita-mapa,HND,1966,2463.651445
pwt100-pib-per-capita-mapa,HND,1967,2486.186515
pwt100-pib-per-capita-mapa,HND,1968,2575.459839
pwt100-pib-per-capita-mapa,HND,1969,2473.361491
pwt100-pib-per-capita-mapa,HND,1970,2439.962069
pwt100-pib-per-capita-mapa,HND,1971,2391.674426
pwt100-pib-per-capita-mapa,HND,1972,2480.482974
pwt100-pib-per-capita-mapa,HND,1973,2605.77032
pwt100-pib-per-capita-mapa,HND,1974,2401.502791
pwt100-pib-per-capita-mapa,HND,1975,2371.585466
pwt100-pib-per-capita-mapa,HND,1976,2749.385337
pwt100-pib-per-capita-mapa,HND,1977,3090.189686
pwt100-pib-per-capita-mapa,HND,1978,3192.072017
pwt100-pib-per-capita-mapa,HND,1979,3122.658487
pwt100-pib-per-capita-mapa,HND,1980,3080.589742
pwt100-pib-per-capita-mapa,HND,1981,2959.799635
pwt100-pib-per-capita-mapa,HND,1982,2884.819425
pwt100-pib-per-capita-mapa,HND,1983,2738.953888
pwt100-pib-per-capita-mapa,HND,1984,2819.566085
pwt100-pib-per-capita-mapa,HND,1985,2836.803498
pwt100-pib-per-capita-mapa,HND,1986,2931.791521
pwt100-pib-per-capita-mapa,HND,1987,2976.255211
pwt100-pib-per-capita-mapa,HND,1988,3100.994726
pwt100-pib-per-capita-mapa,HND,1989,3111.4134
pwt100-pib-per-capita-mapa,HND,1990,3032.023613
pwt100-pib-per-capita-mapa,HND,1991,3111.571773
pwt100-pib-per-capita-mapa,HND,1992,3161.352402
pwt100-pib-per-capita-mapa,HND,1993,3186.625475
pwt100-pib-per-capita-mapa,HND,1994,3149.879029
pwt100-pib-per-capita-mapa,HND,1995,3295.668837
pwt100-pib-per-capita-mapa,HND,1996,3298.280102
pwt100-pib-per-capita-mapa,HND,1997,3342.508257
pwt100-pib-per-capita-mapa,HND,1998,3363.217783
pwt100-pib-per-capita-mapa,HND,1999,3149.895238
pwt100-pib-per-capita-mapa,HND,2000,3279.130331
pwt100-pib-per-capita-mapa,HND,2001,3293.23701
pwt100-pib-per-capita-mapa,HND,2002,3330.19233
pwt100-pib-per-capita-mapa,HND,2003,3376.357938
pwt100-pib-per-capita-mapa,HND,2004,3468.711241
pwt100-pib-per-capita-mapa,HND,2005,3582.888152
pwt100-pib-per-capita-mapa,HND,2006,3739.783933
pwt100-pib-per-capita-mapa,HND,2007,3872.743672
pwt100-pib-per-capita-mapa,HND,2008,3851.520099
pwt100-pib-per-capita-mapa,HND,2009,3854.387361
pwt100-pib-per-capita-mapa,HND,2010,3979.106346
pwt100-pib-per-capita-mapa,HND,2011,4143.394506
pwt100-pib-per-capita-mapa,HND,2012,4340.592975
pwt100-pib-per-capita-mapa,HND,2013,4259.636808
pwt100-pib-per-capita-mapa,HND,2014,4516.124041
pwt100-pib-per-capita-mapa,HND,2015,4886.300424
pwt100-pib-per-capita-mapa,HND,2016,5149.296713
pwt100-pib-per-capita-mapa,HND,2017,5316.995069
pwt100-pib-per-capita-mapa,HND,2018,5277.956028
pwt100-pib-per-capita-mapa,HND,2019,5296.050292
pwt100-pib-per-capita-mapa,HRV,1990,13493.230397
pwt100-pib-per-capita-mapa,HRV,1991,10651.94477
pwt100-pib-per-capita-mapa,HRV,1992,9544.051715
pwt100-pib-per-capita-mapa,HRV,1993,8768.644973
pwt100-pib-per-capita-mapa,HRV,1994,9597.050772
pwt100-pib-per-capita-mapa,HRV,1995,10188.831993
pwt100-pib-per-capita-mapa,HRV,1996,10815.620821
pwt100-pib-per-capita-mapa,HRV,1997,11751.898476
pwt100-pib-per-capita-mapa,HRV,1998,12466.514953
pwt100-pib-per-capita-mapa,HRV,1999,12558.058223
pwt100-pib-per-capita-mapa,HRV,2000,13183.894455
pwt100-pib-per-capita-mapa,HRV,2001,13905.618169
pwt100-pib-per-capita-mapa,HRV,2002,15068.424563
pwt100-pib-per-capita-mapa,HRV,2003,16446.838057
pwt100-pib-per-capita-mapa,HRV,2004,17331.236048
pwt100-pib-per-capita-mapa,HRV,2005,18028.63243
pwt100-pib-per-capita-mapa,HRV,2006,20126.537999
pwt100-pib-per-capita-mapa,HRV,2007,22206.229114
pwt100-pib-per-capita-mapa,HRV,2008,23301.503029
pwt100-pib-per-capita-mapa,HRV,2009,22513.293003
pwt100-pib-per-capita-mapa,HRV,2010,22122.151145
pwt100-pib-per-capita-mapa,HRV,2011,22758.23203
pwt100-pib-per-capita-mapa,HRV,2012,22719.537048
pwt100-pib-per-capita-mapa,HRV,2013,22476.481306
pwt100-pib-per-capita-mapa,HRV,2014,22306.336538
pwt100-pib-per-capita-mapa,HRV,2015,23431.296694
pwt100-pib-per-capita-mapa,HRV,2016,24309.883662
pwt100-pib-per-capita-mapa,HRV,2017,25502.369702
pwt100-pib-per-capita-mapa,HRV,2018,26468.58057
pwt100-pib-per-capita-mapa,HRV,2019,27512.020377
pwt100-pib-per-capita-mapa,HTI,1960,1337.988728
pwt100-pib-per-capita-mapa,HTI,1961,1212.647126
pwt100-pib-per-capita-mapa,HTI,1962,1301.611054
pwt100-pib-per-capita-mapa,HTI,1963,1273.944968
pwt100-pib-per-capita-mapa,HTI,1964,1262.595676
pwt100-pib-per-capita-mapa,HTI,1965,1234.046951
pwt100-pib-per-capita-mapa,HTI,1966,1220.674563
pwt100-pib-per-capita-mapa,HTI,1967,1184.804077
pwt100-pib-per-capita-mapa,HTI,1968,1193.336524
pwt100-pib-per-capita-mapa,HTI,1969,1208.223313
pwt100-pib-per-capita-mapa,HTI,1970,1247.934221
pwt100-pib-per-capita-mapa,HTI,1971,1247.577171
pwt100-pib-per-capita-mapa,HTI,1972,1237.996402
pwt100-pib-per-capita-mapa,HTI,1973,1296.552366
pwt100-pib-per-capita-mapa,HTI,1974,1373.86243
pwt100-pib-per-capita-mapa,HTI,1975,1369.64707
pwt100-pib-per-capita-mapa,HTI,1976,1586.911993
pwt100-pib-per-capita-mapa,HTI,1977,1579.627612
pwt100-pib-per-capita-mapa,HTI,1978,1591.433652
pwt100-pib-per-capita-mapa,HTI,1979,1642.406607
pwt100-pib-per-capita-mapa,HTI,1980,1714.936023
pwt100-pib-per-capita-mapa,HTI,1981,1568.614656
pwt100-pib-per-capita-mapa,HTI,1982,1491.592356
pwt100-pib-per-capita-mapa,HTI,1983,1503.894973
pwt100-pib-per-capita-mapa,HTI,1984,1530.81187
pwt100-pib-per-capita-mapa,HTI,1985,1537.598683
pwt100-pib-per-capita-mapa,HTI,1986,1540.346544
pwt100-pib-per-capita-mapa,HTI,1987,1501.977282
pwt100-pib-per-capita-mapa,HTI,1988,1480.27381
pwt100-pib-per-capita-mapa,HTI,1989,1367.900764
pwt100-pib-per-capita-mapa,HTI,1990,1343.475567
pwt100-pib-per-capita-mapa,HTI,1991,1326.176595
pwt100-pib-per-capita-mapa,HTI,1992,1254.977873
pwt100-pib-per-capita-mapa,HTI,1993,1154.322478
pwt100-pib-per-capita-mapa,HTI,1994,1043.656148
pwt100-pib-per-capita-mapa,HTI,1995,1327.428679
pwt100-pib-per-capita-mapa,HTI,1996,1513.728433
pwt100-pib-per-capita-mapa,HTI,1997,1571.951176
pwt100-pib-per-capita-mapa,HTI,1998,1567.328171
pwt100-pib-per-capita-mapa,HTI,1999,1716.386695
pwt100-pib-per-capita-mapa,HTI,2000,1943.929595
pwt100-pib-per-capita-mapa,HTI,2001,1828.939008
pwt100-pib-per-capita-mapa,HTI,2002,1778.773094
pwt100-pib-per-capita-mapa,HTI,2003,1689.971035
pwt100-pib-per-capita-mapa,HTI,2004,1635.790872
pwt100-pib-per-capita-mapa,HTI,2005,1613.558356
pwt100-pib-per-capita-mapa,HTI,2006,1592.347446
pwt100-pib-per-capita-mapa,HTI,2007,1774.409643
pwt100-pib-per-capita-mapa,HTI,2008,1643.468219
pwt100-pib-per-capita-mapa,HTI,2009,1717.142441
pwt100-pib-per-capita-mapa,HTI,2010,1577.691715
pwt100-pib-per-capita-mapa,HTI,2011,1628.303918
pwt100-pib-per-capita-mapa,HTI,2012,1646.742357
pwt100-pib-per-capita-mapa,HTI,2013,1668.010542
pwt100-pib-per-capita-mapa,HTI,2014,1696.261972
pwt100-pib-per-capita-mapa,HTI,2015,1810.554831
pwt100-pib-per-capita-mapa,HTI,2016,1719.881951
pwt100-pib-per-capita-mapa,HTI,2017,1588.994035
pwt100-pib-per-capita-mapa,HTI,2018,1550.020007
pwt100-pib-per-capita-mapa,HTI,2019,1530.86462
pwt100-pib-per-capita-mapa,HUN,1970,6053.122246
pwt100-pib-per-capita-mapa,HUN,1971,6372.849754
pwt100-pib-per-capita-mapa,HUN,1972,6690.053229
pwt100-pib-per-capita-mapa,HUN,1973,7049.05814
pwt100-pib-per-capita-mapa,HUN,1974,7059.512116
pwt100-pib-per-capita-mapa,HUN,1975,7202.566781
pwt100-pib-per-capita-mapa,HUN,1976,7976.682907
pwt100-pib-per-capita-mapa,HUN,1977,8834.041312
pwt100-pib-per-capita-mapa,HUN,1978,9708.461883
pwt100-pib-per-capita-mapa,HUN,1979,10599.833996
pwt100-pib-per-capita-mapa,HUN,1980,11535.226513
pwt100-pib-per-capita-mapa,HUN,1981,11731.266815
pwt100-pib-per-capita-mapa,HUN,1982,11865.712178
pwt100-pib-per-capita-mapa,HUN,1983,11760.803709
pwt100-pib-per-capita-mapa,HUN,1984,11887.078591
pwt100-pib-per-capita-mapa,HUN,1985,11755.982456
pwt100-pib-per-capita-mapa,HUN,1986,12087.25266
pwt100-pib-per-capita-mapa,HUN,1987,12942.80789
pwt100-pib-per-capita-mapa,HUN,1988,13353.938931
pwt100-pib-per-capita-mapa,HUN,1989,13851.181233
pwt100-pib-per-capita-mapa,HUN,1990,13833.143176
pwt100-pib-per-capita-mapa,HUN,1991,12410.602294
pwt100-pib-per-capita-mapa,HUN,1992,12594.167204
pwt100-pib-per-capita-mapa,HUN,1993,13202.325926
pwt100-pib-per-capita-mapa,HUN,1994,13977.385946
pwt100-pib-per-capita-mapa,HUN,1995,14549.968261
pwt100-pib-per-capita-mapa,HUN,1996,14997.225247
pwt100-pib-per-capita-mapa,HUN,1997,15236.798672
pwt100-pib-per-capita-mapa,HUN,1998,15446.225143
pwt100-pib-per-capita-mapa,HUN,1999,15711.261012
pwt100-pib-per-capita-mapa,HUN,2000,16567.899041
pwt100-pib-per-capita-mapa,HUN,2001,17971.402822
pwt100-pib-per-capita-mapa,HUN,2002,19019.959659
pwt100-pib-per-capita-mapa,HUN,2003,19588.112698
pwt100-pib-per-capita-mapa,HUN,2004,20003.058116
pwt100-pib-per-capita-mapa,HUN,2005,20818.719855
pwt100-pib-per-capita-mapa,HUN,2006,21884.08351
pwt100-pib-per-capita-mapa,HUN,2007,22524.907725
pwt100-pib-per-capita-mapa,HUN,2008,23861.195373
pwt100-pib-per-capita-mapa,HUN,2009,23878.290233
pwt100-pib-per-capita-mapa,HUN,2010,25093.412832
pwt100-pib-per-capita-mapa,HUN,2011,25660.674974
pwt100-pib-per-capita-mapa,HUN,2012,25658.296769
pwt100-pib-per-capita-mapa,HUN,2013,26213.139965
pwt100-pib-per-capita-mapa,HUN,2014,27028.862138
pwt100-pib-per-capita-mapa,HUN,2015,28587.369092
pwt100-pib-per-capita-mapa,HUN,2016,29139.294677
pwt100-pib-per-capita-mapa,HUN,2017,30436.528111
pwt100-pib-per-capita-mapa,HUN,2018,31784.116717
pwt100-pib-per-capita-mapa,HUN,2019,33265.399788
pwt100-pib-per-capita-mapa,IDN,1960,1024.276264
pwt100-pib-per-capita-mapa,IDN,1961,1020.581297
pwt100-pib-per-capita-mapa,IDN,1962,1094.436207
pwt100-pib-per-capita-mapa,IDN,1963,1039.992973
pwt100-pib-per-capita-mapa,IDN,1964,1025.916772
pwt100-pib-per-capita-mapa,IDN,1965,995.783212
pwt100-pib-per-capita-mapa,IDN,1966,926.734817
pwt100-pib-per-capita-mapa,IDN,1967,958.945618
pwt100-pib-per-capita-mapa,IDN,1968,1022.578273
pwt100-pib-per-capita-mapa,IDN,1969,984.784264
pwt100-pib-per-capita-mapa,IDN,1970,1069.800483
pwt100-pib-per-capita-mapa,IDN,1971,1114.699729
pwt100-pib-per-capita-mapa,IDN,1972,1197.64034
pwt100-pib-per-capita-mapa,IDN,1973,1343.429293
pwt100-pib-per-capita-mapa,IDN,1974,1557.933724
pwt100-pib-per-capita-mapa,IDN,1975,1552.728107
pwt100-pib-per-capita-mapa,IDN,1976,1627.969114
pwt100-pib-per-capita-mapa,IDN,1977,1771.302009
pwt100-pib-per-capita-mapa,IDN,1978,1859.123386
pwt100-pib-per-capita-mapa,IDN,1979,2144.818347
pwt100-pib-per-capita-mapa,IDN,1980,2427.150763
pwt100-pib-per-capita-mapa,IDN,1981,2574.017002
pwt100-pib-per-capita-mapa,IDN,1982,2562.564221
pwt100-pib-per-capita-mapa,IDN,1983,2683.528405
pwt100-pib-per-capita-mapa,IDN,1984,2802.233811
pwt100-pib-per-capita-mapa,IDN,1985,2827.5422
pwt100-pib-per-capita-mapa,IDN,1986,2779.563057
pwt100-pib-per-capita-mapa,IDN,1987,2850.896021
pwt100-pib-per-capita-mapa,IDN,1988,2916.145433
pwt100-pib-per-capita-mapa,IDN,1989,3143.354618
pwt100-pib-per-capita-mapa,IDN,1990,3455.736606
pwt100-pib-per-capita-mapa,IDN,1991,3681.901389
pwt100-pib-per-capita-mapa,IDN,1992,3912.500398
pwt100-pib-per-capita-mapa,IDN,1993,4111.450376
pwt100-pib-per-capita-mapa,IDN,1994,4333.082076
pwt100-pib-per-capita-mapa,IDN,1995,4626.052327
pwt100-pib-per-capita-mapa,IDN,1996,4967.419749
pwt100-pib-per-capita-mapa,IDN,1997,5044.477282
pwt100-pib-per-capita-mapa,IDN,1998,4593.876316
pwt100-pib-per-capita-mapa,IDN,1999,4344.434201
pwt100-pib-per-capita-mapa,IDN,2000,4123.481093
pwt100-pib-per-capita-mapa,IDN,2001,4150.005687
pwt100-pib-per-capita-mapa,IDN,2002,4064.614732
pwt100-pib-per-capita-mapa,IDN,2003,4014.569841
pwt100-pib-per-capita-mapa,IDN,2004,4299.008415
pwt100-pib-per-capita-mapa,IDN,2005,4602.076712
pwt100-pib-per-capita-mapa,IDN,2006,5045.978959
pwt100-pib-per-capita-mapa,IDN,2007,5546.712481
pwt100-pib-per-capita-mapa,IDN,2008,6350.712985
pwt100-pib-per-capita-mapa,IDN,2009,7023.704722
pwt100-pib-per-capita-mapa,IDN,2010,8174.570129
pwt100-pib-per-capita-mapa,IDN,2011,9738.689545
pwt100-pib-per-capita-mapa,IDN,2012,10146.913975
pwt100-pib-per-capita-mapa,IDN,2013,10287.860017
pwt100-pib-per-capita-mapa,IDN,2014,10289.248801
pwt100-pib-per-capita-mapa,IDN,2015,10295.900327
pwt100-pib-per-capita-mapa,IDN,2016,10363.523687
pwt100-pib-per-capita-mapa,IDN,2017,10653.430912
pwt100-pib-per-capita-mapa,IDN,2018,11141.517354
pwt100-pib-per-capita-mapa,IDN,2019,11471.343129
pwt100-pib-per-capita-mapa,IND,1950,943.054798
pwt100-pib-per-capita-mapa,IND,1951,965.531202
pwt100-pib-per-capita-mapa,IND,1952,975.477356
pwt100-pib-per-capita-mapa,IND,1953,1008.716584
pwt100-pib-per-capita-mapa,IND,1954,1033.270067
pwt100-pib-per-capita-mapa,IND,1955,1036.400473
pwt100-pib-per-capita-mapa,IND,1956,1057.304748
pwt100-pib-per-capita-mapa,IND,1957,1035.934979
pwt100-pib-per-capita-mapa,IND,1958,1094.471593
pwt100-pib-per-capita-mapa,IND,1959,1096.648408
pwt100-pib-per-capita-mapa,IND,1960,1148.394936
pwt100-pib-per-capita-mapa,IND,1961,1167.308867
pwt100-pib-per-capita-mapa,IND,1962,1189.861304
pwt100-pib-per-capita-mapa,IND,1963,1246.23215
pwt100-pib-per-capita-mapa,IND,1964,1308.785677
pwt100-pib-per-capita-mapa,IND,1965,1257.575972
pwt100-pib-per-capita-mapa,IND,1966,1224.220036
pwt100-pib-per-capita-mapa,IND,1967,1290.269658
pwt100-pib-per-capita-mapa,IND,1968,1322.752298
pwt100-pib-per-capita-mapa,IND,1969,1436.519437
pwt100-pib-per-capita-mapa,IND,1970,1429.634422
pwt100-pib-per-capita-mapa,IND,1971,1456.236262
pwt100-pib-per-capita-mapa,IND,1972,1478.498265
pwt100-pib-per-capita-mapa,IND,1973,1523.33168
pwt100-pib-per-capita-mapa,IND,1974,1463.35446
pwt100-pib-per-capita-mapa,IND,1975,1571.57731
pwt100-pib-per-capita-mapa,IND,1976,1526.950178
pwt100-pib-per-capita-mapa,IND,1977,1488.440182
pwt100-pib-per-capita-mapa,IND,1978,1418.379532
pwt100-pib-per-capita-mapa,IND,1979,1285.821521
pwt100-pib-per-capita-mapa,IND,1980,1272.418011
pwt100-pib-per-capita-mapa,IND,1981,1239.329621
pwt100-pib-per-capita-mapa,IND,1982,1194.805108
pwt100-pib-per-capita-mapa,IND,1983,1205.279604
pwt100-pib-per-capita-mapa,IND,1984,1175.606055
pwt100-pib-per-capita-mapa,IND,1985,1166.167787
pwt100-pib-per-capita-mapa,IND,1986,1191.103085
pwt100-pib-per-capita-mapa,IND,1987,1227.815482
pwt100-pib-per-capita-mapa,IND,1988,1297.71277
pwt100-pib-per-capita-mapa,IND,1989,1359.631241
pwt100-pib-per-capita-mapa,IND,1990,1408.891882
pwt100-pib-per-capita-mapa,IND,1991,1434.564185
pwt100-pib-per-capita-mapa,IND,1992,1475.023261
pwt100-pib-per-capita-mapa,IND,1993,1533.865192
pwt100-pib-per-capita-mapa,IND,1994,1590.398253
pwt100-pib-per-capita-mapa,IND,1995,1682.60698
pwt100-pib-per-capita-mapa,IND,1996,1784.657247
pwt100-pib-per-capita-mapa,IND,1997,1833.359172
pwt100-pib-per-capita-mapa,IND,1998,1950.377291
pwt100-pib-per-capita-mapa,IND,1999,2042.99705
pwt100-pib-per-capita-mapa,IND,2000,2112.383967
pwt100-pib-per-capita-mapa,IND,2001,2198.287501
pwt100-pib-per-capita-mapa,IND,2002,2278.928316
pwt100-pib-per-capita-mapa,IND,2003,2430.804311
pwt100-pib-per-capita-mapa,IND,2004,2603.706115
pwt100-pib-per-capita-mapa,IND,2005,2871.691567
pwt100-pib-per-capita-mapa,IND,2006,3149.723663
pwt100-pib-per-capita-mapa,IND,2007,3489.681961
pwt100-pib-per-capita-mapa,IND,2008,3540.871207
pwt100-pib-per-capita-mapa,IND,2009,3863.579056
pwt100-pib-per-capita-mapa,IND,2010,4373.62623
pwt100-pib-per-capita-mapa,IND,2011,4660.945531
pwt100-pib-per-capita-mapa,IND,2012,4915.501735
pwt100-pib-per-capita-mapa,IND,2013,5036.389633
pwt100-pib-per-capita-mapa,IND,2014,5165.106524
pwt100-pib-per-capita-mapa,IND,2015,5464.432599
pwt100-pib-per-capita-mapa,IND,2016,5770.985622
pwt100-pib-per-capita-mapa,IND,2017,6028.324081
pwt100-pib-per-capita-mapa,IND,2018,6366.854805
pwt100-pib-per-capita-mapa,IND,2019,6546.714556
pwt100-pib-per-capita-mapa,IRL,1950,5585.123087
pwt100-pib-per-capita-mapa,IRL,1951,5431.994185
pwt100-pib-per-capita-mapa,IRL,1952,5826.162747
pwt100-pib-per-capita-mapa,IRL,1953,6135.21006
pwt100-pib-per-capita-mapa,IRL,1954,6224.702961
pwt100-pib-per-capita-mapa,IRL,1955,6368.176377
pwt100-pib-per-capita-mapa,IRL,1956,6311.448586
pwt100-pib-per-capita-mapa,IRL,1957,6323.843315
pwt100-pib-per-capita-mapa,IRL,1958,6383.270088
pwt100-pib-per-capita-mapa,IRL,1959,6747.351102
pwt100-pib-per-capita-mapa,IRL,1960,7065.146144
pwt100-pib-per-capita-mapa,IRL,1961,7449.719488
pwt100-pib-per-capita-mapa,IRL,1962,7640.143768
pwt100-pib-per-capita-mapa,IRL,1963,7938.109812
pwt100-pib-per-capita-mapa,IRL,1964,8278.042983
pwt100-pib-per-capita-mapa,IRL,1965,8362.628088
pwt100-pib-per-capita-mapa,IRL,1966,8554.678025
pwt100-pib-per-capita-mapa,IRL,1967,9084.522843
pwt100-pib-per-capita-mapa,IRL,1968,9675.817532
pwt100-pib-per-capita-mapa,IRL,1969,10182.6055
pwt100-pib-per-capita-mapa,IRL,1970,10255.850866
pwt100-pib-per-capita-mapa,IRL,1971,10585.892415
pwt100-pib-per-capita-mapa,IRL,1972,11435.281409
pwt100-pib-per-capita-mapa,IRL,1973,12112.718393
pwt100-pib-per-capita-mapa,IRL,1974,11308.002942
pwt100-pib-per-capita-mapa,IRL,1975,11548.322789
pwt100-pib-per-capita-mapa,IRL,1976,12005.638855
pwt100-pib-per-capita-mapa,IRL,1977,12891.612293
pwt100-pib-per-capita-mapa,IRL,1978,14033.405433
pwt100-pib-per-capita-mapa,IRL,1979,14360.199753
pwt100-pib-per-capita-mapa,IRL,1980,14385.589667
pwt100-pib-per-capita-mapa,IRL,1981,14380.083988
pwt100-pib-per-capita-mapa,IRL,1982,14632.003429
pwt100-pib-per-capita-mapa,IRL,1983,14529.831227
pwt100-pib-per-capita-mapa,IRL,1984,14758.302282
pwt100-pib-per-capita-mapa,IRL,1985,14933.942303
pwt100-pib-per-capita-mapa,IRL,1986,15329.450335
pwt100-pib-per-capita-mapa,IRL,1987,15967.875757
pwt100-pib-per-capita-mapa,IRL,1988,16876.381129
pwt100-pib-per-capita-mapa,IRL,1989,18316.356618
pwt100-pib-per-capita-mapa,IRL,1990,19626.917875
pwt100-pib-per-capita-mapa,IRL,1991,19894.743313
pwt100-pib-per-capita-mapa,IRL,1992,20487.580768
pwt100-pib-per-capita-mapa,IRL,1993,21512.125113
pwt100-pib-per-capita-mapa,IRL,1994,22862.724053
pwt100-pib-per-capita-mapa,IRL,1995,25647.196443
pwt100-pib-per-capita-mapa,IRL,1996,27578.112633
pwt100-pib-per-capita-mapa,IRL,1997,30806.577926
pwt100-pib-per-capita-mapa,IRL,1998,34482.008539
pwt100-pib-per-capita-mapa,IRL,1999,36912.085438
pwt100-pib-per-capita-mapa,IRL,2000,39699.371786
pwt100-pib-per-capita-mapa,IRL,2001,41215.942763
pwt100-pib-per-capita-mapa,IRL,2002,42867.221433
pwt100-pib-per-capita-mapa,IRL,2003,43247.470337
pwt100-pib-per-capita-mapa,IRL,2004,44650.930663
pwt100-pib-per-capita-mapa,IRL,2005,47210.593042
pwt100-pib-per-capita-mapa,IRL,2006,51237.079178
pwt100-pib-per-capita-mapa,IRL,2007,54765.958463
pwt100-pib-per-capita-mapa,IRL,2008,50484.900689
pwt100-pib-per-capita-mapa,IRL,2009,46458.71699
pwt100-pib-per-capita-mapa,IRL,2010,47629.482666
pwt100-pib-per-capita-mapa,IRL,2011,48759.915233
pwt100-pib-per-capita-mapa,IRL,2012,50901.967266
pwt100-pib-per-capita-mapa,IRL,2013,50633.625024
pwt100-pib-per-capita-mapa,IRL,2014,54350.695096
pwt100-pib-per-capita-mapa,IRL,2015,75574.700291
pwt100-pib-per-capita-mapa,IRL,2016,81179.368748
pwt100-pib-per-capita-mapa,IRL,2017,86224.280649
pwt100-pib-per-capita-mapa,IRL,2018,90300.436944
pwt100-pib-per-capita-mapa,IRL,2019,102353.631443
pwt100-pib-per-capita-mapa,IRN,1955,2167.454118
pwt100-pib-per-capita-mapa,IRN,1956,2240.941853
pwt100-pib-per-capita-mapa,IRN,1957,2433.640785
pwt100-pib-per-capita-mapa,IRN,1958,2630.326119
pwt100-pib-per-capita-mapa,IRN,1959,2882.208125
pwt100-pib-per-capita-mapa,IRN,1960,2809.601175
pwt100-pib-per-capita-mapa,IRN,1961,2817.37065
pwt100-pib-per-capita-mapa,IRN,1962,2858.207634
pwt100-pib-per-capita-mapa,IRN,1963,2877.518536
pwt100-pib-per-capita-mapa,IRN,1964,2870.288993
pwt100-pib-per-capita-mapa,IRN,1965,3116.036291
pwt100-pib-per-capita-mapa,IRN,1966,3286.109897
pwt100-pib-per-capita-mapa,IRN,1967,3510.101197
pwt100-pib-per-capita-mapa,IRN,1968,3747.788965
pwt100-pib-per-capita-mapa,IRN,1969,3809.987281
pwt100-pib-per-capita-mapa,IRN,1970,4084.741558
pwt100-pib-per-capita-mapa,IRN,1971,4589.617842
pwt100-pib-per-capita-mapa,IRN,1972,5055.117889
pwt100-pib-per-capita-mapa,IRN,1973,5982.501974
pwt100-pib-per-capita-mapa,IRN,1974,8546.099495
pwt100-pib-per-capita-mapa,IRN,1975,8525.274214
pwt100-pib-per-capita-mapa,IRN,1976,8747.71736
pwt100-pib-per-capita-mapa,IRN,1977,7836.400342
pwt100-pib-per-capita-mapa,IRN,1978,6544.8136
pwt100-pib-per-capita-mapa,IRN,1979,6111.034731
pwt100-pib-per-capita-mapa,IRN,1980,4198.232092
pwt100-pib-per-capita-mapa,IRN,1981,3730.706407
pwt100-pib-per-capita-mapa,IRN,1982,4035.734241
pwt100-pib-per-capita-mapa,IRN,1983,3945.600265
pwt100-pib-per-capita-mapa,IRN,1984,3489.078914
pwt100-pib-per-capita-mapa,IRN,1985,3378.832007
pwt100-pib-per-capita-mapa,IRN,1986,2968.523382
pwt100-pib-per-capita-mapa,IRN,1987,2996.039209
pwt100-pib-per-capita-mapa,IRN,1988,2702.0799
pwt100-pib-per-capita-mapa,IRN,1989,2849.254306
pwt100-pib-per-capita-mapa,IRN,1990,3321.116641
pwt100-pib-per-capita-mapa,IRN,1991,3801.501556
pwt100-pib-per-capita-mapa,IRN,1992,4085.531126
pwt100-pib-per-capita-mapa,IRN,1993,4932.674287
pwt100-pib-per-capita-mapa,IRN,1994,5261.621462
pwt100-pib-per-capita-mapa,IRN,1995,5421.528537
pwt100-pib-per-capita-mapa,IRN,1996,6532.010857
pwt100-pib-per-capita-mapa,IRN,1997,6764.34773
pwt100-pib-per-capita-mapa,IRN,1998,6775.471865
pwt100-pib-per-capita-mapa,IRN,1999,7645.452693
pwt100-pib-per-capita-mapa,IRN,2000,8362.650871
pwt100-pib-per-capita-mapa,IRN,2001,9275.448444
pwt100-pib-per-capita-mapa,IRN,2002,10589.179018
pwt100-pib-per-capita-mapa,IRN,2003,11583.42767
pwt100-pib-per-capita-mapa,IRN,2004,13079.927406
pwt100-pib-per-capita-mapa,IRN,2005,15322.570784
pwt100-pib-per-capita-mapa,IRN,2006,16267.818075
pwt100-pib-per-capita-mapa,IRN,2007,18113.934702
pwt100-pib-per-capita-mapa,IRN,2008,17885.050228
pwt100-pib-per-capita-mapa,IRN,2009,17741.573766
pwt100-pib-per-capita-mapa,IRN,2010,19190.877958
pwt100-pib-per-capita-mapa,IRN,2011,20200.855746
pwt100-pib-per-capita-mapa,IRN,2012,16746.942588
pwt100-pib-per-capita-mapa,IRN,2013,15923.512997
pwt100-pib-per-capita-mapa,IRN,2014,15359.80666
pwt100-pib-per-capita-mapa,IRN,2015,13560.282698
pwt100-pib-per-capita-mapa,IRN,2016,13967.301841
pwt100-pib-per-capita-mapa,IRN,2017,14186.408072
pwt100-pib-per-capita-mapa,IRN,2018,13520.792581
pwt100-pib-per-capita-mapa,IRN,2019,13060.4268
pwt100-pib-per-capita-mapa,IRQ,1970,5082.093919
pwt100-pib-per-capita-mapa,IRQ,1971,5253.117733
pwt100-pib-per-capita-mapa,IRQ,1972,4936.105738
pwt100-pib-per-capita-mapa,IRQ,1973,5758.351871
pwt100-pib-per-capita-mapa,IRQ,1974,6226.602271
pwt100-pib-per-capita-mapa,IRQ,1975,6883.021917
pwt100-pib-per-capita-mapa,IRQ,1976,7881.074346
pwt100-pib-per-capita-mapa,IRQ,1977,7689.710533
pwt100-pib-per-capita-mapa,IRQ,1978,8773.557998
pwt100-pib-per-capita-mapa,IRQ,1979,10865.724955
pwt100-pib-per-capita-mapa,IRQ,1980,10741.829444
pwt100-pib-per-capita-mapa,IRQ,1981,8656.886034
pwt100-pib-per-capita-mapa,IRQ,1982,8209.247588
pwt100-pib-per-capita-mapa,IRQ,1983,7107.131828
pwt100-pib-per-capita-mapa,IRQ,1984,6983.091118
pwt100-pib-per-capita-mapa,IRQ,1985,6913.566302
pwt100-pib-per-capita-mapa,IRQ,1986,7219.514523
pwt100-pib-per-capita-mapa,IRQ,1987,8467.357394
pwt100-pib-per-capita-mapa,IRQ,1988,8562.382941
pwt100-pib-per-capita-mapa,IRQ,1989,7573.191751
pwt100-pib-per-capita-mapa,IRQ,1990,7377.781754
pwt100-pib-per-capita-mapa,IRQ,1991,2420.637456
pwt100-pib-per-capita-mapa,IRQ,1992,2944.282499
pwt100-pib-per-capita-mapa,IRQ,1993,4257.414221
pwt100-pib-per-capita-mapa,IRQ,1994,3895.811524
pwt100-pib-per-capita-mapa,IRQ,1995,3080.559877
pwt100-pib-per-capita-mapa,IRQ,1996,4469.591747
pwt100-pib-per-capita-mapa,IRQ,1997,5279.724264
pwt100-pib-per-capita-mapa,IRQ,1998,6891.937156
pwt100-pib-per-capita-mapa,IRQ,1999,7783.042689
pwt100-pib-per-capita-mapa,IRQ,2000,7706.402328
pwt100-pib-per-capita-mapa,IRQ,2001,7657.888651
pwt100-pib-per-capita-mapa,IRQ,2002,6954.437979
pwt100-pib-per-capita-mapa,IRQ,2003,4422.773574
pwt100-pib-per-capita-mapa,IRQ,2004,6825.774641
pwt100-pib-per-capita-mapa,IRQ,2005,6677.514921
pwt100-pib-per-capita-mapa,IRQ,2006,7454.830975
pwt100-pib-per-capita-mapa,IRQ,2007,8324.514122
pwt100-pib-per-capita-mapa,IRQ,2008,9685.624873
pwt100-pib-per-capita-mapa,IRQ,2009,11108.068736
pwt100-pib-per-capita-mapa,IRQ,2010,12943.272498
pwt100-pib-per-capita-mapa,IRQ,2011,15510.995824
pwt100-pib-per-capita-mapa,IRQ,2012,17538.952088
pwt100-pib-per-capita-mapa,IRQ,2013,17151.346772
pwt100-pib-per-capita-mapa,IRQ,2014,14689.110115
pwt100-pib-per-capita-mapa,IRQ,2015,10147.192886
pwt100-pib-per-capita-mapa,IRQ,2016,9679.920303
pwt100-pib-per-capita-mapa,IRQ,2017,11414.836194
pwt100-pib-per-capita-mapa,IRQ,2018,11240.033135
pwt100-pib-per-capita-mapa,IRQ,2019,11483.582217
pwt100-pib-per-capita-mapa,ISL,1950,9036.432927
pwt100-pib-per-capita-mapa,ISL,1951,8491.014701
pwt100-pib-per-capita-mapa,ISL,1952,8326.652289
pwt100-pib-per-capita-mapa,ISL,1953,9535.195282
pwt100-pib-per-capita-mapa,ISL,1954,10354.713144
pwt100-pib-per-capita-mapa,ISL,1955,11695.62799
pwt100-pib-per-capita-mapa,ISL,1956,11401.96179
pwt100-pib-per-capita-mapa,ISL,1957,11236.260733
pwt100-pib-per-capita-mapa,ISL,1958,12130.403066
pwt100-pib-per-capita-mapa,ISL,1959,12508.439152
pwt100-pib-per-capita-mapa,ISL,1960,11993.063517
pwt100-pib-per-capita-mapa,ISL,1961,12586.393461
pwt100-pib-per-capita-mapa,ISL,1962,12818.87062
pwt100-pib-per-capita-mapa,ISL,1963,14108.517453
pwt100-pib-per-capita-mapa,ISL,1964,15965.879917
pwt100-pib-per-capita-mapa,ISL,1965,17504.737361
pwt100-pib-per-capita-mapa,ISL,1966,18531.55274
pwt100-pib-per-capita-mapa,ISL,1967,17920.634009
pwt100-pib-per-capita-mapa,ISL,1968,16110.850811
pwt100-pib-per-capita-mapa,ISL,1969,16396.144221
pwt100-pib-per-capita-mapa,ISL,1970,17841.633164
pwt100-pib-per-capita-mapa,ISL,1971,21529.999286
pwt100-pib-per-capita-mapa,ISL,1972,21161.037445
pwt100-pib-per-capita-mapa,ISL,1973,23892.812962
pwt100-pib-per-capita-mapa,ISL,1974,25164.525115
pwt100-pib-per-capita-mapa,ISL,1975,23733.428845
pwt100-pib-per-capita-mapa,ISL,1976,23999.099575
pwt100-pib-per-capita-mapa,ISL,1977,27500.063445
pwt100-pib-per-capita-mapa,ISL,1978,28420.059984
pwt100-pib-per-capita-mapa,ISL,1979,28603.323986
pwt100-pib-per-capita-mapa,ISL,1980,29898.117093
pwt100-pib-per-capita-mapa,ISL,1981,31065.925014
pwt100-pib-per-capita-mapa,ISL,1982,31911.827286
pwt100-pib-per-capita-mapa,ISL,1983,28057.479036
pwt100-pib-per-capita-mapa,ISL,1984,30591.210434
pwt100-pib-per-capita-mapa,ISL,1985,30109.816733
pwt100-pib-per-capita-mapa,ISL,1986,31580.24848
pwt100-pib-per-capita-mapa,ISL,1987,35217.047988
pwt100-pib-per-capita-mapa,ISL,1988,35582.494139
pwt100-pib-per-capita-mapa,ISL,1989,33909.85056
pwt100-pib-per-capita-mapa,ISL,1990,33367.895009
pwt100-pib-per-capita-mapa,ISL,1991,33992.615116
pwt100-pib-per-capita-mapa,ISL,1992,32172.44354
pwt100-pib-per-capita-mapa,ISL,1993,32028.506839
pwt100-pib-per-capita-mapa,ISL,1994,32552.148404
pwt100-pib-per-capita-mapa,ISL,1995,32781.183327
pwt100-pib-per-capita-mapa,ISL,1996,33704.86087
pwt100-pib-per-capita-mapa,ISL,1997,37004.638816
pwt100-pib-per-capita-mapa,ISL,1998,40282.844846
pwt100-pib-per-capita-mapa,ISL,1999,41909.949178
pwt100-pib-per-capita-mapa,ISL,2000,41555.366133
pwt100-pib-per-capita-mapa,ISL,2001,42349.198732
pwt100-pib-per-capita-mapa,ISL,2002,41246.218181
pwt100-pib-per-capita-mapa,ISL,2003,41123.678626
pwt100-pib-per-capita-mapa,ISL,2004,44514.421553
pwt100-pib-per-capita-mapa,ISL,2005,48376.864725
pwt100-pib-per-capita-mapa,ISL,2006,50464.232111
pwt100-pib-per-capita-mapa,ISL,2007,51290.66195
pwt100-pib-per-capita-mapa,ISL,2008,56727.161501
pwt100-pib-per-capita-mapa,ISL,2009,47527.314657
pwt100-pib-per-capita-mapa,ISL,2010,43199.735774
pwt100-pib-per-capita-mapa,ISL,2011,44159.026305
pwt100-pib-per-capita-mapa,ISL,2012,45183.180708
pwt100-pib-per-capita-mapa,ISL,2013,45895.58112
pwt100-pib-per-capita-mapa,ISL,2014,47117.697747
pwt100-pib-per-capita-mapa,ISL,2015,51069.502467
pwt100-pib-per-capita-mapa,ISL,2016,54586.535491
pwt100-pib-per-capita-mapa,ISL,2017,57512.9729
pwt100-pib-per-capita-mapa,ISL,2018,58350.578794
pwt100-pib-per-capita-mapa,ISL,2019,58658.001361
pwt100-pib-per-capita-mapa,ISR,1950,6809.712525
pwt100-pib-per-capita-mapa,ISR,1951,7436.110668
pwt100-pib-per-capita-mapa,ISR,1952,6241.966305
pwt100-pib-per-capita-mapa,ISR,1953,6049.900286
pwt100-pib-per-capita-mapa,ISR,1954,6904.909446
pwt100-pib-per-capita-mapa,ISR,1955,7405.111661
pwt100-pib-per-capita-mapa,ISR,1956,7859.620191
pwt100-pib-per-capita-mapa,ISR,1957,8047.145884
pwt100-pib-per-capita-mapa,ISR,1958,8464.054643
pwt100-pib-per-capita-mapa,ISR,1959,9209.577609
pwt100-pib-per-capita-mapa,ISR,1960,9531.664012
pwt100-pib-per-capita-mapa,ISR,1961,10456.03269
pwt100-pib-per-capita-mapa,ISR,1962,10524.091948
pwt100-pib-per-capita-mapa,ISR,1963,11235.953945
pwt100-pib-per-capita-mapa,ISR,1964,11899.134412
pwt100-pib-per-capita-mapa,ISR,1965,11745.852799
pwt100-pib-per-capita-mapa,ISR,1966,12635.046229
pwt100-pib-per-capita-mapa,ISR,1967,12072.66145
pwt100-pib-per-capita-mapa,ISR,1968,12285.199991
pwt100-pib-per-capita-mapa,ISR,1969,13787.071113
pwt100-pib-per-capita-mapa,ISR,1970,14937.764916
pwt100-pib-per-capita-mapa,ISR,1971,16131.563047
pwt100-pib-per-capita-mapa,ISR,1972,17303.028967
pwt100-pib-per-capita-mapa,ISR,1973,18080.207783
pwt100-pib-per-capita-mapa,ISR,1974,18291.679913
pwt100-pib-per-capita-mapa,ISR,1975,18185.174971
pwt100-pib-per-capita-mapa,ISR,1976,17896.497069
pwt100-pib-per-capita-mapa,ISR,1977,17548.053972
pwt100-pib-per-capita-mapa,ISR,1978,17653.032496
pwt100-pib-per-capita-mapa,ISR,1979,18021.976428
pwt100-pib-per-capita-mapa,ISR,1980,17837.182805
pwt100-pib-per-capita-mapa,ISR,1981,18555.812543
pwt100-pib-per-capita-mapa,ISR,1982,19100.882061
pwt100-pib-per-capita-mapa,ISR,1983,19927.153601
pwt100-pib-per-capita-mapa,ISR,1984,19595.209735
pwt100-pib-per-capita-mapa,ISR,1985,19757.285921
pwt100-pib-per-capita-mapa,ISR,1986,20681.786908
pwt100-pib-per-capita-mapa,ISR,1987,21960.436936
pwt100-pib-per-capita-mapa,ISR,1988,22719.166482
pwt100-pib-per-capita-mapa,ISR,1989,22033.100841
pwt100-pib-per-capita-mapa,ISR,1990,23487.014464
pwt100-pib-per-capita-mapa,ISR,1991,25311.368837
pwt100-pib-per-capita-mapa,ISR,1992,26537.684819
pwt100-pib-per-capita-mapa,ISR,1993,26906.891462
pwt100-pib-per-capita-mapa,ISR,1994,28086.850541
pwt100-pib-per-capita-mapa,ISR,1995,29711.395901
pwt100-pib-per-capita-mapa,ISR,1996,31047.500769
pwt100-pib-per-capita-mapa,ISR,1997,32075.763493
pwt100-pib-per-capita-mapa,ISR,1998,33121.058269
pwt100-pib-per-capita-mapa,ISR,1999,34230.311839
pwt100-pib-per-capita-mapa,ISR,2000,36624.664162
pwt100-pib-per-capita-mapa,ISR,2001,36404.079038
pwt100-pib-per-capita-mapa,ISR,2002,35944.500628
pwt100-pib-per-capita-mapa,ISR,2003,33816.062985
pwt100-pib-per-capita-mapa,ISR,2004,33099.022276
pwt100-pib-per-capita-mapa,ISR,2005,32357.932003
pwt100-pib-per-capita-mapa,ISR,2006,32610.482634
pwt100-pib-per-capita-mapa,ISR,2007,32763.174897
pwt100-pib-per-capita-mapa,ISR,2008,31987.803874
pwt100-pib-per-capita-mapa,ISR,2009,32664.166644
pwt100-pib-per-capita-mapa,ISR,2010,33949.662105
pwt100-pib-per-capita-mapa,ISR,2011,35027.447209
pwt100-pib-per-capita-mapa,ISR,2012,36214.172788
pwt100-pib-per-capita-mapa,ISR,2013,37670.49801
pwt100-pib-per-capita-mapa,ISR,2014,37465.780308
pwt100-pib-per-capita-mapa,ISR,2015,38428.147901
pwt100-pib-per-capita-mapa,ISR,2016,40774.04185
pwt100-pib-per-capita-mapa,ISR,2017,40976.552303
pwt100-pib-per-capita-mapa,ISR,2018,41460.906356
pwt100-pib-per-capita-mapa,ISR,2019,42728.17939
pwt100-pib-per-capita-mapa,ITA,1950,4714.265424
pwt100-pib-per-capita-mapa,ITA,1951,5048.451297
pwt100-pib-per-capita-mapa,ITA,1952,5175.559027
pwt100-pib-per-capita-mapa,ITA,1953,5553.69777
pwt100-pib-per-capita-mapa,ITA,1954,5788.333844
pwt100-pib-per-capita-mapa,ITA,1955,6143.849034
pwt100-pib-per-capita-mapa,ITA,1956,6353.67833
pwt100-pib-per-capita-mapa,ITA,1957,6626.489844
pwt100-pib-per-capita-mapa,ITA,1958,6937.821411
pwt100-pib-per-capita-mapa,ITA,1959,7363.690198
pwt100-pib-per-capita-mapa,ITA,1960,7816.457784
pwt100-pib-per-capita-mapa,ITA,1961,8450.219489
pwt100-pib-per-capita-mapa,ITA,1962,8898.500179
pwt100-pib-per-capita-mapa,ITA,1963,9304.82468
pwt100-pib-per-capita-mapa,ITA,1964,9488.785717
pwt100-pib-per-capita-mapa,ITA,1965,9683.232866
pwt100-pib-per-capita-mapa,ITA,1966,10158.302223
pwt100-pib-per-capita-mapa,ITA,1967,10837.552074
pwt100-pib-per-capita-mapa,ITA,1968,11462.762139
pwt100-pib-per-capita-mapa,ITA,1969,12126.599704
pwt100-pib-per-capita-mapa,ITA,1970,13746.184554
pwt100-pib-per-capita-mapa,ITA,1971,13981.367007
pwt100-pib-per-capita-mapa,ITA,1972,14619.942757
pwt100-pib-per-capita-mapa,ITA,1973,15503.08525
pwt100-pib-per-capita-mapa,ITA,1974,16073.034154
pwt100-pib-per-capita-mapa,ITA,1975,15859.452111
pwt100-pib-per-capita-mapa,ITA,1976,17220.088186
pwt100-pib-per-capita-mapa,ITA,1977,18104.955988
pwt100-pib-per-capita-mapa,ITA,1978,19159.674026
pwt100-pib-per-capita-mapa,ITA,1979,20765.8108
pwt100-pib-per-capita-mapa,ITA,1980,21916.102793
pwt100-pib-per-capita-mapa,ITA,1981,21385.515047
pwt100-pib-per-capita-mapa,ITA,1982,21190.833757
pwt100-pib-per-capita-mapa,ITA,1983,21017.050114
pwt100-pib-per-capita-mapa,ITA,1984,21286.521266
pwt100-pib-per-capita-mapa,ITA,1985,21491.815202
pwt100-pib-per-capita-mapa,ITA,1986,22860.177021
pwt100-pib-per-capita-mapa,ITA,1987,23953.503525
pwt100-pib-per-capita-mapa,ITA,1988,25161.567758
pwt100-pib-per-capita-mapa,ITA,1989,26307.625302
pwt100-pib-per-capita-mapa,ITA,1990,27360.732065
pwt100-pib-per-capita-mapa,ITA,1991,28289.886723
pwt100-pib-per-capita-mapa,ITA,1992,28731.749638
pwt100-pib-per-capita-mapa,ITA,1993,28427.598019
pwt100-pib-per-capita-mapa,ITA,1994,29465.896659
pwt100-pib-per-capita-mapa,ITA,1995,30872.527793
pwt100-pib-per-capita-mapa,ITA,1996,31416.922478
pwt100-pib-per-capita-mapa,ITA,1997,33063.210016
pwt100-pib-per-capita-mapa,ITA,1998,34988.690628
pwt100-pib-per-capita-mapa,ITA,1999,35954.106469
pwt100-pib-per-capita-mapa,ITA,2000,36713.806003
pwt100-pib-per-capita-mapa,ITA,2001,36629.081152
pwt100-pib-per-capita-mapa,ITA,2002,36004.672599
pwt100-pib-per-capita-mapa,ITA,2003,35829.353977
pwt100-pib-per-capita-mapa,ITA,2004,35806.394407
pwt100-pib-per-capita-mapa,ITA,2005,36167.38015
pwt100-pib-per-capita-mapa,ITA,2006,37841.273381
pwt100-pib-per-capita-mapa,ITA,2007,39410.537007
pwt100-pib-per-capita-mapa,ITA,2008,40216.06304
pwt100-pib-per-capita-mapa,ITA,2009,39091.520477
pwt100-pib-per-capita-mapa,ITA,2010,39378.191865
pwt100-pib-per-capita-mapa,ITA,2011,39896.339389
pwt100-pib-per-capita-mapa,ITA,2012,38807.448716
pwt100-pib-per-capita-mapa,ITA,2013,37755.296398
pwt100-pib-per-capita-mapa,ITA,2014,37108.911627
pwt100-pib-per-capita-mapa,ITA,2015,37913.797428
pwt100-pib-per-capita-mapa,ITA,2016,39737.111019
pwt100-pib-per-capita-mapa,ITA,2017,40779.130154
pwt100-pib-per-capita-mapa,ITA,2018,41220.075296
pwt100-pib-per-capita-mapa,ITA,2019,41426.942906
pwt100-pib-per-capita-mapa,JAM,1953,3671.520437
pwt100-pib-per-capita-mapa,JAM,1954,4086.944875
pwt100-pib-per-capita-mapa,JAM,1955,4383.567316
pwt100-pib-per-capita-mapa,JAM,1956,4688.100024
pwt100-pib-per-capita-mapa,JAM,1957,5344.438939
pwt100-pib-per-capita-mapa,JAM,1958,5305.280597
pwt100-pib-per-capita-mapa,JAM,1959,5337.695457
pwt100-pib-per-capita-mapa,JAM,1960,5564.289687
pwt100-pib-per-capita-mapa,JAM,1961,5765.521676
pwt100-pib-per-capita-mapa,JAM,1962,5669.639099
pwt100-pib-per-capita-mapa,JAM,1963,6203.054644
pwt100-pib-per-capita-mapa,JAM,1964,6218.956257
pwt100-pib-per-capita-mapa,JAM,1965,6182.121684
pwt100-pib-per-capita-mapa,JAM,1966,6349.106568
pwt100-pib-per-capita-mapa,JAM,1967,6257.506413
pwt100-pib-per-capita-mapa,JAM,1968,6082.01559
pwt100-pib-per-capita-mapa,JAM,1969,6251.119905
pwt100-pib-per-capita-mapa,JAM,1970,7081.836637
pwt100-pib-per-capita-mapa,JAM,1971,7192.930131
pwt100-pib-per-capita-mapa,JAM,1972,7777.071033
pwt100-pib-per-capita-mapa,JAM,1973,7743.138322
pwt100-pib-per-capita-mapa,JAM,1974,7384.550278
pwt100-pib-per-capita-mapa,JAM,1975,7474.315896
pwt100-pib-per-capita-mapa,JAM,1976,6859.39792
pwt100-pib-per-capita-mapa,JAM,1977,6479.415368
pwt100-pib-per-capita-mapa,JAM,1978,6216.349861
pwt100-pib-per-capita-mapa,JAM,1979,5468.267851
pwt100-pib-per-capita-mapa,JAM,1980,4799.332811
pwt100-pib-per-capita-mapa,JAM,1981,4456.893698
pwt100-pib-per-capita-mapa,JAM,1982,4373.997952
pwt100-pib-per-capita-mapa,JAM,1983,4414.897008
pwt100-pib-per-capita-mapa,JAM,1984,4445.390396
pwt100-pib-per-capita-mapa,JAM,1985,4088.252372
pwt100-pib-per-capita-mapa,JAM,1986,4391.615221
pwt100-pib-per-capita-mapa,JAM,1987,4716.748696
pwt100-pib-per-capita-mapa,JAM,1988,4933.779967
pwt100-pib-per-capita-mapa,JAM,1989,4949.11329
pwt100-pib-per-capita-mapa,JAM,1990,5185.546528
pwt100-pib-per-capita-mapa,JAM,1991,5199.629412
pwt100-pib-per-capita-mapa,JAM,1992,5571.190041
pwt100-pib-per-capita-mapa,JAM,1993,5711.933216
pwt100-pib-per-capita-mapa,JAM,1994,5716.900515
pwt100-pib-per-capita-mapa,JAM,1995,5765.57692
pwt100-pib-per-capita-mapa,JAM,1996,5869.61872
pwt100-pib-per-capita-mapa,JAM,1997,5919.555731
pwt100-pib-per-capita-mapa,JAM,1998,5987.736895
pwt100-pib-per-capita-mapa,JAM,1999,6065.09383
pwt100-pib-per-capita-mapa,JAM,2000,6140.593405
pwt100-pib-per-capita-mapa,JAM,2001,6274.747646
pwt100-pib-per-capita-mapa,JAM,2002,6406.269148
pwt100-pib-per-capita-mapa,JAM,2003,6748.189724
pwt100-pib-per-capita-mapa,JAM,2004,6923.187951
pwt100-pib-per-capita-mapa,JAM,2005,7147.599952
pwt100-pib-per-capita-mapa,JAM,2006,7517.814576
pwt100-pib-per-capita-mapa,JAM,2007,7870.392566
pwt100-pib-per-capita-mapa,JAM,2008,7635.676737
pwt100-pib-per-capita-mapa,JAM,2009,7645.874613
pwt100-pib-per-capita-mapa,JAM,2010,7769.37636
pwt100-pib-per-capita-mapa,JAM,2011,8010.16868
pwt100-pib-per-capita-mapa,JAM,2012,8199.373965
pwt100-pib-per-capita-mapa,JAM,2013,8139.201435
pwt100-pib-per-capita-mapa,JAM,2014,8047.445842
pwt100-pib-per-capita-mapa,JAM,2015,8393.665654
pwt100-pib-per-capita-mapa,JAM,2016,8653.051092
pwt100-pib-per-capita-mapa,JAM,2017,8783.230905
pwt100-pib-per-capita-mapa,JAM,2018,8957.279252
pwt100-pib-per-capita-mapa,JAM,2019,8945.276846
pwt100-pib-per-capita-mapa,JOR,1954,2043.820251
pwt100-pib-per-capita-mapa,JOR,1955,1651.705337
pwt100-pib-per-capita-mapa,JOR,1956,2238.056448
pwt100-pib-per-capita-mapa,JOR,1957,2233.337768
pwt100-pib-per-capita-mapa,JOR,1958,2447.853813
pwt100-pib-per-capita-mapa,JOR,1959,2718.064391
pwt100-pib-per-capita-mapa,JOR,1960,2849.789136
pwt100-pib-per-capita-mapa,JOR,1961,3145.5416
pwt100-pib-per-capita-mapa,JOR,1962,3123.332497
pwt100-pib-per-capita-mapa,JOR,1963,3130.370001
pwt100-pib-per-capita-mapa,JOR,1964,3503.267559
pwt100-pib-per-capita-mapa,JOR,1965,3734.531545
pwt100-pib-per-capita-mapa,JOR,1966,3652.680336
pwt100-pib-per-capita-mapa,JOR,1967,3774.592397
pwt100-pib-per-capita-mapa,JOR,1968,3656.551686
pwt100-pib-per-capita-mapa,JOR,1969,3380.784072
pwt100-pib-per-capita-mapa,JOR,1970,2927.851612
pwt100-pib-per-capita-mapa,JOR,1971,2770.376195
pwt100-pib-per-capita-mapa,JOR,1972,2812.602999
pwt100-pib-per-capita-mapa,JOR,1973,2588.695906
pwt100-pib-per-capita-mapa,JOR,1974,2505.068484
pwt100-pib-per-capita-mapa,JOR,1975,2334.538586
pwt100-pib-per-capita-mapa,JOR,1976,2615.475142
pwt100-pib-per-capita-mapa,JOR,1977,2818.019666
pwt100-pib-per-capita-mapa,JOR,1978,3334.853223
pwt100-pib-per-capita-mapa,JOR,1979,3788.23297
pwt100-pib-per-capita-mapa,JOR,1980,4339.963344
pwt100-pib-per-capita-mapa,JOR,1981,4212.277224
pwt100-pib-per-capita-mapa,JOR,1982,4018.575483
pwt100-pib-per-capita-mapa,JOR,1983,3989.656966
pwt100-pib-per-capita-mapa,JOR,1984,4445.964985
pwt100-pib-per-capita-mapa,JOR,1985,4260.449632
pwt100-pib-per-capita-mapa,JOR,1986,4346.025197
pwt100-pib-per-capita-mapa,JOR,1987,4660.322291
pwt100-pib-per-capita-mapa,JOR,1988,4532.074922
pwt100-pib-per-capita-mapa,JOR,1989,4326.146336
pwt100-pib-per-capita-mapa,JOR,1990,3392.81971
pwt100-pib-per-capita-mapa,JOR,1991,3357.987934
pwt100-pib-per-capita-mapa,JOR,1992,3472.773449
pwt100-pib-per-capita-mapa,JOR,1993,3423.928806
pwt100-pib-per-capita-mapa,JOR,1994,3471.810717
pwt100-pib-per-capita-mapa,JOR,1995,3590.054675
pwt100-pib-per-capita-mapa,JOR,1996,3566.33923
pwt100-pib-per-capita-mapa,JOR,1997,3617.19075
pwt100-pib-per-capita-mapa,JOR,1998,3831.866928
pwt100-pib-per-capita-mapa,JOR,1999,3804.151694
pwt100-pib-per-capita-mapa,JOR,2000,3958.32921
pwt100-pib-per-capita-mapa,JOR,2001,4177.935513
pwt100-pib-per-capita-mapa,JOR,2002,4361.248825
pwt100-pib-per-capita-mapa,JOR,2003,4600.980347
pwt100-pib-per-capita-mapa,JOR,2004,5270.816017
pwt100-pib-per-capita-mapa,JOR,2005,5572.486947
pwt100-pib-per-capita-mapa,JOR,2006,6463.658029
pwt100-pib-per-capita-mapa,JOR,2007,7021.215352
pwt100-pib-per-capita-mapa,JOR,2008,8180.028925
pwt100-pib-per-capita-mapa,JOR,2009,9516.648781
pwt100-pib-per-capita-mapa,JOR,2010,9681.848047
pwt100-pib-per-capita-mapa,JOR,2011,10087.076125
pwt100-pib-per-capita-mapa,JOR,2012,10024.748687
pwt100-pib-per-capita-mapa,JOR,2013,9782.262705
pwt100-pib-per-capita-mapa,JOR,2014,9382.320714
pwt100-pib-per-capita-mapa,JOR,2015,9657.327714
pwt100-pib-per-capita-mapa,JOR,2016,9536.754794
pwt100-pib-per-capita-mapa,JOR,2017,9761.109748
pwt100-pib-per-capita-mapa,JOR,2018,10004.290631
pwt100-pib-per-capita-mapa,JOR,2019,10194.814695
pwt100-pib-per-capita-mapa,JPN,1950,2879.177003
pwt100-pib-per-capita-mapa,JPN,1951,3152.738542
pwt100-pib-per-capita-mapa,JPN,1952,3397.109908
pwt100-pib-per-capita-mapa,JPN,1953,3515.26901
pwt100-pib-per-capita-mapa,JPN,1954,3689.565269
pwt100-pib-per-capita-mapa,JPN,1955,3950.991597
pwt100-pib-per-capita-mapa,JPN,1956,4172.105692
pwt100-pib-per-capita-mapa,JPN,1957,4410.67898
pwt100-pib-per-capita-mapa,JPN,1958,4760.961475
pwt100-pib-per-capita-mapa,JPN,1959,5182.982937
pwt100-pib-per-capita-mapa,JPN,1960,5821.091203
pwt100-pib-per-capita-mapa,JPN,1961,6398.08952
pwt100-pib-per-capita-mapa,JPN,1962,6959.574964
pwt100-pib-per-capita-mapa,JPN,1963,7473.350455
pwt100-pib-per-capita-mapa,JPN,1964,8251.859886
pwt100-pib-per-capita-mapa,JPN,1965,8700.62583
pwt100-pib-per-capita-mapa,JPN,1966,9497.346424
pwt100-pib-per-capita-mapa,JPN,1967,10390.777426
pwt100-pib-per-capita-mapa,JPN,1968,11572.954109
pwt100-pib-per-capita-mapa,JPN,1969,12823.374865
pwt100-pib-per-capita-mapa,JPN,1970,14034.253899
pwt100-pib-per-capita-mapa,JPN,1971,14751.318797
pwt100-pib-per-capita-mapa,JPN,1972,15883.769969
pwt100-pib-per-capita-mapa,JPN,1973,16877.87925
pwt100-pib-per-capita-mapa,JPN,1974,16179.938229
pwt100-pib-per-capita-mapa,JPN,1975,16556.249556
pwt100-pib-per-capita-mapa,JPN,1976,17407.624101
pwt100-pib-per-capita-mapa,JPN,1977,18377.334687
pwt100-pib-per-capita-mapa,JPN,1978,19735.20082
pwt100-pib-per-capita-mapa,JPN,1979,20628.277498
pwt100-pib-per-capita-mapa,JPN,1980,21001.126833
pwt100-pib-per-capita-mapa,JPN,1981,20821.876064
pwt100-pib-per-capita-mapa,JPN,1982,20316.787934
pwt100-pib-per-capita-mapa,JPN,1983,19788.088757
pwt100-pib-per-capita-mapa,JPN,1984,19706.048059
pwt100-pib-per-capita-mapa,JPN,1985,20046.243838
pwt100-pib-per-capita-mapa,JPN,1986,21311.899587
pwt100-pib-per-capita-mapa,JPN,1987,22579.98341
pwt100-pib-per-capita-mapa,JPN,1988,24743.186499
pwt100-pib-per-capita-mapa,JPN,1989,26602.838322
pwt100-pib-per-capita-mapa,JPN,1990,28533.845242
pwt100-pib-per-capita-mapa,JPN,1991,30171.953328
pwt100-pib-per-capita-mapa,JPN,1992,31104.297915
pwt100-pib-per-capita-mapa,JPN,1993,31836.173923
pwt100-pib-per-capita-mapa,JPN,1994,32890.355701
pwt100-pib-per-capita-mapa,JPN,1995,34702.830719
pwt100-pib-per-capita-mapa,JPN,1996,36720.480625
pwt100-pib-per-capita-mapa,JPN,1997,36845.118749
pwt100-pib-per-capita-mapa,JPN,1998,36408.22391
pwt100-pib-per-capita-mapa,JPN,1999,36082.382814
pwt100-pib-per-capita-mapa,JPN,2000,36829.648471
pwt100-pib-per-capita-mapa,JPN,2001,36889.126055
pwt100-pib-per-capita-mapa,JPN,2002,36764.648045
pwt100-pib-per-capita-mapa,JPN,2003,37266.665392
pwt100-pib-per-capita-mapa,JPN,2004,37997.863486
pwt100-pib-per-capita-mapa,JPN,2005,38466.328241
pwt100-pib-per-capita-mapa,JPN,2006,38982.743507
pwt100-pib-per-capita-mapa,JPN,2007,39759.03726
pwt100-pib-per-capita-mapa,JPN,2008,39038.768932
pwt100-pib-per-capita-mapa,JPN,2009,37378.852907
pwt100-pib-per-capita-mapa,JPN,2010,38652.01534
pwt100-pib-per-capita-mapa,JPN,2011,38203.381638
pwt100-pib-per-capita-mapa,JPN,2012,38687.064698
pwt100-pib-per-capita-mapa,JPN,2013,39305.230415
pwt100-pib-per-capita-mapa,JPN,2014,38724.847503
pwt100-pib-per-capita-mapa,JPN,2015,39804.904527
pwt100-pib-per-capita-mapa,JPN,2016,38999.320345
pwt100-pib-per-capita-mapa,JPN,2017,39241.259353
pwt100-pib-per-capita-mapa,JPN,2018,39175.983697
pwt100-pib-per-capita-mapa,JPN,2019,39636.891607
pwt100-pib-per-capita-mapa,KAZ,1990,12110.957705
pwt100-pib-per-capita-mapa,KAZ,1991,12021.65263
pwt100-pib-per-capita-mapa,KAZ,1992,12759.550028
pwt100-pib-per-capita-mapa,KAZ,1993,9204.684207
pwt100-pib-per-capita-mapa,KAZ,1994,7406.279034
pwt100-pib-per-capita-mapa,KAZ,1995,6521.63912
pwt100-pib-per-capita-mapa,KAZ,1996,6564.48528
pwt100-pib-per-capita-mapa,KAZ,1997,6238.201434
pwt100-pib-per-capita-mapa,KAZ,1998,5811.261632
pwt100-pib-per-capita-mapa,KAZ,1999,5861.806951
pwt100-pib-per-capita-mapa,KAZ,2000,6794.362823
pwt100-pib-per-capita-mapa,KAZ,2001,7285.65446
pwt100-pib-per-capita-mapa,KAZ,2002,7745.371561
pwt100-pib-per-capita-mapa,KAZ,2003,8646.967933
pwt100-pib-per-capita-mapa,KAZ,2004,9738.409479
pwt100-pib-per-capita-mapa,KAZ,2005,11176.018923
pwt100-pib-per-capita-mapa,KAZ,2006,13533.727603
pwt100-pib-per-capita-mapa,KAZ,2007,15446.434161
pwt100-pib-per-capita-mapa,KAZ,2008,17693.24163
pwt100-pib-per-capita-mapa,KAZ,2009,16863.79617
pwt100-pib-per-capita-mapa,KAZ,2010,20093.61464
pwt100-pib-per-capita-mapa,KAZ,2011,24536.019837
pwt100-pib-per-capita-mapa,KAZ,2012,24680.35746
pwt100-pib-per-capita-mapa,KAZ,2013,25024.738465
pwt100-pib-per-capita-mapa,KAZ,2014,26754.276016
pwt100-pib-per-capita-mapa,KAZ,2015,23496.258198
pwt100-pib-per-capita-mapa,KAZ,2016,23196.009557
pwt100-pib-per-capita-mapa,KAZ,2017,26662.145308
pwt100-pib-per-capita-mapa,KAZ,2018,27515.930941
pwt100-pib-per-capita-mapa,KAZ,2019,28757.450842
pwt100-pib-per-capita-mapa,KEN,1950,1705.74404
pwt100-pib-per-capita-mapa,KEN,1951,1966.405224
pwt100-pib-per-capita-mapa,KEN,1952,1748.682628
pwt100-pib-per-capita-mapa,KEN,1953,1639.691391
pwt100-pib-per-capita-mapa,KEN,1954,1812.964812
pwt100-pib-per-capita-mapa,KEN,1955,1894.708886
pwt100-pib-per-capita-mapa,KEN,1956,1878.870091
pwt100-pib-per-capita-mapa,KEN,1957,1897.915965
pwt100-pib-per-capita-mapa,KEN,1958,1857.842898
pwt100-pib-per-capita-mapa,KEN,1959,1782.350798
pwt100-pib-per-capita-mapa,KEN,1960,1874.943608
pwt100-pib-per-capita-mapa,KEN,1961,1831.741663
pwt100-pib-per-capita-mapa,KEN,1962,1892.258174
pwt100-pib-per-capita-mapa,KEN,1963,1881.088917
pwt100-pib-per-capita-mapa,KEN,1964,1976.913251
pwt100-pib-per-capita-mapa,KEN,1965,1989.479678
pwt100-pib-per-capita-mapa,KEN,1966,2127.029696
pwt100-pib-per-capita-mapa,KEN,1967,2138.102905
pwt100-pib-per-capita-mapa,KEN,1968,2063.532162
pwt100-pib-per-capita-mapa,KEN,1969,2122.34237
pwt100-pib-per-capita-mapa,KEN,1970,1968.615
pwt100-pib-per-capita-mapa,KEN,1971,2041.84717
pwt100-pib-per-capita-mapa,KEN,1972,2133.837096
pwt100-pib-per-capita-mapa,KEN,1973,2102.204267
pwt100-pib-per-capita-mapa,KEN,1974,2195.114268
pwt100-pib-per-capita-mapa,KEN,1975,2076.421464
pwt100-pib-per-capita-mapa,KEN,1976,2081.699774
pwt100-pib-per-capita-mapa,KEN,1977,2339.855462
pwt100-pib-per-capita-mapa,KEN,1978,2339.916446
pwt100-pib-per-capita-mapa,KEN,1979,2230.47837
pwt100-pib-per-capita-mapa,KEN,1980,2204.716293
pwt100-pib-per-capita-mapa,KEN,1981,2120.508022
pwt100-pib-per-capita-mapa,KEN,1982,2104.902135
pwt100-pib-per-capita-mapa,KEN,1983,2132.415871
pwt100-pib-per-capita-mapa,KEN,1984,2217.485443
pwt100-pib-per-capita-mapa,KEN,1985,2192.645593
pwt100-pib-per-capita-mapa,KEN,1986,2286.611422
pwt100-pib-per-capita-mapa,KEN,1987,2211.623786
pwt100-pib-per-capita-mapa,KEN,1988,2250.612135
pwt100-pib-per-capita-mapa,KEN,1989,2216.902862
pwt100-pib-per-capita-mapa,KEN,1990,2203.29351
pwt100-pib-per-capita-mapa,KEN,1991,2222.159877
pwt100-pib-per-capita-mapa,KEN,1992,2120.527795
pwt100-pib-per-capita-mapa,KEN,1993,2165.579841
pwt100-pib-per-capita-mapa,KEN,1994,2399.77227
pwt100-pib-per-capita-mapa,KEN,1995,2229.377406
pwt100-pib-per-capita-mapa,KEN,1996,2279.475774
pwt100-pib-per-capita-mapa,KEN,1997,2226.578086
pwt100-pib-per-capita-mapa,KEN,1998,2201.214489
pwt100-pib-per-capita-mapa,KEN,1999,2162.78188
pwt100-pib-per-capita-mapa,KEN,2000,2056.792006
pwt100-pib-per-capita-mapa,KEN,2001,2016.480604
pwt100-pib-per-capita-mapa,KEN,2002,1968.749021
pwt100-pib-per-capita-mapa,KEN,2003,1934.406837
pwt100-pib-per-capita-mapa,KEN,2004,1924.930113
pwt100-pib-per-capita-mapa,KEN,2005,1971.570712
pwt100-pib-per-capita-mapa,KEN,2006,2109.015821
pwt100-pib-per-capita-mapa,KEN,2007,2204.61867
pwt100-pib-per-capita-mapa,KEN,2008,2210.413363
pwt100-pib-per-capita-mapa,KEN,2009,2329.19807
pwt100-pib-per-capita-mapa,KEN,2010,2467.805263
pwt100-pib-per-capita-mapa,KEN,2011,2556.581791
pwt100-pib-per-capita-mapa,KEN,2012,2706.636372
pwt100-pib-per-capita-mapa,KEN,2013,2844.539646
pwt100-pib-per-capita-mapa,KEN,2014,3015.814837
pwt100-pib-per-capita-mapa,KEN,2015,3354.848475
pwt100-pib-per-capita-mapa,KEN,2016,3585.168203
pwt100-pib-per-capita-mapa,KEN,2017,3900.592055
pwt100-pib-per-capita-mapa,KEN,2018,4027.609891
pwt100-pib-per-capita-mapa,KEN,2019,4137.587956
pwt100-pib-per-capita-mapa,KGZ,1990,8235.871634
pwt100-pib-per-capita-mapa,KGZ,1991,8169.449134
pwt100-pib-per-capita-mapa,KGZ,1992,6361.321723
pwt100-pib-per-capita-mapa,KGZ,1993,5364.417437
pwt100-pib-per-capita-mapa,KGZ,1994,4176.797676
pwt100-pib-per-capita-mapa,KGZ,1995,3252.505626
pwt100-pib-per-capita-mapa,KGZ,1996,3067.061395
pwt100-pib-per-capita-mapa,KGZ,1997,2619.722562
pwt100-pib-per-capita-mapa,KGZ,1998,2170.032145
pwt100-pib-per-capita-mapa,KGZ,1999,2180.525422
pwt100-pib-per-capita-mapa,KGZ,2000,2224.044572
pwt100-pib-per-capita-mapa,KGZ,2001,2241.073466
pwt100-pib-per-capita-mapa,KGZ,2002,2135.714343
pwt100-pib-per-capita-mapa,KGZ,2003,2300.447645
pwt100-pib-per-capita-mapa,KGZ,2004,2377.426547
pwt100-pib-per-capita-mapa,KGZ,2005,2280.386529
pwt100-pib-per-capita-mapa,KGZ,2006,2419.667348
pwt100-pib-per-capita-mapa,KGZ,2007,2696.755209
pwt100-pib-per-capita-mapa,KGZ,2008,2914.039766
pwt100-pib-per-capita-mapa,KGZ,2009,3010.99299
pwt100-pib-per-capita-mapa,KGZ,2010,3059.775634
pwt100-pib-per-capita-mapa,KGZ,2011,3657.636114
pwt100-pib-per-capita-mapa,KGZ,2012,3785.695714
pwt100-pib-per-capita-mapa,KGZ,2013,3820.409054
pwt100-pib-per-capita-mapa,KGZ,2014,4110.252781
pwt100-pib-per-capita-mapa,KGZ,2015,3990.083869
pwt100-pib-per-capita-mapa,KGZ,2016,4311.790161
pwt100-pib-per-capita-mapa,KGZ,2017,4909.388925
pwt100-pib-per-capita-mapa,KGZ,2018,4940.45172
pwt100-pib-per-capita-mapa,KGZ,2019,5015.446061
pwt100-pib-per-capita-mapa,KHM,1970,1779.129875
pwt100-pib-per-capita-mapa,KHM,1971,1657.071459
pwt100-pib-per-capita-mapa,KHM,1972,1532.747982
pwt100-pib-per-capita-mapa,KHM,1973,1218.504586
pwt100-pib-per-capita-mapa,KHM,1974,1141.803687
pwt100-pib-per-capita-mapa,KHM,1975,1128.191038
pwt100-pib-per-capita-mapa,KHM,1976,1146.367128
pwt100-pib-per-capita-mapa,KHM,1977,1005.746363
pwt100-pib-per-capita-mapa,KHM,1978,1040.545962
pwt100-pib-per-capita-mapa,KHM,1979,933.258669
pwt100-pib-per-capita-mapa,KHM,1980,889.500284
pwt100-pib-per-capita-mapa,KHM,1981,880.816478
pwt100-pib-per-capita-mapa,KHM,1982,858.347268
pwt100-pib-per-capita-mapa,KHM,1983,866.080819
pwt100-pib-per-capita-mapa,KHM,1984,874.877168
pwt100-pib-per-capita-mapa,KHM,1985,881.115733
pwt100-pib-per-capita-mapa,KHM,1986,892.59243
pwt100-pib-per-capita-mapa,KHM,1987,1041.158521
pwt100-pib-per-capita-mapa,KHM,1988,1142.96361
pwt100-pib-per-capita-mapa,KHM,1989,1181.153302
pwt100-pib-per-capita-mapa,KHM,1990,1150.437272
pwt100-pib-per-capita-mapa,KHM,1991,1215.124235
pwt100-pib-per-capita-mapa,KHM,1992,1256.076298
pwt100-pib-per-capita-mapa,KHM,1993,1144.850438
pwt100-pib-per-capita-mapa,KHM,1994,1195.845803
pwt100-pib-per-capita-mapa,KHM,1995,1262.033701
pwt100-pib-per-capita-mapa,KHM,1996,1183.085201
pwt100-pib-per-capita-mapa,KHM,1997,1230.280501
pwt100-pib-per-capita-mapa,KHM,1998,1233.947006
pwt100-pib-per-capita-mapa,KHM,1999,1351.892784
pwt100-pib-per-capita-mapa,KHM,2000,1413.844449
pwt100-pib-per-capita-mapa,KHM,2001,1495.898597
pwt100-pib-per-capita-mapa,KHM,2002,1619.282239
pwt100-pib-per-capita-mapa,KHM,2003,1718.625054
pwt100-pib-per-capita-mapa,KHM,2004,1852.467337
pwt100-pib-per-capita-mapa,KHM,2005,2047.798197
pwt100-pib-per-capita-mapa,KHM,2006,2162.896864
pwt100-pib-per-capita-mapa,KHM,2007,2304.352247
pwt100-pib-per-capita-mapa,KHM,2008,2543.440597
pwt100-pib-per-capita-mapa,KHM,2009,2528.272311
pwt100-pib-per-capita-mapa,KHM,2010,2575.398984
pwt100-pib-per-capita-mapa,KHM,2011,2734.586922
pwt100-pib-per-capita-mapa,KHM,2012,2963.117287
pwt100-pib-per-capita-mapa,KHM,2013,3063.881094
pwt100-pib-per-capita-mapa,KHM,2014,3135.076177
pwt100-pib-per-capita-mapa,KHM,2015,3357.450756
pwt100-pib-per-capita-mapa,KHM,2016,3588.047655
pwt100-pib-per-capita-mapa,KHM,2017,3794.463931
pwt100-pib-per-capita-mapa,KHM,2018,4019.592316
pwt100-pib-per-capita-mapa,KHM,2019,4212.283703
pwt100-pib-per-capita-mapa,KNA,1970,3166.897875
pwt100-pib-per-capita-mapa,KNA,1971,3511.708955
pwt100-pib-per-capita-mapa,KNA,1972,3818.386987
pwt100-pib-per-capita-mapa,KNA,1973,3401.398995
pwt100-pib-per-capita-mapa,KNA,1974,4502.902799
pwt100-pib-per-capita-mapa,KNA,1975,4778.837529
pwt100-pib-per-capita-mapa,KNA,1976,4955.175172
pwt100-pib-per-capita-mapa,KNA,1977,5053.889284
pwt100-pib-per-capita-mapa,KNA,1978,5580.889183
pwt100-pib-per-capita-mapa,KNA,1979,6188.81596
pwt100-pib-per-capita-mapa,KNA,1980,6717.346636
pwt100-pib-per-capita-mapa,KNA,1981,7038.909941
pwt100-pib-per-capita-mapa,KNA,1982,6854.874569
pwt100-pib-per-capita-mapa,KNA,1983,6981.258411
pwt100-pib-per-capita-mapa,KNA,1984,7627.970585
pwt100-pib-per-capita-mapa,KNA,1985,8043.570098
pwt100-pib-per-capita-mapa,KNA,1986,8743.17099
pwt100-pib-per-capita-mapa,KNA,1987,9479.473907
pwt100-pib-per-capita-mapa,KNA,1988,9667.896813
pwt100-pib-per-capita-mapa,KNA,1989,10406.294492
pwt100-pib-per-capita-mapa,KNA,1990,10860.514654
pwt100-pib-per-capita-mapa,KNA,1991,11269.342215
pwt100-pib-per-capita-mapa,KNA,1992,11614.228963
pwt100-pib-per-capita-mapa,KNA,1993,12024.457715
pwt100-pib-per-capita-mapa,KNA,1994,12991.704862
pwt100-pib-per-capita-mapa,KNA,1995,13109.670912
pwt100-pib-per-capita-mapa,KNA,1996,14114.029622
pwt100-pib-per-capita-mapa,KNA,1997,14253.180243
pwt100-pib-per-capita-mapa,KNA,1998,14663.725591
pwt100-pib-per-capita-mapa,KNA,1999,15967.93266
pwt100-pib-per-capita-mapa,KNA,2000,16062.570028
pwt100-pib-per-capita-mapa,KNA,2001,14915.951282
pwt100-pib-per-capita-mapa,KNA,2002,16440.360226
pwt100-pib-per-capita-mapa,KNA,2003,15731.030339
pwt100-pib-per-capita-mapa,KNA,2004,16812.796791
pwt100-pib-per-capita-mapa,KNA,2005,19547.468467
pwt100-pib-per-capita-mapa,KNA,2006,20113.074051
pwt100-pib-per-capita-mapa,KNA,2007,20614.185211
pwt100-pib-per-capita-mapa,KNA,2008,22429.954416
pwt100-pib-per-capita-mapa,KNA,2009,22195.311053
pwt100-pib-per-capita-mapa,KNA,2010,22774.637981
pwt100-pib-per-capita-mapa,KNA,2011,23950.014109
pwt100-pib-per-capita-mapa,KNA,2012,23356.912599
pwt100-pib-per-capita-mapa,KNA,2013,23595.936017
pwt100-pib-per-capita-mapa,KNA,2014,25132.980043
pwt100-pib-per-capita-mapa,KNA,2015,25302.873031
pwt100-pib-per-capita-mapa,KNA,2016,26010.933717
pwt100-pib-per-capita-mapa,KNA,2017,25928.52011
pwt100-pib-per-capita-mapa,KNA,2018,26697.46706
pwt100-pib-per-capita-mapa,KNA,2019,27589.86416
pwt100-pib-per-capita-mapa,KOR,1953,1123.515681
pwt100-pib-per-capita-mapa,KOR,1954,1139.204929
pwt100-pib-per-capita-mapa,KOR,1955,1207.688899
pwt100-pib-per-capita-mapa,KOR,1956,1193.71795
pwt100-pib-per-capita-mapa,KOR,1957,1290.100124
pwt100-pib-per-capita-mapa,KOR,1958,1292.544236
pwt100-pib-per-capita-mapa,KOR,1959,1265.46112
pwt100-pib-per-capita-mapa,KOR,1960,1224.79057
pwt100-pib-per-capita-mapa,KOR,1961,1244.782167
pwt100-pib-per-capita-mapa,KOR,1962,1221.295609
pwt100-pib-per-capita-mapa,KOR,1963,1344.164819
pwt100-pib-per-capita-mapa,KOR,1964,1417.747094
pwt100-pib-per-capita-mapa,KOR,1965,1450.55107
pwt100-pib-per-capita-mapa,KOR,1966,1597.78209
pwt100-pib-per-capita-mapa,KOR,1967,1654.125282
pwt100-pib-per-capita-mapa,KOR,1968,1805.931003
pwt100-pib-per-capita-mapa,KOR,1969,2027.733676
pwt100-pib-per-capita-mapa,KOR,1970,2170.310029
pwt100-pib-per-capita-mapa,KOR,1971,2490.290024
pwt100-pib-per-capita-mapa,KOR,1972,2787.589906
pwt100-pib-per-capita-mapa,KOR,1973,3336.185423
pwt100-pib-per-capita-mapa,KOR,1974,3712.506261
pwt100-pib-per-capita-mapa,KOR,1975,4196.17174
pwt100-pib-per-capita-mapa,KOR,1976,4682.486414
pwt100-pib-per-capita-mapa,KOR,1977,5090.602915
pwt100-pib-per-capita-mapa,KOR,1978,5505.577117
pwt100-pib-per-capita-mapa,KOR,1979,5684.73431
pwt100-pib-per-capita-mapa,KOR,1980,5097.108682
pwt100-pib-per-capita-mapa,KOR,1981,5301.838691
pwt100-pib-per-capita-mapa,KOR,1982,5675.147974
pwt100-pib-per-capita-mapa,KOR,1983,6358.87491
pwt100-pib-per-capita-mapa,KOR,1984,6932.796073
pwt100-pib-per-capita-mapa,KOR,1985,7328.637147
pwt100-pib-per-capita-mapa,KOR,1986,8364.807307
pwt100-pib-per-capita-mapa,KOR,1987,9575.658947
pwt100-pib-per-capita-mapa,KOR,1988,10871.38961
pwt100-pib-per-capita-mapa,KOR,1989,11884.339993
pwt100-pib-per-capita-mapa,KOR,1990,13167.7905
pwt100-pib-per-capita-mapa,KOR,1991,14850.785801
pwt100-pib-per-capita-mapa,KOR,1992,15976.659815
pwt100-pib-per-capita-mapa,KOR,1993,17419.780078
pwt100-pib-per-capita-mapa,KOR,1994,19569.618952
pwt100-pib-per-capita-mapa,KOR,1995,21808.130932
pwt100-pib-per-capita-mapa,KOR,1996,24014.034594
pwt100-pib-per-capita-mapa,KOR,1997,23527.634525
pwt100-pib-per-capita-mapa,KOR,1998,21397.088741
pwt100-pib-per-capita-mapa,KOR,1999,23102.234158
pwt100-pib-per-capita-mapa,KOR,2000,24277.974398
pwt100-pib-per-capita-mapa,KOR,2001,25080.495786
pwt100-pib-per-capita-mapa,KOR,2002,27006.851231
pwt100-pib-per-capita-mapa,KOR,2003,27973.933535
pwt100-pib-per-capita-mapa,KOR,2004,29544.688837
pwt100-pib-per-capita-mapa,KOR,2005,30784.396167
pwt100-pib-per-capita-mapa,KOR,2006,31864.244154
pwt100-pib-per-capita-mapa,KOR,2007,33737.058428
pwt100-pib-per-capita-mapa,KOR,2008,33805.939358
pwt100-pib-per-capita-mapa,KOR,2009,33707.651139
pwt100-pib-per-capita-mapa,KOR,2010,35447.382793
pwt100-pib-per-capita-mapa,KOR,2011,35157.022758
pwt100-pib-per-capita-mapa,KOR,2012,35416.76975
pwt100-pib-per-capita-mapa,KOR,2013,34596.416116
pwt100-pib-per-capita-mapa,KOR,2014,35524.626616
pwt100-pib-per-capita-mapa,KOR,2015,37936.630008
pwt100-pib-per-capita-mapa,KOR,2016,39222.519277
pwt100-pib-per-capita-mapa,KOR,2017,40529.959391
pwt100-pib-per-capita-mapa,KOR,2018,41078.393986
pwt100-pib-per-capita-mapa,KOR,2019,40818.61011
pwt100-pib-per-capita-mapa,KWT,1970,34879.622225
pwt100-pib-per-capita-mapa,KWT,1971,41227.390722
pwt100-pib-per-capita-mapa,KWT,1972,40720.75658
pwt100-pib-per-capita-mapa,KWT,1973,39027.730715
pwt100-pib-per-capita-mapa,KWT,1974,76775.055692
pwt100-pib-per-capita-mapa,KWT,1975,62078.751089
pwt100-pib-per-capita-mapa,KWT,1976,62744.650328
pwt100-pib-per-capita-mapa,KWT,1977,60075.319407
pwt100-pib-per-capita-mapa,KWT,1978,54451.548608
pwt100-pib-per-capita-mapa,KWT,1979,72963.508598
pwt100-pib-per-capita-mapa,KWT,1980,71253.035322
pwt100-pib-per-capita-mapa,KWT,1981,56225.524653
pwt100-pib-per-capita-mapa,KWT,1982,44551.244449
pwt100-pib-per-capita-mapa,KWT,1983,43291.660008
pwt100-pib-per-capita-mapa,KWT,1984,42173.23828
pwt100-pib-per-capita-mapa,KWT,1985,38168.886621
pwt100-pib-per-capita-mapa,KWT,1986,28055.095924
pwt100-pib-per-capita-mapa,KWT,1987,31292.080285
pwt100-pib-per-capita-mapa,KWT,1988,26236.08233
pwt100-pib-per-capita-mapa,KWT,1989,29493.525155
pwt100-pib-per-capita-mapa,KWT,1990,21887.20265
pwt100-pib-per-capita-mapa,KWT,1991,13213.547879
pwt100-pib-per-capita-mapa,KWT,1992,26745.250683
pwt100-pib-per-capita-mapa,KWT,1993,38494.85091
pwt100-pib-per-capita-mapa,KWT,1994,44618.706974
pwt100-pib-per-capita-mapa,KWT,1995,46376.491881
pwt100-pib-per-capita-mapa,KWT,1996,47221.253351
pwt100-pib-per-capita-mapa,KWT,1997,45501.978213
pwt100-pib-per-capita-mapa,KWT,1998,44487.004941
pwt100-pib-per-capita-mapa,KWT,1999,40505.011725
pwt100-pib-per-capita-mapa,KWT,2000,40191.852153
pwt100-pib-per-capita-mapa,KWT,2001,35972.19949
pwt100-pib-per-capita-mapa,KWT,2002,38061.738183
pwt100-pib-per-capita-mapa,KWT,2003,45540.215589
pwt100-pib-per-capita-mapa,KWT,2004,55199.640438
pwt100-pib-per-capita-mapa,KWT,2005,70505.758198
pwt100-pib-per-capita-mapa,KWT,2006,82850.313249
pwt100-pib-per-capita-mapa,KWT,2007,85470.628667
pwt100-pib-per-capita-mapa,KWT,2008,92274.389648
pwt100-pib-per-capita-mapa,KWT,2009,66611.851725
pwt100-pib-per-capita-mapa,KWT,2010,71193.163739
pwt100-pib-per-capita-mapa,KWT,2011,86186.035381
pwt100-pib-per-capita-mapa,KWT,2012,87421.443252
pwt100-pib-per-capita-mapa,KWT,2013,82538.224086
pwt100-pib-per-capita-mapa,KWT,2014,72557.657045
pwt100-pib-per-capita-mapa,KWT,2015,51145.980502
pwt100-pib-per-capita-mapa,KWT,2016,48569.657242
pwt100-pib-per-capita-mapa,KWT,2017,53691.910164
pwt100-pib-per-capita-mapa,KWT,2018,60870.586839
pwt100-pib-per-capita-mapa,KWT,2019,55942.795608
pwt100-pib-per-capita-mapa,LAO,1970,728.901924
pwt100-pib-per-capita-mapa,LAO,1971,744.799466
pwt100-pib-per-capita-mapa,LAO,1972,749.328936
pwt100-pib-per-capita-mapa,LAO,1973,793.536835
pwt100-pib-per-capita-mapa,LAO,1974,801.861554
pwt100-pib-per-capita-mapa,LAO,1975,838.00029
pwt100-pib-per-capita-mapa,LAO,1976,849.694928
pwt100-pib-per-capita-mapa,LAO,1977,823.642188
pwt100-pib-per-capita-mapa,LAO,1978,826.05949
pwt100-pib-per-capita-mapa,LAO,1979,793.826364
pwt100-pib-per-capita-mapa,LAO,1980,860.716449
pwt100-pib-per-capita-mapa,LAO,1981,974.576826
pwt100-pib-per-capita-mapa,LAO,1982,1025.116479
pwt100-pib-per-capita-mapa,LAO,1983,1061.60359
pwt100-pib-per-capita-mapa,LAO,1984,1040.5149
pwt100-pib-per-capita-mapa,LAO,1985,1116.754731
pwt100-pib-per-capita-mapa,LAO,1986,1139.485111
pwt100-pib-per-capita-mapa,LAO,1987,1114.218873
pwt100-pib-per-capita-mapa,LAO,1988,1116.452242
pwt100-pib-per-capita-mapa,LAO,1989,1219.021919
pwt100-pib-per-capita-mapa,LAO,1990,1265.123309
pwt100-pib-per-capita-mapa,LAO,1991,1282.992926
pwt100-pib-per-capita-mapa,LAO,1992,1316.922454
pwt100-pib-per-capita-mapa,LAO,1993,1360.528595
pwt100-pib-per-capita-mapa,LAO,1994,1429.237541
pwt100-pib-per-capita-mapa,LAO,1995,1498.401932
pwt100-pib-per-capita-mapa,LAO,1996,1581.082359
pwt100-pib-per-capita-mapa,LAO,1997,1642.547026
pwt100-pib-per-capita-mapa,LAO,1998,1670.795929
pwt100-pib-per-capita-mapa,LAO,1999,1824.844879
pwt100-pib-per-capita-mapa,LAO,2000,1784.365711
pwt100-pib-per-capita-mapa,LAO,2001,2126.661651
pwt100-pib-per-capita-mapa,LAO,2002,2326.780582
pwt100-pib-per-capita-mapa,LAO,2003,2355.116296
pwt100-pib-per-capita-mapa,LAO,2004,2454.812191
pwt100-pib-per-capita-mapa,LAO,2005,2497.855489
pwt100-pib-per-capita-mapa,LAO,2006,3121.618858
pwt100-pib-per-capita-mapa,LAO,2007,3390.086949
pwt100-pib-per-capita-mapa,LAO,2008,3479.165129
pwt100-pib-per-capita-mapa,LAO,2009,3876.755655
pwt100-pib-per-capita-mapa,LAO,2010,4062.447743
pwt100-pib-per-capita-mapa,LAO,2011,4603.668114
pwt100-pib-per-capita-mapa,LAO,2012,5185.289526
pwt100-pib-per-capita-mapa,LAO,2013,5655.162444
pwt100-pib-per-capita-mapa,LAO,2014,6002.896134
pwt100-pib-per-capita-mapa,LAO,2015,6262.257133
pwt100-pib-per-capita-mapa,LAO,2016,6758.169366
pwt100-pib-per-capita-mapa,LAO,2017,7078.855111
pwt100-pib-per-capita-mapa,LAO,2018,7023.064889
pwt100-pib-per-capita-mapa,LAO,2019,7359.113354
pwt100-pib-per-capita-mapa,LBN,1970,6495.345646
pwt100-pib-per-capita-mapa,LBN,1971,6909.258705
pwt100-pib-per-capita-mapa,LBN,1972,7497.506131
pwt100-pib-per-capita-mapa,LBN,1973,7805.890542
pwt100-pib-per-capita-mapa,LBN,1974,7779.98844
pwt100-pib-per-capita-mapa,LBN,1975,5302.157681
pwt100-pib-per-capita-mapa,LBN,1976,2274.682773
pwt100-pib-per-capita-mapa,LBN,1977,4060.233113
pwt100-pib-per-capita-mapa,LBN,1978,4166.722315
pwt100-pib-per-capita-mapa,LBN,1979,4755.533437
pwt100-pib-per-capita-mapa,LBN,1980,4893.019348
pwt100-pib-per-capita-mapa,LBN,1981,4908.072184
pwt100-pib-per-capita-mapa,LBN,1982,3119.624022
pwt100-pib-per-capita-mapa,LBN,1983,4082.004077
pwt100-pib-per-capita-mapa,LBN,1984,5998.191739
pwt100-pib-per-capita-mapa,LBN,1985,6820.948416
pwt100-pib-per-capita-mapa,LBN,1986,6041.313565
pwt100-pib-per-capita-mapa,LBN,1987,7254.837849
pwt100-pib-per-capita-mapa,LBN,1988,5270.552927
pwt100-pib-per-capita-mapa,LBN,1989,3038.173749
pwt100-pib-per-capita-mapa,LBN,1990,4067.486195
pwt100-pib-per-capita-mapa,LBN,1991,5448.245271
pwt100-pib-per-capita-mapa,LBN,1992,4450.078637
pwt100-pib-per-capita-mapa,LBN,1993,4501.111118
pwt100-pib-per-capita-mapa,LBN,1994,4653.775084
pwt100-pib-per-capita-mapa,LBN,1995,4850.526304
pwt100-pib-per-capita-mapa,LBN,1996,5005.223566
pwt100-pib-per-capita-mapa,LBN,1997,5146.35772
pwt100-pib-per-capita-mapa,LBN,1998,5866.702021
pwt100-pib-per-capita-mapa,LBN,1999,6297.285357
pwt100-pib-per-capita-mapa,LBN,2000,6666.596913
pwt100-pib-per-capita-mapa,LBN,2001,7223.724719
pwt100-pib-per-capita-mapa,LBN,2002,8255.015708
pwt100-pib-per-capita-mapa,LBN,2003,8970.937954
pwt100-pib-per-capita-mapa,LBN,2004,10331.441548
pwt100-pib-per-capita-mapa,LBN,2005,11780.987125
pwt100-pib-per-capita-mapa,LBN,2006,11609.474372
pwt100-pib-per-capita-mapa,LBN,2007,12539.246663
pwt100-pib-per-capita-mapa,LBN,2008,13441.87209
pwt100-pib-per-capita-mapa,LBN,2009,16056.780729
pwt100-pib-per-capita-mapa,LBN,2010,16338.802599
pwt100-pib-per-capita-mapa,LBN,2011,14886.422076
pwt100-pib-per-capita-mapa,LBN,2012,14631.20238
pwt100-pib-per-capita-mapa,LBN,2013,14543.731826
pwt100-pib-per-capita-mapa,LBN,2014,14245.988019
pwt100-pib-per-capita-mapa,LBN,2015,14730.211188
pwt100-pib-per-capita-mapa,LBN,2016,15316.316771
pwt100-pib-per-capita-mapa,LBN,2017,15283.428321
pwt100-pib-per-capita-mapa,LBN,2018,15062.132548
pwt100-pib-per-capita-mapa,LBN,2019,14625.111978
pwt100-pib-per-capita-mapa,LBR,1964,2487.860678
pwt100-pib-per-capita-mapa,LBR,1965,2418.360942
pwt100-pib-per-capita-mapa,LBR,1966,2572.419042
pwt100-pib-per-capita-mapa,LBR,1967,2646.196764
pwt100-pib-per-capita-mapa,LBR,1968,2759.62623
pwt100-pib-per-capita-mapa,LBR,1969,3032.517877
pwt100-pib-per-capita-mapa,LBR,1970,2790.494768
pwt100-pib-per-capita-mapa,LBR,1971,2874.719164
pwt100-pib-per-capita-mapa,LBR,1972,2808.974428
pwt100-pib-per-capita-mapa,LBR,1973,2958.872181
pwt100-pib-per-capita-mapa,LBR,1974,2897.539104
pwt100-pib-per-capita-mapa,LBR,1975,2712.529914
pwt100-pib-per-capita-mapa,LBR,1976,2943.097288
pwt100-pib-per-capita-mapa,LBR,1977,2774.254063
pwt100-pib-per-capita-mapa,LBR,1978,2761.447648
pwt100-pib-per-capita-mapa,LBR,1979,2671.812393
pwt100-pib-per-capita-mapa,LBR,1980,2379.953993
pwt100-pib-per-capita-mapa,LBR,1981,1969.063014
pwt100-pib-per-capita-mapa,LBR,1982,1881.518845
pwt100-pib-per-capita-mapa,LBR,1983,1798.100111
pwt100-pib-per-capita-mapa,LBR,1984,1655.05835
pwt100-pib-per-capita-mapa,LBR,1985,1647.6555
pwt100-pib-per-capita-mapa,LBR,1986,1603.97489
pwt100-pib-per-capita-mapa,LBR,1987,1666.303904
pwt100-pib-per-capita-mapa,LBR,1988,1785.499763
pwt100-pib-per-capita-mapa,LBR,1989,1861.785946
pwt100-pib-per-capita-mapa,LBR,1990,937.320994
pwt100-pib-per-capita-mapa,LBR,1991,842.372449
pwt100-pib-per-capita-mapa,LBR,1992,541.335155
pwt100-pib-per-capita-mapa,LBR,1993,367.365255
pwt100-pib-per-capita-mapa,LBR,1994,285.986586
pwt100-pib-per-capita-mapa,LBR,1995,266.09773
pwt100-pib-per-capita-mapa,LBR,1996,244.600971
pwt100-pib-per-capita-mapa,LBR,1997,469.044986
pwt100-pib-per-capita-mapa,LBR,1998,565.108933
pwt100-pib-per-capita-mapa,LBR,1999,641.352138
pwt100-pib-per-capita-mapa,LBR,2000,955.38532
pwt100-pib-per-capita-mapa,LBR,2001,872.747357
pwt100-pib-per-capita-mapa,LBR,2002,889.873836
pwt100-pib-per-capita-mapa,LBR,2003,624.279535
pwt100-pib-per-capita-mapa,LBR,2004,670.489289
pwt100-pib-per-capita-mapa,LBR,2005,672.612157
pwt100-pib-per-capita-mapa,LBR,2006,680.065647
pwt100-pib-per-capita-mapa,LBR,2007,788.803166
pwt100-pib-per-capita-mapa,LBR,2008,791.200673
pwt100-pib-per-capita-mapa,LBR,2009,778.756615
pwt100-pib-per-capita-mapa,LBR,2010,772.919412
pwt100-pib-per-capita-mapa,LBR,2011,789.424339
pwt100-pib-per-capita-mapa,LBR,2012,839.723679
pwt100-pib-per-capita-mapa,LBR,2013,898.334109
pwt100-pib-per-capita-mapa,LBR,2014,990.601953
pwt100-pib-per-capita-mapa,LBR,2015,1188.860462
pwt100-pib-per-capita-mapa,LBR,2016,1239.460883
pwt100-pib-per-capita-mapa,LBR,2017,1323.317113
pwt100-pib-per-capita-mapa,LBR,2018,1498.154668
pwt100-pib-per-capita-mapa,LBR,2019,1227.80388
pwt100-pib-per-capita-mapa,LCA,1970,3750.486098
pwt100-pib-per-capita-mapa,LCA,1971,3919.685366
pwt100-pib-per-capita-mapa,LCA,1972,3930.756784
pwt100-pib-per-capita-mapa,LCA,1973,4014.613279
pwt100-pib-per-capita-mapa,LCA,1974,4264.121964
pwt100-pib-per-capita-mapa,LCA,1975,4098.432212
pwt100-pib-per-capita-mapa,LCA,1976,5302.817377
pwt100-pib-per-capita-mapa,LCA,1977,5853.52687
pwt100-pib-per-capita-mapa,LCA,1978,6562.038502
pwt100-pib-per-capita-mapa,LCA,1979,6724.050225
pwt100-pib-per-capita-mapa,LCA,1980,6551.489076
pwt100-pib-per-capita-mapa,LCA,1981,6207.904498
pwt100-pib-per-capita-mapa,LCA,1982,6393.291365
pwt100-pib-per-capita-mapa,LCA,1983,6656.789028
pwt100-pib-per-capita-mapa,LCA,1984,7038.949666
pwt100-pib-per-capita-mapa,LCA,1985,7556.526453
pwt100-pib-per-capita-mapa,LCA,1986,8298.845406
pwt100-pib-per-capita-mapa,LCA,1987,8517.645985
pwt100-pib-per-capita-mapa,LCA,1988,9044.252581
pwt100-pib-per-capita-mapa,LCA,1989,8980.338772
pwt100-pib-per-capita-mapa,LCA,1990,9282.23293
pwt100-pib-per-capita-mapa,LCA,1991,9046.892928
pwt100-pib-per-capita-mapa,LCA,1992,9581.339817
pwt100-pib-per-capita-mapa,LCA,1993,9681.015324
pwt100-pib-per-capita-mapa,LCA,1994,9210.416812
pwt100-pib-per-capita-mapa,LCA,1995,9743.303761
pwt100-pib-per-capita-mapa,LCA,1996,10321.60945
pwt100-pib-per-capita-mapa,LCA,1997,9968.235365
pwt100-pib-per-capita-mapa,LCA,1998,10444.428666
pwt100-pib-per-capita-mapa,LCA,1999,10493.210372
pwt100-pib-per-capita-mapa,LCA,2000,9790.802503
pwt100-pib-per-capita-mapa,LCA,2001,8806.764273
pwt100-pib-per-capita-mapa,LCA,2002,9301.077432
pwt100-pib-per-capita-mapa,LCA,2003,10988.582012
pwt100-pib-per-capita-mapa,LCA,2004,11711.246209
pwt100-pib-per-capita-mapa,LCA,2005,11841.512769
pwt100-pib-per-capita-mapa,LCA,2006,10584.545916
pwt100-pib-per-capita-mapa,LCA,2007,11966.064734
pwt100-pib-per-capita-mapa,LCA,2008,12612.531207
pwt100-pib-per-capita-mapa,LCA,2009,12659.485475
pwt100-pib-per-capita-mapa,LCA,2010,12967.326261
pwt100-pib-per-capita-mapa,LCA,2011,13832.345752
pwt100-pib-per-capita-mapa,LCA,2012,13808.392297
pwt100-pib-per-capita-mapa,LCA,2013,13784.662459
pwt100-pib-per-capita-mapa,LCA,2014,13889.530634
pwt100-pib-per-capita-mapa,LCA,2015,13780.854133
pwt100-pib-per-capita-mapa,LCA,2016,14261.943894
pwt100-pib-per-capita-mapa,LCA,2017,14681.286134
pwt100-pib-per-capita-mapa,LCA,2018,14977.480846
pwt100-pib-per-capita-mapa,LCA,2019,15134.054159
pwt100-pib-per-capita-mapa,LKA,1950,3090.345223
pwt100-pib-per-capita-mapa,LKA,1951,3227.985495
pwt100-pib-per-capita-mapa,LKA,1952,2773.972501
pwt100-pib-per-capita-mapa,LKA,1953,2824.586929
pwt100-pib-per-capita-mapa,LKA,1954,3099.711292
pwt100-pib-per-capita-mapa,LKA,1955,3277.599068
pwt100-pib-per-capita-mapa,LKA,1956,2870.18463
pwt100-pib-per-capita-mapa,LKA,1957,2815.031441
pwt100-pib-per-capita-mapa,LKA,1958,2874.461699
pwt100-pib-per-capita-mapa,LKA,1959,2942.972964
pwt100-pib-per-capita-mapa,LKA,1960,3028.578725
pwt100-pib-per-capita-mapa,LKA,1961,2919.825531
pwt100-pib-per-capita-mapa,LKA,1962,3047.471651
pwt100-pib-per-capita-mapa,LKA,1963,2862.734785
pwt100-pib-per-capita-mapa,LKA,1964,2903.375688
pwt100-pib-per-capita-mapa,LKA,1965,2916.379137
pwt100-pib-per-capita-mapa,LKA,1966,2929.335074
pwt100-pib-per-capita-mapa,LKA,1967,2920.665507
pwt100-pib-per-capita-mapa,LKA,1968,3112.033215
pwt100-pib-per-capita-mapa,LKA,1969,3180.502191
pwt100-pib-per-capita-mapa,LKA,1970,3277.189555
pwt100-pib-per-capita-mapa,LKA,1971,3225.337368
pwt100-pib-per-capita-mapa,LKA,1972,3247.857281
pwt100-pib-per-capita-mapa,LKA,1973,3413.484327
pwt100-pib-per-capita-mapa,LKA,1974,3411.599835
pwt100-pib-per-capita-mapa,LKA,1975,3231.704724
pwt100-pib-per-capita-mapa,LKA,1976,3069.422802
pwt100-pib-per-capita-mapa,LKA,1977,2982.599369
pwt100-pib-per-capita-mapa,LKA,1978,2884.27268
pwt100-pib-per-capita-mapa,LKA,1979,2398.5761
pwt100-pib-per-capita-mapa,LKA,1980,2214.76974
pwt100-pib-per-capita-mapa,LKA,1981,2448.132764
pwt100-pib-per-capita-mapa,LKA,1982,2409.946156
pwt100-pib-per-capita-mapa,LKA,1983,2461.076829
pwt100-pib-per-capita-mapa,LKA,1984,2594.812168
pwt100-pib-per-capita-mapa,LKA,1985,2752.283407
pwt100-pib-per-capita-mapa,LKA,1986,2887.572709
pwt100-pib-per-capita-mapa,LKA,1987,2967.18282
pwt100-pib-per-capita-mapa,LKA,1988,3008.081077
pwt100-pib-per-capita-mapa,LKA,1989,3114.556984
pwt100-pib-per-capita-mapa,LKA,1990,3189.316349
pwt100-pib-per-capita-mapa,LKA,1991,3186.309826
pwt100-pib-per-capita-mapa,LKA,1992,3430.125801
pwt100-pib-per-capita-mapa,LKA,1993,3710.277659
pwt100-pib-per-capita-mapa,LKA,1994,3925.959269
pwt100-pib-per-capita-mapa,LKA,1995,4127.814648
pwt100-pib-per-capita-mapa,LKA,1996,4392.474477
pwt100-pib-per-capita-mapa,LKA,1997,4589.215333
pwt100-pib-per-capita-mapa,LKA,1998,4932.739357
pwt100-pib-per-capita-mapa,LKA,1999,4790.15627
pwt100-pib-per-capita-mapa,LKA,2000,4816.529811
pwt100-pib-per-capita-mapa,LKA,2001,4804.88581
pwt100-pib-per-capita-mapa,LKA,2002,5019.505969
pwt100-pib-per-capita-mapa,LKA,2003,5360.631003
pwt100-pib-per-capita-mapa,LKA,2004,5443.290123
pwt100-pib-per-capita-mapa,LKA,2005,5595.055319
pwt100-pib-per-capita-mapa,LKA,2006,6154.784783
pwt100-pib-per-capita-mapa,LKA,2007,6696.038662
pwt100-pib-per-capita-mapa,LKA,2008,7155.067278
pwt100-pib-per-capita-mapa,LKA,2009,8203.938958
pwt100-pib-per-capita-mapa,LKA,2010,8947.083516
pwt100-pib-per-capita-mapa,LKA,2011,9640.972261
pwt100-pib-per-capita-mapa,LKA,2012,10671.911679
pwt100-pib-per-capita-mapa,LKA,2013,10995.62596
pwt100-pib-per-capita-mapa,LKA,2014,11202.148359
pwt100-pib-per-capita-mapa,LKA,2015,11580.057566
pwt100-pib-per-capita-mapa,LKA,2016,12097.700367
pwt100-pib-per-capita-mapa,LKA,2017,12272.644614
pwt100-pib-per-capita-mapa,LKA,2018,12477.867293
pwt100-pib-per-capita-mapa,LKA,2019,12714.049646
pwt100-pib-per-capita-mapa,LSO,1960,873.629968
pwt100-pib-per-capita-mapa,LSO,1961,857.784555
pwt100-pib-per-capita-mapa,LSO,1962,964.945153
pwt100-pib-per-capita-mapa,LSO,1963,1050.078367
pwt100-pib-per-capita-mapa,LSO,1964,1111.092825
pwt100-pib-per-capita-mapa,LSO,1965,1099.906655
pwt100-pib-per-capita-mapa,LSO,1966,1110.383285
pwt100-pib-per-capita-mapa,LSO,1967,1196.504743
pwt100-pib-per-capita-mapa,LSO,1968,1176.820922
pwt100-pib-per-capita-mapa,LSO,1969,1170.75127
pwt100-pib-per-capita-mapa,LSO,1970,1158.625373
pwt100-pib-per-capita-mapa,LSO,1971,1014.496916
pwt100-pib-per-capita-mapa,LSO,1972,1197.186999
pwt100-pib-per-capita-mapa,LSO,1973,1445.907144
pwt100-pib-per-capita-mapa,LSO,1974,1400.690153
pwt100-pib-per-capita-mapa,LSO,1975,1346.510552
pwt100-pib-per-capita-mapa,LSO,1976,1316.217501
pwt100-pib-per-capita-mapa,LSO,1977,1539.079701
pwt100-pib-per-capita-mapa,LSO,1978,1852.977717
pwt100-pib-per-capita-mapa,LSO,1979,1497.121563
pwt100-pib-per-capita-mapa,LSO,1980,1388.607037
pwt100-pib-per-capita-mapa,LSO,1981,1374.132276
pwt100-pib-per-capita-mapa,LSO,1982,1324.947686
pwt100-pib-per-capita-mapa,LSO,1983,1218.554268
pwt100-pib-per-capita-mapa,LSO,1984,1208.794294
pwt100-pib-per-capita-mapa,LSO,1985,1233.682501
pwt100-pib-per-capita-mapa,LSO,1986,1180.006533
pwt100-pib-per-capita-mapa,LSO,1987,1233.896923
pwt100-pib-per-capita-mapa,LSO,1988,1341.25111
pwt100-pib-per-capita-mapa,LSO,1989,1392.8548
pwt100-pib-per-capita-mapa,LSO,1990,1390.657254
pwt100-pib-per-capita-mapa,LSO,1991,1352.466199
pwt100-pib-per-capita-mapa,LSO,1992,1420.20083
pwt100-pib-per-capita-mapa,LSO,1993,1512.402401
pwt100-pib-per-capita-mapa,LSO,1994,1545.358619
pwt100-pib-per-capita-mapa,LSO,1995,1556.718313
pwt100-pib-per-capita-mapa,LSO,1996,1680.252438
pwt100-pib-per-capita-mapa,LSO,1997,1780.35409
pwt100-pib-per-capita-mapa,LSO,1998,1649.910517
pwt100-pib-per-capita-mapa,LSO,1999,1714.843563
pwt100-pib-per-capita-mapa,LSO,2000,1794.049344
pwt100-pib-per-capita-mapa,LSO,2001,1937.212698
pwt100-pib-per-capita-mapa,LSO,2002,1953.857002
pwt100-pib-per-capita-mapa,LSO,2003,1979.220439
pwt100-pib-per-capita-mapa,LSO,2004,2071.580317
pwt100-pib-per-capita-mapa,LSO,2005,2164.281615
pwt100-pib-per-capita-mapa,LSO,2006,2219.336982
pwt100-pib-per-capita-mapa,LSO,2007,2278.105025
pwt100-pib-per-capita-mapa,LSO,2008,2471.20225
pwt100-pib-per-capita-mapa,LSO,2009,2347.663893
pwt100-pib-per-capita-mapa,LSO,2010,2465.260225
pwt100-pib-per-capita-mapa,LSO,2011,2622.615043
pwt100-pib-per-capita-mapa,LSO,2012,2601.382203
pwt100-pib-per-capita-mapa,LSO,2013,2703.987915
pwt100-pib-per-capita-mapa,LSO,2014,2852.989079
pwt100-pib-per-capita-mapa,LSO,2015,3052.935877
pwt100-pib-per-capita-mapa,LSO,2016,2942.291092
pwt100-pib-per-capita-mapa,LSO,2017,2715.579594
pwt100-pib-per-capita-mapa,LSO,2018,2619.719294
pwt100-pib-per-capita-mapa,LSO,2019,2597.903057
pwt100-pib-per-capita-mapa,LTU,1990,14508.436067
pwt100-pib-per-capita-mapa,LTU,1991,12666.265668
pwt100-pib-per-capita-mapa,LTU,1992,10668.110161
pwt100-pib-per-capita-mapa,LTU,1993,9051.277834
pwt100-pib-per-capita-mapa,LTU,1994,8730.628136
pwt100-pib-per-capita-mapa,LTU,1995,9131.539514
pwt100-pib-per-capita-mapa,LTU,1996,9797.520975
pwt100-pib-per-capita-mapa,LTU,1997,10455.034353
pwt100-pib-per-capita-mapa,LTU,1998,11079.174453
pwt100-pib-per-capita-mapa,LTU,1999,11307.084021
pwt100-pib-per-capita-mapa,LTU,2000,12092.726493
pwt100-pib-per-capita-mapa,LTU,2001,12989.412402
pwt100-pib-per-capita-mapa,LTU,2002,13884.462761
pwt100-pib-per-capita-mapa,LTU,2003,15406.892323
pwt100-pib-per-capita-mapa,LTU,2004,16172.580501
pwt100-pib-per-capita-mapa,LTU,2005,17646.058401
pwt100-pib-per-capita-mapa,LTU,2006,19279.876435
pwt100-pib-per-capita-mapa,LTU,2007,21959.161686
pwt100-pib-per-capita-mapa,LTU,2008,23446.100676
pwt100-pib-per-capita-mapa,LTU,2009,20643.016086
pwt100-pib-per-capita-mapa,LTU,2010,22544.616704
pwt100-pib-per-capita-mapa,LTU,2011,25175.342491
pwt100-pib-per-capita-mapa,LTU,2012,26958.636479
pwt100-pib-per-capita-mapa,LTU,2013,27996.26774
pwt100-pib-per-capita-mapa,LTU,2014,28881.215533
pwt100-pib-per-capita-mapa,LTU,2015,29854.321822
pwt100-pib-per-capita-mapa,LTU,2016,31236.438233
pwt100-pib-per-capita-mapa,LTU,2017,33617.147847
pwt100-pib-per-capita-mapa,LTU,2018,35036.072667
pwt100-pib-per-capita-mapa,LTU,2019,37497.889207
pwt100-pib-per-capita-mapa,LUX,1950,12888.004827
pwt100-pib-per-capita-mapa,LUX,1951,15940.007443
pwt100-pib-per-capita-mapa,LUX,1952,17984.618187
pwt100-pib-per-capita-mapa,LUX,1953,15528.348501
pwt100-pib-per-capita-mapa,LUX,1954,15533.831526
pwt100-pib-per-capita-mapa,LUX,1955,16490.296624
pwt100-pib-per-capita-mapa,LUX,1956,18313.763918
pwt100-pib-per-capita-mapa,LUX,1957,18638.647264
pwt100-pib-per-capita-mapa,LUX,1958,17990.738399
pwt100-pib-per-capita-mapa,LUX,1959,18001.765523
pwt100-pib-per-capita-mapa,LUX,1960,20780.012009
pwt100-pib-per-capita-mapa,LUX,1961,20408.19318
pwt100-pib-per-capita-mapa,LUX,1962,19573.582475
pwt100-pib-per-capita-mapa,LUX,1963,19807.915075
pwt100-pib-per-capita-mapa,LUX,1964,21198.973443
pwt100-pib-per-capita-mapa,LUX,1965,21396.138843
pwt100-pib-per-capita-mapa,LUX,1966,21351.570123
pwt100-pib-per-capita-mapa,LUX,1967,21644.421138
pwt100-pib-per-capita-mapa,LUX,1968,22902.917544
pwt100-pib-per-capita-mapa,LUX,1969,25986.664568
pwt100-pib-per-capita-mapa,LUX,1970,27708.323596
pwt100-pib-per-capita-mapa,LUX,1971,26374.030337
pwt100-pib-per-capita-mapa,LUX,1972,27936.31539
pwt100-pib-per-capita-mapa,LUX,1973,31521.234482
pwt100-pib-per-capita-mapa,LUX,1974,34585.53812
pwt100-pib-per-capita-mapa,LUX,1975,28573.999206
pwt100-pib-per-capita-mapa,LUX,1976,30104.523881
pwt100-pib-per-capita-mapa,LUX,1977,29117.906009
pwt100-pib-per-capita-mapa,LUX,1978,31024.784224
pwt100-pib-per-capita-mapa,LUX,1979,32127.600448
pwt100-pib-per-capita-mapa,LUX,1980,33217.034198
pwt100-pib-per-capita-mapa,LUX,1981,32031.523602
pwt100-pib-per-capita-mapa,LUX,1982,32054.236123
pwt100-pib-per-capita-mapa,LUX,1983,31672.116237
pwt100-pib-per-capita-mapa,LUX,1984,32238.359899
pwt100-pib-per-capita-mapa,LUX,1985,32524.758443
pwt100-pib-per-capita-mapa,LUX,1986,35676.41881
pwt100-pib-per-capita-mapa,LUX,1987,36739.743523
pwt100-pib-per-capita-mapa,LUX,1988,40459.595865
pwt100-pib-per-capita-mapa,LUX,1989,44500.090472
pwt100-pib-per-capita-mapa,LUX,1990,45944.414778
pwt100-pib-per-capita-mapa,LUX,1991,49457.69681
pwt100-pib-per-capita-mapa,LUX,1992,49045.167721
pwt100-pib-per-capita-mapa,LUX,1993,52472.777037
pwt100-pib-per-capita-mapa,LUX,1994,54738.658555
pwt100-pib-per-capita-mapa,LUX,1995,54925.435855
pwt100-pib-per-capita-mapa,LUX,1996,56340.045885
pwt100-pib-per-capita-mapa,LUX,1997,59409.039496
pwt100-pib-per-capita-mapa,LUX,1998,62243.416507
pwt100-pib-per-capita-mapa,LUX,1999,69873.418015
pwt100-pib-per-capita-mapa,LUX,2000,73800.087257
pwt100-pib-per-capita-mapa,LUX,2001,71628.686835
pwt100-pib-per-capita-mapa,LUX,2002,72103.820474
pwt100-pib-per-capita-mapa,LUX,2003,72848.695612
pwt100-pib-per-capita-mapa,LUX,2004,76059.106011
pwt100-pib-per-capita-mapa,LUX,2005,81520.557651
pwt100-pib-per-capita-mapa,LUX,2006,89318.263273
pwt100-pib-per-capita-mapa,LUX,2007,94690.398545
pwt100-pib-per-capita-mapa,LUX,2008,96643.226726
pwt100-pib-per-capita-mapa,LUX,2009,88688.451862
pwt100-pib-per-capita-mapa,LUX,2010,93430.002053
pwt100-pib-per-capita-mapa,LUX,2011,102533.987001
pwt100-pib-per-capita-mapa,LUX,2012,99843.01475
pwt100-pib-per-capita-mapa,LUX,2013,98527.898988
pwt100-pib-per-capita-mapa,LUX,2014,103435.50868
pwt100-pib-per-capita-mapa,LUX,2015,106534.161714
pwt100-pib-per-capita-mapa,LUX,2016,109034.306357
pwt100-pib-per-capita-mapa,LUX,2017,110697.75045
pwt100-pib-per-capita-mapa,LUX,2018,111703.577398
pwt100-pib-per-capita-mapa,LUX,2019,112941.453342
pwt100-pib-per-capita-mapa,LVA,1990,16872.983452
pwt100-pib-per-capita-mapa,LVA,1991,15440.898445
pwt100-pib-per-capita-mapa,LVA,1992,11124.147429
pwt100-pib-per-capita-mapa,LVA,1993,10492.354712
pwt100-pib-per-capita-mapa,LVA,1994,9281.345785
pwt100-pib-per-capita-mapa,LVA,1995,8961.083692
pwt100-pib-per-capita-mapa,LVA,1996,8968.740904
pwt100-pib-per-capita-mapa,LVA,1997,9322.56233
pwt100-pib-per-capita-mapa,LVA,1998,9989.241853
pwt100-pib-per-capita-mapa,LVA,1999,10537.244547
pwt100-pib-per-capita-mapa,LVA,2000,11103.81108
pwt100-pib-per-capita-mapa,LVA,2001,11922.587895
pwt100-pib-per-capita-mapa,LVA,2002,12827.955823
pwt100-pib-per-capita-mapa,LVA,2003,13449.261671
pwt100-pib-per-capita-mapa,LVA,2004,14427.647448
pwt100-pib-per-capita-mapa,LVA,2005,16144.028104
pwt100-pib-per-capita-mapa,LVA,2006,17903.459451
pwt100-pib-per-capita-mapa,LVA,2007,20876.941289
pwt100-pib-per-capita-mapa,LVA,2008,22137.088004
pwt100-pib-per-capita-mapa,LVA,2009,19234.317921
pwt100-pib-per-capita-mapa,LVA,2010,19811.607731
pwt100-pib-per-capita-mapa,LVA,2011,22032.016096
pwt100-pib-per-capita-mapa,LVA,2012,23027.63767
pwt100-pib-per-capita-mapa,LVA,2013,23607.052006
pwt100-pib-per-capita-mapa,LVA,2014,24302.929553
pwt100-pib-per-capita-mapa,LVA,2015,25788.687556
pwt100-pib-per-capita-mapa,LVA,2016,26940.64924
pwt100-pib-per-capita-mapa,LVA,2017,28468.802182
pwt100-pib-per-capita-mapa,LVA,2018,30293.680651
pwt100-pib-per-capita-mapa,LVA,2019,31423.215448
pwt100-pib-per-capita-mapa,MAC,1970,7159.587898
pwt100-pib-per-capita-mapa,MAC,1971,7646.284479
pwt100-pib-per-capita-mapa,MAC,1972,8248.61086
pwt100-pib-per-capita-mapa,MAC,1973,8961.461785
pwt100-pib-per-capita-mapa,MAC,1974,9788.847267
pwt100-pib-per-capita-mapa,MAC,1975,10693.060903
pwt100-pib-per-capita-mapa,MAC,1976,11641.33779
pwt100-pib-per-capita-mapa,MAC,1977,12691.095602
pwt100-pib-per-capita-mapa,MAC,1978,13808.918937
pwt100-pib-per-capita-mapa,MAC,1979,14797.987113
pwt100-pib-per-capita-mapa,MAC,1980,15879.322765
pwt100-pib-per-capita-mapa,MAC,1981,16893.947816
pwt100-pib-per-capita-mapa,MAC,1982,17155.500565
pwt100-pib-per-capita-mapa,MAC,1983,18453.564098
pwt100-pib-per-capita-mapa,MAC,1984,19453.144537
pwt100-pib-per-capita-mapa,MAC,1985,19187.777485
pwt100-pib-per-capita-mapa,MAC,1986,20122.066827
pwt100-pib-per-capita-mapa,MAC,1987,22790.33167
pwt100-pib-per-capita-mapa,MAC,1988,24172.842219
pwt100-pib-per-capita-mapa,MAC,1989,24584.461994
pwt100-pib-per-capita-mapa,MAC,1990,26549.065903
pwt100-pib-per-capita-mapa,MAC,1991,27605.162857
pwt100-pib-per-capita-mapa,MAC,1992,32171.930029
pwt100-pib-per-capita-mapa,MAC,1993,33555.424435
pwt100-pib-per-capita-mapa,MAC,1994,33883.584324
pwt100-pib-per-capita-mapa,MAC,1995,35166.217948
pwt100-pib-per-capita-mapa,MAC,1996,34477.820172
pwt100-pib-per-capita-mapa,MAC,1997,33490.568967
pwt100-pib-per-capita-mapa,MAC,1998,30974.913852
pwt100-pib-per-capita-mapa,MAC,1999,30367.829929
pwt100-pib-per-capita-mapa,MAC,2000,30855.240301
pwt100-pib-per-capita-mapa,MAC,2001,31025.035489
pwt100-pib-per-capita-mapa,MAC,2002,33253.291158
pwt100-pib-per-capita-mapa,MAC,2003,36959.908402
pwt100-pib-per-capita-mapa,MAC,2004,45670.573538
pwt100-pib-per-capita-mapa,MAC,2005,48267.097774
pwt100-pib-per-capita-mapa,MAC,2006,55747.924826
pwt100-pib-per-capita-mapa,MAC,2007,65494.630878
pwt100-pib-per-capita-mapa,MAC,2008,69824.377012
pwt100-pib-per-capita-mapa,MAC,2009,74165.899862
pwt100-pib-per-capita-mapa,MAC,2010,94719.923488
pwt100-pib-per-capita-mapa,MAC,2011,119182.053807
pwt100-pib-per-capita-mapa,MAC,2012,128451.861263
pwt100-pib-per-capita-mapa,MAC,2013,139886.741131
pwt100-pib-per-capita-mapa,MAC,2014,135958.477774
pwt100-pib-per-capita-mapa,MAC,2015,103795.274961
pwt100-pib-per-capita-mapa,MAC,2016,99706.81517
pwt100-pib-per-capita-mapa,MAC,2017,106291.585687
pwt100-pib-per-capita-mapa,MAC,2018,110954.788933
pwt100-pib-per-capita-mapa,MAC,2019,105337.890061
pwt100-pib-per-capita-mapa,MAR,1950,1417.988067
pwt100-pib-per-capita-mapa,MAR,1951,1430.613289
pwt100-pib-per-capita-mapa,MAR,1952,1484.77659
pwt100-pib-per-capita-mapa,MAR,1953,1489.886079
pwt100-pib-per-capita-mapa,MAR,1954,1542.75982
pwt100-pib-per-capita-mapa,MAR,1955,1491.678837
pwt100-pib-per-capita-mapa,MAR,1956,1476.334033
pwt100-pib-per-capita-mapa,MAR,1957,1415.20668
pwt100-pib-per-capita-mapa,MAR,1958,1476.674453
pwt100-pib-per-capita-mapa,MAR,1959,1474.416049
pwt100-pib-per-capita-mapa,MAR,1960,1500.896259
pwt100-pib-per-capita-mapa,MAR,1961,1830.887134
pwt100-pib-per-capita-mapa,MAR,1962,2023.654858
pwt100-pib-per-capita-mapa,MAR,1963,2305.543241
pwt100-pib-per-capita-mapa,MAR,1964,2404.436552
pwt100-pib-per-capita-mapa,MAR,1965,2310.389184
pwt100-pib-per-capita-mapa,MAR,1966,2180.82331
pwt100-pib-per-capita-mapa,MAR,1967,2193.730038
pwt100-pib-per-capita-mapa,MAR,1968,2283.484106
pwt100-pib-per-capita-mapa,MAR,1969,2480.349444
pwt100-pib-per-capita-mapa,MAR,1970,2287.780319
pwt100-pib-per-capita-mapa,MAR,1971,2375.026124
pwt100-pib-per-capita-mapa,MAR,1972,2386.548808
pwt100-pib-per-capita-mapa,MAR,1973,2414.224005
pwt100-pib-per-capita-mapa,MAR,1974,2609.807461
pwt100-pib-per-capita-mapa,MAR,1975,2638.23885
pwt100-pib-per-capita-mapa,MAR,1976,2773.975773
pwt100-pib-per-capita-mapa,MAR,1977,2770.850193
pwt100-pib-per-capita-mapa,MAR,1978,2858.644846
pwt100-pib-per-capita-mapa,MAR,1979,2971.487221
pwt100-pib-per-capita-mapa,MAR,1980,2899.664499
pwt100-pib-per-capita-mapa,MAR,1981,2814.870143
pwt100-pib-per-capita-mapa,MAR,1982,3039.190015
pwt100-pib-per-capita-mapa,MAR,1983,3207.635748
pwt100-pib-per-capita-mapa,MAR,1984,3341.441966
pwt100-pib-per-capita-mapa,MAR,1985,3598.455881
pwt100-pib-per-capita-mapa,MAR,1986,3976.565045
pwt100-pib-per-capita-mapa,MAR,1987,3999.367255
pwt100-pib-per-capita-mapa,MAR,1988,4419.341361
pwt100-pib-per-capita-mapa,MAR,1989,4356.89726
pwt100-pib-per-capita-mapa,MAR,1990,4342.827939
pwt100-pib-per-capita-mapa,MAR,1991,4793.445703
pwt100-pib-per-capita-mapa,MAR,1992,4697.317323
pwt100-pib-per-capita-mapa,MAR,1993,4677.386453
pwt100-pib-per-capita-mapa,MAR,1994,5167.259867
pwt100-pib-per-capita-mapa,MAR,1995,5025.970809
pwt100-pib-per-capita-mapa,MAR,1996,5839.057444
pwt100-pib-per-capita-mapa,MAR,1997,5359.583945
pwt100-pib-per-capita-mapa,MAR,1998,5387.684125
pwt100-pib-per-capita-mapa,MAR,1999,5080.903227
pwt100-pib-per-capita-mapa,MAR,2000,4769.506009
pwt100-pib-per-capita-mapa,MAR,2001,4836.973324
pwt100-pib-per-capita-mapa,MAR,2002,4770.987969
pwt100-pib-per-capita-mapa,MAR,2003,4927.39072
pwt100-pib-per-capita-mapa,MAR,2004,4872.142864
pwt100-pib-per-capita-mapa,MAR,2005,4672.46975
pwt100-pib-per-capita-mapa,MAR,2006,5045.69285
pwt100-pib-per-capita-mapa,MAR,2007,5254.431678
pwt100-pib-per-capita-mapa,MAR,2008,5706.376154
pwt100-pib-per-capita-mapa,MAR,2009,6297.413762
pwt100-pib-per-capita-mapa,MAR,2010,6530.181098
pwt100-pib-per-capita-mapa,MAR,2011,7038.994924
pwt100-pib-per-capita-mapa,MAR,2012,7030.341884
pwt100-pib-per-capita-mapa,MAR,2013,7134.22856
pwt100-pib-per-capita-mapa,MAR,2014,6965.366924
pwt100-pib-per-capita-mapa,MAR,2015,7329.517938
pwt100-pib-per-capita-mapa,MAR,2016,7240.812474
pwt100-pib-per-capita-mapa,MAR,2017,7299.932665
pwt100-pib-per-capita-mapa,MAR,2018,7499.701352
pwt100-pib-per-capita-mapa,MAR,2019,7724.827523
pwt100-pib-per-capita-mapa,MDA,1990,6617.875666
pwt100-pib-per-capita-mapa,MDA,1991,6210.023671
pwt100-pib-per-capita-mapa,MDA,1992,3566.603929
pwt100-pib-per-capita-mapa,MDA,1993,3573.222926
pwt100-pib-per-capita-mapa,MDA,1994,3095.406165
pwt100-pib-per-capita-mapa,MDA,1995,3287.667446
pwt100-pib-per-capita-mapa,MDA,1996,3084.512173
pwt100-pib-per-capita-mapa,MDA,1997,3024.877506
pwt100-pib-per-capita-mapa,MDA,1998,2590.359231
pwt100-pib-per-capita-mapa,MDA,1999,2289.262818
pwt100-pib-per-capita-mapa,MDA,2000,2333.413536
pwt100-pib-per-capita-mapa,MDA,2001,2488.689414
pwt100-pib-per-capita-mapa,MDA,2002,2723.254066
pwt100-pib-per-capita-mapa,MDA,2003,2968.707655
pwt100-pib-per-capita-mapa,MDA,2004,3191.757935
pwt100-pib-per-capita-mapa,MDA,2005,3421.388122
pwt100-pib-per-capita-mapa,MDA,2006,3628.442792
pwt100-pib-per-capita-mapa,MDA,2007,3787.654291
pwt100-pib-per-capita-mapa,MDA,2008,4053.228807
pwt100-pib-per-capita-mapa,MDA,2009,4181.223529
pwt100-pib-per-capita-mapa,MDA,2010,4632.259875
pwt100-pib-per-capita-mapa,MDA,2011,5263.682897
pwt100-pib-per-capita-mapa,MDA,2012,5791.403911
pwt100-pib-per-capita-mapa,MDA,2013,6094.788774
pwt100-pib-per-capita-mapa,MDA,2014,6493.987538
pwt100-pib-per-capita-mapa,MDA,2015,6735.379895
pwt100-pib-per-capita-mapa,MDA,2016,7245.589191
pwt100-pib-per-capita-mapa,MDA,2017,8219.134751
pwt100-pib-per-capita-mapa,MDA,2018,8414.223133
pwt100-pib-per-capita-mapa,MDA,2019,8685.856726
pwt100-pib-per-capita-mapa,MDG,1960,1656.994162
pwt100-pib-per-capita-mapa,MDG,1961,1688.647576
pwt100-pib-per-capita-mapa,MDG,1962,1735.244085
pwt100-pib-per-capita-mapa,MDG,1963,1714.492156
pwt100-pib-per-capita-mapa,MDG,1964,1708.984714
pwt100-pib-per-capita-mapa,MDG,1965,1641.412047
pwt100-pib-per-capita-mapa,MDG,1966,1686.694541
pwt100-pib-per-capita-mapa,MDG,1967,1724.007703
pwt100-pib-per-capita-mapa,MDG,1968,1832.265296
pwt100-pib-per-capita-mapa,MDG,1969,1861.248671
pwt100-pib-per-capita-mapa,MDG,1970,1959.798016
pwt100-pib-per-capita-mapa,MDG,1971,1972.483563
pwt100-pib-per-capita-mapa,MDG,1972,1882.6796
pwt100-pib-per-capita-mapa,MDG,1973,1772.910346
pwt100-pib-per-capita-mapa,MDG,1974,1690.789006
pwt100-pib-per-capita-mapa,MDG,1975,1632.525649
pwt100-pib-per-capita-mapa,MDG,1976,1615.966705
pwt100-pib-per-capita-mapa,MDG,1977,1594.538432
pwt100-pib-per-capita-mapa,MDG,1978,1503.938795
pwt100-pib-per-capita-mapa,MDG,1979,1528.681472
pwt100-pib-per-capita-mapa,MDG,1980,1501.84641
pwt100-pib-per-capita-mapa,MDG,1981,1413.624304
pwt100-pib-per-capita-mapa,MDG,1982,1411.05229
pwt100-pib-per-capita-mapa,MDG,1983,1443.141205
pwt100-pib-per-capita-mapa,MDG,1984,1450.306447
pwt100-pib-per-capita-mapa,MDG,1985,1465.870095
pwt100-pib-per-capita-mapa,MDG,1986,1734.670539
pwt100-pib-per-capita-mapa,MDG,1987,1596.516453
pwt100-pib-per-capita-mapa,MDG,1988,1504.100601
pwt100-pib-per-capita-mapa,MDG,1989,1428.083189
pwt100-pib-per-capita-mapa,MDG,1990,1363.558031
pwt100-pib-per-capita-mapa,MDG,1991,1269.674944
pwt100-pib-per-capita-mapa,MDG,1992,1201.610861
pwt100-pib-per-capita-mapa,MDG,1993,1181.662921
pwt100-pib-per-capita-mapa,MDG,1994,1157.045813
pwt100-pib-per-capita-mapa,MDG,1995,1147.00829
pwt100-pib-per-capita-mapa,MDG,1996,1163.108527
pwt100-pib-per-capita-mapa,MDG,1997,1167.99207
pwt100-pib-per-capita-mapa,MDG,1998,1197.317605
pwt100-pib-per-capita-mapa,MDG,1999,1224.981703
pwt100-pib-per-capita-mapa,MDG,2000,1261.586615
pwt100-pib-per-capita-mapa,MDG,2001,1321.713837
pwt100-pib-per-capita-mapa,MDG,2002,1182.274872
pwt100-pib-per-capita-mapa,MDG,2003,1263.327097
pwt100-pib-per-capita-mapa,MDG,2004,1262.999031
pwt100-pib-per-capita-mapa,MDG,2005,1283.846507
pwt100-pib-per-capita-mapa,MDG,2006,1344.598266
pwt100-pib-per-capita-mapa,MDG,2007,1379.70342
pwt100-pib-per-capita-mapa,MDG,2008,1463.299264
pwt100-pib-per-capita-mapa,MDG,2009,1418.893515
pwt100-pib-per-capita-mapa,MDG,2010,1541.173529
pwt100-pib-per-capita-mapa,MDG,2011,1654.482806
pwt100-pib-per-capita-mapa,MDG,2012,1655.932824
pwt100-pib-per-capita-mapa,MDG,2013,1627.450446
pwt100-pib-per-capita-mapa,MDG,2014,1622.153606
pwt100-pib-per-capita-mapa,MDG,2015,1610.99216
pwt100-pib-per-capita-mapa,MDG,2016,1654.738162
pwt100-pib-per-capita-mapa,MDG,2017,1608.783965
pwt100-pib-per-capita-mapa,MDG,2018,1525.557924
pwt100-pib-per-capita-mapa,MDG,2019,1497.184315
pwt100-pib-per-capita-mapa,MDV,1970,1700.472025
pwt100-pib-per-capita-mapa,MDV,1971,1724.611006
pwt100-pib-per-capita-mapa,MDV,1972,1693.671529
pwt100-pib-per-capita-mapa,MDV,1973,1655.319144
pwt100-pib-per-capita-mapa,MDV,1974,1720.192142
pwt100-pib-per-capita-mapa,MDV,1975,1602.37665
pwt100-pib-per-capita-mapa,MDV,1976,1443.580035
pwt100-pib-per-capita-mapa,MDV,1977,1527.110636
pwt100-pib-per-capita-mapa,MDV,1978,1747.423027
pwt100-pib-per-capita-mapa,MDV,1979,2081.366085
pwt100-pib-per-capita-mapa,MDV,1980,2830.757576
pwt100-pib-per-capita-mapa,MDV,1981,2882.977298
pwt100-pib-per-capita-mapa,MDV,1982,3429.556198
pwt100-pib-per-capita-mapa,MDV,1983,3008.172206
pwt100-pib-per-capita-mapa,MDV,1984,3320.140593
pwt100-pib-per-capita-mapa,MDV,1985,3618.229639
pwt100-pib-per-capita-mapa,MDV,1986,3821.871689
pwt100-pib-per-capita-mapa,MDV,1987,4023.104781
pwt100-pib-per-capita-mapa,MDV,1988,4238.561892
pwt100-pib-per-capita-mapa,MDV,1989,4492.552003
pwt100-pib-per-capita-mapa,MDV,1990,5026.905553
pwt100-pib-per-capita-mapa,MDV,1991,5264.573454
pwt100-pib-per-capita-mapa,MDV,1992,5456.781927
pwt100-pib-per-capita-mapa,MDV,1993,5672.899585
pwt100-pib-per-capita-mapa,MDV,1994,5901.972524
pwt100-pib-per-capita-mapa,MDV,1995,5949.981847
pwt100-pib-per-capita-mapa,MDV,1996,6514.077446
pwt100-pib-per-capita-mapa,MDV,1997,6982.623412
pwt100-pib-per-capita-mapa,MDV,1998,7553.114171
pwt100-pib-per-capita-mapa,MDV,1999,7668.787218
pwt100-pib-per-capita-mapa,MDV,2000,8366.181522
pwt100-pib-per-capita-mapa,MDV,2001,8467.455964
pwt100-pib-per-capita-mapa,MDV,2002,8825.258775
pwt100-pib-per-capita-mapa,MDV,2003,9607.141653
pwt100-pib-per-capita-mapa,MDV,2004,11148.072024
pwt100-pib-per-capita-mapa,MDV,2005,10065.649971
pwt100-pib-per-capita-mapa,MDV,2006,12721.896928
pwt100-pib-per-capita-mapa,MDV,2007,14401.147956
pwt100-pib-per-capita-mapa,MDV,2008,14691.662472
pwt100-pib-per-capita-mapa,MDV,2009,13215.159501
pwt100-pib-per-capita-mapa,MDV,2010,13569.794054
pwt100-pib-per-capita-mapa,MDV,2011,14903.84724
pwt100-pib-per-capita-mapa,MDV,2012,15016.7605
pwt100-pib-per-capita-mapa,MDV,2013,15566.835277
pwt100-pib-per-capita-mapa,MDV,2014,16490.293214
pwt100-pib-per-capita-mapa,MDV,2015,16956.257239
pwt100-pib-per-capita-mapa,MDV,2016,17622.331051
pwt100-pib-per-capita-mapa,MDV,2017,18143.527622
pwt100-pib-per-capita-mapa,MDV,2018,18194.721915
pwt100-pib-per-capita-mapa,MDV,2019,19138.385145
pwt100-pib-per-capita-mapa,MEX,1950,4984.558251
pwt100-pib-per-capita-mapa,MEX,1951,5239.393902
pwt100-pib-per-capita-mapa,MEX,1952,5336.454996
pwt100-pib-per-capita-mapa,MEX,1953,5046.532974
pwt100-pib-per-capita-mapa,MEX,1954,5446.530989
pwt100-pib-per-capita-mapa,MEX,1955,5723.694449
pwt100-pib-per-capita-mapa,MEX,1956,5921.094968
pwt100-pib-per-capita-mapa,MEX,1957,6155.682536
pwt100-pib-per-capita-mapa,MEX,1958,6254.978146
pwt100-pib-per-capita-mapa,MEX,1959,6237.64107
pwt100-pib-per-capita-mapa,MEX,1960,6472.486123
pwt100-pib-per-capita-mapa,MEX,1961,6450.842889
pwt100-pib-per-capita-mapa,MEX,1962,6501.100934
pwt100-pib-per-capita-mapa,MEX,1963,6899.624148
pwt100-pib-per-capita-mapa,MEX,1964,7577.689458
pwt100-pib-per-capita-mapa,MEX,1965,7750.34575
pwt100-pib-per-capita-mapa,MEX,1966,7991.685449
pwt100-pib-per-capita-mapa,MEX,1967,8148.403783
pwt100-pib-per-capita-mapa,MEX,1968,8557.503841
pwt100-pib-per-capita-mapa,MEX,1969,8636.786527
pwt100-pib-per-capita-mapa,MEX,1970,8905.085398
pwt100-pib-per-capita-mapa,MEX,1971,9041.004931
pwt100-pib-per-capita-mapa,MEX,1972,9514.758957
pwt100-pib-per-capita-mapa,MEX,1973,10002.223197
pwt100-pib-per-capita-mapa,MEX,1974,10342.186538
pwt100-pib-per-capita-mapa,MEX,1975,10635.988456
pwt100-pib-per-capita-mapa,MEX,1976,10945.52934
pwt100-pib-per-capita-mapa,MEX,1977,11061.22074
pwt100-pib-per-capita-mapa,MEX,1978,11796.301772
pwt100-pib-per-capita-mapa,MEX,1979,12756.04359
pwt100-pib-per-capita-mapa,MEX,1980,13942.324876
pwt100-pib-per-capita-mapa,MEX,1981,14754.749781
pwt100-pib-per-capita-mapa,MEX,1982,14356.568554
pwt100-pib-per-capita-mapa,MEX,1983,13305.420707
pwt100-pib-per-capita-mapa,MEX,1984,13226.926866
pwt100-pib-per-capita-mapa,MEX,1985,13059.281073
pwt100-pib-per-capita-mapa,MEX,1986,11948.726195
pwt100-pib-per-capita-mapa,MEX,1987,11976.737278
pwt100-pib-per-capita-mapa,MEX,1988,11486.025537
pwt100-pib-per-capita-mapa,MEX,1989,11691.122348
pwt100-pib-per-capita-mapa,MEX,1990,12091.061393
pwt100-pib-per-capita-mapa,MEX,1991,12282.23639
pwt100-pib-per-capita-mapa,MEX,1992,12483.070943
pwt100-pib-per-capita-mapa,MEX,1993,12468.175052
pwt100-pib-per-capita-mapa,MEX,1994,12910.289785
pwt100-pib-per-capita-mapa,MEX,1995,12172.852249
pwt100-pib-per-capita-mapa,MEX,1996,12557.522759
pwt100-pib-per-capita-mapa,MEX,1997,13344.849947
pwt100-pib-per-capita-mapa,MEX,1998,13926.376589
pwt100-pib-per-capita-mapa,MEX,1999,14469.10864
pwt100-pib-per-capita-mapa,MEX,2000,14874.655516
pwt100-pib-per-capita-mapa,MEX,2001,14665.719966
pwt100-pib-per-capita-mapa,MEX,2002,14388.754311
pwt100-pib-per-capita-mapa,MEX,2003,14393.709434
pwt100-pib-per-capita-mapa,MEX,2004,15048.002902
pwt100-pib-per-capita-mapa,MEX,2005,15230.149835
pwt100-pib-per-capita-mapa,MEX,2006,15916.756366
pwt100-pib-per-capita-mapa,MEX,2007,16189.402976
pwt100-pib-per-capita-mapa,MEX,2008,16188.607029
pwt100-pib-per-capita-mapa,MEX,2009,15699.24286
pwt100-pib-per-capita-mapa,MEX,2010,16830.230581
pwt100-pib-per-capita-mapa,MEX,2011,17985.849585
pwt100-pib-per-capita-mapa,MEX,2012,18832.985836
pwt100-pib-per-capita-mapa,MEX,2013,18449.971636
pwt100-pib-per-capita-mapa,MEX,2014,18629.422254
pwt100-pib-per-capita-mapa,MEX,2015,18906.102777
pwt100-pib-per-capita-mapa,MEX,2016,19310.920346
pwt100-pib-per-capita-mapa,MEX,2017,19277.26267
pwt100-pib-per-capita-mapa,MEX,2018,19580.325863
pwt100-pib-per-capita-mapa,MEX,2019,19308.073965
pwt100-pib-per-capita-mapa,MKD,1990,6217.378808
pwt100-pib-per-capita-mapa,MKD,1991,6300.471372
pwt100-pib-per-capita-mapa,MKD,1992,5814.381584
pwt100-pib-per-capita-mapa,MKD,1993,5714.334381
pwt100-pib-per-capita-mapa,MKD,1994,5886.255684
pwt100-pib-per-capita-mapa,MKD,1995,6137.439351
pwt100-pib-per-capita-mapa,MKD,1996,6201.091838
pwt100-pib-per-capita-mapa,MKD,1997,6293.05885
pwt100-pib-per-capita-mapa,MKD,1998,6552.238114
pwt100-pib-per-capita-mapa,MKD,1999,7119.966364
pwt100-pib-per-capita-mapa,MKD,2000,7564.479533
pwt100-pib-per-capita-mapa,MKD,2001,7858.834615
pwt100-pib-per-capita-mapa,MKD,2002,7833.611936
pwt100-pib-per-capita-mapa,MKD,2003,8061.160273
pwt100-pib-per-capita-mapa,MKD,2004,8413.169245
pwt100-pib-per-capita-mapa,MKD,2005,9014.422785
pwt100-pib-per-capita-mapa,MKD,2006,9661.915252
pwt100-pib-per-capita-mapa,MKD,2007,10318.839226
pwt100-pib-per-capita-mapa,MKD,2008,11162.557387
pwt100-pib-per-capita-mapa,MKD,2009,11785.934723
pwt100-pib-per-capita-mapa,MKD,2010,12183.973522
pwt100-pib-per-capita-mapa,MKD,2011,12311.664983
pwt100-pib-per-capita-mapa,MKD,2012,12543.998555
pwt100-pib-per-capita-mapa,MKD,2013,12916.78888
pwt100-pib-per-capita-mapa,MKD,2014,13523.447746
pwt100-pib-per-capita-mapa,MKD,2015,14282.367458
pwt100-pib-per-capita-mapa,MKD,2016,15121.520556
pwt100-pib-per-capita-mapa,MKD,2017,15406.231756
pwt100-pib-per-capita-mapa,MKD,2018,15644.909534
pwt100-pib-per-capita-mapa,MKD,2019,16149.422742
pwt100-pib-per-capita-mapa,MLI,1960,647.355786
pwt100-pib-per-capita-mapa,MLI,1961,628.941212
pwt100-pib-per-capita-mapa,MLI,1962,612.466374
pwt100-pib-per-capita-mapa,MLI,1963,636.132668
pwt100-pib-per-capita-mapa,MLI,1964,523.457507
pwt100-pib-per-capita-mapa,MLI,1965,549.794373
pwt100-pib-per-capita-mapa,MLI,1966,548.836822
pwt100-pib-per-capita-mapa,MLI,1967,557.395111
pwt100-pib-per-capita-mapa,MLI,1968,618.181175
pwt100-pib-per-capita-mapa,MLI,1969,621.240205
pwt100-pib-per-capita-mapa,MLI,1970,653.539236
pwt100-pib-per-capita-mapa,MLI,1971,655.333477
pwt100-pib-per-capita-mapa,MLI,1972,562.949038
pwt100-pib-per-capita-mapa,MLI,1973,565.641818
pwt100-pib-per-capita-mapa,MLI,1974,528.599477
pwt100-pib-per-capita-mapa,MLI,1975,571.533135
pwt100-pib-per-capita-mapa,MLI,1976,649.898793
pwt100-pib-per-capita-mapa,MLI,1977,672.647301
pwt100-pib-per-capita-mapa,MLI,1978,647.275041
pwt100-pib-per-capita-mapa,MLI,1979,711.687406
pwt100-pib-per-capita-mapa,MLI,1980,669.962516
pwt100-pib-per-capita-mapa,MLI,1981,749.100664
pwt100-pib-per-capita-mapa,MLI,1982,801.830516
pwt100-pib-per-capita-mapa,MLI,1983,767.025467
pwt100-pib-per-capita-mapa,MLI,1984,757.065821
pwt100-pib-per-capita-mapa,MLI,1985,948.912808
pwt100-pib-per-capita-mapa,MLI,1986,965.01141
pwt100-pib-per-capita-mapa,MLI,1987,858.223892
pwt100-pib-per-capita-mapa,MLI,1988,738.754068
pwt100-pib-per-capita-mapa,MLI,1989,758.348569
pwt100-pib-per-capita-mapa,MLI,1990,726.562989
pwt100-pib-per-capita-mapa,MLI,1991,802.327976
pwt100-pib-per-capita-mapa,MLI,1992,724.537782
pwt100-pib-per-capita-mapa,MLI,1993,747.154819
pwt100-pib-per-capita-mapa,MLI,1994,728.700847
pwt100-pib-per-capita-mapa,MLI,1995,955.409162
pwt100-pib-per-capita-mapa,MLI,1996,1146.257412
pwt100-pib-per-capita-mapa,MLI,1997,1188.965033
pwt100-pib-per-capita-mapa,MLI,1998,1246.260413
pwt100-pib-per-capita-mapa,MLI,1999,1321.890308
pwt100-pib-per-capita-mapa,MLI,2000,1319.353227
pwt100-pib-per-capita-mapa,MLI,2001,1435.895425
pwt100-pib-per-capita-mapa,MLI,2002,1469.265309
pwt100-pib-per-capita-mapa,MLI,2003,1555.202693
pwt100-pib-per-capita-mapa,MLI,2004,1409.856463
pwt100-pib-per-capita-mapa,MLI,2005,1438.578758
pwt100-pib-per-capita-mapa,MLI,2006,1614.030018
pwt100-pib-per-capita-mapa,MLI,2007,1572.994496
pwt100-pib-per-capita-mapa,MLI,2008,1629.245681
pwt100-pib-per-capita-mapa,MLI,2009,1843.974765
pwt100-pib-per-capita-mapa,MLI,2010,1851.386433
pwt100-pib-per-capita-mapa,MLI,2011,1953.816889
pwt100-pib-per-capita-mapa,MLI,2012,1890.732544
pwt100-pib-per-capita-mapa,MLI,2013,1865.371087
pwt100-pib-per-capita-mapa,MLI,2014,1933.62952
pwt100-pib-per-capita-mapa,MLI,2015,2036.620897
pwt100-pib-per-capita-mapa,MLI,2016,2161.974415
pwt100-pib-per-capita-mapa,MLI,2017,2162.142713
pwt100-pib-per-capita-mapa,MLI,2018,2282.406162
pwt100-pib-per-capita-mapa,MLI,2019,2411.158121
pwt100-pib-per-capita-mapa,MLT,1954,1710.653191
pwt100-pib-per-capita-mapa,MLT,1955,1717.549509
pwt100-pib-per-capita-mapa,MLT,1956,1899.404839
pwt100-pib-per-capita-mapa,MLT,1957,1958.884645
pwt100-pib-per-capita-mapa,MLT,1958,2107.139126
pwt100-pib-per-capita-mapa,MLT,1959,2167.885433
pwt100-pib-per-capita-mapa,MLT,1960,2307.696412
pwt100-pib-per-capita-mapa,MLT,1961,2383.234083
pwt100-pib-per-capita-mapa,MLT,1962,2335.265161
pwt100-pib-per-capita-mapa,MLT,1963,2339.455958
pwt100-pib-per-capita-mapa,MLT,1964,2393.167976
pwt100-pib-per-capita-mapa,MLT,1965,2535.716104
pwt100-pib-per-capita-mapa,MLT,1966,2808.074264
pwt100-pib-per-capita-mapa,MLT,1967,2989.360136
pwt100-pib-per-capita-mapa,MLT,1968,3268.303376
pwt100-pib-per-capita-mapa,MLT,1969,3614.873844
pwt100-pib-per-capita-mapa,MLT,1970,3923.906391
pwt100-pib-per-capita-mapa,MLT,1971,4156.198924
pwt100-pib-per-capita-mapa,MLT,1972,4507.77265
pwt100-pib-per-capita-mapa,MLT,1973,4818.032879
pwt100-pib-per-capita-mapa,MLT,1974,4881.489401
pwt100-pib-per-capita-mapa,MLT,1975,6686.764182
pwt100-pib-per-capita-mapa,MLT,1976,7820.9783
pwt100-pib-per-capita-mapa,MLT,1977,8422.500513
pwt100-pib-per-capita-mapa,MLT,1978,9383.420851
pwt100-pib-per-capita-mapa,MLT,1979,10054.243037
pwt100-pib-per-capita-mapa,MLT,1980,10643.176718
pwt100-pib-per-capita-mapa,MLT,1981,11171.716265
pwt100-pib-per-capita-mapa,MLT,1982,11649.338755
pwt100-pib-per-capita-mapa,MLT,1983,11110.12329
pwt100-pib-per-capita-mapa,MLT,1984,11035.985944
pwt100-pib-per-capita-mapa,MLT,1985,11192.355314
pwt100-pib-per-capita-mapa,MLT,1986,11595.09298
pwt100-pib-per-capita-mapa,MLT,1987,12006.652366
pwt100-pib-per-capita-mapa,MLT,1988,13302.144324
pwt100-pib-per-capita-mapa,MLT,1989,14112.16652
pwt100-pib-per-capita-mapa,MLT,1990,14790.949022
pwt100-pib-per-capita-mapa,MLT,1991,15705.267647
pwt100-pib-per-capita-mapa,MLT,1992,15992.657302
pwt100-pib-per-capita-mapa,MLT,1993,16338.963257
pwt100-pib-per-capita-mapa,MLT,1994,17189.615123
pwt100-pib-per-capita-mapa,MLT,1995,18124.55755
pwt100-pib-per-capita-mapa,MLT,1996,18669.14794
pwt100-pib-per-capita-mapa,MLT,1997,20585.147873
pwt100-pib-per-capita-mapa,MLT,1998,22278.759638
pwt100-pib-per-capita-mapa,MLT,1999,23490.14223
pwt100-pib-per-capita-mapa,MLT,2000,24658.820229
pwt100-pib-per-capita-mapa,MLT,2001,24138.574536
pwt100-pib-per-capita-mapa,MLT,2002,24907.702722
pwt100-pib-per-capita-mapa,MLT,2003,25778.8148
pwt100-pib-per-capita-mapa,MLT,2004,25752.296677
pwt100-pib-per-capita-mapa,MLT,2005,26535.749167
pwt100-pib-per-capita-mapa,MLT,2006,27055.500056
pwt100-pib-per-capita-mapa,MLT,2007,28884.666363
pwt100-pib-per-capita-mapa,MLT,2008,29524.107844
pwt100-pib-per-capita-mapa,MLT,2009,29295.626866
pwt100-pib-per-capita-mapa,MLT,2010,31195.046509
pwt100-pib-per-capita-mapa,MLT,2011,32110.851788
pwt100-pib-per-capita-mapa,MLT,2012,32857.37415
pwt100-pib-per-capita-mapa,MLT,2013,33611.40806
pwt100-pib-per-capita-mapa,MLT,2014,35827.855919
pwt100-pib-per-capita-mapa,MLT,2015,40261.560062
pwt100-pib-per-capita-mapa,MLT,2016,42551.268339
pwt100-pib-per-capita-mapa,MLT,2017,44941.427078
pwt100-pib-per-capita-mapa,MLT,2018,48378.030463
pwt100-pib-per-capita-mapa,MLT,2019,50759.083017
pwt100-pib-per-capita-mapa,MMR,1962,676.231878
pwt100-pib-per-capita-mapa,MMR,1963,741.975516
pwt100-pib-per-capita-mapa,MMR,1964,676.98622
pwt100-pib-per-capita-mapa,MMR,1965,692.072562
pwt100-pib-per-capita-mapa,MMR,1966,713.382362
pwt100-pib-per-capita-mapa,MMR,1967,637.592064
pwt100-pib-per-capita-mapa,MMR,1968,658.466334
pwt100-pib-per-capita-mapa,MMR,1969,678.355287
pwt100-pib-per-capita-mapa,MMR,1970,702.608959
pwt100-pib-per-capita-mapa,MMR,1971,700.884001
pwt100-pib-per-capita-mapa,MMR,1972,675.307186
pwt100-pib-per-capita-mapa,MMR,1973,703.585691
pwt100-pib-per-capita-mapa,MMR,1974,721.437732
pwt100-pib-per-capita-mapa,MMR,1975,737.233459
pwt100-pib-per-capita-mapa,MMR,1976,752.722461
pwt100-pib-per-capita-mapa,MMR,1977,757.027274
pwt100-pib-per-capita-mapa,MMR,1978,763.866566
pwt100-pib-per-capita-mapa,MMR,1979,796.65487
pwt100-pib-per-capita-mapa,MMR,1980,834.136767
pwt100-pib-per-capita-mapa,MMR,1981,859.760958
pwt100-pib-per-capita-mapa,MMR,1982,892.096745
pwt100-pib-per-capita-mapa,MMR,1983,933.370862
pwt100-pib-per-capita-mapa,MMR,1984,954.594652
pwt100-pib-per-capita-mapa,MMR,1985,942.602723
pwt100-pib-per-capita-mapa,MMR,1986,904.627195
pwt100-pib-per-capita-mapa,MMR,1987,820.414126
pwt100-pib-per-capita-mapa,MMR,1988,766.607944
pwt100-pib-per-capita-mapa,MMR,1989,767.524687
pwt100-pib-per-capita-mapa,MMR,1990,748.833356
pwt100-pib-per-capita-mapa,MMR,1991,757.568492
pwt100-pib-per-capita-mapa,MMR,1992,805.407004
pwt100-pib-per-capita-mapa,MMR,1993,841.752209
pwt100-pib-per-capita-mapa,MMR,1994,881.966867
pwt100-pib-per-capita-mapa,MMR,1995,918.504881
pwt100-pib-per-capita-mapa,MMR,1996,934.050329
pwt100-pib-per-capita-mapa,MMR,1997,946.910892
pwt100-pib-per-capita-mapa,MMR,1998,977.952132
pwt100-pib-per-capita-mapa,MMR,1999,1037.245309
pwt100-pib-per-capita-mapa,MMR,2000,1091.705119
pwt100-pib-per-capita-mapa,MMR,2001,1206.822139
pwt100-pib-per-capita-mapa,MMR,2002,1348.851083
pwt100-pib-per-capita-mapa,MMR,2003,1517.924185
pwt100-pib-per-capita-mapa,MMR,2004,1730.081024
pwt100-pib-per-capita-mapa,MMR,2005,1974.637897
pwt100-pib-per-capita-mapa,MMR,2006,2220.191051
pwt100-pib-per-capita-mapa,MMR,2007,2467.646631
pwt100-pib-per-capita-mapa,MMR,2008,2714.546051
pwt100-pib-per-capita-mapa,MMR,2009,3184.800434
pwt100-pib-per-capita-mapa,MMR,2010,3699.170683
pwt100-pib-per-capita-mapa,MMR,2011,3993.559492
pwt100-pib-per-capita-mapa,MMR,2012,3190.584168
pwt100-pib-per-capita-mapa,MMR,2013,4411.878657
pwt100-pib-per-capita-mapa,MMR,2014,4603.224896
pwt100-pib-per-capita-mapa,MMR,2015,4554.714007
pwt100-pib-per-capita-mapa,MMR,2016,4503.301463
pwt100-pib-per-capita-mapa,MMR,2017,4610.221987
pwt100-pib-per-capita-mapa,MMR,2018,4916.028955
pwt100-pib-per-capita-mapa,MMR,2019,4819.9005
pwt100-pib-per-capita-mapa,MNE,1990,10897.778013
pwt100-pib-per-capita-mapa,MNE,1991,9706.465274
pwt100-pib-per-capita-mapa,MNE,1992,7408.491299
pwt100-pib-per-capita-mapa,MNE,1993,4693.538452
pwt100-pib-per-capita-mapa,MNE,1994,4748.655182
pwt100-pib-per-capita-mapa,MNE,1995,5435.310631
pwt100-pib-per-capita-mapa,MNE,1996,6958.423245
pwt100-pib-per-capita-mapa,MNE,1997,7369.328485
pwt100-pib-per-capita-mapa,MNE,1998,7849.566782
pwt100-pib-per-capita-mapa,MNE,1999,7214.645009
pwt100-pib-per-capita-mapa,MNE,2000,7905.525545
pwt100-pib-per-capita-mapa,MNE,2001,8709.631819
pwt100-pib-per-capita-mapa,MNE,2002,8525.948935
pwt100-pib-per-capita-mapa,MNE,2003,8563.37359
pwt100-pib-per-capita-mapa,MNE,2004,8941.247048
pwt100-pib-per-capita-mapa,MNE,2005,9473.052014
pwt100-pib-per-capita-mapa,MNE,2006,10978.848933
pwt100-pib-per-capita-mapa,MNE,2007,13352.270291
pwt100-pib-per-capita-mapa,MNE,2008,14222.554903
pwt100-pib-per-capita-mapa,MNE,2009,14082.334782
pwt100-pib-per-capita-mapa,MNE,2010,14971.180632
pwt100-pib-per-capita-mapa,MNE,2011,15349.7689
pwt100-pib-per-capita-mapa,MNE,2012,14850.432298
pwt100-pib-per-capita-mapa,MNE,2013,15137.538081
pwt100-pib-per-capita-mapa,MNE,2014,15255.351041
pwt100-pib-per-capita-mapa,MNE,2015,16213.654621
pwt100-pib-per-capita-mapa,MNE,2016,17129.344413
pwt100-pib-per-capita-mapa,MNE,2017,18108.962205
pwt100-pib-per-capita-mapa,MNE,2018,19249.104014
pwt100-pib-per-capita-mapa,MNE,2019,20554.23128
pwt100-pib-per-capita-mapa,MNG,1970,1364.836251
pwt100-pib-per-capita-mapa,MNG,1971,1387.793428
pwt100-pib-per-capita-mapa,MNG,1972,1395.162078
pwt100-pib-per-capita-mapa,MNG,1973,1474.41226
pwt100-pib-per-capita-mapa,MNG,1974,1494.125519
pwt100-pib-per-capita-mapa,MNG,1975,1537.981114
pwt100-pib-per-capita-mapa,MNG,1976,1552.337166
pwt100-pib-per-capita-mapa,MNG,1977,1659.377793
pwt100-pib-per-capita-mapa,MNG,1978,1691.22256
pwt100-pib-per-capita-mapa,MNG,1979,1719.522831
pwt100-pib-per-capita-mapa,MNG,1980,1927.365581
pwt100-pib-per-capita-mapa,MNG,1981,1723.508945
pwt100-pib-per-capita-mapa,MNG,1982,1986.083278
pwt100-pib-per-capita-mapa,MNG,1983,2212.165812
pwt100-pib-per-capita-mapa,MNG,1984,2453.889835
pwt100-pib-per-capita-mapa,MNG,1985,2398.247848
pwt100-pib-per-capita-mapa,MNG,1986,2522.114436
pwt100-pib-per-capita-mapa,MNG,1987,2674.34232
pwt100-pib-per-capita-mapa,MNG,1988,2758.273201
pwt100-pib-per-capita-mapa,MNG,1989,2684.043154
pwt100-pib-per-capita-mapa,MNG,1990,3754.440382
pwt100-pib-per-capita-mapa,MNG,1991,2703.064345
pwt100-pib-per-capita-mapa,MNG,1992,2532.360615
pwt100-pib-per-capita-mapa,MNG,1993,2062.672888
pwt100-pib-per-capita-mapa,MNG,1994,2212.92492
pwt100-pib-per-capita-mapa,MNG,1995,2850.808879
pwt100-pib-per-capita-mapa,MNG,1996,2595.938883
pwt100-pib-per-capita-mapa,MNG,1997,2709.627568
pwt100-pib-per-capita-mapa,MNG,1998,2574.614943
pwt100-pib-per-capita-mapa,MNG,1999,2680.516678
pwt100-pib-per-capita-mapa,MNG,2000,2991.258867
pwt100-pib-per-capita-mapa,MNG,2001,3281.226316
pwt100-pib-per-capita-mapa,MNG,2002,3569.058348
pwt100-pib-per-capita-mapa,MNG,2003,3909.759872
pwt100-pib-per-capita-mapa,MNG,2004,4606.675979
pwt100-pib-per-capita-mapa,MNG,2005,5409.279207
pwt100-pib-per-capita-mapa,MNG,2006,6569.171713
pwt100-pib-per-capita-mapa,MNG,2007,7252.848688
pwt100-pib-per-capita-mapa,MNG,2008,7344.08804
pwt100-pib-per-capita-mapa,MNG,2009,6905.881364
pwt100-pib-per-capita-mapa,MNG,2010,8073.313913
pwt100-pib-per-capita-mapa,MNG,2011,9561.822166
pwt100-pib-per-capita-mapa,MNG,2012,10865.103018
pwt100-pib-per-capita-mapa,MNG,2013,10973.471012
pwt100-pib-per-capita-mapa,MNG,2014,11465.140056
pwt100-pib-per-capita-mapa,MNG,2015,11190.680957
pwt100-pib-per-capita-mapa,MNG,2016,11032.782489
pwt100-pib-per-capita-mapa,MNG,2017,11170.028424
pwt100-pib-per-capita-mapa,MNG,2018,11137.93513
pwt100-pib-per-capita-mapa,MNG,2019,12832.970403
pwt100-pib-per-capita-mapa,MOZ,1960,627.724051
pwt100-pib-per-capita-mapa,MOZ,1961,625.163937
pwt100-pib-per-capita-mapa,MOZ,1962,663.919336
pwt100-pib-per-capita-mapa,MOZ,1963,670.141412
pwt100-pib-per-capita-mapa,MOZ,1964,683.961418
pwt100-pib-per-capita-mapa,MOZ,1965,679.538625
pwt100-pib-per-capita-mapa,MOZ,1966,683.926051
pwt100-pib-per-capita-mapa,MOZ,1967,735.439522
pwt100-pib-per-capita-mapa,MOZ,1968,767.501195
pwt100-pib-per-capita-mapa,MOZ,1969,796.510645
pwt100-pib-per-capita-mapa,MOZ,1970,774.222044
pwt100-pib-per-capita-mapa,MOZ,1971,813.416683
pwt100-pib-per-capita-mapa,MOZ,1972,834.351744
pwt100-pib-per-capita-mapa,MOZ,1973,853.862649
pwt100-pib-per-capita-mapa,MOZ,1974,883.803126
pwt100-pib-per-capita-mapa,MOZ,1975,880.281238
pwt100-pib-per-capita-mapa,MOZ,1976,907.144527
pwt100-pib-per-capita-mapa,MOZ,1977,874.051171
pwt100-pib-per-capita-mapa,MOZ,1978,866.316371
pwt100-pib-per-capita-mapa,MOZ,1979,874.321985
pwt100-pib-per-capita-mapa,MOZ,1980,856.963635
pwt100-pib-per-capita-mapa,MOZ,1981,894.495623
pwt100-pib-per-capita-mapa,MOZ,1982,839.241169
pwt100-pib-per-capita-mapa,MOZ,1983,717.179319
pwt100-pib-per-capita-mapa,MOZ,1984,757.073746
pwt100-pib-per-capita-mapa,MOZ,1985,697.293755
pwt100-pib-per-capita-mapa,MOZ,1986,722.341525
pwt100-pib-per-capita-mapa,MOZ,1987,634.032585
pwt100-pib-per-capita-mapa,MOZ,1988,611.455495
pwt100-pib-per-capita-mapa,MOZ,1989,658.094716
pwt100-pib-per-capita-mapa,MOZ,1990,646.807083
pwt100-pib-per-capita-mapa,MOZ,1991,646.577636
pwt100-pib-per-capita-mapa,MOZ,1992,546.723376
pwt100-pib-per-capita-mapa,MOZ,1993,570.279171
pwt100-pib-per-capita-mapa,MOZ,1994,591.897282
pwt100-pib-per-capita-mapa,MOZ,1995,576.050099
pwt100-pib-per-capita-mapa,MOZ,1996,654.718563
pwt100-pib-per-capita-mapa,MOZ,1997,718.627391
pwt100-pib-per-capita-mapa,MOZ,1998,772.093308
pwt100-pib-per-capita-mapa,MOZ,1999,809.791297
pwt100-pib-per-capita-mapa,MOZ,2000,790.235956
pwt100-pib-per-capita-mapa,MOZ,2001,850.771452
pwt100-pib-per-capita-mapa,MOZ,2002,921.049253
pwt100-pib-per-capita-mapa,MOZ,2003,977.792303
pwt100-pib-per-capita-mapa,MOZ,2004,1029.343381
pwt100-pib-per-capita-mapa,MOZ,2005,1089.089511
pwt100-pib-per-capita-mapa,MOZ,2006,1125.123287
pwt100-pib-per-capita-mapa,MOZ,2007,1152.631903
pwt100-pib-per-capita-mapa,MOZ,2008,1168.844248
pwt100-pib-per-capita-mapa,MOZ,2009,1160.055863
pwt100-pib-per-capita-mapa,MOZ,2010,1121.290421
pwt100-pib-per-capita-mapa,MOZ,2011,1110.057123
pwt100-pib-per-capita-mapa,MOZ,2012,1144.721741
pwt100-pib-per-capita-mapa,MOZ,2013,1150.398595
pwt100-pib-per-capita-mapa,MOZ,2014,1171.278679
pwt100-pib-per-capita-mapa,MOZ,2015,1270.573661
pwt100-pib-per-capita-mapa,MOZ,2016,1229.506787
pwt100-pib-per-capita-mapa,MOZ,2017,1172.249904
pwt100-pib-per-capita-mapa,MOZ,2018,1128.459665
pwt100-pib-per-capita-mapa,MOZ,2019,1169.86453
pwt100-pib-per-capita-mapa,MRT,1960,1979.270618
pwt100-pib-per-capita-mapa,MRT,1961,1994.790228
pwt100-pib-per-capita-mapa,MRT,1962,2207.879192
pwt100-pib-per-capita-mapa,MRT,1963,2062.194965
pwt100-pib-per-capita-mapa,MRT,1964,2835.964907
pwt100-pib-per-capita-mapa,MRT,1965,3266.705143
pwt100-pib-per-capita-mapa,MRT,1966,3208.795923
pwt100-pib-per-capita-mapa,MRT,1967,3501.175247
pwt100-pib-per-capita-mapa,MRT,1968,3977.100036
pwt100-pib-per-capita-mapa,MRT,1969,3671.58269
pwt100-pib-per-capita-mapa,MRT,1970,4083.154981
pwt100-pib-per-capita-mapa,MRT,1971,4014.209347
pwt100-pib-per-capita-mapa,MRT,1972,4019.054589
pwt100-pib-per-capita-mapa,MRT,1973,3819.004207
pwt100-pib-per-capita-mapa,MRT,1974,4150.41009
pwt100-pib-per-capita-mapa,MRT,1975,4432.369251
pwt100-pib-per-capita-mapa,MRT,1976,4696.868923
pwt100-pib-per-capita-mapa,MRT,1977,4478.609368
pwt100-pib-per-capita-mapa,MRT,1978,3833.945305
pwt100-pib-per-capita-mapa,MRT,1979,4049.833932
pwt100-pib-per-capita-mapa,MRT,1980,3909.380674
pwt100-pib-per-capita-mapa,MRT,1981,4015.834769
pwt100-pib-per-capita-mapa,MRT,1982,3672.834722
pwt100-pib-per-capita-mapa,MRT,1983,3618.103435
pwt100-pib-per-capita-mapa,MRT,1984,3438.09344
pwt100-pib-per-capita-mapa,MRT,1985,3441.260196
pwt100-pib-per-capita-mapa,MRT,1986,3364.604007
pwt100-pib-per-capita-mapa,MRT,1987,3341.570115
pwt100-pib-per-capita-mapa,MRT,1988,3350.965536
pwt100-pib-per-capita-mapa,MRT,1989,3347.12913
pwt100-pib-per-capita-mapa,MRT,1990,3219.162873
pwt100-pib-per-capita-mapa,MRT,1991,3212.390873
pwt100-pib-per-capita-mapa,MRT,1992,3248.668884
pwt100-pib-per-capita-mapa,MRT,1993,3426.07319
pwt100-pib-per-capita-mapa,MRT,1994,3516.909351
pwt100-pib-per-capita-mapa,MRT,1995,3395.101124
pwt100-pib-per-capita-mapa,MRT,1996,3618.777185
pwt100-pib-per-capita-mapa,MRT,1997,3386.116221
pwt100-pib-per-capita-mapa,MRT,1998,3390.610153
pwt100-pib-per-capita-mapa,MRT,1999,3421.913947
pwt100-pib-per-capita-mapa,MRT,2000,3210.173367
pwt100-pib-per-capita-mapa,MRT,2001,3076.203314
pwt100-pib-per-capita-mapa,MRT,2002,3152.993513
pwt100-pib-per-capita-mapa,MRT,2003,3229.697116
pwt100-pib-per-capita-mapa,MRT,2004,3141.815332
pwt100-pib-per-capita-mapa,MRT,2005,3250.613015
pwt100-pib-per-capita-mapa,MRT,2006,4041.358302
pwt100-pib-per-capita-mapa,MRT,2007,3859.486855
pwt100-pib-per-capita-mapa,MRT,2008,3749.06886
pwt100-pib-per-capita-mapa,MRT,2009,3696.169039
pwt100-pib-per-capita-mapa,MRT,2010,4099.755094
pwt100-pib-per-capita-mapa,MRT,2011,4515.98067
pwt100-pib-per-capita-mapa,MRT,2012,4323.081739
pwt100-pib-per-capita-mapa,MRT,2013,4466.187643
pwt100-pib-per-capita-mapa,MRT,2014,4033.727695
pwt100-pib-per-capita-mapa,MRT,2015,3973.637937
pwt100-pib-per-capita-mapa,MRT,2016,4406.653687
pwt100-pib-per-capita-mapa,MRT,2017,4548.511831
pwt100-pib-per-capita-mapa,MRT,2018,4530.282529
pwt100-pib-per-capita-mapa,MRT,2019,4283.262539
pwt100-pib-per-capita-mapa,MSR,1970,10354.709642
pwt100-pib-per-capita-mapa,MSR,1971,10616.90631
pwt100-pib-per-capita-mapa,MSR,1972,10885.207857
pwt100-pib-per-capita-mapa,MSR,1973,11046.778491
pwt100-pib-per-capita-mapa,MSR,1974,11463.261979
pwt100-pib-per-capita-mapa,MSR,1975,12293.217055
pwt100-pib-per-capita-mapa,MSR,1976,11298.94209
pwt100-pib-per-capita-mapa,MSR,1977,11834.389561
pwt100-pib-per-capita-mapa,MSR,1978,11683.014167
pwt100-pib-per-capita-mapa,MSR,1979,13047.312064
pwt100-pib-per-capita-mapa,MSR,1980,15066.029028
pwt100-pib-per-capita-mapa,MSR,1981,15831.00362
pwt100-pib-per-capita-mapa,MSR,1982,16688.798186
pwt100-pib-per-capita-mapa,MSR,1983,16467.259878
pwt100-pib-per-capita-mapa,MSR,1984,17433.703884
pwt100-pib-per-capita-mapa,MSR,1985,18816.241695
pwt100-pib-per-capita-mapa,MSR,1986,19915.3099
pwt100-pib-per-capita-mapa,MSR,1987,20815.852794
pwt100-pib-per-capita-mapa,MSR,1988,23730.442071
pwt100-pib-per-capita-mapa,MSR,1989,27379.419859
pwt100-pib-per-capita-mapa,MSR,1990,31921.314845
pwt100-pib-per-capita-mapa,MSR,1991,24960.273186
pwt100-pib-per-capita-mapa,MSR,1992,24952.46689
pwt100-pib-per-capita-mapa,MSR,1993,24157.174791
pwt100-pib-per-capita-mapa,MSR,1994,25776.05889
pwt100-pib-per-capita-mapa,MSR,1995,24385.419732
pwt100-pib-per-capita-mapa,MSR,1996,20522.715843
pwt100-pib-per-capita-mapa,MSR,1997,18686.613489
pwt100-pib-per-capita-mapa,MSR,1998,18625.342869
pwt100-pib-per-capita-mapa,MSR,1999,20506.956003
pwt100-pib-per-capita-mapa,MSR,2000,21358.49386
pwt100-pib-per-capita-mapa,MSR,2001,22916.979927
pwt100-pib-per-capita-mapa,MSR,2002,24182.830638
pwt100-pib-per-capita-mapa,MSR,2003,23899.920378
pwt100-pib-per-capita-mapa,MSR,2004,23437.501622
pwt100-pib-per-capita-mapa,MSR,2005,22501.348833
pwt100-pib-per-capita-mapa,MSR,2006,22277.771208
pwt100-pib-per-capita-mapa,MSR,2007,22475.851335
pwt100-pib-per-capita-mapa,MSR,2008,22895.190308
pwt100-pib-per-capita-mapa,MSR,2009,23623.391422
pwt100-pib-per-capita-mapa,MSR,2010,21605.333374
pwt100-pib-per-capita-mapa,MSR,2011,22572.306179
pwt100-pib-per-capita-mapa,MSR,2012,21991.599743
pwt100-pib-per-capita-mapa,MSR,2013,19636.110966
pwt100-pib-per-capita-mapa,MSR,2014,19424.018298
pwt100-pib-per-capita-mapa,MSR,2015,19982.444129
pwt100-pib-per-capita-mapa,MSR,2016,20254.467894
pwt100-pib-per-capita-mapa,MSR,2017,18114.90587
pwt100-pib-per-capita-mapa,MSR,2018,18800.027619
pwt100-pib-per-capita-mapa,MSR,2019,19882.05687
pwt100-pib-per-capita-mapa,MUS,1950,5350.55942
pwt100-pib-per-capita-mapa,MUS,1951,5373.887774
pwt100-pib-per-capita-mapa,MUS,1952,5407.799468
pwt100-pib-per-capita-mapa,MUS,1953,5208.349869
pwt100-pib-per-capita-mapa,MUS,1954,4984.702398
pwt100-pib-per-capita-mapa,MUS,1955,5089.038596
pwt100-pib-per-capita-mapa,MUS,1956,5195.883069
pwt100-pib-per-capita-mapa,MUS,1957,5198.564633
pwt100-pib-per-capita-mapa,MUS,1958,4814.877789
pwt100-pib-per-capita-mapa,MUS,1959,4979.828959
pwt100-pib-per-capita-mapa,MUS,1960,4136.290706
pwt100-pib-per-capita-mapa,MUS,1961,4717.479362
pwt100-pib-per-capita-mapa,MUS,1962,4960.473829
pwt100-pib-per-capita-mapa,MUS,1963,5962.182734
pwt100-pib-per-capita-mapa,MUS,1964,6110.288428
pwt100-pib-per-capita-mapa,MUS,1965,5271.426997
pwt100-pib-per-capita-mapa,MUS,1966,5418.407386
pwt100-pib-per-capita-mapa,MUS,1967,5405.914093
pwt100-pib-per-capita-mapa,MUS,1968,4462.291584
pwt100-pib-per-capita-mapa,MUS,1969,4519.574258
pwt100-pib-per-capita-mapa,MUS,1970,4932.773176
pwt100-pib-per-capita-mapa,MUS,1971,4997.366369
pwt100-pib-per-capita-mapa,MUS,1972,5295.933724
pwt100-pib-per-capita-mapa,MUS,1973,5383.581714
pwt100-pib-per-capita-mapa,MUS,1974,5703.884143
pwt100-pib-per-capita-mapa,MUS,1975,5441.572958
pwt100-pib-per-capita-mapa,MUS,1976,6727.022875
pwt100-pib-per-capita-mapa,MUS,1977,6727.415203
pwt100-pib-per-capita-mapa,MUS,1978,6763.609661
pwt100-pib-per-capita-mapa,MUS,1979,6759.446146
pwt100-pib-per-capita-mapa,MUS,1980,6162.147173
pwt100-pib-per-capita-mapa,MUS,1981,6112.688724
pwt100-pib-per-capita-mapa,MUS,1982,6509.885539
pwt100-pib-per-capita-mapa,MUS,1983,6727.005169
pwt100-pib-per-capita-mapa,MUS,1984,6830.546783
pwt100-pib-per-capita-mapa,MUS,1985,7155.587651
pwt100-pib-per-capita-mapa,MUS,1986,8351.985268
pwt100-pib-per-capita-mapa,MUS,1987,9378.059241
pwt100-pib-per-capita-mapa,MUS,1988,9596.575164
pwt100-pib-per-capita-mapa,MUS,1989,9902.514781
pwt100-pib-per-capita-mapa,MUS,1990,10662.137285
pwt100-pib-per-capita-mapa,MUS,1991,11275.363484
pwt100-pib-per-capita-mapa,MUS,1992,12019.769811
pwt100-pib-per-capita-mapa,MUS,1993,12437.798934
pwt100-pib-per-capita-mapa,MUS,1994,13007.494464
pwt100-pib-per-capita-mapa,MUS,1995,14156.232862
pwt100-pib-per-capita-mapa,MUS,1996,15536.062062
pwt100-pib-per-capita-mapa,MUS,1997,15249.63088
pwt100-pib-per-capita-mapa,MUS,1998,15856.011144
pwt100-pib-per-capita-mapa,MUS,1999,15366.97113
pwt100-pib-per-capita-mapa,MUS,2000,15688.644309
pwt100-pib-per-capita-mapa,MUS,2001,15344.631827
pwt100-pib-per-capita-mapa,MUS,2002,15496.806528
pwt100-pib-per-capita-mapa,MUS,2003,15254.132193
pwt100-pib-per-capita-mapa,MUS,2004,15379.08025
pwt100-pib-per-capita-mapa,MUS,2005,14325.636437
pwt100-pib-per-capita-mapa,MUS,2006,15089.057127
pwt100-pib-per-capita-mapa,MUS,2007,16350.315636
pwt100-pib-per-capita-mapa,MUS,2008,16456.90105
pwt100-pib-per-capita-mapa,MUS,2009,16322.074414
pwt100-pib-per-capita-mapa,MUS,2010,16487.969631
pwt100-pib-per-capita-mapa,MUS,2011,18085.140064
pwt100-pib-per-capita-mapa,MUS,2012,18520.905204
pwt100-pib-per-capita-mapa,MUS,2013,19032.455231
pwt100-pib-per-capita-mapa,MUS,2014,19524.073477
pwt100-pib-per-capita-mapa,MUS,2015,20341.767038
pwt100-pib-per-capita-mapa,MUS,2016,21720.033443
pwt100-pib-per-capita-mapa,MUS,2017,22098.839886
pwt100-pib-per-capita-mapa,MUS,2018,22530.827434
pwt100-pib-per-capita-mapa,MUS,2019,23199.730227
pwt100-pib-per-capita-mapa,MWI,1954,772.186576
pwt100-pib-per-capita-mapa,MWI,1955,805.991915
pwt100-pib-per-capita-mapa,MWI,1956,846.778152
pwt100-pib-per-capita-mapa,MWI,1957,895.771094
pwt100-pib-per-capita-mapa,MWI,1958,892.270409
pwt100-pib-per-capita-mapa,MWI,1959,847.637038
pwt100-pib-per-capita-mapa,MWI,1960,902.555193
pwt100-pib-per-capita-mapa,MWI,1961,901.929711
pwt100-pib-per-capita-mapa,MWI,1962,898.324935
pwt100-pib-per-capita-mapa,MWI,1963,891.647828
pwt100-pib-per-capita-mapa,MWI,1964,868.219928
pwt100-pib-per-capita-mapa,MWI,1965,980.802563
pwt100-pib-per-capita-mapa,MWI,1966,1082.439431
pwt100-pib-per-capita-mapa,MWI,1967,1079.223745
pwt100-pib-per-capita-mapa,MWI,1968,1076.600235
pwt100-pib-per-capita-mapa,MWI,1969,1131.157555
pwt100-pib-per-capita-mapa,MWI,1970,1153.634732
pwt100-pib-per-capita-mapa,MWI,1971,1274.272717
pwt100-pib-per-capita-mapa,MWI,1972,1362.485315
pwt100-pib-per-capita-mapa,MWI,1973,1281.689785
pwt100-pib-per-capita-mapa,MWI,1974,1321.866454
pwt100-pib-per-capita-mapa,MWI,1975,1337.600429
pwt100-pib-per-capita-mapa,MWI,1976,1337.849266
pwt100-pib-per-capita-mapa,MWI,1977,1314.368117
pwt100-pib-per-capita-mapa,MWI,1978,1308.50472
pwt100-pib-per-capita-mapa,MWI,1979,1211.963844
pwt100-pib-per-capita-mapa,MWI,1980,1217.020806
pwt100-pib-per-capita-mapa,MWI,1981,1256.54731
pwt100-pib-per-capita-mapa,MWI,1982,1291.386831
pwt100-pib-per-capita-mapa,MWI,1983,1350.923362
pwt100-pib-per-capita-mapa,MWI,1984,1429.361683
pwt100-pib-per-capita-mapa,MWI,1985,1523.959686
pwt100-pib-per-capita-mapa,MWI,1986,1348.529509
pwt100-pib-per-capita-mapa,MWI,1987,1210.144
pwt100-pib-per-capita-mapa,MWI,1988,1077.111908
pwt100-pib-per-capita-mapa,MWI,1989,1093.933395
pwt100-pib-per-capita-mapa,MWI,1990,1028.729494
pwt100-pib-per-capita-mapa,MWI,1991,1089.305218
pwt100-pib-per-capita-mapa,MWI,1992,969.632779
pwt100-pib-per-capita-mapa,MWI,1993,1040.563681
pwt100-pib-per-capita-mapa,MWI,1994,1134.195082
pwt100-pib-per-capita-mapa,MWI,1995,1134.362554
pwt100-pib-per-capita-mapa,MWI,1996,1109.109949
pwt100-pib-per-capita-mapa,MWI,1997,1192.565262
pwt100-pib-per-capita-mapa,MWI,1998,998.99079
pwt100-pib-per-capita-mapa,MWI,1999,967.801139
pwt100-pib-per-capita-mapa,MWI,2000,932.849321
pwt100-pib-per-capita-mapa,MWI,2001,843.831836
pwt100-pib-per-capita-mapa,MWI,2002,974.438078
pwt100-pib-per-capita-mapa,MWI,2003,978.073219
pwt100-pib-per-capita-mapa,MWI,2004,1076.76888
pwt100-pib-per-capita-mapa,MWI,2005,1087.637122
pwt100-pib-per-capita-mapa,MWI,2006,1135.584496
pwt100-pib-per-capita-mapa,MWI,2007,1340.843469
pwt100-pib-per-capita-mapa,MWI,2008,1409.54638
pwt100-pib-per-capita-mapa,MWI,2009,1164.141108
pwt100-pib-per-capita-mapa,MWI,2010,1125.958385
pwt100-pib-per-capita-mapa,MWI,2011,1160.270039
pwt100-pib-per-capita-mapa,MWI,2012,1031.850244
pwt100-pib-per-capita-mapa,MWI,2013,1043.833796
pwt100-pib-per-capita-mapa,MWI,2014,1045.842672
pwt100-pib-per-capita-mapa,MWI,2015,1052.349902
pwt100-pib-per-capita-mapa,MWI,2016,992.615514
pwt100-pib-per-capita-mapa,MWI,2017,1041.569671
pwt100-pib-per-capita-mapa,MWI,2018,1054.465505
pwt100-pib-per-capita-mapa,MWI,2019,1093.062919
pwt100-pib-per-capita-mapa,MYS,1955,2683.509845
pwt100-pib-per-capita-mapa,MYS,1956,2620.459518
pwt100-pib-per-capita-mapa,MYS,1957,2484.086045
pwt100-pib-per-capita-mapa,MYS,1958,2332.541237
pwt100-pib-per-capita-mapa,MYS,1959,2721.765786
pwt100-pib-per-capita-mapa,MYS,1960,2929.057483
pwt100-pib-per-capita-mapa,MYS,1961,2842.293855
pwt100-pib-per-capita-mapa,MYS,1962,2887.320599
pwt100-pib-per-capita-mapa,MYS,1963,2918.250081
pwt100-pib-per-capita-mapa,MYS,1964,3013.607377
pwt100-pib-per-capita-mapa,MYS,1965,3209.531042
pwt100-pib-per-capita-mapa,MYS,1966,3284.10541
pwt100-pib-per-capita-mapa,MYS,1967,3216.008255
pwt100-pib-per-capita-mapa,MYS,1968,3224.109817
pwt100-pib-per-capita-mapa,MYS,1969,3457.890672
pwt100-pib-per-capita-mapa,MYS,1970,3551.211106
pwt100-pib-per-capita-mapa,MYS,1971,4103.169625
pwt100-pib-per-capita-mapa,MYS,1972,4185.600753
pwt100-pib-per-capita-mapa,MYS,1973,4909.32195
pwt100-pib-per-capita-mapa,MYS,1974,5233.611473
pwt100-pib-per-capita-mapa,MYS,1975,4795.188601
pwt100-pib-per-capita-mapa,MYS,1976,5612.764928
pwt100-pib-per-capita-mapa,MYS,1977,5955.771202
pwt100-pib-per-capita-mapa,MYS,1978,6149.511907
pwt100-pib-per-capita-mapa,MYS,1979,6797.303369
pwt100-pib-per-capita-mapa,MYS,1980,7203.052317
pwt100-pib-per-capita-mapa,MYS,1981,7093.702097
pwt100-pib-per-capita-mapa,MYS,1982,7279.695377
pwt100-pib-per-capita-mapa,MYS,1983,7707.388269
pwt100-pib-per-capita-mapa,MYS,1984,8341.228541
pwt100-pib-per-capita-mapa,MYS,1985,7789.007298
pwt100-pib-per-capita-mapa,MYS,1986,6937.874889
pwt100-pib-per-capita-mapa,MYS,1987,7361.527433
pwt100-pib-per-capita-mapa,MYS,1988,7900.931394
pwt100-pib-per-capita-mapa,MYS,1989,8300.812866
pwt100-pib-per-capita-mapa,MYS,1990,8773.545675
pwt100-pib-per-capita-mapa,MYS,1991,9351.433168
pwt100-pib-per-capita-mapa,MYS,1992,9967.53592
pwt100-pib-per-capita-mapa,MYS,1993,10768.714956
pwt100-pib-per-capita-mapa,MYS,1994,11622.414279
pwt100-pib-per-capita-mapa,MYS,1995,12657.054854
pwt100-pib-per-capita-mapa,MYS,1996,13711.210034
pwt100-pib-per-capita-mapa,MYS,1997,14270.107541
pwt100-pib-per-capita-mapa,MYS,1998,13296.755909
pwt100-pib-per-capita-mapa,MYS,1999,13871.736848
pwt100-pib-per-capita-mapa,MYS,2000,14576.01525
pwt100-pib-per-capita-mapa,MYS,2001,14033.936953
pwt100-pib-per-capita-mapa,MYS,2002,14622.135564
pwt100-pib-per-capita-mapa,MYS,2003,15477.299998
pwt100-pib-per-capita-mapa,MYS,2004,16561.524241
pwt100-pib-per-capita-mapa,MYS,2005,17411.863278
pwt100-pib-per-capita-mapa,MYS,2006,18381.861285
pwt100-pib-per-capita-mapa,MYS,2007,19461.442244
pwt100-pib-per-capita-mapa,MYS,2008,21324.753894
pwt100-pib-per-capita-mapa,MYS,2009,20466.664191
pwt100-pib-per-capita-mapa,MYS,2010,21585.671423
pwt100-pib-per-capita-mapa,MYS,2011,23266.987328
pwt100-pib-per-capita-mapa,MYS,2012,24328.035623
pwt100-pib-per-capita-mapa,MYS,2013,24159.268562
pwt100-pib-per-capita-mapa,MYS,2014,24792.920457
pwt100-pib-per-capita-mapa,MYS,2015,25183.974166
pwt100-pib-per-capita-mapa,MYS,2016,25439.982556
pwt100-pib-per-capita-mapa,MYS,2017,26196.70547
pwt100-pib-per-capita-mapa,MYS,2018,27016.066543
pwt100-pib-per-capita-mapa,MYS,2019,27941.697371
pwt100-pib-per-capita-mapa,NAM,1960,4788.867629
pwt100-pib-per-capita-mapa,NAM,1961,4659.345216
pwt100-pib-per-capita-mapa,NAM,1962,5159.195387
pwt100-pib-per-capita-mapa,NAM,1963,5419.492807
pwt100-pib-per-capita-mapa,NAM,1964,6099.183856
pwt100-pib-per-capita-mapa,NAM,1965,6299.44911
pwt100-pib-per-capita-mapa,NAM,1966,6440.116855
pwt100-pib-per-capita-mapa,NAM,1967,6041.31392
pwt100-pib-per-capita-mapa,NAM,1968,6061.022845
pwt100-pib-per-capita-mapa,NAM,1969,6256.19662
pwt100-pib-per-capita-mapa,NAM,1970,6311.734112
pwt100-pib-per-capita-mapa,NAM,1971,6449.707039
pwt100-pib-per-capita-mapa,NAM,1972,6375.191249
pwt100-pib-per-capita-mapa,NAM,1973,6417.909202
pwt100-pib-per-capita-mapa,NAM,1974,6694.496706
pwt100-pib-per-capita-mapa,NAM,1975,6648.919983
pwt100-pib-per-capita-mapa,NAM,1976,6558.35428
pwt100-pib-per-capita-mapa,NAM,1977,6515.083164
pwt100-pib-per-capita-mapa,NAM,1978,6448.939061
pwt100-pib-per-capita-mapa,NAM,1979,6493.579285
pwt100-pib-per-capita-mapa,NAM,1980,7334.797984
pwt100-pib-per-capita-mapa,NAM,1981,6464.125138
pwt100-pib-per-capita-mapa,NAM,1982,6354.822484
pwt100-pib-per-capita-mapa,NAM,1983,5932.671209
pwt100-pib-per-capita-mapa,NAM,1984,5996.36929
pwt100-pib-per-capita-mapa,NAM,1985,6519.79366
pwt100-pib-per-capita-mapa,NAM,1986,6397.260236
pwt100-pib-per-capita-mapa,NAM,1987,5919.229815
pwt100-pib-per-capita-mapa,NAM,1988,6003.601322
pwt100-pib-per-capita-mapa,NAM,1989,6006.393803
pwt100-pib-per-capita-mapa,NAM,1990,5088.634477
pwt100-pib-per-capita-mapa,NAM,1991,5222.096313
pwt100-pib-per-capita-mapa,NAM,1992,5325.143184
pwt100-pib-per-capita-mapa,NAM,1993,5303.804172
pwt100-pib-per-capita-mapa,NAM,1994,5432.209963
pwt100-pib-per-capita-mapa,NAM,1995,5405.59812
pwt100-pib-per-capita-mapa,NAM,1996,5734.769754
pwt100-pib-per-capita-mapa,NAM,1997,5765.275372
pwt100-pib-per-capita-mapa,NAM,1998,5881.537213
pwt100-pib-per-capita-mapa,NAM,1999,5996.064816
pwt100-pib-per-capita-mapa,NAM,2000,6222.455769
pwt100-pib-per-capita-mapa,NAM,2001,6358.613496
pwt100-pib-per-capita-mapa,NAM,2002,6599.751027
pwt100-pib-per-capita-mapa,NAM,2003,6458.533886
pwt100-pib-per-capita-mapa,NAM,2004,7082.252521
pwt100-pib-per-capita-mapa,NAM,2005,7226.101002
pwt100-pib-per-capita-mapa,NAM,2006,8065.424187
pwt100-pib-per-capita-mapa,NAM,2007,8271.294768
pwt100-pib-per-capita-mapa,NAM,2008,8870.288422
pwt100-pib-per-capita-mapa,NAM,2009,8935.342932
pwt100-pib-per-capita-mapa,NAM,2010,9444.936726
pwt100-pib-per-capita-mapa,NAM,2011,9962.164781
pwt100-pib-per-capita-mapa,NAM,2012,10433.443548
pwt100-pib-per-capita-mapa,NAM,2013,10311.967241
pwt100-pib-per-capita-mapa,NAM,2014,10698.160157
pwt100-pib-per-capita-mapa,NAM,2015,10830.132393
pwt100-pib-per-capita-mapa,NAM,2016,10584.199367
pwt100-pib-per-capita-mapa,NAM,2017,10303.609005
pwt100-pib-per-capita-mapa,NAM,2018,10260.031153
pwt100-pib-per-capita-mapa,NAM,2019,10100.488149
pwt100-pib-per-capita-mapa,NER,1960,1964.430583
pwt100-pib-per-capita-mapa,NER,1961,2048.490904
pwt100-pib-per-capita-mapa,NER,1962,2203.980806
pwt100-pib-per-capita-mapa,NER,1963,2360.828136
pwt100-pib-per-capita-mapa,NER,1964,2263.369681
pwt100-pib-per-capita-mapa,NER,1965,2301.960981
pwt100-pib-per-capita-mapa,NER,1966,2212.470895
pwt100-pib-per-capita-mapa,NER,1967,2190.956888
pwt100-pib-per-capita-mapa,NER,1968,2186.093998
pwt100-pib-per-capita-mapa,NER,1969,1950.472082
pwt100-pib-per-capita-mapa,NER,1970,1989.502713
pwt100-pib-per-capita-mapa,NER,1971,2021.234199
pwt100-pib-per-capita-mapa,NER,1972,1903.47977
pwt100-pib-per-capita-mapa,NER,1973,1566.390372
pwt100-pib-per-capita-mapa,NER,1974,1726.748509
pwt100-pib-per-capita-mapa,NER,1975,1482.680486
pwt100-pib-per-capita-mapa,NER,1976,1552.769492
pwt100-pib-per-capita-mapa,NER,1977,1676.017328
pwt100-pib-per-capita-mapa,NER,1978,1655.171829
pwt100-pib-per-capita-mapa,NER,1979,1925.249458
pwt100-pib-per-capita-mapa,NER,1980,1915.612893
pwt100-pib-per-capita-mapa,NER,1981,1746.386299
pwt100-pib-per-capita-mapa,NER,1982,1747.540211
pwt100-pib-per-capita-mapa,NER,1983,1699.344198
pwt100-pib-per-capita-mapa,NER,1984,1279.580894
pwt100-pib-per-capita-mapa,NER,1985,1348.817103
pwt100-pib-per-capita-mapa,NER,1986,1308.473414
pwt100-pib-per-capita-mapa,NER,1987,1269.841996
pwt100-pib-per-capita-mapa,NER,1988,1244.494247
pwt100-pib-per-capita-mapa,NER,1989,1188.548715
pwt100-pib-per-capita-mapa,NER,1990,1202.46142
pwt100-pib-per-capita-mapa,NER,1991,1166.751211
pwt100-pib-per-capita-mapa,NER,1992,1121.742154
pwt100-pib-per-capita-mapa,NER,1993,1079.389216
pwt100-pib-per-capita-mapa,NER,1994,1055.726238
pwt100-pib-per-capita-mapa,NER,1995,1093.6101
pwt100-pib-per-capita-mapa,NER,1996,1071.163844
pwt100-pib-per-capita-mapa,NER,1997,1039.915189
pwt100-pib-per-capita-mapa,NER,1998,1108.817126
pwt100-pib-per-capita-mapa,NER,1999,1077.558136
pwt100-pib-per-capita-mapa,NER,2000,1009.046452
pwt100-pib-per-capita-mapa,NER,2001,1050.521827
pwt100-pib-per-capita-mapa,NER,2002,1063.455454
pwt100-pib-per-capita-mapa,NER,2003,1062.409463
pwt100-pib-per-capita-mapa,NER,2004,1000.492973
pwt100-pib-per-capita-mapa,NER,2005,1011.731737
pwt100-pib-per-capita-mapa,NER,2006,1026.615297
pwt100-pib-per-capita-mapa,NER,2007,1021.004363
pwt100-pib-per-capita-mapa,NER,2008,1071.190895
pwt100-pib-per-capita-mapa,NER,2009,1036.653166
pwt100-pib-per-capita-mapa,NER,2010,1080.435459
pwt100-pib-per-capita-mapa,NER,2011,1092.085461
pwt100-pib-per-capita-mapa,NER,2012,1187.103598
pwt100-pib-per-capita-mapa,NER,2013,1154.592407
pwt100-pib-per-capita-mapa,NER,2014,1158.38228
pwt100-pib-per-capita-mapa,NER,2015,1135.40354
pwt100-pib-per-capita-mapa,NER,2016,1127.869386
pwt100-pib-per-capita-mapa,NER,2017,1132.774205
pwt100-pib-per-capita-mapa,NER,2018,1167.996115
pwt100-pib-per-capita-mapa,NER,2019,1175.393952
pwt100-pib-per-capita-mapa,NGA,1950,1748.45527
pwt100-pib-per-capita-mapa,NGA,1951,1719.830189
pwt100-pib-per-capita-mapa,NGA,1952,1716.480441
pwt100-pib-per-capita-mapa,NGA,1953,1762.103392
pwt100-pib-per-capita-mapa,NGA,1954,1920.397137
pwt100-pib-per-capita-mapa,NGA,1955,1812.901662
pwt100-pib-per-capita-mapa,NGA,1956,1699.219237
pwt100-pib-per-capita-mapa,NGA,1957,1620.506716
pwt100-pib-per-capita-mapa,NGA,1958,1678.784399
pwt100-pib-per-capita-mapa,NGA,1959,1812.551625
pwt100-pib-per-capita-mapa,NGA,1960,2000.98899
pwt100-pib-per-capita-mapa,NGA,1961,2009.864216
pwt100-pib-per-capita-mapa,NGA,1962,2048.307456
pwt100-pib-per-capita-mapa,NGA,1963,2092.22782
pwt100-pib-per-capita-mapa,NGA,1964,2039.517048
pwt100-pib-per-capita-mapa,NGA,1965,2213.401912
pwt100-pib-per-capita-mapa,NGA,1966,2153.614335
pwt100-pib-per-capita-mapa,NGA,1967,1811.205386
pwt100-pib-per-capita-mapa,NGA,1968,1762.637727
pwt100-pib-per-capita-mapa,NGA,1969,2116.603596
pwt100-pib-per-capita-mapa,NGA,1970,2800.217088
pwt100-pib-per-capita-mapa,NGA,1971,2984.926198
pwt100-pib-per-capita-mapa,NGA,1972,3133.254755
pwt100-pib-per-capita-mapa,NGA,1973,3712.795295
pwt100-pib-per-capita-mapa,NGA,1974,4020.386818
pwt100-pib-per-capita-mapa,NGA,1975,4011.243643
pwt100-pib-per-capita-mapa,NGA,1976,4091.631485
pwt100-pib-per-capita-mapa,NGA,1977,4511.284616
pwt100-pib-per-capita-mapa,NGA,1978,4561.466987
pwt100-pib-per-capita-mapa,NGA,1979,4518.826397
pwt100-pib-per-capita-mapa,NGA,1980,4668.907574
pwt100-pib-per-capita-mapa,NGA,1981,4412.416788
pwt100-pib-per-capita-mapa,NGA,1982,3592.284198
pwt100-pib-per-capita-mapa,NGA,1983,2889.201817
pwt100-pib-per-capita-mapa,NGA,1984,2489.927946
pwt100-pib-per-capita-mapa,NGA,1985,3216.486786
pwt100-pib-per-capita-mapa,NGA,1986,1755.788673
pwt100-pib-per-capita-mapa,NGA,1987,1238.042028
pwt100-pib-per-capita-mapa,NGA,1988,1006.131518
pwt100-pib-per-capita-mapa,NGA,1989,896.818209
pwt100-pib-per-capita-mapa,NGA,1990,836.472147
pwt100-pib-per-capita-mapa,NGA,1991,735.671456
pwt100-pib-per-capita-mapa,NGA,1992,689.739232
pwt100-pib-per-capita-mapa,NGA,1993,565.903759
pwt100-pib-per-capita-mapa,NGA,1994,453.657877
pwt100-pib-per-capita-mapa,NGA,1995,428.076238
pwt100-pib-per-capita-mapa,NGA,1996,429.582904
pwt100-pib-per-capita-mapa,NGA,1997,459.409492
pwt100-pib-per-capita-mapa,NGA,1998,456.514262
pwt100-pib-per-capita-mapa,NGA,1999,536.646801
pwt100-pib-per-capita-mapa,NGA,2000,742.252682
pwt100-pib-per-capita-mapa,NGA,2001,878.457217
pwt100-pib-per-capita-mapa,NGA,2002,1164.3403
pwt100-pib-per-capita-mapa,NGA,2003,1565.237252
pwt100-pib-per-capita-mapa,NGA,2004,2100.673088
pwt100-pib-per-capita-mapa,NGA,2005,3481.387773
pwt100-pib-per-capita-mapa,NGA,2006,3956.939772
pwt100-pib-per-capita-mapa,NGA,2007,4224.070467
pwt100-pib-per-capita-mapa,NGA,2008,4168.511323
pwt100-pib-per-capita-mapa,NGA,2009,4464.73181
pwt100-pib-per-capita-mapa,NGA,2010,4969.403314
pwt100-pib-per-capita-mapa,NGA,2011,5165.568332
pwt100-pib-per-capita-mapa,NGA,2012,5237.284002
pwt100-pib-per-capita-mapa,NGA,2013,5388.972448
pwt100-pib-per-capita-mapa,NGA,2014,5579.18954
pwt100-pib-per-capita-mapa,NGA,2015,5529.93672
pwt100-pib-per-capita-mapa,NGA,2016,5255.735015
pwt100-pib-per-capita-mapa,NGA,2017,5065.453608
pwt100-pib-per-capita-mapa,NGA,2018,5189.794615
pwt100-pib-per-capita-mapa,NGA,2019,4893.912405
pwt100-pib-per-capita-mapa,NIC,1950,3644.354619
pwt100-pib-per-capita-mapa,NIC,1951,4021.81954
pwt100-pib-per-capita-mapa,NIC,1952,4439.903287
pwt100-pib-per-capita-mapa,NIC,1953,4588.661452
pwt100-pib-per-capita-mapa,NIC,1954,4722.739731
pwt100-pib-per-capita-mapa,NIC,1955,5010.570918
pwt100-pib-per-capita-mapa,NIC,1956,4837.564737
pwt100-pib-per-capita-mapa,NIC,1957,5124.073273
pwt100-pib-per-capita-mapa,NIC,1958,5026.045199
pwt100-pib-per-capita-mapa,NIC,1959,5151.950278
pwt100-pib-per-capita-mapa,NIC,1960,4813.978799
pwt100-pib-per-capita-mapa,NIC,1961,5033.786296
pwt100-pib-per-capita-mapa,NIC,1962,5497.215839
pwt100-pib-per-capita-mapa,NIC,1963,5811.742415
pwt100-pib-per-capita-mapa,NIC,1964,6342.677853
pwt100-pib-per-capita-mapa,NIC,1965,6929.658734
pwt100-pib-per-capita-mapa,NIC,1966,6672.793962
pwt100-pib-per-capita-mapa,NIC,1967,6900.703241
pwt100-pib-per-capita-mapa,NIC,1968,6913.267302
pwt100-pib-per-capita-mapa,NIC,1969,7034.97541
pwt100-pib-per-capita-mapa,NIC,1970,6979.473354
pwt100-pib-per-capita-mapa,NIC,1971,7028.855881
pwt100-pib-per-capita-mapa,NIC,1972,6911.021053
pwt100-pib-per-capita-mapa,NIC,1973,7265.963057
pwt100-pib-per-capita-mapa,NIC,1974,7952.874613
pwt100-pib-per-capita-mapa,NIC,1975,7022.535849
pwt100-pib-per-capita-mapa,NIC,1976,7821.006802
pwt100-pib-per-capita-mapa,NIC,1977,8707.96679
pwt100-pib-per-capita-mapa,NIC,1978,7178.588159
pwt100-pib-per-capita-mapa,NIC,1979,4421.409284
pwt100-pib-per-capita-mapa,NIC,1980,5417.097486
pwt100-pib-per-capita-mapa,NIC,1981,5442.809396
pwt100-pib-per-capita-mapa,NIC,1982,5188.845552
pwt100-pib-per-capita-mapa,NIC,1983,5446.447458
pwt100-pib-per-capita-mapa,NIC,1984,5324.784599
pwt100-pib-per-capita-mapa,NIC,1985,5421.333878
pwt100-pib-per-capita-mapa,NIC,1986,5048.97523
pwt100-pib-per-capita-mapa,NIC,1987,5268.591394
pwt100-pib-per-capita-mapa,NIC,1988,3498.871232
pwt100-pib-per-capita-mapa,NIC,1989,3223.465301
pwt100-pib-per-capita-mapa,NIC,1990,3332.748957
pwt100-pib-per-capita-mapa,NIC,1991,3291.424514
pwt100-pib-per-capita-mapa,NIC,1992,3193.303607
pwt100-pib-per-capita-mapa,NIC,1993,3142.252638
pwt100-pib-per-capita-mapa,NIC,1994,3217.308447
pwt100-pib-per-capita-mapa,NIC,1995,3366.030475
pwt100-pib-per-capita-mapa,NIC,1996,3420.961927
pwt100-pib-per-capita-mapa,NIC,1997,3466.475131
pwt100-pib-per-capita-mapa,NIC,1998,3603.91546
pwt100-pib-per-capita-mapa,NIC,1999,3669.785631
pwt100-pib-per-capita-mapa,NIC,2000,3733.544933
pwt100-pib-per-capita-mapa,NIC,2001,3767.644168
pwt100-pib-per-capita-mapa,NIC,2002,3738.302284
pwt100-pib-per-capita-mapa,NIC,2003,3729.57437
pwt100-pib-per-capita-mapa,NIC,2004,3805.030664
pwt100-pib-per-capita-mapa,NIC,2005,3865.977205
pwt100-pib-per-capita-mapa,NIC,2006,3904.102675
pwt100-pib-per-capita-mapa,NIC,2007,4034.335306
pwt100-pib-per-capita-mapa,NIC,2008,4147.873502
pwt100-pib-per-capita-mapa,NIC,2009,4165.937793
pwt100-pib-per-capita-mapa,NIC,2010,4259.456507
pwt100-pib-per-capita-mapa,NIC,2011,4401.050088
pwt100-pib-per-capita-mapa,NIC,2012,4593.575615
pwt100-pib-per-capita-mapa,NIC,2013,4629.348557
pwt100-pib-per-capita-mapa,NIC,2014,4878.948208
pwt100-pib-per-capita-mapa,NIC,2015,5202.01796
pwt100-pib-per-capita-mapa,NIC,2016,5485.494398
pwt100-pib-per-capita-mapa,NIC,2017,5592.22327
pwt100-pib-per-capita-mapa,NIC,2018,5274.26077
pwt100-pib-per-capita-mapa,NIC,2019,5100.650249
pwt100-pib-per-capita-mapa,NLD,1950,8356.111537
pwt100-pib-per-capita-mapa,NLD,1951,8485.068548
pwt100-pib-per-capita-mapa,NLD,1952,9226.708413
pwt100-pib-per-capita-mapa,NLD,1953,9862.030115
pwt100-pib-per-capita-mapa,NLD,1954,10069.568188
pwt100-pib-per-capita-mapa,NLD,1955,10990.711088
pwt100-pib-per-capita-mapa,NLD,1956,11296.205027
pwt100-pib-per-capita-mapa,NLD,1957,11391.460463
pwt100-pib-per-capita-mapa,NLD,1958,11436.801493
pwt100-pib-per-capita-mapa,NLD,1959,11903.521667
pwt100-pib-per-capita-mapa,NLD,1960,12502.422791
pwt100-pib-per-capita-mapa,NLD,1961,12763.756984
pwt100-pib-per-capita-mapa,NLD,1962,13296.523746
pwt100-pib-per-capita-mapa,NLD,1963,13711.781255
pwt100-pib-per-capita-mapa,NLD,1964,14562.240776
pwt100-pib-per-capita-mapa,NLD,1965,15469.443496
pwt100-pib-per-capita-mapa,NLD,1966,15849.528344
pwt100-pib-per-capita-mapa,NLD,1967,16671.145218
pwt100-pib-per-capita-mapa,NLD,1968,17897.30469
pwt100-pib-per-capita-mapa,NLD,1969,18585.494592
pwt100-pib-per-capita-mapa,NLD,1970,19443.786209
pwt100-pib-per-capita-mapa,NLD,1971,20248.381552
pwt100-pib-per-capita-mapa,NLD,1972,20945.839424
pwt100-pib-per-capita-mapa,NLD,1973,22310.122259
pwt100-pib-per-capita-mapa,NLD,1974,23025.713555
pwt100-pib-per-capita-mapa,NLD,1975,23181.950526
pwt100-pib-per-capita-mapa,NLD,1976,24183.904138
pwt100-pib-per-capita-mapa,NLD,1977,24574.003699
pwt100-pib-per-capita-mapa,NLD,1978,25135.942727
pwt100-pib-per-capita-mapa,NLD,1979,25243.637992
pwt100-pib-per-capita-mapa,NLD,1980,25865.759521
pwt100-pib-per-capita-mapa,NLD,1981,25099.45197
pwt100-pib-per-capita-mapa,NLD,1982,24329.951585
pwt100-pib-per-capita-mapa,NLD,1983,24193.986969
pwt100-pib-per-capita-mapa,NLD,1984,24667.738666
pwt100-pib-per-capita-mapa,NLD,1985,24622.711658
pwt100-pib-per-capita-mapa,NLD,1986,25272.091098
pwt100-pib-per-capita-mapa,NLD,1987,25211.903605
pwt100-pib-per-capita-mapa,NLD,1988,26136.746179
pwt100-pib-per-capita-mapa,NLD,1989,27365.349287
pwt100-pib-per-capita-mapa,NLD,1990,28537.217863
pwt100-pib-per-capita-mapa,NLD,1991,29277.903347
pwt100-pib-per-capita-mapa,NLD,1992,29676.259912
pwt100-pib-per-capita-mapa,NLD,1993,29905.894391
pwt100-pib-per-capita-mapa,NLD,1994,30888.060767
pwt100-pib-per-capita-mapa,NLD,1995,32000.10218
pwt100-pib-per-capita-mapa,NLD,1996,33275.347525
pwt100-pib-per-capita-mapa,NLD,1997,35895.078239
pwt100-pib-per-capita-mapa,NLD,1998,38672.112839
pwt100-pib-per-capita-mapa,NLD,1999,41066.649646
pwt100-pib-per-capita-mapa,NLD,2000,43442.261576
pwt100-pib-per-capita-mapa,NLD,2001,43767.996032
pwt100-pib-per-capita-mapa,NLD,2002,43727.101296
pwt100-pib-per-capita-mapa,NLD,2003,42147.525784
pwt100-pib-per-capita-mapa,NLD,2004,42849.428311
pwt100-pib-per-capita-mapa,NLD,2005,44662.155916
pwt100-pib-per-capita-mapa,NLD,2006,47128.344954
pwt100-pib-per-capita-mapa,NLD,2007,50027.488913
pwt100-pib-per-capita-mapa,NLD,2008,51811.341086
pwt100-pib-per-capita-mapa,NLD,2009,49114.853552
pwt100-pib-per-capita-mapa,NLD,2010,49513.388456
pwt100-pib-per-capita-mapa,NLD,2011,50539.371245
pwt100-pib-per-capita-mapa,NLD,2012,50731.333642
pwt100-pib-per-capita-mapa,NLD,2013,50459.685432
pwt100-pib-per-capita-mapa,NLD,2014,48966.723325
pwt100-pib-per-capita-mapa,NLD,2015,51518.363581
pwt100-pib-per-capita-mapa,NLD,2016,51614.00014
pwt100-pib-per-capita-mapa,NLD,2017,53975.513072
pwt100-pib-per-capita-mapa,NLD,2018,55094.984132
pwt100-pib-per-capita-mapa,NLD,2019,56051.198359
pwt100-pib-per-capita-mapa,NOR,1950,9424.347614
pwt100-pib-per-capita-mapa,NOR,1951,10009.482256
pwt100-pib-per-capita-mapa,NOR,1952,10264.624154
pwt100-pib-per-capita-mapa,NOR,1953,10493.160924
pwt100-pib-per-capita-mapa,NOR,1954,10725.34209
pwt100-pib-per-capita-mapa,NOR,1955,11104.459717
pwt100-pib-per-capita-mapa,NOR,1956,11604.570542
pwt100-pib-per-capita-mapa,NOR,1957,11944.507152
pwt100-pib-per-capita-mapa,NOR,1958,11629.939472
pwt100-pib-per-capita-mapa,NOR,1959,11881.406577
pwt100-pib-per-capita-mapa,NOR,1960,12208.546497
pwt100-pib-per-capita-mapa,NOR,1961,12895.270817
pwt100-pib-per-capita-mapa,NOR,1962,13160.625882
pwt100-pib-per-capita-mapa,NOR,1963,13485.482292
pwt100-pib-per-capita-mapa,NOR,1964,14304.985086
pwt100-pib-per-capita-mapa,NOR,1965,15042.763047
pwt100-pib-per-capita-mapa,NOR,1966,15512.944014
pwt100-pib-per-capita-mapa,NOR,1967,16535.960557
pwt100-pib-per-capita-mapa,NOR,1968,17075.054717
pwt100-pib-per-capita-mapa,NOR,1969,17446.642734
pwt100-pib-per-capita-mapa,NOR,1970,18020.445536
pwt100-pib-per-capita-mapa,NOR,1971,18891.448323
pwt100-pib-per-capita-mapa,NOR,1972,19433.564084
pwt100-pib-per-capita-mapa,NOR,1973,20463.662568
pwt100-pib-per-capita-mapa,NOR,1974,20948.327896
pwt100-pib-per-capita-mapa,NOR,1975,21244.658537
pwt100-pib-per-capita-mapa,NOR,1976,21988.507455
pwt100-pib-per-capita-mapa,NOR,1977,22561.42782
pwt100-pib-per-capita-mapa,NOR,1978,23191.385588
pwt100-pib-per-capita-mapa,NOR,1979,24490.7044
pwt100-pib-per-capita-mapa,NOR,1980,26390.143701
pwt100-pib-per-capita-mapa,NOR,1981,26678.93694
pwt100-pib-per-capita-mapa,NOR,1982,26267.377194
pwt100-pib-per-capita-mapa,NOR,1983,26563.020886
pwt100-pib-per-capita-mapa,NOR,1984,27983.261204
pwt100-pib-per-capita-mapa,NOR,1985,28748.757707
pwt100-pib-per-capita-mapa,NOR,1986,27995.251686
pwt100-pib-per-capita-mapa,NOR,1987,27926.193399
pwt100-pib-per-capita-mapa,NOR,1988,27430.529633
pwt100-pib-per-capita-mapa,NOR,1989,27914.559953
pwt100-pib-per-capita-mapa,NOR,1990,28445.726947
pwt100-pib-per-capita-mapa,NOR,1991,28960.900908
pwt100-pib-per-capita-mapa,NOR,1992,29166.261665
pwt100-pib-per-capita-mapa,NOR,1993,30020.251747
pwt100-pib-per-capita-mapa,NOR,1994,31129.052064
pwt100-pib-per-capita-mapa,NOR,1995,32578.605969
pwt100-pib-per-capita-mapa,NOR,1996,35396.684121
pwt100-pib-per-capita-mapa,NOR,1997,38316.284335
pwt100-pib-per-capita-mapa,NOR,1998,38535.313124
pwt100-pib-per-capita-mapa,NOR,1999,40870.070607
pwt100-pib-per-capita-mapa,NOR,2000,46526.815605
pwt100-pib-per-capita-mapa,NOR,2001,45856.274368
pwt100-pib-per-capita-mapa,NOR,2002,44634.602275
pwt100-pib-per-capita-mapa,NOR,2003,44692.549254
pwt100-pib-per-capita-mapa,NOR,2004,48744.373903
pwt100-pib-per-capita-mapa,NOR,2005,54200.397195
pwt100-pib-per-capita-mapa,NOR,2006,59788.542421
pwt100-pib-per-capita-mapa,NOR,2007,61948.228557
pwt100-pib-per-capita-mapa,NOR,2008,66208.563097
pwt100-pib-per-capita-mapa,NOR,2009,60321.274878
pwt100-pib-per-capita-mapa,NOR,2010,62834.714661
pwt100-pib-per-capita-mapa,NOR,2011,64768.631538
pwt100-pib-per-capita-mapa,NOR,2012,67758.151949
pwt100-pib-per-capita-mapa,NOR,2013,67530.479402
pwt100-pib-per-capita-mapa,NOR,2014,65644.729268
pwt100-pib-per-capita-mapa,NOR,2015,61786.894577
pwt100-pib-per-capita-mapa,NOR,2016,59399.239071
pwt100-pib-per-capita-mapa,NOR,2017,61759.09725
pwt100-pib-per-capita-mapa,NOR,2018,64106.108052
pwt100-pib-per-capita-mapa,NOR,2019,62544.032357
pwt100-pib-per-capita-mapa,NPL,1960,745.83363
pwt100-pib-per-capita-mapa,NPL,1961,733.538843
pwt100-pib-per-capita-mapa,NPL,1962,741.936709
pwt100-pib-per-capita-mapa,NPL,1963,736.634508
pwt100-pib-per-capita-mapa,NPL,1964,793.020242
pwt100-pib-per-capita-mapa,NPL,1965,768.759836
pwt100-pib-per-capita-mapa,NPL,1966,807.332503
pwt100-pib-per-capita-mapa,NPL,1967,776.773844
pwt100-pib-per-capita-mapa,NPL,1968,763.704532
pwt100-pib-per-capita-mapa,NPL,1969,788.976876
pwt100-pib-per-capita-mapa,NPL,1970,816.595799
pwt100-pib-per-capita-mapa,NPL,1971,785.153593
pwt100-pib-per-capita-mapa,NPL,1972,793.97606
pwt100-pib-per-capita-mapa,NPL,1973,768.682331
pwt100-pib-per-capita-mapa,NPL,1974,801.454203
pwt100-pib-per-capita-mapa,NPL,1975,784.058726
pwt100-pib-per-capita-mapa,NPL,1976,798.803405
pwt100-pib-per-capita-mapa,NPL,1977,802.030203
pwt100-pib-per-capita-mapa,NPL,1978,817.383254
pwt100-pib-per-capita-mapa,NPL,1979,841.732081
pwt100-pib-per-capita-mapa,NPL,1980,763.850822
pwt100-pib-per-capita-mapa,NPL,1981,816.310528
pwt100-pib-per-capita-mapa,NPL,1982,856.485482
pwt100-pib-per-capita-mapa,NPL,1983,833.660246
pwt100-pib-per-capita-mapa,NPL,1984,881.620437
pwt100-pib-per-capita-mapa,NPL,1985,913.674028
pwt100-pib-per-capita-mapa,NPL,1986,937.876296
pwt100-pib-per-capita-mapa,NPL,1987,940.71249
pwt100-pib-per-capita-mapa,NPL,1988,994.731819
pwt100-pib-per-capita-mapa,NPL,1989,1048.670453
pwt100-pib-per-capita-mapa,NPL,1990,1051.713296
pwt100-pib-per-capita-mapa,NPL,1991,1105.492476
pwt100-pib-per-capita-mapa,NPL,1992,1101.685978
pwt100-pib-per-capita-mapa,NPL,1993,1163.182296
pwt100-pib-per-capita-mapa,NPL,1994,1285.759908
pwt100-pib-per-capita-mapa,NPL,1995,1304.012795
pwt100-pib-per-capita-mapa,NPL,1996,1381.546993
pwt100-pib-per-capita-mapa,NPL,1997,1343.066533
pwt100-pib-per-capita-mapa,NPL,1998,1326.343949
pwt100-pib-per-capita-mapa,NPL,1999,1325.406528
pwt100-pib-per-capita-mapa,NPL,2000,1339.997899
pwt100-pib-per-capita-mapa,NPL,2001,1389.63224
pwt100-pib-per-capita-mapa,NPL,2002,1337.965786
pwt100-pib-per-capita-mapa,NPL,2003,1327.780726
pwt100-pib-per-capita-mapa,NPL,2004,1352.139536
pwt100-pib-per-capita-mapa,NPL,2005,1351.446881
pwt100-pib-per-capita-mapa,NPL,2006,1395.521888
pwt100-pib-per-capita-mapa,NPL,2007,1460.404434
pwt100-pib-per-capita-mapa,NPL,2008,1574.401544
pwt100-pib-per-capita-mapa,NPL,2009,1696.901648
pwt100-pib-per-capita-mapa,NPL,2010,1896.104291
pwt100-pib-per-capita-mapa,NPL,2011,2033.970037
pwt100-pib-per-capita-mapa,NPL,2012,2153.339113
pwt100-pib-per-capita-mapa,NPL,2013,2239.16093
pwt100-pib-per-capita-mapa,NPL,2014,2371.865296
pwt100-pib-per-capita-mapa,NPL,2015,2501.995151
pwt100-pib-per-capita-mapa,NPL,2016,2457.327928
pwt100-pib-per-capita-mapa,NPL,2017,2841.282959
pwt100-pib-per-capita-mapa,NPL,2018,2957.72482
pwt100-pib-per-capita-mapa,NPL,2019,3103.988589
pwt100-pib-per-capita-mapa,NZL,1950,13148.485292
pwt100-pib-per-capita-mapa,NZL,1951,12037.859366
pwt100-pib-per-capita-mapa,NZL,1952,11435.761757
pwt100-pib-per-capita-mapa,NZL,1953,11875.288095
pwt100-pib-per-capita-mapa,NZL,1954,12762.365549
pwt100-pib-per-capita-mapa,NZL,1955,13012.107608
pwt100-pib-per-capita-mapa,NZL,1956,12918.816807
pwt100-pib-per-capita-mapa,NZL,1957,13061.845983
pwt100-pib-per-capita-mapa,NZL,1958,12741.367072
pwt100-pib-per-capita-mapa,NZL,1959,13522.013671
pwt100-pib-per-capita-mapa,NZL,1960,14751.457299
pwt100-pib-per-capita-mapa,NZL,1961,15164.504023
pwt100-pib-per-capita-mapa,NZL,1962,15358.308644
pwt100-pib-per-capita-mapa,NZL,1963,16322.912889
pwt100-pib-per-capita-mapa,NZL,1964,16840.165624
pwt100-pib-per-capita-mapa,NZL,1965,17454.727075
pwt100-pib-per-capita-mapa,NZL,1966,18193.950955
pwt100-pib-per-capita-mapa,NZL,1967,16761.65069
pwt100-pib-per-capita-mapa,NZL,1968,16432.036677
pwt100-pib-per-capita-mapa,NZL,1969,18009.526919
pwt100-pib-per-capita-mapa,NZL,1970,17155.133304
pwt100-pib-per-capita-mapa,NZL,1971,17949.150594
pwt100-pib-per-capita-mapa,NZL,1972,19136.040464
pwt100-pib-per-capita-mapa,NZL,1973,20571.031452
pwt100-pib-per-capita-mapa,NZL,1974,19761.994248
pwt100-pib-per-capita-mapa,NZL,1975,18472.380693
pwt100-pib-per-capita-mapa,NZL,1976,18921.744212
pwt100-pib-per-capita-mapa,NZL,1977,18287.267395
pwt100-pib-per-capita-mapa,NZL,1978,18425.916763
pwt100-pib-per-capita-mapa,NZL,1979,18319.972458
pwt100-pib-per-capita-mapa,NZL,1980,18049.391615
pwt100-pib-per-capita-mapa,NZL,1981,18613.679401
pwt100-pib-per-capita-mapa,NZL,1982,18687.237125
pwt100-pib-per-capita-mapa,NZL,1983,19534.313555
pwt100-pib-per-capita-mapa,NZL,1984,20191.65789
pwt100-pib-per-capita-mapa,NZL,1985,20120.331637
pwt100-pib-per-capita-mapa,NZL,1986,21103.841678
pwt100-pib-per-capita-mapa,NZL,1987,21733.659937
pwt100-pib-per-capita-mapa,NZL,1988,22540.574652
pwt100-pib-per-capita-mapa,NZL,1989,22903.716486
pwt100-pib-per-capita-mapa,NZL,1990,22617.94172
pwt100-pib-per-capita-mapa,NZL,1991,21994.802382
pwt100-pib-per-capita-mapa,NZL,1992,22188.811219
pwt100-pib-per-capita-mapa,NZL,1993,23647.465387
pwt100-pib-per-capita-mapa,NZL,1994,24914.960058
pwt100-pib-per-capita-mapa,NZL,1995,25963.060564
pwt100-pib-per-capita-mapa,NZL,1996,26949.648795
pwt100-pib-per-capita-mapa,NZL,1997,27816.069169
pwt100-pib-per-capita-mapa,NZL,1998,28123.318567
pwt100-pib-per-capita-mapa,NZL,1999,29727.011724
pwt100-pib-per-capita-mapa,NZL,2000,29778.21896
pwt100-pib-per-capita-mapa,NZL,2001,30355.099566
pwt100-pib-per-capita-mapa,NZL,2002,30764.219044
pwt100-pib-per-capita-mapa,NZL,2003,31475.538849
pwt100-pib-per-capita-mapa,NZL,2004,31691.414393
pwt100-pib-per-capita-mapa,NZL,2005,31484.991539
pwt100-pib-per-capita-mapa,NZL,2006,32063.036863
pwt100-pib-per-capita-mapa,NZL,2007,33998.537932
pwt100-pib-per-capita-mapa,NZL,2008,33293.944761
pwt100-pib-per-capita-mapa,NZL,2009,33381.40119
pwt100-pib-per-capita-mapa,NZL,2010,34358.883953
pwt100-pib-per-capita-mapa,NZL,2011,35344.504482
pwt100-pib-per-capita-mapa,NZL,2012,35725.978789
pwt100-pib-per-capita-mapa,NZL,2013,36735.98378
pwt100-pib-per-capita-mapa,NZL,2014,37094.409896
pwt100-pib-per-capita-mapa,NZL,2015,37839.949154
pwt100-pib-per-capita-mapa,NZL,2016,39566.316388
pwt100-pib-per-capita-mapa,NZL,2017,40816.906976
pwt100-pib-per-capita-mapa,NZL,2018,41276.025003
pwt100-pib-per-capita-mapa,NZL,2019,41935.310987
pwt100-pib-per-capita-mapa,OMN,1970,12358.609703
pwt100-pib-per-capita-mapa,OMN,1971,8361.28964
pwt100-pib-per-capita-mapa,OMN,1972,6937.428278
pwt100-pib-per-capita-mapa,OMN,1973,5542.673433
pwt100-pib-per-capita-mapa,OMN,1974,8051.915846
pwt100-pib-per-capita-mapa,OMN,1975,8799.737132
pwt100-pib-per-capita-mapa,OMN,1976,9171.503394
pwt100-pib-per-capita-mapa,OMN,1977,10271.802499
pwt100-pib-per-capita-mapa,OMN,1978,10599.191115
pwt100-pib-per-capita-mapa,OMN,1979,11994.626947
pwt100-pib-per-capita-mapa,OMN,1980,12613.744558
pwt100-pib-per-capita-mapa,OMN,1981,14050.548443
pwt100-pib-per-capita-mapa,OMN,1982,14007.374838
pwt100-pib-per-capita-mapa,OMN,1983,13637.537498
pwt100-pib-per-capita-mapa,OMN,1984,14349.016656
pwt100-pib-per-capita-mapa,OMN,1985,15386.734386
pwt100-pib-per-capita-mapa,OMN,1986,11183.454495
pwt100-pib-per-capita-mapa,OMN,1987,11069.458256
pwt100-pib-per-capita-mapa,OMN,1988,9713.586593
pwt100-pib-per-capita-mapa,OMN,1989,10185.666295
pwt100-pib-per-capita-mapa,OMN,1990,11682.093359
pwt100-pib-per-capita-mapa,OMN,1991,10937.071167
pwt100-pib-per-capita-mapa,OMN,1992,11312.433231
pwt100-pib-per-capita-mapa,OMN,1993,11067.958431
pwt100-pib-per-capita-mapa,OMN,1994,10750.98803
pwt100-pib-per-capita-mapa,OMN,1995,11252.226212
pwt100-pib-per-capita-mapa,OMN,1996,12197.737844
pwt100-pib-per-capita-mapa,OMN,1997,12987.576922
pwt100-pib-per-capita-mapa,OMN,1998,12718.624784
pwt100-pib-per-capita-mapa,OMN,1999,14858.342847
pwt100-pib-per-capita-mapa,OMN,2000,17806.575313
pwt100-pib-per-capita-mapa,OMN,2001,18543.995772
pwt100-pib-per-capita-mapa,OMN,2002,20350.819381
pwt100-pib-per-capita-mapa,OMN,2003,22347.146007
pwt100-pib-per-capita-mapa,OMN,2004,28318.047114
pwt100-pib-per-capita-mapa,OMN,2005,29296.099583
pwt100-pib-per-capita-mapa,OMN,2006,42554.327789
pwt100-pib-per-capita-mapa,OMN,2007,45577.614081
pwt100-pib-per-capita-mapa,OMN,2008,52703.362423
pwt100-pib-per-capita-mapa,OMN,2009,43213.208938
pwt100-pib-per-capita-mapa,OMN,2010,45049.324389
pwt100-pib-per-capita-mapa,OMN,2011,49863.183182
pwt100-pib-per-capita-mapa,OMN,2012,51153.141348
pwt100-pib-per-capita-mapa,OMN,2013,47031.68138
pwt100-pib-per-capita-mapa,OMN,2014,41644.051259
pwt100-pib-per-capita-mapa,OMN,2015,33854.651208
pwt100-pib-per-capita-mapa,OMN,2016,30969.105607
pwt100-pib-per-capita-mapa,OMN,2017,30184.633823
pwt100-pib-per-capita-mapa,OMN,2018,31736.187882
pwt100-pib-per-capita-mapa,OMN,2019,29506.574868
pwt100-pib-per-capita-mapa,PAK,1950,1442.962752
pwt100-pib-per-capita-mapa,PAK,1951,1405.278908
pwt100-pib-per-capita-mapa,PAK,1952,1333.207918
pwt100-pib-per-capita-mapa,PAK,1953,1339.321247
pwt100-pib-per-capita-mapa,PAK,1954,1325.553859
pwt100-pib-per-capita-mapa,PAK,1955,1262.126233
pwt100-pib-per-capita-mapa,PAK,1956,1304.893022
pwt100-pib-per-capita-mapa,PAK,1957,1283.655568
pwt100-pib-per-capita-mapa,PAK,1958,1254.954464
pwt100-pib-per-capita-mapa,PAK,1959,1315.82668
pwt100-pib-per-capita-mapa,PAK,1960,1288.480801
pwt100-pib-per-capita-mapa,PAK,1961,1307.854861
pwt100-pib-per-capita-mapa,PAK,1962,1346.975197
pwt100-pib-per-capita-mapa,PAK,1963,1396.51225
pwt100-pib-per-capita-mapa,PAK,1964,1461.730222
pwt100-pib-per-capita-mapa,PAK,1965,1553.573919
pwt100-pib-per-capita-mapa,PAK,1966,1698.792198
pwt100-pib-per-capita-mapa,PAK,1967,1680.785395
pwt100-pib-per-capita-mapa,PAK,1968,1733.154309
pwt100-pib-per-capita-mapa,PAK,1969,1824.919003
pwt100-pib-per-capita-mapa,PAK,1970,1943.731924
pwt100-pib-per-capita-mapa,PAK,1971,1934.653904
pwt100-pib-per-capita-mapa,PAK,1972,1940.722803
pwt100-pib-per-capita-mapa,PAK,1973,1991.755452
pwt100-pib-per-capita-mapa,PAK,1974,1983.310782
pwt100-pib-per-capita-mapa,PAK,1975,1956.20475
pwt100-pib-per-capita-mapa,PAK,1976,2025.608424
pwt100-pib-per-capita-mapa,PAK,1977,2028.149809
pwt100-pib-per-capita-mapa,PAK,1978,2095.128003
pwt100-pib-per-capita-mapa,PAK,1979,2125.623085
pwt100-pib-per-capita-mapa,PAK,1980,2188.117755
pwt100-pib-per-capita-mapa,PAK,1981,2232.590832
pwt100-pib-per-capita-mapa,PAK,1982,2245.341221
pwt100-pib-per-capita-mapa,PAK,1983,2311.001823
pwt100-pib-per-capita-mapa,PAK,1984,2376.130832
pwt100-pib-per-capita-mapa,PAK,1985,2446.611204
pwt100-pib-per-capita-mapa,PAK,1986,2471.67286
pwt100-pib-per-capita-mapa,PAK,1987,2567.213485
pwt100-pib-per-capita-mapa,PAK,1988,2664.314419
pwt100-pib-per-capita-mapa,PAK,1989,2694.048306
pwt100-pib-per-capita-mapa,PAK,1990,2680.263096
pwt100-pib-per-capita-mapa,PAK,1991,2663.396267
pwt100-pib-per-capita-mapa,PAK,1992,2740.757024
pwt100-pib-per-capita-mapa,PAK,1993,2719.503022
pwt100-pib-per-capita-mapa,PAK,1994,2719.236993
pwt100-pib-per-capita-mapa,PAK,1995,2802.869637
pwt100-pib-per-capita-mapa,PAK,1996,2867.68555
pwt100-pib-per-capita-mapa,PAK,1997,2782.184381
pwt100-pib-per-capita-mapa,PAK,1998,2874.639759
pwt100-pib-per-capita-mapa,PAK,1999,2854.970384
pwt100-pib-per-capita-mapa,PAK,2000,2857.495659
pwt100-pib-per-capita-mapa,PAK,2001,2814.763139
pwt100-pib-per-capita-mapa,PAK,2002,2877.548191
pwt100-pib-per-capita-mapa,PAK,2003,2917.141497
pwt100-pib-per-capita-mapa,PAK,2004,3090.965789
pwt100-pib-per-capita-mapa,PAK,2005,3256.108738
pwt100-pib-per-capita-mapa,PAK,2006,3444.732049
pwt100-pib-per-capita-mapa,PAK,2007,3641.033534
pwt100-pib-per-capita-mapa,PAK,2008,3672.527157
pwt100-pib-per-capita-mapa,PAK,2009,3892.349762
pwt100-pib-per-capita-mapa,PAK,2010,4072.265707
pwt100-pib-per-capita-mapa,PAK,2011,4338.476983
pwt100-pib-per-capita-mapa,PAK,2012,4324.683987
pwt100-pib-per-capita-mapa,PAK,2013,4275.994999
pwt100-pib-per-capita-mapa,PAK,2014,4332.071343
pwt100-pib-per-capita-mapa,PAK,2015,4512.615079
pwt100-pib-per-capita-mapa,PAK,2016,4455.776881
pwt100-pib-per-capita-mapa,PAK,2017,4546.150904
pwt100-pib-per-capita-mapa,PAK,2018,4696.738445
pwt100-pib-per-capita-mapa,PAK,2019,4787.469594
pwt100-pib-per-capita-mapa,PAN,1950,2346.311259
pwt100-pib-per-capita-mapa,PAN,1951,2196.957881
pwt100-pib-per-capita-mapa,PAN,1952,2345.063513
pwt100-pib-per-capita-mapa,PAN,1953,2424.76992
pwt100-pib-per-capita-mapa,PAN,1954,2543.329682
pwt100-pib-per-capita-mapa,PAN,1955,2677.911756
pwt100-pib-per-capita-mapa,PAN,1956,2684.716987
pwt100-pib-per-capita-mapa,PAN,1957,2872.256988
pwt100-pib-per-capita-mapa,PAN,1958,2850.763866
pwt100-pib-per-capita-mapa,PAN,1959,2904.341379
pwt100-pib-per-capita-mapa,PAN,1960,2977.384401
pwt100-pib-per-capita-mapa,PAN,1961,3230.011798
pwt100-pib-per-capita-mapa,PAN,1962,3425.26272
pwt100-pib-per-capita-mapa,PAN,1963,3618.726866
pwt100-pib-per-capita-mapa,PAN,1964,3705.820165
pwt100-pib-per-capita-mapa,PAN,1965,3951.252116
pwt100-pib-per-capita-mapa,PAN,1966,4122.611667
pwt100-pib-per-capita-mapa,PAN,1967,4395.925096
pwt100-pib-per-capita-mapa,PAN,1968,4572.746888
pwt100-pib-per-capita-mapa,PAN,1969,4858.162505
pwt100-pib-per-capita-mapa,PAN,1970,5504.645277
pwt100-pib-per-capita-mapa,PAN,1971,5976.099451
pwt100-pib-per-capita-mapa,PAN,1972,6171.163307
pwt100-pib-per-capita-mapa,PAN,1973,6252.029194
pwt100-pib-per-capita-mapa,PAN,1974,6039.407973
pwt100-pib-per-capita-mapa,PAN,1975,5929.977963
pwt100-pib-per-capita-mapa,PAN,1976,5835.635555
pwt100-pib-per-capita-mapa,PAN,1977,5627.503843
pwt100-pib-per-capita-mapa,PAN,1978,6121.747945
pwt100-pib-per-capita-mapa,PAN,1979,6057.191576
pwt100-pib-per-capita-mapa,PAN,1980,6697.256816
pwt100-pib-per-capita-mapa,PAN,1981,6961.687387
pwt100-pib-per-capita-mapa,PAN,1982,6929.928763
pwt100-pib-per-capita-mapa,PAN,1983,7012.410121
pwt100-pib-per-capita-mapa,PAN,1984,6844.127698
pwt100-pib-per-capita-mapa,PAN,1985,6878.250202
pwt100-pib-per-capita-mapa,PAN,1986,7231.248795
pwt100-pib-per-capita-mapa,PAN,1987,7484.708924
pwt100-pib-per-capita-mapa,PAN,1988,6614.586863
pwt100-pib-per-capita-mapa,PAN,1989,6456.72299
pwt100-pib-per-capita-mapa,PAN,1990,6620.582472
pwt100-pib-per-capita-mapa,PAN,1991,7203.859471
pwt100-pib-per-capita-mapa,PAN,1992,7710.064498
pwt100-pib-per-capita-mapa,PAN,1993,8005.299028
pwt100-pib-per-capita-mapa,PAN,1994,8038.138039
pwt100-pib-per-capita-mapa,PAN,1995,7818.385037
pwt100-pib-per-capita-mapa,PAN,1996,8077.565822
pwt100-pib-per-capita-mapa,PAN,1997,8772.308844
pwt100-pib-per-capita-mapa,PAN,1998,9354.603862
pwt100-pib-per-capita-mapa,PAN,1999,9526.302445
pwt100-pib-per-capita-mapa,PAN,2000,9695.918875
pwt100-pib-per-capita-mapa,PAN,2001,9860.215063
pwt100-pib-per-capita-mapa,PAN,2002,10169.325915
pwt100-pib-per-capita-mapa,PAN,2003,11068.588819
pwt100-pib-per-capita-mapa,PAN,2004,11474.186115
pwt100-pib-per-capita-mapa,PAN,2005,12668.796011
pwt100-pib-per-capita-mapa,PAN,2006,13586.284919
pwt100-pib-per-capita-mapa,PAN,2007,12773.942793
pwt100-pib-per-capita-mapa,PAN,2008,13867.937154
pwt100-pib-per-capita-mapa,PAN,2009,14922.718302
pwt100-pib-per-capita-mapa,PAN,2010,15709.623744
pwt100-pib-per-capita-mapa,PAN,2011,17551.412409
pwt100-pib-per-capita-mapa,PAN,2012,19195.283323
pwt100-pib-per-capita-mapa,PAN,2013,20936.235476
pwt100-pib-per-capita-mapa,PAN,2014,22619.083836
pwt100-pib-per-capita-mapa,PAN,2015,25095.009446
pwt100-pib-per-capita-mapa,PAN,2016,27172.083451
pwt100-pib-per-capita-mapa,PAN,2017,29040.031987
pwt100-pib-per-capita-mapa,PAN,2018,29421.494081
pwt100-pib-per-capita-mapa,PAN,2019,29586.343184
pwt100-pib-per-capita-mapa,PER,1950,2253.822321
pwt100-pib-per-capita-mapa,PER,1951,2397.933026
pwt100-pib-per-capita-mapa,PER,1952,2378.333625
pwt100-pib-per-capita-mapa,PER,1953,2405.756241
pwt100-pib-per-capita-mapa,PER,1954,2549.86941
pwt100-pib-per-capita-mapa,PER,1955,2584.504537
pwt100-pib-per-capita-mapa,PER,1956,2607.593036
pwt100-pib-per-capita-mapa,PER,1957,2713.242945
pwt100-pib-per-capita-mapa,PER,1958,2565.154896
pwt100-pib-per-capita-mapa,PER,1959,2601.123384
pwt100-pib-per-capita-mapa,PER,1960,2823.067669
pwt100-pib-per-capita-mapa,PER,1961,2904.455962
pwt100-pib-per-capita-mapa,PER,1962,3073.789696
pwt100-pib-per-capita-mapa,PER,1963,3168.182423
pwt100-pib-per-capita-mapa,PER,1964,3372.711581
pwt100-pib-per-capita-mapa,PER,1965,3426.756417
pwt100-pib-per-capita-mapa,PER,1966,3613.467148
pwt100-pib-per-capita-mapa,PER,1967,3682.349155
pwt100-pib-per-capita-mapa,PER,1968,3659.396076
pwt100-pib-per-capita-mapa,PER,1969,3760.865074
pwt100-pib-per-capita-mapa,PER,1970,3920.378885
pwt100-pib-per-capita-mapa,PER,1971,3941.678601
pwt100-pib-per-capita-mapa,PER,1972,3908.100681
pwt100-pib-per-capita-mapa,PER,1973,4192.75146
pwt100-pib-per-capita-mapa,PER,1974,4395.606362
pwt100-pib-per-capita-mapa,PER,1975,4284.75456
pwt100-pib-per-capita-mapa,PER,1976,4264.062205
pwt100-pib-per-capita-mapa,PER,1977,4157.29765
pwt100-pib-per-capita-mapa,PER,1978,3999.960912
pwt100-pib-per-capita-mapa,PER,1979,4279.567918
pwt100-pib-per-capita-mapa,PER,1980,4366.131449
pwt100-pib-per-capita-mapa,PER,1981,4426.939249
pwt100-pib-per-capita-mapa,PER,1982,4361.202128
pwt100-pib-per-capita-mapa,PER,1983,3974.555684
pwt100-pib-per-capita-mapa,PER,1984,4137.606561
pwt100-pib-per-capita-mapa,PER,1985,4167.295
pwt100-pib-per-capita-mapa,PER,1986,4454.614915
pwt100-pib-per-capita-mapa,PER,1987,4902.767735
pwt100-pib-per-capita-mapa,PER,1988,4547.382771
pwt100-pib-per-capita-mapa,PER,1989,3732.163543
pwt100-pib-per-capita-mapa,PER,1990,3696.935848
pwt100-pib-per-capita-mapa,PER,1991,3781.194169
pwt100-pib-per-capita-mapa,PER,1992,3778.912418
pwt100-pib-per-capita-mapa,PER,1993,3969.403636
pwt100-pib-per-capita-mapa,PER,1994,4559.433727
pwt100-pib-per-capita-mapa,PER,1995,5030.68541
pwt100-pib-per-capita-mapa,PER,1996,5197.609506
pwt100-pib-per-capita-mapa,PER,1997,5471.375409
pwt100-pib-per-capita-mapa,PER,1998,5277.341046
pwt100-pib-per-capita-mapa,PER,1999,5199.351765
pwt100-pib-per-capita-mapa,PER,2000,5270.222676
pwt100-pib-per-capita-mapa,PER,2001,5228.789803
pwt100-pib-per-capita-mapa,PER,2002,5528.621708
pwt100-pib-per-capita-mapa,PER,2003,5817.158536
pwt100-pib-per-capita-mapa,PER,2004,6266.655339
pwt100-pib-per-capita-mapa,PER,2005,6831.845148
pwt100-pib-per-capita-mapa,PER,2006,7827.853636
pwt100-pib-per-capita-mapa,PER,2007,8555.866572
pwt100-pib-per-capita-mapa,PER,2008,9035.062811
pwt100-pib-per-capita-mapa,PER,2009,9119.868201
pwt100-pib-per-capita-mapa,PER,2010,10239.903953
pwt100-pib-per-capita-mapa,PER,2011,11149.417313
pwt100-pib-per-capita-mapa,PER,2012,11550.881318
pwt100-pib-per-capita-mapa,PER,2013,11731.092858
pwt100-pib-per-capita-mapa,PER,2014,11688.104153
pwt100-pib-per-capita-mapa,PER,2015,11730.964333
pwt100-pib-per-capita-mapa,PER,2016,11915.958455
pwt100-pib-per-capita-mapa,PER,2017,12152.839284
pwt100-pib-per-capita-mapa,PER,2018,12381.878324
pwt100-pib-per-capita-mapa,PER,2019,12412.818233
pwt100-pib-per-capita-mapa,PHL,1950,1517.826765
pwt100-pib-per-capita-mapa,PHL,1951,1512.992892
pwt100-pib-per-capita-mapa,PHL,1952,1546.65057
pwt100-pib-per-capita-mapa,PHL,1953,1716.607468
pwt100-pib-per-capita-mapa,PHL,1954,1783.662277
pwt100-pib-per-capita-mapa,PHL,1955,1864.820499
pwt100-pib-per-capita-mapa,PHL,1956,1881.559304
pwt100-pib-per-capita-mapa,PHL,1957,1935.866945
pwt100-pib-per-capita-mapa,PHL,1958,1938.390724
pwt100-pib-per-capita-mapa,PHL,1959,2054.620777
pwt100-pib-per-capita-mapa,PHL,1960,2031.754356
pwt100-pib-per-capita-mapa,PHL,1961,2036.912556
pwt100-pib-per-capita-mapa,PHL,1962,2107.579486
pwt100-pib-per-capita-mapa,PHL,1963,2174.98795
pwt100-pib-per-capita-mapa,PHL,1964,2136.634175
pwt100-pib-per-capita-mapa,PHL,1965,2176.067468
pwt100-pib-per-capita-mapa,PHL,1966,2217.837332
pwt100-pib-per-capita-mapa,PHL,1967,2217.216967
pwt100-pib-per-capita-mapa,PHL,1968,2302.554449
pwt100-pib-per-capita-mapa,PHL,1969,2373.155834
pwt100-pib-per-capita-mapa,PHL,1970,2466.642211
pwt100-pib-per-capita-mapa,PHL,1971,2531.363065
pwt100-pib-per-capita-mapa,PHL,1972,2575.244259
pwt100-pib-per-capita-mapa,PHL,1973,2802.032329
pwt100-pib-per-capita-mapa,PHL,1974,2802.379411
pwt100-pib-per-capita-mapa,PHL,1975,2877.110471
pwt100-pib-per-capita-mapa,PHL,1976,2990.196932
pwt100-pib-per-capita-mapa,PHL,1977,3060.254256
pwt100-pib-per-capita-mapa,PHL,1978,3154.322747
pwt100-pib-per-capita-mapa,PHL,1979,3178.6711
pwt100-pib-per-capita-mapa,PHL,1980,3361.859498
pwt100-pib-per-capita-mapa,PHL,1981,3412.090114
pwt100-pib-per-capita-mapa,PHL,1982,3435.748682
pwt100-pib-per-capita-mapa,PHL,1983,3374.041389
pwt100-pib-per-capita-mapa,PHL,1984,3132.801994
pwt100-pib-per-capita-mapa,PHL,1985,2916.335956
pwt100-pib-per-capita-mapa,PHL,1986,3012.536587
pwt100-pib-per-capita-mapa,PHL,1987,3200.913913
pwt100-pib-per-capita-mapa,PHL,1988,3445.714128
pwt100-pib-per-capita-mapa,PHL,1989,3609.16469
pwt100-pib-per-capita-mapa,PHL,1990,3766.584394
pwt100-pib-per-capita-mapa,PHL,1991,3827.249729
pwt100-pib-per-capita-mapa,PHL,1992,3910.777685
pwt100-pib-per-capita-mapa,PHL,1993,4013.903904
pwt100-pib-per-capita-mapa,PHL,1994,4356.902335
pwt100-pib-per-capita-mapa,PHL,1995,4722.170242
pwt100-pib-per-capita-mapa,PHL,1996,5046.919439
pwt100-pib-per-capita-mapa,PHL,1997,4930.292145
pwt100-pib-per-capita-mapa,PHL,1998,4719.811679
pwt100-pib-per-capita-mapa,PHL,1999,4647.271185
pwt100-pib-per-capita-mapa,PHL,2000,4629.600751
pwt100-pib-per-capita-mapa,PHL,2001,4449.600274
pwt100-pib-per-capita-mapa,PHL,2002,4378.550686
pwt100-pib-per-capita-mapa,PHL,2003,4383.64333
pwt100-pib-per-capita-mapa,PHL,2004,4416.469204
pwt100-pib-per-capita-mapa,PHL,2005,4365.831294
pwt100-pib-per-capita-mapa,PHL,2006,4602.735364
pwt100-pib-per-capita-mapa,PHL,2007,4895.851563
pwt100-pib-per-capita-mapa,PHL,2008,5125.314467
pwt100-pib-per-capita-mapa,PHL,2009,5323.145738
pwt100-pib-per-capita-mapa,PHL,2010,5789.247407
pwt100-pib-per-capita-mapa,PHL,2011,6066.968679
pwt100-pib-per-capita-mapa,PHL,2012,6484.492197
pwt100-pib-per-capita-mapa,PHL,2013,6646.544474
pwt100-pib-per-capita-mapa,PHL,2014,6852.505665
pwt100-pib-per-capita-mapa,PHL,2015,7082.621076
pwt100-pib-per-capita-mapa,PHL,2016,7432.957007
pwt100-pib-per-capita-mapa,PHL,2017,7663.489082
pwt100-pib-per-capita-mapa,PHL,2018,7937.039951
pwt100-pib-per-capita-mapa,PHL,2019,8204.645512
pwt100-pib-per-capita-mapa,POL,1970,5776.338133
pwt100-pib-per-capita-mapa,POL,1971,6155.619638
pwt100-pib-per-capita-mapa,POL,1972,6396.999315
pwt100-pib-per-capita-mapa,POL,1973,6616.763367
pwt100-pib-per-capita-mapa,POL,1974,7031.790079
pwt100-pib-per-capita-mapa,POL,1975,7360.123805
pwt100-pib-per-capita-mapa,POL,1976,7531.972653
pwt100-pib-per-capita-mapa,POL,1977,7695.897883
pwt100-pib-per-capita-mapa,POL,1978,7732.625325
pwt100-pib-per-capita-mapa,POL,1979,7659.729865
pwt100-pib-per-capita-mapa,POL,1980,6770.197015
pwt100-pib-per-capita-mapa,POL,1981,6336.631642
pwt100-pib-per-capita-mapa,POL,1982,6311.144639
pwt100-pib-per-capita-mapa,POL,1983,6775.016339
pwt100-pib-per-capita-mapa,POL,1984,7355.478278
pwt100-pib-per-capita-mapa,POL,1985,7937.505066
pwt100-pib-per-capita-mapa,POL,1986,8353.296896
pwt100-pib-per-capita-mapa,POL,1987,8767.14916
pwt100-pib-per-capita-mapa,POL,1988,9346.704083
pwt100-pib-per-capita-mapa,POL,1989,9861.617964
pwt100-pib-per-capita-mapa,POL,1990,8831.748432
pwt100-pib-per-capita-mapa,POL,1991,8369.293653
pwt100-pib-per-capita-mapa,POL,1992,8940.990173
pwt100-pib-per-capita-mapa,POL,1993,9624.01619
pwt100-pib-per-capita-mapa,POL,1994,10403.092794
pwt100-pib-per-capita-mapa,POL,1995,11443.717306
pwt100-pib-per-capita-mapa,POL,1996,12321.825253
pwt100-pib-per-capita-mapa,POL,1997,12995.052146
pwt100-pib-per-capita-mapa,POL,1998,13653.890934
pwt100-pib-per-capita-mapa,POL,1999,14301.079274
pwt100-pib-per-capita-mapa,POL,2000,14619.489994
pwt100-pib-per-capita-mapa,POL,2001,14923.58683
pwt100-pib-per-capita-mapa,POL,2002,15362.008893
pwt100-pib-per-capita-mapa,POL,2003,15514.656315
pwt100-pib-per-capita-mapa,POL,2004,16357.426237
pwt100-pib-per-capita-mapa,POL,2005,16837.668006
pwt100-pib-per-capita-mapa,POL,2006,17869.758268
pwt100-pib-per-capita-mapa,POL,2007,19564.019108
pwt100-pib-per-capita-mapa,POL,2008,20669.730709
pwt100-pib-per-capita-mapa,POL,2009,21720.99759
pwt100-pib-per-capita-mapa,POL,2010,23585.653607
pwt100-pib-per-capita-mapa,POL,2011,25177.362877
pwt100-pib-per-capita-mapa,POL,2012,25790.690878
pwt100-pib-per-capita-mapa,POL,2013,26002.297917
pwt100-pib-per-capita-mapa,POL,2014,26310.820688
pwt100-pib-per-capita-mapa,POL,2015,28126.574986
pwt100-pib-per-capita-mapa,POL,2016,28910.425115
pwt100-pib-per-capita-mapa,POL,2017,30079.719275
pwt100-pib-per-capita-mapa,POL,2018,31497.982073
pwt100-pib-per-capita-mapa,POL,2019,33248.032716
pwt100-pib-per-capita-mapa,PRT,1950,2958.938967
pwt100-pib-per-capita-mapa,PRT,1951,3239.131497
pwt100-pib-per-capita-mapa,PRT,1952,3338.838936
pwt100-pib-per-capita-mapa,PRT,1953,3535.441631
pwt100-pib-per-capita-mapa,PRT,1954,3703.070578
pwt100-pib-per-capita-mapa,PRT,1955,3800.559905
pwt100-pib-per-capita-mapa,PRT,1956,3967.223562
pwt100-pib-per-capita-mapa,PRT,1957,4075.512314
pwt100-pib-per-capita-mapa,PRT,1958,4076.037459
pwt100-pib-per-capita-mapa,PRT,1959,4287.943162
pwt100-pib-per-capita-mapa,PRT,1960,4544.480723
pwt100-pib-per-capita-mapa,PRT,1961,4810.579126
pwt100-pib-per-capita-mapa,PRT,1962,5184.756773
pwt100-pib-per-capita-mapa,PRT,1963,5481.432698
pwt100-pib-per-capita-mapa,PRT,1964,5610.737807
pwt100-pib-per-capita-mapa,PRT,1965,5969.491539
pwt100-pib-per-capita-mapa,PRT,1966,6125.393187
pwt100-pib-per-capita-mapa,PRT,1967,6547.493405
pwt100-pib-per-capita-mapa,PRT,1968,7637.916055
pwt100-pib-per-capita-mapa,PRT,1969,7981.684296
pwt100-pib-per-capita-mapa,PRT,1970,8473.724338
pwt100-pib-per-capita-mapa,PRT,1971,9093.355327
pwt100-pib-per-capita-mapa,PRT,1972,9773.844074
pwt100-pib-per-capita-mapa,PRT,1973,10685.221685
pwt100-pib-per-capita-mapa,PRT,1974,10428.807187
pwt100-pib-per-capita-mapa,PRT,1975,9665.035956
pwt100-pib-per-capita-mapa,PRT,1976,10068.261493
pwt100-pib-per-capita-mapa,PRT,1977,10465.162595
pwt100-pib-per-capita-mapa,PRT,1978,10646.534998
pwt100-pib-per-capita-mapa,PRT,1979,10965.988839
pwt100-pib-per-capita-mapa,PRT,1980,11110.757229
pwt100-pib-per-capita-mapa,PRT,1981,10755.166872
pwt100-pib-per-capita-mapa,PRT,1982,10802.723688
pwt100-pib-per-capita-mapa,PRT,1983,10600.955101
pwt100-pib-per-capita-mapa,PRT,1984,10217.599353
pwt100-pib-per-capita-mapa,PRT,1985,10562.457694
pwt100-pib-per-capita-mapa,PRT,1986,11685.819402
pwt100-pib-per-capita-mapa,PRT,1987,12592.110606
pwt100-pib-per-capita-mapa,PRT,1988,13726.713328
pwt100-pib-per-capita-mapa,PRT,1989,14726.231172
pwt100-pib-per-capita-mapa,PRT,1990,15920.095575
pwt100-pib-per-capita-mapa,PRT,1991,16706.383006
pwt100-pib-per-capita-mapa,PRT,1992,17520.353239
pwt100-pib-per-capita-mapa,PRT,1993,17559.617219
pwt100-pib-per-capita-mapa,PRT,1994,18683.538743
pwt100-pib-per-capita-mapa,PRT,1995,19590.170889
pwt100-pib-per-capita-mapa,PRT,1996,20202.70892
pwt100-pib-per-capita-mapa,PRT,1997,21690.688951
pwt100-pib-per-capita-mapa,PRT,1998,23158.155977
pwt100-pib-per-capita-mapa,PRT,1999,24498.753107
pwt100-pib-per-capita-mapa,PRT,2000,25208.714164
pwt100-pib-per-capita-mapa,PRT,2001,25282.068049
pwt100-pib-per-capita-mapa,PRT,2002,25467.488068
pwt100-pib-per-capita-mapa,PRT,2003,25553.095839
pwt100-pib-per-capita-mapa,PRT,2004,26073.428737
pwt100-pib-per-capita-mapa,PRT,2005,27149.457415
pwt100-pib-per-capita-mapa,PRT,2006,28614.550718
pwt100-pib-per-capita-mapa,PRT,2007,29555.320022
pwt100-pib-per-capita-mapa,PRT,2008,29843.228337
pwt100-pib-per-capita-mapa,PRT,2009,29628.718836
pwt100-pib-per-capita-mapa,PRT,2010,30507.45086
pwt100-pib-per-capita-mapa,PRT,2011,29673.266667
pwt100-pib-per-capita-mapa,PRT,2012,29208.193177
pwt100-pib-per-capita-mapa,PRT,2013,28999.729997
pwt100-pib-per-capita-mapa,PRT,2014,29052.164319
pwt100-pib-per-capita-mapa,PRT,2015,30286.361351
pwt100-pib-per-capita-mapa,PRT,2016,31303.063216
pwt100-pib-per-capita-mapa,PRT,2017,32270.654487
pwt100-pib-per-capita-mapa,PRT,2018,33298.96934
pwt100-pib-per-capita-mapa,PRT,2019,34264.518632
pwt100-pib-per-capita-mapa,PRY,1951,2136.972385
pwt100-pib-per-capita-mapa,PRY,1952,2029.702213
pwt100-pib-per-capita-mapa,PRY,1953,1900.735575
pwt100-pib-per-capita-mapa,PRY,1954,2008.607732
pwt100-pib-per-capita-mapa,PRY,1955,2135.503777
pwt100-pib-per-capita-mapa,PRY,1956,2114.849891
pwt100-pib-per-capita-mapa,PRY,1957,2032.247448
pwt100-pib-per-capita-mapa,PRY,1958,2114.312743
pwt100-pib-per-capita-mapa,PRY,1959,2098.015136
pwt100-pib-per-capita-mapa,PRY,1960,2070.14151
pwt100-pib-per-capita-mapa,PRY,1961,2130.454769
pwt100-pib-per-capita-mapa,PRY,1962,2145.238583
pwt100-pib-per-capita-mapa,PRY,1963,2211.031032
pwt100-pib-per-capita-mapa,PRY,1964,2241.908755
pwt100-pib-per-capita-mapa,PRY,1965,2324.017942
pwt100-pib-per-capita-mapa,PRY,1966,2308.316473
pwt100-pib-per-capita-mapa,PRY,1967,2411.681496
pwt100-pib-per-capita-mapa,PRY,1968,2449.952354
pwt100-pib-per-capita-mapa,PRY,1969,2521.493451
pwt100-pib-per-capita-mapa,PRY,1970,2657.845457
pwt100-pib-per-capita-mapa,PRY,1971,2755.946944
pwt100-pib-per-capita-mapa,PRY,1972,2893.238723
pwt100-pib-per-capita-mapa,PRY,1973,3034.902521
pwt100-pib-per-capita-mapa,PRY,1974,3114.240077
pwt100-pib-per-capita-mapa,PRY,1975,3082.873521
pwt100-pib-per-capita-mapa,PRY,1976,3347.067939
pwt100-pib-per-capita-mapa,PRY,1977,3726.280416
pwt100-pib-per-capita-mapa,PRY,1978,3973.042828
pwt100-pib-per-capita-mapa,PRY,1979,3890.619422
pwt100-pib-per-capita-mapa,PRY,1980,4418.383577
pwt100-pib-per-capita-mapa,PRY,1981,4862.191946
pwt100-pib-per-capita-mapa,PRY,1982,4690.821116
pwt100-pib-per-capita-mapa,PRY,1983,4457.808117
pwt100-pib-per-capita-mapa,PRY,1984,4433.635894
pwt100-pib-per-capita-mapa,PRY,1985,4482.144038
pwt100-pib-per-capita-mapa,PRY,1986,4289.053979
pwt100-pib-per-capita-mapa,PRY,1987,4349.771669
pwt100-pib-per-capita-mapa,PRY,1988,4603.614647
pwt100-pib-per-capita-mapa,PRY,1989,4813.794629
pwt100-pib-per-capita-mapa,PRY,1990,4898.531461
pwt100-pib-per-capita-mapa,PRY,1991,4912.487138
pwt100-pib-per-capita-mapa,PRY,1992,4962.987883
pwt100-pib-per-capita-mapa,PRY,1993,5076.47796
pwt100-pib-per-capita-mapa,PRY,1994,5237.948435
pwt100-pib-per-capita-mapa,PRY,1995,5388.440519
pwt100-pib-per-capita-mapa,PRY,1996,5465.423843
pwt100-pib-per-capita-mapa,PRY,1997,5519.325469
pwt100-pib-per-capita-mapa,PRY,1998,5532.560391
pwt100-pib-per-capita-mapa,PRY,1999,5270.446865
pwt100-pib-per-capita-mapa,PRY,2000,4918.003196
pwt100-pib-per-capita-mapa,PRY,2001,5043.774903
pwt100-pib-per-capita-mapa,PRY,2002,6404.161512
pwt100-pib-per-capita-mapa,PRY,2003,6672.75572
pwt100-pib-per-capita-mapa,PRY,2004,6777.763298
pwt100-pib-per-capita-mapa,PRY,2005,6608.990396
pwt100-pib-per-capita-mapa,PRY,2006,6933.361897
pwt100-pib-per-capita-mapa,PRY,2007,7599.084023
pwt100-pib-per-capita-mapa,PRY,2008,8253.447975
pwt100-pib-per-capita-mapa,PRY,2009,8712.986605
pwt100-pib-per-capita-mapa,PRY,2010,10183.872501
pwt100-pib-per-capita-mapa,PRY,2011,11189.290157
pwt100-pib-per-capita-mapa,PRY,2012,10795.529467
pwt100-pib-per-capita-mapa,PRY,2013,11622.506721
pwt100-pib-per-capita-mapa,PRY,2014,11767.646741
pwt100-pib-per-capita-mapa,PRY,2015,11665.736513
pwt100-pib-per-capita-mapa,PRY,2016,11962.541949
pwt100-pib-per-capita-mapa,PRY,2017,12212.447945
pwt100-pib-per-capita-mapa,PRY,2018,12337.165953
pwt100-pib-per-capita-mapa,PRY,2019,12135.099581
pwt100-pib-per-capita-mapa,PSE,1970,1401.28095
pwt100-pib-per-capita-mapa,PSE,1971,1579.614168
pwt100-pib-per-capita-mapa,PSE,1972,1818.594054
pwt100-pib-per-capita-mapa,PSE,1973,1685.426537
pwt100-pib-per-capita-mapa,PSE,1974,1992.078392
pwt100-pib-per-capita-mapa,PSE,1975,1933.624763
pwt100-pib-per-capita-mapa,PSE,1976,2183.737985
pwt100-pib-per-capita-mapa,PSE,1977,2106.257561
pwt100-pib-per-capita-mapa,PSE,1978,2337.097102
pwt100-pib-per-capita-mapa,PSE,1979,2239.777507
pwt100-pib-per-capita-mapa,PSE,1980,2511.611873
pwt100-pib-per-capita-mapa,PSE,1981,2271.507101
pwt100-pib-per-capita-mapa,PSE,1982,2400.638906
pwt100-pib-per-capita-mapa,PSE,1983,2235.461417
pwt100-pib-per-capita-mapa,PSE,1984,2278.005894
pwt100-pib-per-capita-mapa,PSE,1985,2192.780573
pwt100-pib-per-capita-mapa,PSE,1986,2541.945541
pwt100-pib-per-capita-mapa,PSE,1987,2388.296784
pwt100-pib-per-capita-mapa,PSE,1988,2281.157262
pwt100-pib-per-capita-mapa,PSE,1989,2246.256444
pwt100-pib-per-capita-mapa,PSE,1990,2556.752561
pwt100-pib-per-capita-mapa,PSE,1991,2348.160662
pwt100-pib-per-capita-mapa,PSE,1992,2789.303829
pwt100-pib-per-capita-mapa,PSE,1993,2959.093457
pwt100-pib-per-capita-mapa,PSE,1994,3303.543509
pwt100-pib-per-capita-mapa,PSE,1995,3367.761704
pwt100-pib-per-capita-mapa,PSE,1996,3208.093763
pwt100-pib-per-capita-mapa,PSE,1997,3509.507012
pwt100-pib-per-capita-mapa,PSE,1998,3830.868118
pwt100-pib-per-capita-mapa,PSE,1999,3981.111161
pwt100-pib-per-capita-mapa,PSE,2000,3684.577183
pwt100-pib-per-capita-mapa,PSE,2001,3198.659008
pwt100-pib-per-capita-mapa,PSE,2002,2815.193414
pwt100-pib-per-capita-mapa,PSE,2003,3154.282135
pwt100-pib-per-capita-mapa,PSE,2004,3555.0439
pwt100-pib-per-capita-mapa,PSE,2005,3785.004814
pwt100-pib-per-capita-mapa,PSE,2006,3645.296544
pwt100-pib-per-capita-mapa,PSE,2007,3570.755809
pwt100-pib-per-capita-mapa,PSE,2008,3925.642849
pwt100-pib-per-capita-mapa,PSE,2009,4173.921994
pwt100-pib-per-capita-mapa,PSE,2010,4283.800393
pwt100-pib-per-capita-mapa,PSE,2011,4682.51671
pwt100-pib-per-capita-mapa,PSE,2012,5422.821892
pwt100-pib-per-capita-mapa,PSE,2013,5402.011305
pwt100-pib-per-capita-mapa,PSE,2014,5532.593066
pwt100-pib-per-capita-mapa,PSE,2015,5902.597034
pwt100-pib-per-capita-mapa,PSE,2016,6235.124722
pwt100-pib-per-capita-mapa,PSE,2017,6208.167437
pwt100-pib-per-capita-mapa,PSE,2018,6110.361281
pwt100-pib-per-capita-mapa,PSE,2019,6102.030222
pwt100-pib-per-capita-mapa,QAT,1970,93924.028834
pwt100-pib-per-capita-mapa,QAT,1971,94852.22498
pwt100-pib-per-capita-mapa,QAT,1972,96610.168223
pwt100-pib-per-capita-mapa,QAT,1973,97658.406616
pwt100-pib-per-capita-mapa,QAT,1974,96486.022724
pwt100-pib-per-capita-mapa,QAT,1975,96239.384518
pwt100-pib-per-capita-mapa,QAT,1976,95934.368632
pwt100-pib-per-capita-mapa,QAT,1977,87373.751452
pwt100-pib-per-capita-mapa,QAT,1978,91330.895075
pwt100-pib-per-capita-mapa,QAT,1979,88165.995529
pwt100-pib-per-capita-mapa,QAT,1980,78388.048991
pwt100-pib-per-capita-mapa,QAT,1981,75426.469728
pwt100-pib-per-capita-mapa,QAT,1982,54595.048777
pwt100-pib-per-capita-mapa,QAT,1983,40737.033825
pwt100-pib-per-capita-mapa,QAT,1984,39226.036847
pwt100-pib-per-capita-mapa,QAT,1985,33480.408822
pwt100-pib-per-capita-mapa,QAT,1986,24400.379233
pwt100-pib-per-capita-mapa,QAT,1987,25125.613621
pwt100-pib-per-capita-mapa,QAT,1988,24422.925431
pwt100-pib-per-capita-mapa,QAT,1989,26574.091246
pwt100-pib-per-capita-mapa,QAT,1990,28000.258728
pwt100-pib-per-capita-mapa,QAT,1991,25218.776306
pwt100-pib-per-capita-mapa,QAT,1992,26115.423441
pwt100-pib-per-capita-mapa,QAT,1993,23843.580065
pwt100-pib-per-capita-mapa,QAT,1994,23639.208371
pwt100-pib-per-capita-mapa,QAT,1995,25202.013978
pwt100-pib-per-capita-mapa,QAT,1996,25955.085754
pwt100-pib-per-capita-mapa,QAT,1997,32119.662928
pwt100-pib-per-capita-mapa,QAT,1998,29860.402423
pwt100-pib-per-capita-mapa,QAT,1999,36428.113234
pwt100-pib-per-capita-mapa,QAT,2000,53448.080476
pwt100-pib-per-capita-mapa,QAT,2001,56025.475672
pwt100-pib-per-capita-mapa,QAT,2002,55946.309098
pwt100-pib-per-capita-mapa,QAT,2003,79951.596482
pwt100-pib-per-capita-mapa,QAT,2004,91066.771595
pwt100-pib-per-capita-mapa,QAT,2005,106148.029531
pwt100-pib-per-capita-mapa,QAT,2006,125148.937786
pwt100-pib-per-capita-mapa,QAT,2007,129073.274076
pwt100-pib-per-capita-mapa,QAT,2008,141905.417669
pwt100-pib-per-capita-mapa,QAT,2009,111365.562404
pwt100-pib-per-capita-mapa,QAT,2010,129818.823677
pwt100-pib-per-capita-mapa,QAT,2011,166520.481283
pwt100-pib-per-capita-mapa,QAT,2012,165866.369765
pwt100-pib-per-capita-mapa,QAT,2013,159375.262136
pwt100-pib-per-capita-mapa,QAT,2014,134590.702945
pwt100-pib-per-capita-mapa,QAT,2015,102700.215048
pwt100-pib-per-capita-mapa,QAT,2016,96355.063378
pwt100-pib-per-capita-mapa,QAT,2017,105430.890716
pwt100-pib-per-capita-mapa,QAT,2018,110521.765698
pwt100-pib-per-capita-mapa,QAT,2019,103445.127269
pwt100-pib-per-capita-mapa,ROU,1960,1533.653757
pwt100-pib-per-capita-mapa,ROU,1961,1672.746743
pwt100-pib-per-capita-mapa,ROU,1962,1821.60613
pwt100-pib-per-capita-mapa,ROU,1963,1958.373207
pwt100-pib-per-capita-mapa,ROU,1964,2066.350795
pwt100-pib-per-capita-mapa,ROU,1965,2258.3258
pwt100-pib-per-capita-mapa,ROU,1966,2365.004959
pwt100-pib-per-capita-mapa,ROU,1967,2606.917721
pwt100-pib-per-capita-mapa,ROU,1968,2728.803903
pwt100-pib-per-capita-mapa,ROU,1969,2878.331367
pwt100-pib-per-capita-mapa,ROU,1970,3033.138228
pwt100-pib-per-capita-mapa,ROU,1971,3392.208297
pwt100-pib-per-capita-mapa,ROU,1972,3723.150861
pwt100-pib-per-capita-mapa,ROU,1973,4045.845232
pwt100-pib-per-capita-mapa,ROU,1974,4460.270952
pwt100-pib-per-capita-mapa,ROU,1975,4844.610139
pwt100-pib-per-capita-mapa,ROU,1976,5486.573028
pwt100-pib-per-capita-mapa,ROU,1977,5825.176405
pwt100-pib-per-capita-mapa,ROU,1978,6221.973938
pwt100-pib-per-capita-mapa,ROU,1979,6717.446875
pwt100-pib-per-capita-mapa,ROU,1980,6823.153853
pwt100-pib-per-capita-mapa,ROU,1981,6773.011367
pwt100-pib-per-capita-mapa,ROU,1982,7100.707839
pwt100-pib-per-capita-mapa,ROU,1983,7379.562175
pwt100-pib-per-capita-mapa,ROU,1984,7715.153613
pwt100-pib-per-capita-mapa,ROU,1985,7876.074052
pwt100-pib-per-capita-mapa,ROU,1986,8084.984485
pwt100-pib-per-capita-mapa,ROU,1987,8196.599487
pwt100-pib-per-capita-mapa,ROU,1988,8429.518962
pwt100-pib-per-capita-mapa,ROU,1989,8020.306033
pwt100-pib-per-capita-mapa,ROU,1990,7754.688759
pwt100-pib-per-capita-mapa,ROU,1991,7225.743935
pwt100-pib-per-capita-mapa,ROU,1992,6647.134564
pwt100-pib-per-capita-mapa,ROU,1993,7054.242986
pwt100-pib-per-capita-mapa,ROU,1994,7640.82942
pwt100-pib-per-capita-mapa,ROU,1995,8070.570068
pwt100-pib-per-capita-mapa,ROU,1996,8408.698528
pwt100-pib-per-capita-mapa,ROU,1997,8080.760087
pwt100-pib-per-capita-mapa,ROU,1998,7958.399171
pwt100-pib-per-capita-mapa,ROU,1999,8068.66889
pwt100-pib-per-capita-mapa,ROU,2000,8204.015055
pwt100-pib-per-capita-mapa,ROU,2001,8805.757105
pwt100-pib-per-capita-mapa,ROU,2002,9264.205813
pwt100-pib-per-capita-mapa,ROU,2003,9733.142316
pwt100-pib-per-capita-mapa,ROU,2004,10906.875836
pwt100-pib-per-capita-mapa,ROU,2005,11185.885974
pwt100-pib-per-capita-mapa,ROU,2006,13096.589163
pwt100-pib-per-capita-mapa,ROU,2007,15308.447654
pwt100-pib-per-capita-mapa,ROU,2008,18161.369872
pwt100-pib-per-capita-mapa,ROU,2009,18134.335362
pwt100-pib-per-capita-mapa,ROU,2010,18527.014992
pwt100-pib-per-capita-mapa,ROU,2011,18673.963272
pwt100-pib-per-capita-mapa,ROU,2012,19606.456942
pwt100-pib-per-capita-mapa,ROU,2013,20145.220845
pwt100-pib-per-capita-mapa,ROU,2014,20698.653931
pwt100-pib-per-capita-mapa,ROU,2015,22062.883387
pwt100-pib-per-capita-mapa,ROU,2016,23441.451578
pwt100-pib-per-capita-mapa,ROU,2017,25932.899673
pwt100-pib-per-capita-mapa,ROU,2018,27323.692587
pwt100-pib-per-capita-mapa,ROU,2019,28828.935384
pwt100-pib-per-capita-mapa,RUS,1990,16294.008439
pwt100-pib-per-capita-mapa,RUS,1991,14981.728206
pwt100-pib-per-capita-mapa,RUS,1992,16348.428195
pwt100-pib-per-capita-mapa,RUS,1993,13507.01385
pwt100-pib-per-capita-mapa,RUS,1994,11276.767298
pwt100-pib-per-capita-mapa,RUS,1995,10536.229669
pwt100-pib-per-capita-mapa,RUS,1996,10241.797225
pwt100-pib-per-capita-mapa,RUS,1997,9895.181662
pwt100-pib-per-capita-mapa,RUS,1998,9383.377154
pwt100-pib-per-capita-mapa,RUS,1999,9970.556117
pwt100-pib-per-capita-mapa,RUS,2000,11532.825851
pwt100-pib-per-capita-mapa,RUS,2001,11074.0838
pwt100-pib-per-capita-mapa,RUS,2002,11312.818621
pwt100-pib-per-capita-mapa,RUS,2003,12255.24214
pwt100-pib-per-capita-mapa,RUS,2004,13751.344967
pwt100-pib-per-capita-mapa,RUS,2005,15450.703392
pwt100-pib-per-capita-mapa,RUS,2006,17901.68558
pwt100-pib-per-capita-mapa,RUS,2007,20650.942108
pwt100-pib-per-capita-mapa,RUS,2008,23375.718271
pwt100-pib-per-capita-mapa,RUS,2009,21127.441711
pwt100-pib-per-capita-mapa,RUS,2010,23725.688074
pwt100-pib-per-capita-mapa,RUS,2011,26861.32912
pwt100-pib-per-capita-mapa,RUS,2012,28832.662222
pwt100-pib-per-capita-mapa,RUS,2013,28347.273668
pwt100-pib-per-capita-mapa,RUS,2014,27625.49091
pwt100-pib-per-capita-mapa,RUS,2015,26028.33063
pwt100-pib-per-capita-mapa,RUS,2016,25379.198278
pwt100-pib-per-capita-mapa,RUS,2017,26851.558429
pwt100-pib-per-capita-mapa,RUS,2018,29053.483717
pwt100-pib-per-capita-mapa,RUS,2019,28773.274748
pwt100-pib-per-capita-mapa,RWA,1960,1026.53465
pwt100-pib-per-capita-mapa,RWA,1961,976.7853
pwt100-pib-per-capita-mapa,RWA,1962,1073.006233
pwt100-pib-per-capita-mapa,RWA,1963,938.049861
pwt100-pib-per-capita-mapa,RWA,1964,816.760445
pwt100-pib-per-capita-mapa,RWA,1965,842.786594
pwt100-pib-per-capita-mapa,RWA,1966,875.654504
pwt100-pib-per-capita-mapa,RWA,1967,916.978549
pwt100-pib-per-capita-mapa,RWA,1968,949.152123
pwt100-pib-per-capita-mapa,RWA,1969,1022.513196
pwt100-pib-per-capita-mapa,RWA,1970,1059.895149
pwt100-pib-per-capita-mapa,RWA,1971,1038.314939
pwt100-pib-per-capita-mapa,RWA,1972,1047.569815
pwt100-pib-per-capita-mapa,RWA,1973,1059.412024
pwt100-pib-per-capita-mapa,RWA,1974,1047.490347
pwt100-pib-per-capita-mapa,RWA,1975,1029.11875
pwt100-pib-per-capita-mapa,RWA,1976,1170.751677
pwt100-pib-per-capita-mapa,RWA,1977,1208.63906
pwt100-pib-per-capita-mapa,RWA,1978,1171.386828
pwt100-pib-per-capita-mapa,RWA,1979,1294.154495
pwt100-pib-per-capita-mapa,RWA,1980,1224.798925
pwt100-pib-per-capita-mapa,RWA,1981,1359.052619
pwt100-pib-per-capita-mapa,RWA,1982,1282.022898
pwt100-pib-per-capita-mapa,RWA,1983,1319.154819
pwt100-pib-per-capita-mapa,RWA,1984,1235.786354
pwt100-pib-per-capita-mapa,RWA,1985,1247.213645
pwt100-pib-per-capita-mapa,RWA,1986,1250.520538
pwt100-pib-per-capita-mapa,RWA,1987,1138.23614
pwt100-pib-per-capita-mapa,RWA,1988,1103.667888
pwt100-pib-per-capita-mapa,RWA,1989,1155.155845
pwt100-pib-per-capita-mapa,RWA,1990,1111.763664
pwt100-pib-per-capita-mapa,RWA,1991,1007.691749
pwt100-pib-per-capita-mapa,RWA,1992,1116.184726
pwt100-pib-per-capita-mapa,RWA,1993,1089.524716
pwt100-pib-per-capita-mapa,RWA,1994,527.438599
pwt100-pib-per-capita-mapa,RWA,1995,658.09811
pwt100-pib-per-capita-mapa,RWA,1996,759.094444
pwt100-pib-per-capita-mapa,RWA,1997,881.241837
pwt100-pib-per-capita-mapa,RWA,1998,913.635121
pwt100-pib-per-capita-mapa,RWA,1999,905.030584
pwt100-pib-per-capita-mapa,RWA,2000,946.993586
pwt100-pib-per-capita-mapa,RWA,2001,978.960615
pwt100-pib-per-capita-mapa,RWA,2002,1079.512569
pwt100-pib-per-capita-mapa,RWA,2003,1074.538395
pwt100-pib-per-capita-mapa,RWA,2004,1156.543804
pwt100-pib-per-capita-mapa,RWA,2005,1245.735022
pwt100-pib-per-capita-mapa,RWA,2006,1323.119122
pwt100-pib-per-capita-mapa,RWA,2007,1367.877367
pwt100-pib-per-capita-mapa,RWA,2008,1381.226224
pwt100-pib-per-capita-mapa,RWA,2009,1454.204728
pwt100-pib-per-capita-mapa,RWA,2010,1515.014066
pwt100-pib-per-capita-mapa,RWA,2011,1635.799356
pwt100-pib-per-capita-mapa,RWA,2012,1699.710562
pwt100-pib-per-capita-mapa,RWA,2013,1688.374386
pwt100-pib-per-capita-mapa,RWA,2014,1796.023766
pwt100-pib-per-capita-mapa,RWA,2015,1886.012237
pwt100-pib-per-capita-mapa,RWA,2016,1912.814942
pwt100-pib-per-capita-mapa,RWA,2017,1956.512699
pwt100-pib-per-capita-mapa,RWA,2018,2046.609932
pwt100-pib-per-capita-mapa,RWA,2019,2135.312516
pwt100-pib-per-capita-mapa,SAU,1970,20393.442332
pwt100-pib-per-capita-mapa,SAU,1971,23880.28499
pwt100-pib-per-capita-mapa,SAU,1972,27073.652289
pwt100-pib-per-capita-mapa,SAU,1973,30047.715554
pwt100-pib-per-capita-mapa,SAU,1974,45164.911365
pwt100-pib-per-capita-mapa,SAU,1975,36296.638632
pwt100-pib-per-capita-mapa,SAU,1976,42241.553841
pwt100-pib-per-capita-mapa,SAU,1977,40518.59797
pwt100-pib-per-capita-mapa,SAU,1978,37671.131783
pwt100-pib-per-capita-mapa,SAU,1979,37166.430089
pwt100-pib-per-capita-mapa,SAU,1980,38266.055913
pwt100-pib-per-capita-mapa,SAU,1981,36407.995956
pwt100-pib-per-capita-mapa,SAU,1982,30063.36569
pwt100-pib-per-capita-mapa,SAU,1983,26477.63425
pwt100-pib-per-capita-mapa,SAU,1984,23787.654904
pwt100-pib-per-capita-mapa,SAU,1985,19602.928937
pwt100-pib-per-capita-mapa,SAU,1986,19165.374907
pwt100-pib-per-capita-mapa,SAU,1987,17444.93969
pwt100-pib-per-capita-mapa,SAU,1988,18426.390696
pwt100-pib-per-capita-mapa,SAU,1989,17717.763809
pwt100-pib-per-capita-mapa,SAU,1990,18205.485504
pwt100-pib-per-capita-mapa,SAU,1991,19705.499456
pwt100-pib-per-capita-mapa,SAU,1992,20521.050151
pwt100-pib-per-capita-mapa,SAU,1993,20205.336095
pwt100-pib-per-capita-mapa,SAU,1994,19373.050314
pwt100-pib-per-capita-mapa,SAU,1995,18996.461519
pwt100-pib-per-capita-mapa,SAU,1996,19065.53333
pwt100-pib-per-capita-mapa,SAU,1997,19199.170658
pwt100-pib-per-capita-mapa,SAU,1998,17195.770547
pwt100-pib-per-capita-mapa,SAU,1999,18965.158543
pwt100-pib-per-capita-mapa,SAU,2000,21921.094856
pwt100-pib-per-capita-mapa,SAU,2001,20386.526299
pwt100-pib-per-capita-mapa,SAU,2002,21866.280651
pwt100-pib-per-capita-mapa,SAU,2003,23090.025308
pwt100-pib-per-capita-mapa,SAU,2004,26674.436194
pwt100-pib-per-capita-mapa,SAU,2005,31379.818504
pwt100-pib-per-capita-mapa,SAU,2006,36158.216118
pwt100-pib-per-capita-mapa,SAU,2007,39642.345677
pwt100-pib-per-capita-mapa,SAU,2008,49723.379545
pwt100-pib-per-capita-mapa,SAU,2009,42144.601209
pwt100-pib-per-capita-mapa,SAU,2010,51679.449173
pwt100-pib-per-capita-mapa,SAU,2011,67975.066781
pwt100-pib-per-capita-mapa,SAU,2012,67832.765676
pwt100-pib-per-capita-mapa,SAU,2013,64267.514083
pwt100-pib-per-capita-mapa,SAU,2014,61977.293297
pwt100-pib-per-capita-mapa,SAU,2015,52832.093546
pwt100-pib-per-capita-mapa,SAU,2016,48073.425274
pwt100-pib-per-capita-mapa,SAU,2017,48743.724506
pwt100-pib-per-capita-mapa,SAU,2018,52127.650926
pwt100-pib-per-capita-mapa,SAU,2019,51199.350465
pwt100-pib-per-capita-mapa,SDN,1970,1671.047491
pwt100-pib-per-capita-mapa,SDN,1971,1729.94777
pwt100-pib-per-capita-mapa,SDN,1972,1608.819826
pwt100-pib-per-capita-mapa,SDN,1973,1519.628454
pwt100-pib-per-capita-mapa,SDN,1974,1779.840093
pwt100-pib-per-capita-mapa,SDN,1975,2025.291716
pwt100-pib-per-capita-mapa,SDN,1976,2242.773786
pwt100-pib-per-capita-mapa,SDN,1977,2442.319046
pwt100-pib-per-capita-mapa,SDN,1978,2326.708872
pwt100-pib-per-capita-mapa,SDN,1979,2097.755924
pwt100-pib-per-capita-mapa,SDN,1980,2099.692697
pwt100-pib-per-capita-mapa,SDN,1981,2173.473818
pwt100-pib-per-capita-mapa,SDN,1982,2278.123168
pwt100-pib-per-capita-mapa,SDN,1983,1932.930511
pwt100-pib-per-capita-mapa,SDN,1984,1915.978131
pwt100-pib-per-capita-mapa,SDN,1985,1930.658405
pwt100-pib-per-capita-mapa,SDN,1986,2068.392705
pwt100-pib-per-capita-mapa,SDN,1987,2064.015323
pwt100-pib-per-capita-mapa,SDN,1988,2043.448268
pwt100-pib-per-capita-mapa,SDN,1989,1942.8233
pwt100-pib-per-capita-mapa,SDN,1990,1979.214504
pwt100-pib-per-capita-mapa,SDN,1991,2075.75082
pwt100-pib-per-capita-mapa,SDN,1992,2014.640184
pwt100-pib-per-capita-mapa,SDN,1993,1857.91379
pwt100-pib-per-capita-mapa,SDN,1994,1897.768255
pwt100-pib-per-capita-mapa,SDN,1995,1814.098246
pwt100-pib-per-capita-mapa,SDN,1996,1770.877421
pwt100-pib-per-capita-mapa,SDN,1997,1896.387279
pwt100-pib-per-capita-mapa,SDN,1998,1961.391174
pwt100-pib-per-capita-mapa,SDN,1999,2131.226922
pwt100-pib-per-capita-mapa,SDN,2000,2138.95033
pwt100-pib-per-capita-mapa,SDN,2001,2149.12053
pwt100-pib-per-capita-mapa,SDN,2002,2217.164639
pwt100-pib-per-capita-mapa,SDN,2003,2198.721369
pwt100-pib-per-capita-mapa,SDN,2004,2284.613911
pwt100-pib-per-capita-mapa,SDN,2005,2738.597956
pwt100-pib-per-capita-mapa,SDN,2006,3299.650102
pwt100-pib-per-capita-mapa,SDN,2007,3219.759413
pwt100-pib-per-capita-mapa,SDN,2008,3026.590324
pwt100-pib-per-capita-mapa,SDN,2009,3466.485167
pwt100-pib-per-capita-mapa,SDN,2010,3962.446946
pwt100-pib-per-capita-mapa,SDN,2011,4421.934794
pwt100-pib-per-capita-mapa,SDN,2012,3695.884214
pwt100-pib-per-capita-mapa,SDN,2013,3657.103183
pwt100-pib-per-capita-mapa,SDN,2014,4181.230055
pwt100-pib-per-capita-mapa,SDN,2015,4052.223225
pwt100-pib-per-capita-mapa,SDN,2016,4096.091345
pwt100-pib-per-capita-mapa,SDN,2017,4153.873865
pwt100-pib-per-capita-mapa,SDN,2018,4018.017638
pwt100-pib-per-capita-mapa,SDN,2019,3971.667668
pwt100-pib-per-capita-mapa,SEN,1960,3003.077384
pwt100-pib-per-capita-mapa,SEN,1961,3005.935255
pwt100-pib-per-capita-mapa,SEN,1962,2916.506343
pwt100-pib-per-capita-mapa,SEN,1963,2904.673721
pwt100-pib-per-capita-mapa,SEN,1964,2911.33322
pwt100-pib-per-capita-mapa,SEN,1965,2805.896107
pwt100-pib-per-capita-mapa,SEN,1966,2817.336056
pwt100-pib-per-capita-mapa,SEN,1967,2725.653846
pwt100-pib-per-capita-mapa,SEN,1968,2570.566052
pwt100-pib-per-capita-mapa,SEN,1969,2223.926509
pwt100-pib-per-capita-mapa,SEN,1970,2401.194974
pwt100-pib-per-capita-mapa,SEN,1971,2324.433714
pwt100-pib-per-capita-mapa,SEN,1972,2339.281586
pwt100-pib-per-capita-mapa,SEN,1973,2137.982573
pwt100-pib-per-capita-mapa,SEN,1974,2293.622194
pwt100-pib-per-capita-mapa,SEN,1975,2334.642052
pwt100-pib-per-capita-mapa,SEN,1976,2418.638423
pwt100-pib-per-capita-mapa,SEN,1977,2392.451793
pwt100-pib-per-capita-mapa,SEN,1978,2287.010572
pwt100-pib-per-capita-mapa,SEN,1979,2386.796798
pwt100-pib-per-capita-mapa,SEN,1980,2204.943693
pwt100-pib-per-capita-mapa,SEN,1981,2181.327452
pwt100-pib-per-capita-mapa,SEN,1982,2470.656084
pwt100-pib-per-capita-mapa,SEN,1983,2556.222791
pwt100-pib-per-capita-mapa,SEN,1984,2643.132358
pwt100-pib-per-capita-mapa,SEN,1985,2846.004201
pwt100-pib-per-capita-mapa,SEN,1986,2927.610864
pwt100-pib-per-capita-mapa,SEN,1987,2901.968665
pwt100-pib-per-capita-mapa,SEN,1988,2907.742419
pwt100-pib-per-capita-mapa,SEN,1989,2796.067292
pwt100-pib-per-capita-mapa,SEN,1990,2773.015299
pwt100-pib-per-capita-mapa,SEN,1991,2669.381675
pwt100-pib-per-capita-mapa,SEN,1992,2629.496528
pwt100-pib-per-capita-mapa,SEN,1993,2487.704996
pwt100-pib-per-capita-mapa,SEN,1994,2455.230829
pwt100-pib-per-capita-mapa,SEN,1995,2412.344793
pwt100-pib-per-capita-mapa,SEN,1996,2496.57073
pwt100-pib-per-capita-mapa,SEN,1997,2486.514345
pwt100-pib-per-capita-mapa,SEN,1998,2547.492565
pwt100-pib-per-capita-mapa,SEN,1999,2713.211524
pwt100-pib-per-capita-mapa,SEN,2000,2596.154544
pwt100-pib-per-capita-mapa,SEN,2001,2645.585682
pwt100-pib-per-capita-mapa,SEN,2002,2569.01306
pwt100-pib-per-capita-mapa,SEN,2003,2643.320941
pwt100-pib-per-capita-mapa,SEN,2004,2659.362712
pwt100-pib-per-capita-mapa,SEN,2005,2727.574991
pwt100-pib-per-capita-mapa,SEN,2006,2731.661555
pwt100-pib-per-capita-mapa,SEN,2007,2826.755325
pwt100-pib-per-capita-mapa,SEN,2008,2771.615392
pwt100-pib-per-capita-mapa,SEN,2009,2954.496373
pwt100-pib-per-capita-mapa,SEN,2010,2980.836964
pwt100-pib-per-capita-mapa,SEN,2011,2955.969584
pwt100-pib-per-capita-mapa,SEN,2012,2991.353356
pwt100-pib-per-capita-mapa,SEN,2013,2861.935052
pwt100-pib-per-capita-mapa,SEN,2014,2859.123963
pwt100-pib-per-capita-mapa,SEN,2015,2952.317408
pwt100-pib-per-capita-mapa,SEN,2016,3027.639132
pwt100-pib-per-capita-mapa,SEN,2017,3060.115284
pwt100-pib-per-capita-mapa,SEN,2018,3126.760314
pwt100-pib-per-capita-mapa,SEN,2019,3190.754171
pwt100-pib-per-capita-mapa,SGP,1960,2753.451699
pwt100-pib-per-capita-mapa,SGP,1961,2857.575985
pwt100-pib-per-capita-mapa,SGP,1962,3030.00757
pwt100-pib-per-capita-mapa,SGP,1963,3292.309503
pwt100-pib-per-capita-mapa,SGP,1964,3123.259333
pwt100-pib-per-capita-mapa,SGP,1965,3322.17609
pwt100-pib-per-capita-mapa,SGP,1966,3657.848941
pwt100-pib-per-capita-mapa,SGP,1967,4067.775982
pwt100-pib-per-capita-mapa,SGP,1968,4588.563646
pwt100-pib-per-capita-mapa,SGP,1969,5184.852436
pwt100-pib-per-capita-mapa,SGP,1970,5760.379129
pwt100-pib-per-capita-mapa,SGP,1971,6494.900724
pwt100-pib-per-capita-mapa,SGP,1972,7315.342288
pwt100-pib-per-capita-mapa,SGP,1973,7905.658484
pwt100-pib-per-capita-mapa,SGP,1974,8259.346877
pwt100-pib-per-capita-mapa,SGP,1975,8566.01877
pwt100-pib-per-capita-mapa,SGP,1976,9037.555255
pwt100-pib-per-capita-mapa,SGP,1977,9616.766574
pwt100-pib-per-capita-mapa,SGP,1978,10634.029701
pwt100-pib-per-capita-mapa,SGP,1979,11584.04616
pwt100-pib-per-capita-mapa,SGP,1980,12836.175164
pwt100-pib-per-capita-mapa,SGP,1981,13828.063084
pwt100-pib-per-capita-mapa,SGP,1982,14944.805817
pwt100-pib-per-capita-mapa,SGP,1983,16191.802428
pwt100-pib-per-capita-mapa,SGP,1984,17071.498793
pwt100-pib-per-capita-mapa,SGP,1985,16189.32367
pwt100-pib-per-capita-mapa,SGP,1986,15797.537809
pwt100-pib-per-capita-mapa,SGP,1987,16920.329718
pwt100-pib-per-capita-mapa,SGP,1988,18308.384322
pwt100-pib-per-capita-mapa,SGP,1989,19803.894461
pwt100-pib-per-capita-mapa,SGP,1990,21527.149763
pwt100-pib-per-capita-mapa,SGP,1991,22988.124938
pwt100-pib-per-capita-mapa,SGP,1992,23657.973884
pwt100-pib-per-capita-mapa,SGP,1993,25474.842924
pwt100-pib-per-capita-mapa,SGP,1994,27405.570409
pwt100-pib-per-capita-mapa,SGP,1995,29500.802209
pwt100-pib-per-capita-mapa,SGP,1996,31321.689639
pwt100-pib-per-capita-mapa,SGP,1997,34154.034431
pwt100-pib-per-capita-mapa,SGP,1998,33777.762676
pwt100-pib-per-capita-mapa,SGP,1999,35322.190974
pwt100-pib-per-capita-mapa,SGP,2000,41270.502642
pwt100-pib-per-capita-mapa,SGP,2001,41904.410899
pwt100-pib-per-capita-mapa,SGP,2002,44771.364108
pwt100-pib-per-capita-mapa,SGP,2003,48796.183757
pwt100-pib-per-capita-mapa,SGP,2004,56588.335632
pwt100-pib-per-capita-mapa,SGP,2005,63948.806781
pwt100-pib-per-capita-mapa,SGP,2006,67913.580896
pwt100-pib-per-capita-mapa,SGP,2007,72165.705135
pwt100-pib-per-capita-mapa,SGP,2008,68638.69806
pwt100-pib-per-capita-mapa,SGP,2009,67811.03157
pwt100-pib-per-capita-mapa,SGP,2010,77815.348521
pwt100-pib-per-capita-mapa,SGP,2011,81178.349196
pwt100-pib-per-capita-mapa,SGP,2012,81599.51851
pwt100-pib-per-capita-mapa,SGP,2013,79936.690658
pwt100-pib-per-capita-mapa,SGP,2014,78992.135914
pwt100-pib-per-capita-mapa,SGP,2015,80733.935254
pwt100-pib-per-capita-mapa,SGP,2016,81722.293573
pwt100-pib-per-capita-mapa,SGP,2017,85554.281013
pwt100-pib-per-capita-mapa,SGP,2018,89339.024418
pwt100-pib-per-capita-mapa,SGP,2019,88619.305271
pwt100-pib-per-capita-mapa,SLE,1961,950.500954
pwt100-pib-per-capita-mapa,SLE,1962,981.547241
pwt100-pib-per-capita-mapa,SLE,1963,1020.229055
pwt100-pib-per-capita-mapa,SLE,1964,1191.636033
pwt100-pib-per-capita-mapa,SLE,1965,1192.686751
pwt100-pib-per-capita-mapa,SLE,1966,1156.638047
pwt100-pib-per-capita-mapa,SLE,1967,1042.558719
pwt100-pib-per-capita-mapa,SLE,1968,1103.334526
pwt100-pib-per-capita-mapa,SLE,1969,1140.337512
pwt100-pib-per-capita-mapa,SLE,1970,1369.769748
pwt100-pib-per-capita-mapa,SLE,1971,1368.561644
pwt100-pib-per-capita-mapa,SLE,1972,1403.29874
pwt100-pib-per-capita-mapa,SLE,1973,1423.11865
pwt100-pib-per-capita-mapa,SLE,1974,1422.670465
pwt100-pib-per-capita-mapa,SLE,1975,1388.073656
pwt100-pib-per-capita-mapa,SLE,1976,1332.776284
pwt100-pib-per-capita-mapa,SLE,1977,1312.690275
pwt100-pib-per-capita-mapa,SLE,1978,1327.406768
pwt100-pib-per-capita-mapa,SLE,1979,1321.289236
pwt100-pib-per-capita-mapa,SLE,1980,1258.188871
pwt100-pib-per-capita-mapa,SLE,1981,1304.581047
pwt100-pib-per-capita-mapa,SLE,1982,1351.684211
pwt100-pib-per-capita-mapa,SLE,1983,1296.249699
pwt100-pib-per-capita-mapa,SLE,1984,1325.611468
pwt100-pib-per-capita-mapa,SLE,1985,1314.738985
pwt100-pib-per-capita-mapa,SLE,1986,1303.512723
pwt100-pib-per-capita-mapa,SLE,1987,1359.799795
pwt100-pib-per-capita-mapa,SLE,1988,1376.468574
pwt100-pib-per-capita-mapa,SLE,1989,1420.479294
pwt100-pib-per-capita-mapa,SLE,1990,1534.535496
pwt100-pib-per-capita-mapa,SLE,1991,1580.703794
pwt100-pib-per-capita-mapa,SLE,1992,1486.469424
pwt100-pib-per-capita-mapa,SLE,1993,1656.573252
pwt100-pib-per-capita-mapa,SLE,1994,1861.104218
pwt100-pib-per-capita-mapa,SLE,1995,1745.024236
pwt100-pib-per-capita-mapa,SLE,1996,1472.338706
pwt100-pib-per-capita-mapa,SLE,1997,1304.852584
pwt100-pib-per-capita-mapa,SLE,1998,1137.742855
pwt100-pib-per-capita-mapa,SLE,1999,819.812165
pwt100-pib-per-capita-mapa,SLE,2000,928.610499
pwt100-pib-per-capita-mapa,SLE,2001,1031.581432
pwt100-pib-per-capita-mapa,SLE,2002,1144.869061
pwt100-pib-per-capita-mapa,SLE,2003,1122.162329
pwt100-pib-per-capita-mapa,SLE,2004,1091.563798
pwt100-pib-per-capita-mapa,SLE,2005,1035.2373
pwt100-pib-per-capita-mapa,SLE,2006,1052.546159
pwt100-pib-per-capita-mapa,SLE,2007,1078.674316
pwt100-pib-per-capita-mapa,SLE,2008,1119.440899
pwt100-pib-per-capita-mapa,SLE,2009,1165.011248
pwt100-pib-per-capita-mapa,SLE,2010,1177.065978
pwt100-pib-per-capita-mapa,SLE,2011,1217.169074
pwt100-pib-per-capita-mapa,SLE,2012,1489.601645
pwt100-pib-per-capita-mapa,SLE,2013,1852.25068
pwt100-pib-per-capita-mapa,SLE,2014,1873.961367
pwt100-pib-per-capita-mapa,SLE,2015,1678.82788
pwt100-pib-per-capita-mapa,SLE,2016,1683.478247
pwt100-pib-per-capita-mapa,SLE,2017,1618.841813
pwt100-pib-per-capita-mapa,SLE,2018,1818.976282
pwt100-pib-per-capita-mapa,SLE,2019,1743.452689
pwt100-pib-per-capita-mapa,SLV,1950,739.222844
pwt100-pib-per-capita-mapa,SLV,1951,762.701151
pwt100-pib-per-capita-mapa,SLV,1952,786.520795
pwt100-pib-per-capita-mapa,SLV,1953,819.713301
pwt100-pib-per-capita-mapa,SLV,1954,845.799854
pwt100-pib-per-capita-mapa,SLV,1955,852.649966
pwt100-pib-per-capita-mapa,SLV,1956,862.879092
pwt100-pib-per-capita-mapa,SLV,1957,904.66048
pwt100-pib-per-capita-mapa,SLV,1958,841.347442
pwt100-pib-per-capita-mapa,SLV,1959,823.5366
pwt100-pib-per-capita-mapa,SLV,1960,808.418294
pwt100-pib-per-capita-mapa,SLV,1961,805.155954
pwt100-pib-per-capita-mapa,SLV,1962,860.580291
pwt100-pib-per-capita-mapa,SLV,1963,861.079127
pwt100-pib-per-capita-mapa,SLV,1964,907.040727
pwt100-pib-per-capita-mapa,SLV,1965,942.955369
pwt100-pib-per-capita-mapa,SLV,1966,968.351334
pwt100-pib-per-capita-mapa,SLV,1967,988.520785
pwt100-pib-per-capita-mapa,SLV,1968,958.931947
pwt100-pib-per-capita-mapa,SLV,1969,955.964217
pwt100-pib-per-capita-mapa,SLV,1970,1007.987463
pwt100-pib-per-capita-mapa,SLV,1971,991.688556
pwt100-pib-per-capita-mapa,SLV,1972,1031.258635
pwt100-pib-per-capita-mapa,SLV,1973,1078.989022
pwt100-pib-per-capita-mapa,SLV,1974,1040.63605
pwt100-pib-per-capita-mapa,SLV,1975,1056.672535
pwt100-pib-per-capita-mapa,SLV,1976,1199.135761
pwt100-pib-per-capita-mapa,SLV,1977,1380.025825
pwt100-pib-per-capita-mapa,SLV,1978,1270.636609
pwt100-pib-per-capita-mapa,SLV,1979,1250.234745
pwt100-pib-per-capita-mapa,SLV,1980,1114.583169
pwt100-pib-per-capita-mapa,SLV,1981,981.610784
pwt100-pib-per-capita-mapa,SLV,1982,935.186182
pwt100-pib-per-capita-mapa,SLV,1983,948.703569
pwt100-pib-per-capita-mapa,SLV,1984,987.582982
pwt100-pib-per-capita-mapa,SLV,1985,1030.813884
pwt100-pib-per-capita-mapa,SLV,1986,1103.193377
pwt100-pib-per-capita-mapa,SLV,1987,1102.417988
pwt100-pib-per-capita-mapa,SLV,1988,1159.895522
pwt100-pib-per-capita-mapa,SLV,1989,1178.647916
pwt100-pib-per-capita-mapa,SLV,1990,1162.089916
pwt100-pib-per-capita-mapa,SLV,1991,1228.397611
pwt100-pib-per-capita-mapa,SLV,1992,1323.895835
pwt100-pib-per-capita-mapa,SLV,1993,1472.924414
pwt100-pib-per-capita-mapa,SLV,1994,1621.188644
pwt100-pib-per-capita-mapa,SLV,1995,1815.377395
pwt100-pib-per-capita-mapa,SLV,1996,1914.667756
pwt100-pib-per-capita-mapa,SLV,1997,2075.447938
pwt100-pib-per-capita-mapa,SLV,1998,2235.347506
pwt100-pib-per-capita-mapa,SLV,1999,2381.446907
pwt100-pib-per-capita-mapa,SLV,2000,2508.321909
pwt100-pib-per-capita-mapa,SLV,2001,2706.800475
pwt100-pib-per-capita-mapa,SLV,2002,2902.567789
pwt100-pib-per-capita-mapa,SLV,2003,3099.989568
pwt100-pib-per-capita-mapa,SLV,2004,3312.457294
pwt100-pib-per-capita-mapa,SLV,2005,3654.207762
pwt100-pib-per-capita-mapa,SLV,2006,4058.726074
pwt100-pib-per-capita-mapa,SLV,2007,4439.879483
pwt100-pib-per-capita-mapa,SLV,2008,4853.292166
pwt100-pib-per-capita-mapa,SLV,2009,5256.200023
pwt100-pib-per-capita-mapa,SLV,2010,5931.929817
pwt100-pib-per-capita-mapa,SLV,2011,6915.775583
pwt100-pib-per-capita-mapa,SLV,2012,7062.023589
pwt100-pib-per-capita-mapa,SLV,2013,7151.406055
pwt100-pib-per-capita-mapa,SLV,2014,7306.197621
pwt100-pib-per-capita-mapa,SLV,2015,7663.255149
pwt100-pib-per-capita-mapa,SLV,2016,7892.594146
pwt100-pib-per-capita-mapa,SLV,2017,8043.317643
pwt100-pib-per-capita-mapa,SLV,2018,8111.3293
pwt100-pib-per-capita-mapa,SLV,2019,8331.298521
pwt100-pib-per-capita-mapa,SRB,1990,11918.436455
pwt100-pib-per-capita-mapa,SRB,1991,10433.659169
pwt100-pib-per-capita-mapa,SRB,1992,7422.330447
pwt100-pib-per-capita-mapa,SRB,1993,5115.44943
pwt100-pib-per-capita-mapa,SRB,1994,5209.35093
pwt100-pib-per-capita-mapa,SRB,1995,5499.488616
pwt100-pib-per-capita-mapa,SRB,1996,5517.686397
pwt100-pib-per-capita-mapa,SRB,1997,5961.740693
pwt100-pib-per-capita-mapa,SRB,1998,6406.863455
pwt100-pib-per-capita-mapa,SRB,1999,7493.284135
pwt100-pib-per-capita-mapa,SRB,2000,7982.877626
pwt100-pib-per-capita-mapa,SRB,2001,7538.284372
pwt100-pib-per-capita-mapa,SRB,2002,8329.590571
pwt100-pib-per-capita-mapa,SRB,2003,8963.565262
pwt100-pib-per-capita-mapa,SRB,2004,9372.476772
pwt100-pib-per-capita-mapa,SRB,2005,10073.02954
pwt100-pib-per-capita-mapa,SRB,2006,11874.716575
pwt100-pib-per-capita-mapa,SRB,2007,12712.893347
pwt100-pib-per-capita-mapa,SRB,2008,13975.443106
pwt100-pib-per-capita-mapa,SRB,2009,14150.111371
pwt100-pib-per-capita-mapa,SRB,2010,14226.708266
pwt100-pib-per-capita-mapa,SRB,2011,14931.621258
pwt100-pib-per-capita-mapa,SRB,2012,14929.406778
pwt100-pib-per-capita-mapa,SRB,2013,15239.500373
pwt100-pib-per-capita-mapa,SRB,2014,14955.100839
pwt100-pib-per-capita-mapa,SRB,2015,15287.529229
pwt100-pib-per-capita-mapa,SRB,2016,15830.674769
pwt100-pib-per-capita-mapa,SRB,2017,16001.586791
pwt100-pib-per-capita-mapa,SRB,2018,16621.039643
pwt100-pib-per-capita-mapa,SRB,2019,17379.730004
pwt100-pib-per-capita-mapa,STP,1970,2042.310252
pwt100-pib-per-capita-mapa,STP,1971,2101.990879
pwt100-pib-per-capita-mapa,STP,1972,2123.515007
pwt100-pib-per-capita-mapa,STP,1973,2171.119606
pwt100-pib-per-capita-mapa,STP,1974,2249.088009
pwt100-pib-per-capita-mapa,STP,1975,2335.456243
pwt100-pib-per-capita-mapa,STP,1976,2312.023657
pwt100-pib-per-capita-mapa,STP,1977,2689.182592
pwt100-pib-per-capita-mapa,STP,1978,2814.808267
pwt100-pib-per-capita-mapa,STP,1979,3180.08439
pwt100-pib-per-capita-mapa,STP,1980,2619.470906
pwt100-pib-per-capita-mapa,STP,1981,2300.554533
pwt100-pib-per-capita-mapa,STP,1982,2332.357442
pwt100-pib-per-capita-mapa,STP,1983,2188.796186
pwt100-pib-per-capita-mapa,STP,1984,2092.12705
pwt100-pib-per-capita-mapa,STP,1985,2135.582882
pwt100-pib-per-capita-mapa,STP,1986,1978.025337
pwt100-pib-per-capita-mapa,STP,1987,1856.473178
pwt100-pib-per-capita-mapa,STP,1988,1754.848563
pwt100-pib-per-capita-mapa,STP,1989,1923.5548
pwt100-pib-per-capita-mapa,STP,1990,1844.520704
pwt100-pib-per-capita-mapa,STP,1991,1775.867382
pwt100-pib-per-capita-mapa,STP,1992,1721.819048
pwt100-pib-per-capita-mapa,STP,1993,1706.586311
pwt100-pib-per-capita-mapa,STP,1994,1657.937161
pwt100-pib-per-capita-mapa,STP,1995,1568.88216
pwt100-pib-per-capita-mapa,STP,1996,1629.241277
pwt100-pib-per-capita-mapa,STP,1997,1625.819189
pwt100-pib-per-capita-mapa,STP,1998,1734.435209
pwt100-pib-per-capita-mapa,STP,1999,1697.636469
pwt100-pib-per-capita-mapa,STP,2000,1785.694483
pwt100-pib-per-capita-mapa,STP,2001,2161.119935
pwt100-pib-per-capita-mapa,STP,2002,2193.555837
pwt100-pib-per-capita-mapa,STP,2003,2235.476964
pwt100-pib-per-capita-mapa,STP,2004,2346.131347
pwt100-pib-per-capita-mapa,STP,2005,2404.548802
pwt100-pib-per-capita-mapa,STP,2006,2440.828481
pwt100-pib-per-capita-mapa,STP,2007,2396.223352
pwt100-pib-per-capita-mapa,STP,2008,2491.366122
pwt100-pib-per-capita-mapa,STP,2009,2584.008724
pwt100-pib-per-capita-mapa,STP,2010,2676.809391
pwt100-pib-per-capita-mapa,STP,2011,3580.513173
pwt100-pib-per-capita-mapa,STP,2012,3205.77015
pwt100-pib-per-capita-mapa,STP,2013,3545.599325
pwt100-pib-per-capita-mapa,STP,2014,3923.980497
pwt100-pib-per-capita-mapa,STP,2015,3903.246475
pwt100-pib-per-capita-mapa,STP,2016,3850.257684
pwt100-pib-per-capita-mapa,STP,2017,3837.664473
pwt100-pib-per-capita-mapa,STP,2018,3664.325727
pwt100-pib-per-capita-mapa,STP,2019,3648.030102
pwt100-pib-per-capita-mapa,SUR,1970,4991.205056
pwt100-pib-per-capita-mapa,SUR,1971,5289.02137
pwt100-pib-per-capita-mapa,SUR,1972,5488.71301
pwt100-pib-per-capita-mapa,SUR,1973,5811.29151
pwt100-pib-per-capita-mapa,SUR,1974,5322.513298
pwt100-pib-per-capita-mapa,SUR,1975,5842.537177
pwt100-pib-per-capita-mapa,SUR,1976,6127.682582
pwt100-pib-per-capita-mapa,SUR,1977,6934.241817
pwt100-pib-per-capita-mapa,SUR,1978,7369.535222
pwt100-pib-per-capita-mapa,SUR,1979,7177.66892
pwt100-pib-per-capita-mapa,SUR,1980,6514.484104
pwt100-pib-per-capita-mapa,SUR,1981,6883.280619
pwt100-pib-per-capita-mapa,SUR,1982,6611.832343
pwt100-pib-per-capita-mapa,SUR,1983,6640.438867
pwt100-pib-per-capita-mapa,SUR,1984,6443.446837
pwt100-pib-per-capita-mapa,SUR,1985,7087.812863
pwt100-pib-per-capita-mapa,SUR,1986,6667.473682
pwt100-pib-per-capita-mapa,SUR,1987,5972.033356
pwt100-pib-per-capita-mapa,SUR,1988,6762.576846
pwt100-pib-per-capita-mapa,SUR,1989,6952.620961
pwt100-pib-per-capita-mapa,SUR,1990,6974.54585
pwt100-pib-per-capita-mapa,SUR,1991,7046.356979
pwt100-pib-per-capita-mapa,SUR,1992,7098.775134
pwt100-pib-per-capita-mapa,SUR,1993,6483.442539
pwt100-pib-per-capita-mapa,SUR,1994,6375.252633
pwt100-pib-per-capita-mapa,SUR,1995,5969.001269
pwt100-pib-per-capita-mapa,SUR,1996,7042.02227
pwt100-pib-per-capita-mapa,SUR,1997,7553.905353
pwt100-pib-per-capita-mapa,SUR,1998,7964.49092
pwt100-pib-per-capita-mapa,SUR,1999,6731.135159
pwt100-pib-per-capita-mapa,SUR,2000,7610.305307
pwt100-pib-per-capita-mapa,SUR,2001,7961.036353
pwt100-pib-per-capita-mapa,SUR,2002,8312.588455
pwt100-pib-per-capita-mapa,SUR,2003,9132.296974
pwt100-pib-per-capita-mapa,SUR,2004,9828.118164
pwt100-pib-per-capita-mapa,SUR,2005,10284.600287
pwt100-pib-per-capita-mapa,SUR,2006,11007.058299
pwt100-pib-per-capita-mapa,SUR,2007,11664.085685
pwt100-pib-per-capita-mapa,SUR,2008,12518.885663
pwt100-pib-per-capita-mapa,SUR,2009,13154.923815
pwt100-pib-per-capita-mapa,SUR,2010,14383.29629
pwt100-pib-per-capita-mapa,SUR,2011,15579.186254
pwt100-pib-per-capita-mapa,SUR,2012,16434.032445
pwt100-pib-per-capita-mapa,SUR,2013,16983.027682
pwt100-pib-per-capita-mapa,SUR,2014,16992.453672
pwt100-pib-per-capita-mapa,SUR,2015,15984.41932
pwt100-pib-per-capita-mapa,SUR,2016,13907.472899
pwt100-pib-per-capita-mapa,SUR,2017,15085.249009
pwt100-pib-per-capita-mapa,SUR,2018,15329.07608
pwt100-pib-per-capita-mapa,SUR,2019,15224.907565
pwt100-pib-per-capita-mapa,SVK,1990,18902.75524
pwt100-pib-per-capita-mapa,SVK,1991,14993.561926
pwt100-pib-per-capita-mapa,SVK,1992,13967.795611
pwt100-pib-per-capita-mapa,SVK,1993,14006.476083
pwt100-pib-per-capita-mapa,SVK,1994,14704.817369
pwt100-pib-per-capita-mapa,SVK,1995,15417.627145
pwt100-pib-per-capita-mapa,SVK,1996,15651.858068
pwt100-pib-per-capita-mapa,SVK,1997,16106.356994
pwt100-pib-per-capita-mapa,SVK,1998,16107.760809
pwt100-pib-per-capita-mapa,SVK,1999,15628.28988
pwt100-pib-per-capita-mapa,SVK,2000,16290.592042
pwt100-pib-per-capita-mapa,SVK,2001,16825.871281
pwt100-pib-per-capita-mapa,SVK,2002,17449.775035
pwt100-pib-per-capita-mapa,SVK,2003,18258.035224
pwt100-pib-per-capita-mapa,SVK,2004,18882.988359
pwt100-pib-per-capita-mapa,SVK,2005,20168.016525
pwt100-pib-per-capita-mapa,SVK,2006,22331.54101
pwt100-pib-per-capita-mapa,SVK,2007,24858.032163
pwt100-pib-per-capita-mapa,SVK,2008,27061.167171
pwt100-pib-per-capita-mapa,SVK,2009,26199.220796
pwt100-pib-per-capita-mapa,SVK,2010,28516.036854
pwt100-pib-per-capita-mapa,SVK,2011,28962.03889
pwt100-pib-per-capita-mapa,SVK,2012,29727.995694
pwt100-pib-per-capita-mapa,SVK,2013,29395.409787
pwt100-pib-per-capita-mapa,SVK,2014,30127.40274
pwt100-pib-per-capita-mapa,SVK,2015,31316.836438
pwt100-pib-per-capita-mapa,SVK,2016,30207.682148
pwt100-pib-per-capita-mapa,SVK,2017,30787.525354
pwt100-pib-per-capita-mapa,SVK,2018,31672.78511
pwt100-pib-per-capita-mapa,SVK,2019,32350.582063
pwt100-pib-per-capita-mapa,SVN,1990,21289.174933
pwt100-pib-per-capita-mapa,SVN,1991,18614.057434
pwt100-pib-per-capita-mapa,SVN,1992,17599.770181
pwt100-pib-per-capita-mapa,SVN,1993,18745.386439
pwt100-pib-per-capita-mapa,SVN,1994,20082.483017
pwt100-pib-per-capita-mapa,SVN,1995,21383.530343
pwt100-pib-per-capita-mapa,SVN,1996,22247.879988
pwt100-pib-per-capita-mapa,SVN,1997,22781.205659
pwt100-pib-per-capita-mapa,SVN,1998,23087.045367
pwt100-pib-per-capita-mapa,SVN,1999,23876.816342
pwt100-pib-per-capita-mapa,SVN,2000,24453.446466
pwt100-pib-per-capita-mapa,SVN,2001,24918.407597
pwt100-pib-per-capita-mapa,SVN,2002,25593.991019
pwt100-pib-per-capita-mapa,SVN,2003,26119.482027
pwt100-pib-per-capita-mapa,SVN,2004,27677.616649
pwt100-pib-per-capita-mapa,SVN,2005,28820.915718
pwt100-pib-per-capita-mapa,SVN,2006,30294.231571
pwt100-pib-per-capita-mapa,SVN,2007,32212.290575
pwt100-pib-per-capita-mapa,SVN,2008,33708.823661
pwt100-pib-per-capita-mapa,SVN,2009,31158.974067
pwt100-pib-per-capita-mapa,SVN,2010,31328.752535
pwt100-pib-per-capita-mapa,SVN,2011,32160.803955
pwt100-pib-per-capita-mapa,SVN,2012,31666.917007
pwt100-pib-per-capita-mapa,SVN,2013,31798.174994
pwt100-pib-per-capita-mapa,SVN,2014,32102.464893
pwt100-pib-per-capita-mapa,SVN,2015,33253.772181
pwt100-pib-per-capita-mapa,SVN,2016,34514.608875
pwt100-pib-per-capita-mapa,SVN,2017,36813.491322
pwt100-pib-per-capita-mapa,SVN,2018,38505.400237
pwt100-pib-per-capita-mapa,SVN,2019,39716.326046
pwt100-pib-per-capita-mapa,SWE,1950,10881.212654
pwt100-pib-per-capita-mapa,SWE,1951,11468.740798
pwt100-pib-per-capita-mapa,SWE,1952,11336.588767
pwt100-pib-per-capita-mapa,SWE,1953,11627.835959
pwt100-pib-per-capita-mapa,SWE,1954,12229.159738
pwt100-pib-per-capita-mapa,SWE,1955,12581.365726
pwt100-pib-per-capita-mapa,SWE,1956,12926.398097
pwt100-pib-per-capita-mapa,SWE,1957,13120.150973
pwt100-pib-per-capita-mapa,SWE,1958,13402.281215
pwt100-pib-per-capita-mapa,SWE,1959,14082.079042
pwt100-pib-per-capita-mapa,SWE,1960,14606.947243
pwt100-pib-per-capita-mapa,SWE,1961,15347.653402
pwt100-pib-per-capita-mapa,SWE,1962,15819.357316
pwt100-pib-per-capita-mapa,SWE,1963,16507.993894
pwt100-pib-per-capita-mapa,SWE,1964,17483.481033
pwt100-pib-per-capita-mapa,SWE,1965,18013.917637
pwt100-pib-per-capita-mapa,SWE,1966,18197.158433
pwt100-pib-per-capita-mapa,SWE,1967,18679.485572
pwt100-pib-per-capita-mapa,SWE,1968,19250.84066
pwt100-pib-per-capita-mapa,SWE,1969,20106.449816
pwt100-pib-per-capita-mapa,SWE,1970,21351.561115
pwt100-pib-per-capita-mapa,SWE,1971,21345.397773
pwt100-pib-per-capita-mapa,SWE,1972,21703.118798
pwt100-pib-per-capita-mapa,SWE,1973,22443.910308
pwt100-pib-per-capita-mapa,SWE,1974,22651.313215
pwt100-pib-per-capita-mapa,SWE,1975,23642.577958
pwt100-pib-per-capita-mapa,SWE,1976,23765.899129
pwt100-pib-per-capita-mapa,SWE,1977,22862.46795
pwt100-pib-per-capita-mapa,SWE,1978,22802.806
pwt100-pib-per-capita-mapa,SWE,1979,23597.666546
pwt100-pib-per-capita-mapa,SWE,1980,23642.653398
pwt100-pib-per-capita-mapa,SWE,1981,23594.503653
pwt100-pib-per-capita-mapa,SWE,1982,23662.777218
pwt100-pib-per-capita-mapa,SWE,1983,24049.142535
pwt100-pib-per-capita-mapa,SWE,1984,25300.362601
pwt100-pib-per-capita-mapa,SWE,1985,25879.42575
pwt100-pib-per-capita-mapa,SWE,1986,27064.680332
pwt100-pib-per-capita-mapa,SWE,1987,27971.358343
pwt100-pib-per-capita-mapa,SWE,1988,28873.182958
pwt100-pib-per-capita-mapa,SWE,1989,29871.197766
pwt100-pib-per-capita-mapa,SWE,1990,30084.179576
pwt100-pib-per-capita-mapa,SWE,1991,29759.391431
pwt100-pib-per-capita-mapa,SWE,1992,29397.087477
pwt100-pib-per-capita-mapa,SWE,1993,28133.775019
pwt100-pib-per-capita-mapa,SWE,1994,29734.93388
pwt100-pib-per-capita-mapa,SWE,1995,31609.106827
pwt100-pib-per-capita-mapa,SWE,1996,32205.26499
pwt100-pib-per-capita-mapa,SWE,1997,33807.598908
pwt100-pib-per-capita-mapa,SWE,1998,35786.794988
pwt100-pib-per-capita-mapa,SWE,1999,38007.094477
pwt100-pib-per-capita-mapa,SWE,2000,39866.69762
pwt100-pib-per-capita-mapa,SWE,2001,39080.045608
pwt100-pib-per-capita-mapa,SWE,2002,38686.280997
pwt100-pib-per-capita-mapa,SWE,2003,38982.502361
pwt100-pib-per-capita-mapa,SWE,2004,40215.396872
pwt100-pib-per-capita-mapa,SWE,2005,40381.278902
pwt100-pib-per-capita-mapa,SWE,2006,43390.951022
pwt100-pib-per-capita-mapa,SWE,2007,46827.21409
pwt100-pib-per-capita-mapa,SWE,2008,47215.99018
pwt100-pib-per-capita-mapa,SWE,2009,44770.60748
pwt100-pib-per-capita-mapa,SWE,2010,46720.12391
pwt100-pib-per-capita-mapa,SWE,2011,49161.159209
pwt100-pib-per-capita-mapa,SWE,2012,49159.831636
pwt100-pib-per-capita-mapa,SWE,2013,49372.139873
pwt100-pib-per-capita-mapa,SWE,2014,49663.955481
pwt100-pib-per-capita-mapa,SWE,2015,52431.745682
pwt100-pib-per-capita-mapa,SWE,2016,53319.292829
pwt100-pib-per-capita-mapa,SWE,2017,54981.66639
pwt100-pib-per-capita-mapa,SWE,2018,55389.802809
pwt100-pib-per-capita-mapa,SWE,2019,55892.717882
pwt100-pib-per-capita-mapa,SWZ,1970,2721.900223
pwt100-pib-per-capita-mapa,SWZ,1971,3098.297605
pwt100-pib-per-capita-mapa,SWZ,1972,3661.376481
pwt100-pib-per-capita-mapa,SWZ,1973,3503.573021
pwt100-pib-per-capita-mapa,SWZ,1974,3482.024633
pwt100-pib-per-capita-mapa,SWZ,1975,4281.541169
pwt100-pib-per-capita-mapa,SWZ,1976,4732.358417
pwt100-pib-per-capita-mapa,SWZ,1977,4557.388908
pwt100-pib-per-capita-mapa,SWZ,1978,4193.824704
pwt100-pib-per-capita-mapa,SWZ,1979,4056.022862
pwt100-pib-per-capita-mapa,SWZ,1980,4194.312913
pwt100-pib-per-capita-mapa,SWZ,1981,4414.178314
pwt100-pib-per-capita-mapa,SWZ,1982,4365.496544
pwt100-pib-per-capita-mapa,SWZ,1983,4543.781939
pwt100-pib-per-capita-mapa,SWZ,1984,4404.088774
pwt100-pib-per-capita-mapa,SWZ,1985,4364.834715
pwt100-pib-per-capita-mapa,SWZ,1986,5121.551696
pwt100-pib-per-capita-mapa,SWZ,1987,5961.321367
pwt100-pib-per-capita-mapa,SWZ,1988,5902.491677
pwt100-pib-per-capita-mapa,SWZ,1989,5901.649329
pwt100-pib-per-capita-mapa,SWZ,1990,6642.959479
pwt100-pib-per-capita-mapa,SWZ,1991,6801.603934
pwt100-pib-per-capita-mapa,SWZ,1992,6963.788811
pwt100-pib-per-capita-mapa,SWZ,1993,7528.652482
pwt100-pib-per-capita-mapa,SWZ,1994,7573.993638
pwt100-pib-per-capita-mapa,SWZ,1995,8486.763502
pwt100-pib-per-capita-mapa,SWZ,1996,8886.093053
pwt100-pib-per-capita-mapa,SWZ,1997,8589.147285
pwt100-pib-per-capita-mapa,SWZ,1998,8191.144465
pwt100-pib-per-capita-mapa,SWZ,1999,7866.921236
pwt100-pib-per-capita-mapa,SWZ,2000,8360.967322
pwt100-pib-per-capita-mapa,SWZ,2001,8088.617319
pwt100-pib-per-capita-mapa,SWZ,2002,7932.189061
pwt100-pib-per-capita-mapa,SWZ,2003,7858.074101
pwt100-pib-per-capita-mapa,SWZ,2004,7876.849524
pwt100-pib-per-capita-mapa,SWZ,2005,8274.919252
pwt100-pib-per-capita-mapa,SWZ,2006,8621.018181
pwt100-pib-per-capita-mapa,SWZ,2007,8637.327279
pwt100-pib-per-capita-mapa,SWZ,2008,8344.032678
pwt100-pib-per-capita-mapa,SWZ,2009,8669.001129
pwt100-pib-per-capita-mapa,SWZ,2010,8826.633354
pwt100-pib-per-capita-mapa,SWZ,2011,8872.740034
pwt100-pib-per-capita-mapa,SWZ,2012,9142.766096
pwt100-pib-per-capita-mapa,SWZ,2013,9246.449098
pwt100-pib-per-capita-mapa,SWZ,2014,9154.902328
pwt100-pib-per-capita-mapa,SWZ,2015,9224.333734
pwt100-pib-per-capita-mapa,SWZ,2016,9010.930383
pwt100-pib-per-capita-mapa,SWZ,2017,8750.60184
pwt100-pib-per-capita-mapa,SWZ,2018,9094.188595
pwt100-pib-per-capita-mapa,SWZ,2019,8434.862219
pwt100-pib-per-capita-mapa,SXM,2005,34840.449567
pwt100-pib-per-capita-mapa,SXM,2006,36617.848811
pwt100-pib-per-capita-mapa,SXM,2007,38250.100016
pwt100-pib-per-capita-mapa,SXM,2008,38631.641905
pwt100-pib-per-capita-mapa,SXM,2009,38354.396409
pwt100-pib-per-capita-mapa,SXM,2010,38113.786308
pwt100-pib-per-capita-mapa,SXM,2011,37190.897968
pwt100-pib-per-capita-mapa,SXM,2012,35596.45897
pwt100-pib-per-capita-mapa,SXM,2013,34464.80189
pwt100-pib-per-capita-mapa,SXM,2014,33809.397713
pwt100-pib-per-capita-mapa,SXM,2015,33371.518382
pwt100-pib-per-capita-mapa,SXM,2016,32816.692652
pwt100-pib-per-capita-mapa,SXM,2017,30328.982379
pwt100-pib-per-capita-mapa,SXM,2018,34921.763815
pwt100-pib-per-capita-mapa,SXM,2019,35670.282706
pwt100-pib-per-capita-mapa,SYC,1960,6472.481224
pwt100-pib-per-capita-mapa,SYC,1961,6255.891846
pwt100-pib-per-capita-mapa,SYC,1962,6466.234571
pwt100-pib-per-capita-mapa,SYC,1963,6852.567322
pwt100-pib-per-capita-mapa,SYC,1964,7286.991764
pwt100-pib-per-capita-mapa,SYC,1965,6611.384098
pwt100-pib-per-capita-mapa,SYC,1966,6176.106165
pwt100-pib-per-capita-mapa,SYC,1967,6340.815233
pwt100-pib-per-capita-mapa,SYC,1968,7457.794364
pwt100-pib-per-capita-mapa,SYC,1969,6305.631258
pwt100-pib-per-capita-mapa,SYC,1970,7830.454602
pwt100-pib-per-capita-mapa,SYC,1971,8851.744276
pwt100-pib-per-capita-mapa,SYC,1972,9188.58995
pwt100-pib-per-capita-mapa,SYC,1973,9675.569948
pwt100-pib-per-capita-mapa,SYC,1974,9630.592333
pwt100-pib-per-capita-mapa,SYC,1975,9744.76334
pwt100-pib-per-capita-mapa,SYC,1976,10619.715239
pwt100-pib-per-capita-mapa,SYC,1977,12013.657354
pwt100-pib-per-capita-mapa,SYC,1978,12746.19648
pwt100-pib-per-capita-mapa,SYC,1979,14185.626389
pwt100-pib-per-capita-mapa,SYC,1980,11920.161225
pwt100-pib-per-capita-mapa,SYC,1981,11107.26572
pwt100-pib-per-capita-mapa,SYC,1982,9802.988672
pwt100-pib-per-capita-mapa,SYC,1983,10704.60749
pwt100-pib-per-capita-mapa,SYC,1984,11682.587664
pwt100-pib-per-capita-mapa,SYC,1985,12191.347992
pwt100-pib-per-capita-mapa,SYC,1986,11847.985981
pwt100-pib-per-capita-mapa,SYC,1987,14060.629661
pwt100-pib-per-capita-mapa,SYC,1988,14806.820641
pwt100-pib-per-capita-mapa,SYC,1989,15906.953528
pwt100-pib-per-capita-mapa,SYC,1990,17353.461656
pwt100-pib-per-capita-mapa,SYC,1991,17310.233671
pwt100-pib-per-capita-mapa,SYC,1992,18139.992865
pwt100-pib-per-capita-mapa,SYC,1993,20234.072729
pwt100-pib-per-capita-mapa,SYC,1994,20767.148808
pwt100-pib-per-capita-mapa,SYC,1995,19227.810936
pwt100-pib-per-capita-mapa,SYC,1996,20305.394518
pwt100-pib-per-capita-mapa,SYC,1997,22338.016567
pwt100-pib-per-capita-mapa,SYC,1998,22380.831559
pwt100-pib-per-capita-mapa,SYC,1999,22539.642959
pwt100-pib-per-capita-mapa,SYC,2000,23251.167797
pwt100-pib-per-capita-mapa,SYC,2001,21069.772294
pwt100-pib-per-capita-mapa,SYC,2002,22620.793175
pwt100-pib-per-capita-mapa,SYC,2003,20612.648436
pwt100-pib-per-capita-mapa,SYC,2004,17386.847568
pwt100-pib-per-capita-mapa,SYC,2005,19477.185333
pwt100-pib-per-capita-mapa,SYC,2006,21770.878766
pwt100-pib-per-capita-mapa,SYC,2007,23476.906456
pwt100-pib-per-capita-mapa,SYC,2008,20222.647969
pwt100-pib-per-capita-mapa,SYC,2009,18398.439597
pwt100-pib-per-capita-mapa,SYC,2010,20887.281249
pwt100-pib-per-capita-mapa,SYC,2011,23083.959356
pwt100-pib-per-capita-mapa,SYC,2012,23914.732004
pwt100-pib-per-capita-mapa,SYC,2013,23858.777529
pwt100-pib-per-capita-mapa,SYC,2014,24839.517348
pwt100-pib-per-capita-mapa,SYC,2015,25763.611767
pwt100-pib-per-capita-mapa,SYC,2016,27136.456218
pwt100-pib-per-capita-mapa,SYC,2017,27786.303942
pwt100-pib-per-capita-mapa,SYC,2018,28950.699002
pwt100-pib-per-capita-mapa,SYC,2019,31038.501715
pwt100-pib-per-capita-mapa,SYR,1960,2204.277842
pwt100-pib-per-capita-mapa,SYR,1961,2323.724458
pwt100-pib-per-capita-mapa,SYR,1962,2796.619499
pwt100-pib-per-capita-mapa,SYR,1963,2191.150364
pwt100-pib-per-capita-mapa,SYR,1964,3025.727163
pwt100-pib-per-capita-mapa,SYR,1965,2955.569195
pwt100-pib-per-capita-mapa,SYR,1966,2567.628
pwt100-pib-per-capita-mapa,SYR,1967,2856.944836
pwt100-pib-per-capita-mapa,SYR,1968,2889.643596
pwt100-pib-per-capita-mapa,SYR,1969,3425.039118
pwt100-pib-per-capita-mapa,SYR,1970,3574.834153
pwt100-pib-per-capita-mapa,SYR,1971,3835.718092
pwt100-pib-per-capita-mapa,SYR,1972,4575.574069
pwt100-pib-per-capita-mapa,SYR,1973,4033.52246
pwt100-pib-per-capita-mapa,SYR,1974,4989.941203
pwt100-pib-per-capita-mapa,SYR,1975,5557.166162
pwt100-pib-per-capita-mapa,SYR,1976,4754.550895
pwt100-pib-per-capita-mapa,SYR,1977,3943.131529
pwt100-pib-per-capita-mapa,SYR,1978,3637.205996
pwt100-pib-per-capita-mapa,SYR,1979,3266.429356
pwt100-pib-per-capita-mapa,SYR,1980,3100.185346
pwt100-pib-per-capita-mapa,SYR,1981,2892.819113
pwt100-pib-per-capita-mapa,SYR,1982,2675.575354
pwt100-pib-per-capita-mapa,SYR,1983,2365.880373
pwt100-pib-per-capita-mapa,SYR,1984,2120.349313
pwt100-pib-per-capita-mapa,SYR,1985,2048.531364
pwt100-pib-per-capita-mapa,SYR,1986,1782.073887
pwt100-pib-per-capita-mapa,SYR,1987,1613.941454
pwt100-pib-per-capita-mapa,SYR,1988,1651.472763
pwt100-pib-per-capita-mapa,SYR,1989,1474.684842
pwt100-pib-per-capita-mapa,SYR,1990,1354.853181
pwt100-pib-per-capita-mapa,SYR,1991,1215.241538
pwt100-pib-per-capita-mapa,SYR,1992,1217.587513
pwt100-pib-per-capita-mapa,SYR,1993,1131.146448
pwt100-pib-per-capita-mapa,SYR,1994,1060.592801
pwt100-pib-per-capita-mapa,SYR,1995,1101.95747
pwt100-pib-per-capita-mapa,SYR,1996,1077.273824
pwt100-pib-per-capita-mapa,SYR,1997,1201.172732
pwt100-pib-per-capita-mapa,SYR,1998,1355.132434
pwt100-pib-per-capita-mapa,SYR,1999,1420.811833
pwt100-pib-per-capita-mapa,SYR,2000,1716.888231
pwt100-pib-per-capita-mapa,SYR,2001,1936.131075
pwt100-pib-per-capita-mapa,SYR,2002,2377.493502
pwt100-pib-per-capita-mapa,SYR,2003,2886.925074
pwt100-pib-per-capita-mapa,SYR,2004,3965.175838
pwt100-pib-per-capita-mapa,SYR,2005,5871.09385
pwt100-pib-per-capita-mapa,SYR,2006,5528.011882
pwt100-pib-per-capita-mapa,SYR,2007,5655.536714
pwt100-pib-per-capita-mapa,SYR,2008,5753.353891
pwt100-pib-per-capita-mapa,SYR,2009,5747.247399
pwt100-pib-per-capita-mapa,SYR,2010,6203.991724
pwt100-pib-per-capita-mapa,SYR,2011,6219.556849
pwt100-pib-per-capita-mapa,SYR,2012,5311.378102
pwt100-pib-per-capita-mapa,SYR,2013,4532.075054
pwt100-pib-per-capita-mapa,SYR,2014,4774.147562
pwt100-pib-per-capita-mapa,SYR,2015,4875.933471
pwt100-pib-per-capita-mapa,SYR,2016,5000.25094
pwt100-pib-per-capita-mapa,SYR,2017,5148.964039
pwt100-pib-per-capita-mapa,SYR,2018,5391.074832
pwt100-pib-per-capita-mapa,SYR,2019,5673.963804
pwt100-pib-per-capita-mapa,TCA,1970,3486.350513
pwt100-pib-per-capita-mapa,TCA,1971,3773.201013
pwt100-pib-per-capita-mapa,TCA,1972,4048.759023
pwt100-pib-per-capita-mapa,TCA,1973,4323.491555
pwt100-pib-per-capita-mapa,TCA,1974,4617.489795
pwt100-pib-per-capita-mapa,TCA,1975,4941.537158
pwt100-pib-per-capita-mapa,TCA,1976,5323.43532
pwt100-pib-per-capita-mapa,TCA,1977,5740.867121
pwt100-pib-per-capita-mapa,TCA,1978,6192.663835
pwt100-pib-per-capita-mapa,TCA,1979,6648.53129
pwt100-pib-per-capita-mapa,TCA,1980,7097.176558
pwt100-pib-per-capita-mapa,TCA,1981,7521.036284
pwt100-pib-per-capita-mapa,TCA,1982,7914.549103
pwt100-pib-per-capita-mapa,TCA,1983,8325.798021
pwt100-pib-per-capita-mapa,TCA,1984,8786.689691
pwt100-pib-per-capita-mapa,TCA,1985,9321.076939
pwt100-pib-per-capita-mapa,TCA,1986,9925.974144
pwt100-pib-per-capita-mapa,TCA,1987,10583.491967
pwt100-pib-per-capita-mapa,TCA,1988,11328.889521
pwt100-pib-per-capita-mapa,TCA,1989,12100.649161
pwt100-pib-per-capita-mapa,TCA,1990,12766.593257
pwt100-pib-per-capita-mapa,TCA,1991,13302.985348
pwt100-pib-per-capita-mapa,TCA,1992,13633.683254
pwt100-pib-per-capita-mapa,TCA,1993,14401.684414
pwt100-pib-per-capita-mapa,TCA,1994,15461.575368
pwt100-pib-per-capita-mapa,TCA,1995,15798.424757
pwt100-pib-per-capita-mapa,TCA,1996,16267.948
pwt100-pib-per-capita-mapa,TCA,1997,16828.238947
pwt100-pib-per-capita-mapa,TCA,1998,17852.525431
pwt100-pib-per-capita-mapa,TCA,1999,18545.412974
pwt100-pib-per-capita-mapa,TCA,2000,18547.319936
pwt100-pib-per-capita-mapa,TCA,2001,18380.37106
pwt100-pib-per-capita-mapa,TCA,2002,19749.114664
pwt100-pib-per-capita-mapa,TCA,2003,20080.020992
pwt100-pib-per-capita-mapa,TCA,2004,21058.678788
pwt100-pib-per-capita-mapa,TCA,2005,22912.11466
pwt100-pib-per-capita-mapa,TCA,2006,25915.374501
pwt100-pib-per-capita-mapa,TCA,2007,26480.409372
pwt100-pib-per-capita-mapa,TCA,2008,27987.009531
pwt100-pib-per-capita-mapa,TCA,2009,21989.129664
pwt100-pib-per-capita-mapa,TCA,2010,21888.989871
pwt100-pib-per-capita-mapa,TCA,2011,22324.033105
pwt100-pib-per-capita-mapa,TCA,2012,21386.829117
pwt100-pib-per-capita-mapa,TCA,2013,21471.915259
pwt100-pib-per-capita-mapa,TCA,2014,23438.51987
pwt100-pib-per-capita-mapa,TCA,2015,25623.736177
pwt100-pib-per-capita-mapa,TCA,2016,27528.439822
pwt100-pib-per-capita-mapa,TCA,2017,27710.04974
pwt100-pib-per-capita-mapa,TCA,2018,28846.341073
pwt100-pib-per-capita-mapa,TCA,2019,29968.512629
pwt100-pib-per-capita-mapa,TCD,1960,1462.407573
pwt100-pib-per-capita-mapa,TCD,1961,1508.303636
pwt100-pib-per-capita-mapa,TCD,1962,1695.619869
pwt100-pib-per-capita-mapa,TCD,1963,1527.710094
pwt100-pib-per-capita-mapa,TCD,1964,1513.636976
pwt100-pib-per-capita-mapa,TCD,1965,1562.498931
pwt100-pib-per-capita-mapa,TCD,1966,1460.772237
pwt100-pib-per-capita-mapa,TCD,1967,1382.202284
pwt100-pib-per-capita-mapa,TCD,1968,1353.858928
pwt100-pib-per-capita-mapa,TCD,1969,1341.151273
pwt100-pib-per-capita-mapa,TCD,1970,1399.747338
pwt100-pib-per-capita-mapa,TCD,1971,1402.440745
pwt100-pib-per-capita-mapa,TCD,1972,1261.485205
pwt100-pib-per-capita-mapa,TCD,1973,1143.059266
pwt100-pib-per-capita-mapa,TCD,1974,1282.713444
pwt100-pib-per-capita-mapa,TCD,1975,1446.188916
pwt100-pib-per-capita-mapa,TCD,1976,1418.595078
pwt100-pib-per-capita-mapa,TCD,1977,1328.051268
pwt100-pib-per-capita-mapa,TCD,1978,1289.710694
pwt100-pib-per-capita-mapa,TCD,1979,1041.232307
pwt100-pib-per-capita-mapa,TCD,1980,957.966208
pwt100-pib-per-capita-mapa,TCD,1981,836.764791
pwt100-pib-per-capita-mapa,TCD,1982,863.290883
pwt100-pib-per-capita-mapa,TCD,1983,1130.451817
pwt100-pib-per-capita-mapa,TCD,1984,1165.649283
pwt100-pib-per-capita-mapa,TCD,1985,1212.912753
pwt100-pib-per-capita-mapa,TCD,1986,1165.094408
pwt100-pib-per-capita-mapa,TCD,1987,1154.812475
pwt100-pib-per-capita-mapa,TCD,1988,1223.517263
pwt100-pib-per-capita-mapa,TCD,1989,1223.622451
pwt100-pib-per-capita-mapa,TCD,1990,1209.953203
pwt100-pib-per-capita-mapa,TCD,1991,1219.835261
pwt100-pib-per-capita-mapa,TCD,1992,1193.171558
pwt100-pib-per-capita-mapa,TCD,1993,1140.96884
pwt100-pib-per-capita-mapa,TCD,1994,1153.311298
pwt100-pib-per-capita-mapa,TCD,1995,1142.981886
pwt100-pib-per-capita-mapa,TCD,1996,1089.915656
pwt100-pib-per-capita-mapa,TCD,1997,1187.231051
pwt100-pib-per-capita-mapa,TCD,1998,1141.25856
pwt100-pib-per-capita-mapa,TCD,1999,1128.510023
pwt100-pib-per-capita-mapa,TCD,2000,1049.63872
pwt100-pib-per-capita-mapa,TCD,2001,1048.509909
pwt100-pib-per-capita-mapa,TCD,2002,779.248104
pwt100-pib-per-capita-mapa,TCD,2003,891.306809
pwt100-pib-per-capita-mapa,TCD,2004,1296.181451
pwt100-pib-per-capita-mapa,TCD,2005,1567.864586
pwt100-pib-per-capita-mapa,TCD,2006,1625.888082
pwt100-pib-per-capita-mapa,TCD,2007,1748.497064
pwt100-pib-per-capita-mapa,TCD,2008,1782.857536
pwt100-pib-per-capita-mapa,TCD,2009,1619.074081
pwt100-pib-per-capita-mapa,TCD,2010,2105.344131
pwt100-pib-per-capita-mapa,TCD,2011,1990.275645
pwt100-pib-per-capita-mapa,TCD,2012,2066.445894
pwt100-pib-per-capita-mapa,TCD,2013,1723.270252
pwt100-pib-per-capita-mapa,TCD,2014,1745.792709
pwt100-pib-per-capita-mapa,TCD,2015,1953.281959
pwt100-pib-per-capita-mapa,TCD,2016,1683.359439
pwt100-pib-per-capita-mapa,TCD,2017,1590.738201
pwt100-pib-per-capita-mapa,TCD,2018,1635.320836
pwt100-pib-per-capita-mapa,TCD,2019,1608.378059
pwt100-pib-per-capita-mapa,TGO,1960,1148.18102
pwt100-pib-per-capita-mapa,TGO,1961,1214.774178
pwt100-pib-per-capita-mapa,TGO,1962,1209.417272
pwt100-pib-per-capita-mapa,TGO,1963,1269.102326
pwt100-pib-per-capita-mapa,TGO,1964,1424.902231
pwt100-pib-per-capita-mapa,TGO,1965,1570.68243
pwt100-pib-per-capita-mapa,TGO,1966,1720.424373
pwt100-pib-per-capita-mapa,TGO,1967,1754.750817
pwt100-pib-per-capita-mapa,TGO,1968,1797.040837
pwt100-pib-per-capita-mapa,TGO,1969,1926.375819
pwt100-pib-per-capita-mapa,TGO,1970,1822.976492
pwt100-pib-per-capita-mapa,TGO,1971,1861.209824
pwt100-pib-per-capita-mapa,TGO,1972,1839.329965
pwt100-pib-per-capita-mapa,TGO,1973,1770.277388
pwt100-pib-per-capita-mapa,TGO,1974,2253.548806
pwt100-pib-per-capita-mapa,TGO,1975,1844.632776
pwt100-pib-per-capita-mapa,TGO,1976,1777.444457
pwt100-pib-per-capita-mapa,TGO,1977,2095.275143
pwt100-pib-per-capita-mapa,TGO,1978,2235.001356
pwt100-pib-per-capita-mapa,TGO,1979,2221.594917
pwt100-pib-per-capita-mapa,TGO,1980,2108.565191
pwt100-pib-per-capita-mapa,TGO,1981,1799.626967
pwt100-pib-per-capita-mapa,TGO,1982,1754.051273
pwt100-pib-per-capita-mapa,TGO,1983,1599.842702
pwt100-pib-per-capita-mapa,TGO,1984,1574.509385
pwt100-pib-per-capita-mapa,TGO,1985,1550.891583
pwt100-pib-per-capita-mapa,TGO,1986,1558.589095
pwt100-pib-per-capita-mapa,TGO,1987,1484.19799
pwt100-pib-per-capita-mapa,TGO,1988,1641.604372
pwt100-pib-per-capita-mapa,TGO,1989,1614.158061
pwt100-pib-per-capita-mapa,TGO,1990,1761.28152
pwt100-pib-per-capita-mapa,TGO,1991,1628.36522
pwt100-pib-per-capita-mapa,TGO,1992,1570.544708
pwt100-pib-per-capita-mapa,TGO,1993,1285.977253
pwt100-pib-per-capita-mapa,TGO,1994,1420.105862
pwt100-pib-per-capita-mapa,TGO,1995,1395.816442
pwt100-pib-per-capita-mapa,TGO,1996,1586.167376
pwt100-pib-per-capita-mapa,TGO,1997,1665.757679
pwt100-pib-per-capita-mapa,TGO,1998,1433.611305
pwt100-pib-per-capita-mapa,TGO,1999,1512.420971
pwt100-pib-per-capita-mapa,TGO,2000,1405.601547
pwt100-pib-per-capita-mapa,TGO,2001,1374.361537
pwt100-pib-per-capita-mapa,TGO,2002,1398.622609
pwt100-pib-per-capita-mapa,TGO,2003,1442.595083
pwt100-pib-per-capita-mapa,TGO,2004,1365.426219
pwt100-pib-per-capita-mapa,TGO,2005,1257.537138
pwt100-pib-per-capita-mapa,TGO,2006,1237.015939
pwt100-pib-per-capita-mapa,TGO,2007,1195.008924
pwt100-pib-per-capita-mapa,TGO,2008,1207.545725
pwt100-pib-per-capita-mapa,TGO,2009,1227.76019
pwt100-pib-per-capita-mapa,TGO,2010,1259.484304
pwt100-pib-per-capita-mapa,TGO,2011,1356.850861
pwt100-pib-per-capita-mapa,TGO,2012,1453.934962
pwt100-pib-per-capita-mapa,TGO,2013,1544.721331
pwt100-pib-per-capita-mapa,TGO,2014,1667.832349
pwt100-pib-per-capita-mapa,TGO,2015,1823.505694
pwt100-pib-per-capita-mapa,TGO,2016,1980.678936
pwt100-pib-per-capita-mapa,TGO,2017,2009.288474
pwt100-pib-per-capita-mapa,TGO,2018,2089.698051
pwt100-pib-per-capita-mapa,TGO,2019,2178.737212
pwt100-pib-per-capita-mapa,THA,1950,1166.978832
pwt100-pib-per-capita-mapa,THA,1951,1129.070512
pwt100-pib-per-capita-mapa,THA,1952,1073.290038
pwt100-pib-per-capita-mapa,THA,1953,973.563416
pwt100-pib-per-capita-mapa,THA,1954,1017.901218
pwt100-pib-per-capita-mapa,THA,1955,944.290525
pwt100-pib-per-capita-mapa,THA,1956,959.285602
pwt100-pib-per-capita-mapa,THA,1957,1041.53665
pwt100-pib-per-capita-mapa,THA,1958,1039.078153
pwt100-pib-per-capita-mapa,THA,1959,1119.282454
pwt100-pib-per-capita-mapa,THA,1960,1214.723473
pwt100-pib-per-capita-mapa,THA,1961,1258.717682
pwt100-pib-per-capita-mapa,THA,1962,1274.564667
pwt100-pib-per-capita-mapa,THA,1963,1315.594008
pwt100-pib-per-capita-mapa,THA,1964,1392.559547
pwt100-pib-per-capita-mapa,THA,1965,1497.889585
pwt100-pib-per-capita-mapa,THA,1966,1656.650182
pwt100-pib-per-capita-mapa,THA,1967,1672.268047
pwt100-pib-per-capita-mapa,THA,1968,1731.052892
pwt100-pib-per-capita-mapa,THA,1969,1851.879779
pwt100-pib-per-capita-mapa,THA,1970,2438.727811
pwt100-pib-per-capita-mapa,THA,1971,2460.415908
pwt100-pib-per-capita-mapa,THA,1972,2524.060208
pwt100-pib-per-capita-mapa,THA,1973,2736.690041
pwt100-pib-per-capita-mapa,THA,1974,2708.951167
pwt100-pib-per-capita-mapa,THA,1975,2725.158068
pwt100-pib-per-capita-mapa,THA,1976,2933.901144
pwt100-pib-per-capita-mapa,THA,1977,3134.974462
pwt100-pib-per-capita-mapa,THA,1978,3379.351623
pwt100-pib-per-capita-mapa,THA,1979,3479.230346
pwt100-pib-per-capita-mapa,THA,1980,3504.021573
pwt100-pib-per-capita-mapa,THA,1981,3606.772477
pwt100-pib-per-capita-mapa,THA,1982,3704.890239
pwt100-pib-per-capita-mapa,THA,1983,3803.823788
pwt100-pib-per-capita-mapa,THA,1984,4003.156442
pwt100-pib-per-capita-mapa,THA,1985,4106.036894
pwt100-pib-per-capita-mapa,THA,1986,4173.951223
pwt100-pib-per-capita-mapa,THA,1987,4397.795508
pwt100-pib-per-capita-mapa,THA,1988,4755.860684
pwt100-pib-per-capita-mapa,THA,1989,5103.235832
pwt100-pib-per-capita-mapa,THA,1990,5452.215838
pwt100-pib-per-capita-mapa,THA,1991,5838.413237
pwt100-pib-per-capita-mapa,THA,1992,6490.032519
pwt100-pib-per-capita-mapa,THA,1993,7047.3556
pwt100-pib-per-capita-mapa,THA,1994,7736.793738
pwt100-pib-per-capita-mapa,THA,1995,8614.850708
pwt100-pib-per-capita-mapa,THA,1996,9403.390587
pwt100-pib-per-capita-mapa,THA,1997,8767.640186
pwt100-pib-per-capita-mapa,THA,1998,7865.263496
pwt100-pib-per-capita-mapa,THA,1999,7876.835971
pwt100-pib-per-capita-mapa,THA,2000,8019.191335
pwt100-pib-per-capita-mapa,THA,2001,8079.108071
pwt100-pib-per-capita-mapa,THA,2002,8640.13795
pwt100-pib-per-capita-mapa,THA,2003,9274.309531
pwt100-pib-per-capita-mapa,THA,2004,9881.666596
pwt100-pib-per-capita-mapa,THA,2005,10293.42962
pwt100-pib-per-capita-mapa,THA,2006,11096.548536
pwt100-pib-per-capita-mapa,THA,2007,12019.420042
pwt100-pib-per-capita-mapa,THA,2008,12365.892559
pwt100-pib-per-capita-mapa,THA,2009,12874.571131
pwt100-pib-per-capita-mapa,THA,2010,14239.361765
pwt100-pib-per-capita-mapa,THA,2011,14646.650776
pwt100-pib-per-capita-mapa,THA,2012,15821.92864
pwt100-pib-per-capita-mapa,THA,2013,15868.481159
pwt100-pib-per-capita-mapa,THA,2014,15690.247671
pwt100-pib-per-capita-mapa,THA,2015,16126.373584
pwt100-pib-per-capita-mapa,THA,2016,16560.783145
pwt100-pib-per-capita-mapa,THA,2017,16933.750071
pwt100-pib-per-capita-mapa,THA,2018,17224.600626
pwt100-pib-per-capita-mapa,THA,2019,17558.294881
pwt100-pib-per-capita-mapa,TJK,1990,6920.613476
pwt100-pib-per-capita-mapa,TJK,1991,6694.594398
pwt100-pib-per-capita-mapa,TJK,1992,3420.076991
pwt100-pib-per-capita-mapa,TJK,1993,3130.167301
pwt100-pib-per-capita-mapa,TJK,1994,2318.064393
pwt100-pib-per-capita-mapa,TJK,1995,2191.320086
pwt100-pib-per-capita-mapa,TJK,1996,1639.094672
pwt100-pib-per-capita-mapa,TJK,1997,1772.490855
pwt100-pib-per-capita-mapa,TJK,1998,1516.025325
pwt100-pib-per-capita-mapa,TJK,1999,1285.024538
pwt100-pib-per-capita-mapa,TJK,2000,1310.917681
pwt100-pib-per-capita-mapa,TJK,2001,1384.363868
pwt100-pib-per-capita-mapa,TJK,2002,1523.422074
pwt100-pib-per-capita-mapa,TJK,2003,1704.552479
pwt100-pib-per-capita-mapa,TJK,2004,1864.135918
pwt100-pib-per-capita-mapa,TJK,2005,1920.69154
pwt100-pib-per-capita-mapa,TJK,2006,2037.326412
pwt100-pib-per-capita-mapa,TJK,2007,2151.565687
pwt100-pib-per-capita-mapa,TJK,2008,2066.463425
pwt100-pib-per-capita-mapa,TJK,2009,2178.790505
pwt100-pib-per-capita-mapa,TJK,2010,2477.374744
pwt100-pib-per-capita-mapa,TJK,2011,2642.896301
pwt100-pib-per-capita-mapa,TJK,2012,3001.742209
pwt100-pib-per-capita-mapa,TJK,2013,2847.322997
pwt100-pib-per-capita-mapa,TJK,2014,3338.533492
pwt100-pib-per-capita-mapa,TJK,2015,2801.867513
pwt100-pib-per-capita-mapa,TJK,2016,2832.709252
pwt100-pib-per-capita-mapa,TJK,2017,3339.019574
pwt100-pib-per-capita-mapa,TJK,2018,3135.059602
pwt100-pib-per-capita-mapa,TJK,2019,3303.881095
pwt100-pib-per-capita-mapa,TKM,1990,11612.363113
pwt100-pib-per-capita-mapa,TKM,1991,10677.608402
pwt100-pib-per-capita-mapa,TKM,1992,8880.302401
pwt100-pib-per-capita-mapa,TKM,1993,9821.565423
pwt100-pib-per-capita-mapa,TKM,1994,6725.660104
pwt100-pib-per-capita-mapa,TKM,1995,6227.274012
pwt100-pib-per-capita-mapa,TKM,1996,6366.793918
pwt100-pib-per-capita-mapa,TKM,1997,6010.524461
pwt100-pib-per-capita-mapa,TKM,1998,6568.398373
pwt100-pib-per-capita-mapa,TKM,1999,7083.789923
pwt100-pib-per-capita-mapa,TKM,2000,8923.625865
pwt100-pib-per-capita-mapa,TKM,2001,8168.703467
pwt100-pib-per-capita-mapa,TKM,2002,8360.342919
pwt100-pib-per-capita-mapa,TKM,2003,8418.744703
pwt100-pib-per-capita-mapa,TKM,2004,8766.649986
pwt100-pib-per-capita-mapa,TKM,2005,10705.824629
pwt100-pib-per-capita-mapa,TKM,2006,11864.54159
pwt100-pib-per-capita-mapa,TKM,2007,12299.615818
pwt100-pib-per-capita-mapa,TKM,2008,12243.828283
pwt100-pib-per-capita-mapa,TKM,2009,14769.34399
pwt100-pib-per-capita-mapa,TKM,2010,16039.625663
pwt100-pib-per-capita-mapa,TKM,2011,17701.363502
pwt100-pib-per-capita-mapa,TKM,2012,18849.096651
pwt100-pib-per-capita-mapa,TKM,2013,20879.045711
pwt100-pib-per-capita-mapa,TKM,2014,22451.673397
pwt100-pib-per-capita-mapa,TKM,2015,23402.620004
pwt100-pib-per-capita-mapa,TKM,2016,24558.011772
pwt100-pib-per-capita-mapa,TKM,2017,25785.142771
pwt100-pib-per-capita-mapa,TKM,2018,26930.435586
pwt100-pib-per-capita-mapa,TKM,2019,27329.887688
pwt100-pib-per-capita-mapa,TTO,1950,4442.636371
pwt100-pib-per-capita-mapa,TTO,1951,4795.566358
pwt100-pib-per-capita-mapa,TTO,1952,4820.143355
pwt100-pib-per-capita-mapa,TTO,1953,5313.363662
pwt100-pib-per-capita-mapa,TTO,1954,5503.212583
pwt100-pib-per-capita-mapa,TTO,1955,5883.64946
pwt100-pib-per-capita-mapa,TTO,1956,6577.28265
pwt100-pib-per-capita-mapa,TTO,1957,7220.413957
pwt100-pib-per-capita-mapa,TTO,1958,7523.691545
pwt100-pib-per-capita-mapa,TTO,1959,7768.86397
pwt100-pib-per-capita-mapa,TTO,1960,7869.284796
pwt100-pib-per-capita-mapa,TTO,1961,9048.024834
pwt100-pib-per-capita-mapa,TTO,1962,8650.320971
pwt100-pib-per-capita-mapa,TTO,1963,9668.196741
pwt100-pib-per-capita-mapa,TTO,1964,9838.99852
pwt100-pib-per-capita-mapa,TTO,1965,8843.207105
pwt100-pib-per-capita-mapa,TTO,1966,10156.132268
pwt100-pib-per-capita-mapa,TTO,1967,10982.554627
pwt100-pib-per-capita-mapa,TTO,1968,11401.939368
pwt100-pib-per-capita-mapa,TTO,1969,11793.922014
pwt100-pib-per-capita-mapa,TTO,1970,11310.176522
pwt100-pib-per-capita-mapa,TTO,1971,10863.558272
pwt100-pib-per-capita-mapa,TTO,1972,11760.030196
pwt100-pib-per-capita-mapa,TTO,1973,12763.381793
pwt100-pib-per-capita-mapa,TTO,1974,17038.713754
pwt100-pib-per-capita-mapa,TTO,1975,17392.80981
pwt100-pib-per-capita-mapa,TTO,1976,19197.252854
pwt100-pib-per-capita-mapa,TTO,1977,19797.7173
pwt100-pib-per-capita-mapa,TTO,1978,20380.704153
pwt100-pib-per-capita-mapa,TTO,1979,22658.75574
pwt100-pib-per-capita-mapa,TTO,1980,25345.038927
pwt100-pib-per-capita-mapa,TTO,1981,24495.929299
pwt100-pib-per-capita-mapa,TTO,1982,22438.089833
pwt100-pib-per-capita-mapa,TTO,1983,19439.524066
pwt100-pib-per-capita-mapa,TTO,1984,18139.603163
pwt100-pib-per-capita-mapa,TTO,1985,17834.062256
pwt100-pib-per-capita-mapa,TTO,1986,14900.764209
pwt100-pib-per-capita-mapa,TTO,1987,13323.055905
pwt100-pib-per-capita-mapa,TTO,1988,12533.2294
pwt100-pib-per-capita-mapa,TTO,1989,11719.698497
pwt100-pib-per-capita-mapa,TTO,1990,12353.995143
pwt100-pib-per-capita-mapa,TTO,1991,11643.278135
pwt100-pib-per-capita-mapa,TTO,1992,10795.565543
pwt100-pib-per-capita-mapa,TTO,1993,10170.47468
pwt100-pib-per-capita-mapa,TTO,1994,10458.295673
pwt100-pib-per-capita-mapa,TTO,1995,10481.581106
pwt100-pib-per-capita-mapa,TTO,1996,10279.599132
pwt100-pib-per-capita-mapa,TTO,1997,10559.62967
pwt100-pib-per-capita-mapa,TTO,1998,10511.869697
pwt100-pib-per-capita-mapa,TTO,1999,12098.588048
pwt100-pib-per-capita-mapa,TTO,2000,14444.693513
pwt100-pib-per-capita-mapa,TTO,2001,13746.437772
pwt100-pib-per-capita-mapa,TTO,2002,14270.483675
pwt100-pib-per-capita-mapa,TTO,2003,17727.106514
pwt100-pib-per-capita-mapa,TTO,2004,20836.019003
pwt100-pib-per-capita-mapa,TTO,2005,22465.975093
pwt100-pib-per-capita-mapa,TTO,2006,26567.682699
pwt100-pib-per-capita-mapa,TTO,2007,29271.706583
pwt100-pib-per-capita-mapa,TTO,2008,33219.046371
pwt100-pib-per-capita-mapa,TTO,2009,26615.389465
pwt100-pib-per-capita-mapa,TTO,2010,30304.295077
pwt100-pib-per-capita-mapa,TTO,2011,34336.382975
pwt100-pib-per-capita-mapa,TTO,2012,32531.869763
pwt100-pib-per-capita-mapa,TTO,2013,31799.60934
pwt100-pib-per-capita-mapa,TTO,2014,30559.568818
pwt100-pib-per-capita-mapa,TTO,2015,27833.091671
pwt100-pib-per-capita-mapa,TTO,2016,25788.801282
pwt100-pib-per-capita-mapa,TTO,2017,25351.915543
pwt100-pib-per-capita-mapa,TTO,2018,27334.376752
pwt100-pib-per-capita-mapa,TTO,2019,26765.151772
pwt100-pib-per-capita-mapa,TUN,1960,1736.289277
pwt100-pib-per-capita-mapa,TUN,1961,1852.313517
pwt100-pib-per-capita-mapa,TUN,1962,1844.890714
pwt100-pib-per-capita-mapa,TUN,1963,1984.148811
pwt100-pib-per-capita-mapa,TUN,1964,1963.840822
pwt100-pib-per-capita-mapa,TUN,1965,1993.060334
pwt100-pib-per-capita-mapa,TUN,1966,2033.596494
pwt100-pib-per-capita-mapa,TUN,1967,1995.263306
pwt100-pib-per-capita-mapa,TUN,1968,2128.302913
pwt100-pib-per-capita-mapa,TUN,1969,2159.259786
pwt100-pib-per-capita-mapa,TUN,1970,2768.93277
pwt100-pib-per-capita-mapa,TUN,1971,2943.291433
pwt100-pib-per-capita-mapa,TUN,1972,3391.441573
pwt100-pib-per-capita-mapa,TUN,1973,3345.463537
pwt100-pib-per-capita-mapa,TUN,1974,3685.557884
pwt100-pib-per-capita-mapa,TUN,1975,3777.008266
pwt100-pib-per-capita-mapa,TUN,1976,3845.173475
pwt100-pib-per-capita-mapa,TUN,1977,3948.305121
pwt100-pib-per-capita-mapa,TUN,1978,4114.798589
pwt100-pib-per-capita-mapa,TUN,1979,4367.134537
pwt100-pib-per-capita-mapa,TUN,1980,4687.817266
pwt100-pib-per-capita-mapa,TUN,1981,4860.429272
pwt100-pib-per-capita-mapa,TUN,1982,4832.180549
pwt100-pib-per-capita-mapa,TUN,1983,5011.701479
pwt100-pib-per-capita-mapa,TUN,1984,5111.387363
pwt100-pib-per-capita-mapa,TUN,1985,5332.210953
pwt100-pib-per-capita-mapa,TUN,1986,5127.023985
pwt100-pib-per-capita-mapa,TUN,1987,5357.010275
pwt100-pib-per-capita-mapa,TUN,1988,5477.237408
pwt100-pib-per-capita-mapa,TUN,1989,5547.766629
pwt100-pib-per-capita-mapa,TUN,1990,5822.278284
pwt100-pib-per-capita-mapa,TUN,1991,6102.14528
pwt100-pib-per-capita-mapa,TUN,1992,6576.403608
pwt100-pib-per-capita-mapa,TUN,1993,6875.890273
pwt100-pib-per-capita-mapa,TUN,1994,7436.540824
pwt100-pib-per-capita-mapa,TUN,1995,7920.562068
pwt100-pib-per-capita-mapa,TUN,1996,9029.694605
pwt100-pib-per-capita-mapa,TUN,1997,8929.892403
pwt100-pib-per-capita-mapa,TUN,1998,8782.511628
pwt100-pib-per-capita-mapa,TUN,1999,8708.192671
pwt100-pib-per-capita-mapa,TUN,2000,8762.506148
pwt100-pib-per-capita-mapa,TUN,2001,8887.010176
pwt100-pib-per-capita-mapa,TUN,2002,8827.532504
pwt100-pib-per-capita-mapa,TUN,2003,8907.538473
pwt100-pib-per-capita-mapa,TUN,2004,9084.745506
pwt100-pib-per-capita-mapa,TUN,2005,9353.088483
pwt100-pib-per-capita-mapa,TUN,2006,9735.031598
pwt100-pib-per-capita-mapa,TUN,2007,10296.34743
pwt100-pib-per-capita-mapa,TUN,2008,10645.904073
pwt100-pib-per-capita-mapa,TUN,2009,11157.908121
pwt100-pib-per-capita-mapa,TUN,2010,11552.048959
pwt100-pib-per-capita-mapa,TUN,2011,11202.911961
pwt100-pib-per-capita-mapa,TUN,2012,11097.559492
pwt100-pib-per-capita-mapa,TUN,2013,10824.168385
pwt100-pib-per-capita-mapa,TUN,2014,10802.045024
pwt100-pib-per-capita-mapa,TUN,2015,10612.793689
pwt100-pib-per-capita-mapa,TUN,2016,10649.170074
pwt100-pib-per-capita-mapa,TUN,2017,10552.62359
pwt100-pib-per-capita-mapa,TUN,2018,10545.968894
pwt100-pib-per-capita-mapa,TUN,2019,10739.506252
pwt100-pib-per-capita-mapa,TUR,1950,3340.401022
pwt100-pib-per-capita-mapa,TUR,1951,3981.233842
pwt100-pib-per-capita-mapa,TUR,1952,4258.105765
pwt100-pib-per-capita-mapa,TUR,1953,4680.743696
pwt100-pib-per-capita-mapa,TUR,1954,4176.151154
pwt100-pib-per-capita-mapa,TUR,1955,4454.372595
pwt100-pib-per-capita-mapa,TUR,1956,4413.612468
pwt100-pib-per-capita-mapa,TUR,1957,5285.311464
pwt100-pib-per-capita-mapa,TUR,1958,5614.068131
pwt100-pib-per-capita-mapa,TUR,1959,5196.982683
pwt100-pib-per-capita-mapa,TUR,1960,5051.11194
pwt100-pib-per-capita-mapa,TUR,1961,4998.647316
pwt100-pib-per-capita-mapa,TUR,1962,5165.759933
pwt100-pib-per-capita-mapa,TUR,1963,5521.46122
pwt100-pib-per-capita-mapa,TUR,1964,5630.367014
pwt100-pib-per-capita-mapa,TUR,1965,5639.460002
pwt100-pib-per-capita-mapa,TUR,1966,6272.830551
pwt100-pib-per-capita-mapa,TUR,1967,6391.996743
pwt100-pib-per-capita-mapa,TUR,1968,6680.625178
pwt100-pib-per-capita-mapa,TUR,1969,6862.464406
pwt100-pib-per-capita-mapa,TUR,1970,7161.892364
pwt100-pib-per-capita-mapa,TUR,1971,7144.640215
pwt100-pib-per-capita-mapa,TUR,1972,7596.768961
pwt100-pib-per-capita-mapa,TUR,1973,7786.420761
pwt100-pib-per-capita-mapa,TUR,1974,8469.375734
pwt100-pib-per-capita-mapa,TUR,1975,8836.341121
pwt100-pib-per-capita-mapa,TUR,1976,9650.497416
pwt100-pib-per-capita-mapa,TUR,1977,9289.185435
pwt100-pib-per-capita-mapa,TUR,1978,8850.555472
pwt100-pib-per-capita-mapa,TUR,1979,8525.93517
pwt100-pib-per-capita-mapa,TUR,1980,8204.808883
pwt100-pib-per-capita-mapa,TUR,1981,8980.080127
pwt100-pib-per-capita-mapa,TUR,1982,8707.977643
pwt100-pib-per-capita-mapa,TUR,1983,8924.432667
pwt100-pib-per-capita-mapa,TUR,1984,9203.035598
pwt100-pib-per-capita-mapa,TUR,1985,9579.118019
pwt100-pib-per-capita-mapa,TUR,1986,9985.776491
pwt100-pib-per-capita-mapa,TUR,1987,10881.906949
pwt100-pib-per-capita-mapa,TUR,1988,10852.854496
pwt100-pib-per-capita-mapa,TUR,1989,10629.717898
pwt100-pib-per-capita-mapa,TUR,1990,11243.518618
pwt100-pib-per-capita-mapa,TUR,1991,10639.417583
pwt100-pib-per-capita-mapa,TUR,1992,10985.465143
pwt100-pib-per-capita-mapa,TUR,1993,11866.45053
pwt100-pib-per-capita-mapa,TUR,1994,10710.14875
pwt100-pib-per-capita-mapa,TUR,1995,11551.850782
pwt100-pib-per-capita-mapa,TUR,1996,12428.427253
pwt100-pib-per-capita-mapa,TUR,1997,12876.406881
pwt100-pib-per-capita-mapa,TUR,1998,12786.32937
pwt100-pib-per-capita-mapa,TUR,1999,12076.847183
pwt100-pib-per-capita-mapa,TUR,2000,12665.494235
pwt100-pib-per-capita-mapa,TUR,2001,12265.447127
pwt100-pib-per-capita-mapa,TUR,2002,12007.222824
pwt100-pib-per-capita-mapa,TUR,2003,11722.212285
pwt100-pib-per-capita-mapa,TUR,2004,12924.393453
pwt100-pib-per-capita-mapa,TUR,2005,13941.067024
pwt100-pib-per-capita-mapa,TUR,2006,15771.308689
pwt100-pib-per-capita-mapa,TUR,2007,17108.669994
pwt100-pib-per-capita-mapa,TUR,2008,17898.070303
pwt100-pib-per-capita-mapa,TUR,2009,17283.531202
pwt100-pib-per-capita-mapa,TUR,2010,19386.226549
pwt100-pib-per-capita-mapa,TUR,2011,20992.654192
pwt100-pib-per-capita-mapa,TUR,2012,21926.86841
pwt100-pib-per-capita-mapa,TUR,2013,23118.231075
pwt100-pib-per-capita-mapa,TUR,2014,23822.264324
pwt100-pib-per-capita-mapa,TUR,2015,25297.968306
pwt100-pib-per-capita-mapa,TUR,2016,25007.046098
pwt100-pib-per-capita-mapa,TUR,2017,25971.683302
pwt100-pib-per-capita-mapa,TUR,2018,26861.372191
pwt100-pib-per-capita-mapa,TUR,2019,26699.610804
pwt100-pib-per-capita-mapa,TWN,1951,1620.719861
pwt100-pib-per-capita-mapa,TWN,1952,1835.115757
pwt100-pib-per-capita-mapa,TWN,1953,1958.951086
pwt100-pib-per-capita-mapa,TWN,1954,2037.531311
pwt100-pib-per-capita-mapa,TWN,1955,2114.317148
pwt100-pib-per-capita-mapa,TWN,1956,2170.604662
pwt100-pib-per-capita-mapa,TWN,1957,2285.088424
pwt100-pib-per-capita-mapa,TWN,1958,2362.917869
pwt100-pib-per-capita-mapa,TWN,1959,2448.572148
pwt100-pib-per-capita-mapa,TWN,1960,2553.968123
pwt100-pib-per-capita-mapa,TWN,1961,2698.279393
pwt100-pib-per-capita-mapa,TWN,1962,2843.134545
pwt100-pib-per-capita-mapa,TWN,1963,3108.697375
pwt100-pib-per-capita-mapa,TWN,1964,3449.727818
pwt100-pib-per-capita-mapa,TWN,1965,3674.274841
pwt100-pib-per-capita-mapa,TWN,1966,3914.918956
pwt100-pib-per-capita-mapa,TWN,1967,4289.658709
pwt100-pib-per-capita-mapa,TWN,1968,4656.661396
pwt100-pib-per-capita-mapa,TWN,1969,5007.973679
pwt100-pib-per-capita-mapa,TWN,1970,5514.350253
pwt100-pib-per-capita-mapa,TWN,1971,6175.412279
pwt100-pib-per-capita-mapa,TWN,1972,7009.593089
pwt100-pib-per-capita-mapa,TWN,1973,7758.880618
pwt100-pib-per-capita-mapa,TWN,1974,7454.590798
pwt100-pib-per-capita-mapa,TWN,1975,7537.549332
pwt100-pib-per-capita-mapa,TWN,1976,8762.861621
pwt100-pib-per-capita-mapa,TWN,1977,9437.114691
pwt100-pib-per-capita-mapa,TWN,1978,10501.751358
pwt100-pib-per-capita-mapa,TWN,1979,11082.088356
pwt100-pib-per-capita-mapa,TWN,1980,11443.361124
pwt100-pib-per-capita-mapa,TWN,1981,12008.868755
pwt100-pib-per-capita-mapa,TWN,1982,12365.490289
pwt100-pib-per-capita-mapa,TWN,1983,13216.30695
pwt100-pib-per-capita-mapa,TWN,1984,14190.428303
pwt100-pib-per-capita-mapa,TWN,1985,14602.622462
pwt100-pib-per-capita-mapa,TWN,1986,16427.83785
pwt100-pib-per-capita-mapa,TWN,1987,18018.478037
pwt100-pib-per-capita-mapa,TWN,1988,18859.127132
pwt100-pib-per-capita-mapa,TWN,1989,20348.679616
pwt100-pib-per-capita-mapa,TWN,1990,21249.489495
pwt100-pib-per-capita-mapa,TWN,1991,22793.241706
pwt100-pib-per-capita-mapa,TWN,1992,24124.777757
pwt100-pib-per-capita-mapa,TWN,1993,25485.454604
pwt100-pib-per-capita-mapa,TWN,1994,26986.26607
pwt100-pib-per-capita-mapa,TWN,1995,28232.990142
pwt100-pib-per-capita-mapa,TWN,1996,30064.060087
pwt100-pib-per-capita-mapa,TWN,1997,31800.689619
pwt100-pib-per-capita-mapa,TWN,1998,33275.935174
pwt100-pib-per-capita-mapa,TWN,1999,34404.023236
pwt100-pib-per-capita-mapa,TWN,2000,35589.090686
pwt100-pib-per-capita-mapa,TWN,2001,34852.686996
pwt100-pib-per-capita-mapa,TWN,2002,36248.754183
pwt100-pib-per-capita-mapa,TWN,2003,36874.725293
pwt100-pib-per-capita-mapa,TWN,2004,38019.427968
pwt100-pib-per-capita-mapa,TWN,2005,39031.148953
pwt100-pib-per-capita-mapa,TWN,2006,40202.724018
pwt100-pib-per-capita-mapa,TWN,2007,42063.198671
pwt100-pib-per-capita-mapa,TWN,2008,40150.39974
pwt100-pib-per-capita-mapa,TWN,2009,40168.021599
pwt100-pib-per-capita-mapa,TWN,2010,43518.455359
pwt100-pib-per-capita-mapa,TWN,2011,44064.811556
pwt100-pib-per-capita-mapa,TWN,2012,45156.126029
pwt100-pib-per-capita-mapa,TWN,2013,45411.993401
pwt100-pib-per-capita-mapa,TWN,2014,46602.536315
pwt100-pib-per-capita-mapa,TWN,2015,47990.586336
pwt100-pib-per-capita-mapa,TWN,2016,47479.226329
pwt100-pib-per-capita-mapa,TWN,2017,47765.838091
pwt100-pib-per-capita-mapa,TWN,2018,48088.678028
pwt100-pib-per-capita-mapa,TWN,2019,48896.41485
pwt100-pib-per-capita-mapa,TZA,1960,1199.687986
pwt100-pib-per-capita-mapa,TZA,1961,1181.740036
pwt100-pib-per-capita-mapa,TZA,1962,1264.679476
pwt100-pib-per-capita-mapa,TZA,1963,1331.542517
pwt100-pib-per-capita-mapa,TZA,1964,1484.043186
pwt100-pib-per-capita-mapa,TZA,1965,1433.672455
pwt100-pib-per-capita-mapa,TZA,1966,1493.453038
pwt100-pib-per-capita-mapa,TZA,1967,1524.057212
pwt100-pib-per-capita-mapa,TZA,1968,1585.103007
pwt100-pib-per-capita-mapa,TZA,1969,1606.745068
pwt100-pib-per-capita-mapa,TZA,1970,1688.664679
pwt100-pib-per-capita-mapa,TZA,1971,1714.340191
pwt100-pib-per-capita-mapa,TZA,1972,1753.906477
pwt100-pib-per-capita-mapa,TZA,1973,1819.669886
pwt100-pib-per-capita-mapa,TZA,1974,1821.099344
pwt100-pib-per-capita-mapa,TZA,1975,1892.746459
pwt100-pib-per-capita-mapa,TZA,1976,2012.005964
pwt100-pib-per-capita-mapa,TZA,1977,1897.929497
pwt100-pib-per-capita-mapa,TZA,1978,1887.986427
pwt100-pib-per-capita-mapa,TZA,1979,1875.731313
pwt100-pib-per-capita-mapa,TZA,1980,1739.638609
pwt100-pib-per-capita-mapa,TZA,1981,1497.361308
pwt100-pib-per-capita-mapa,TZA,1982,1455.277278
pwt100-pib-per-capita-mapa,TZA,1983,1487.362429
pwt100-pib-per-capita-mapa,TZA,1984,1511.339829
pwt100-pib-per-capita-mapa,TZA,1985,1681.870268
pwt100-pib-per-capita-mapa,TZA,1986,1104.196916
pwt100-pib-per-capita-mapa,TZA,1987,889.118766
pwt100-pib-per-capita-mapa,TZA,1988,1108.257462
pwt100-pib-per-capita-mapa,TZA,1989,1041.907762
pwt100-pib-per-capita-mapa,TZA,1990,1049.669579
pwt100-pib-per-capita-mapa,TZA,1991,1035.752317
pwt100-pib-per-capita-mapa,TZA,1992,937.171028
pwt100-pib-per-capita-mapa,TZA,1993,872.685457
pwt100-pib-per-capita-mapa,TZA,1994,840.800479
pwt100-pib-per-capita-mapa,TZA,1995,856.450273
pwt100-pib-per-capita-mapa,TZA,1996,922.883628
pwt100-pib-per-capita-mapa,TZA,1997,996.962643
pwt100-pib-per-capita-mapa,TZA,1998,1057.772875
pwt100-pib-per-capita-mapa,TZA,1999,1102.569814
pwt100-pib-per-capita-mapa,TZA,2000,1146.979223
pwt100-pib-per-capita-mapa,TZA,2001,1209.228452
pwt100-pib-per-capita-mapa,TZA,2002,1302.002334
pwt100-pib-per-capita-mapa,TZA,2003,1349.300962
pwt100-pib-per-capita-mapa,TZA,2004,1399.341796
pwt100-pib-per-capita-mapa,TZA,2005,1507.295651
pwt100-pib-per-capita-mapa,TZA,2006,1598.7053
pwt100-pib-per-capita-mapa,TZA,2007,1691.559366
pwt100-pib-per-capita-mapa,TZA,2008,1811.873498
pwt100-pib-per-capita-mapa,TZA,2009,1948.418417
pwt100-pib-per-capita-mapa,TZA,2010,2156.783589
pwt100-pib-per-capita-mapa,TZA,2011,2372.184043
pwt100-pib-per-capita-mapa,TZA,2012,2229.102423
pwt100-pib-per-capita-mapa,TZA,2013,2257.360001
pwt100-pib-per-capita-mapa,TZA,2014,2237.842406
pwt100-pib-per-capita-mapa,TZA,2015,2318.290637
pwt100-pib-per-capita-mapa,TZA,2016,2373.260717
pwt100-pib-per-capita-mapa,TZA,2017,2270.685206
pwt100-pib-per-capita-mapa,TZA,2018,2289.24298
pwt100-pib-per-capita-mapa,TZA,2019,2331.003846
pwt100-pib-per-capita-mapa,UGA,1950,939.906497
pwt100-pib-per-capita-mapa,UGA,1951,1155.854222
pwt100-pib-per-capita-mapa,UGA,1952,1048.508644
pwt100-pib-per-capita-mapa,UGA,1953,821.560077
pwt100-pib-per-capita-mapa,UGA,1954,882.956658
pwt100-pib-per-capita-mapa,UGA,1955,857.800389
pwt100-pib-per-capita-mapa,UGA,1956,843.441523
pwt100-pib-per-capita-mapa,UGA,1957,962.406197
pwt100-pib-per-capita-mapa,UGA,1958,899.175229
pwt100-pib-per-capita-mapa,UGA,1959,918.502609
pwt100-pib-per-capita-mapa,UGA,1960,881.593659
pwt100-pib-per-capita-mapa,UGA,1961,868.743741
pwt100-pib-per-capita-mapa,UGA,1962,863.862705
pwt100-pib-per-capita-mapa,UGA,1963,873.264617
pwt100-pib-per-capita-mapa,UGA,1964,972.88646
pwt100-pib-per-capita-mapa,UGA,1965,943.937521
pwt100-pib-per-capita-mapa,UGA,1966,977.411312
pwt100-pib-per-capita-mapa,UGA,1967,930.514529
pwt100-pib-per-capita-mapa,UGA,1968,944.287462
pwt100-pib-per-capita-mapa,UGA,1969,983.10071
pwt100-pib-per-capita-mapa,UGA,1970,1134.511122
pwt100-pib-per-capita-mapa,UGA,1971,1039.666697
pwt100-pib-per-capita-mapa,UGA,1972,1177.968737
pwt100-pib-per-capita-mapa,UGA,1973,1202.308624
pwt100-pib-per-capita-mapa,UGA,1974,1089.647439
pwt100-pib-per-capita-mapa,UGA,1975,1094.991702
pwt100-pib-per-capita-mapa,UGA,1976,1146.388737
pwt100-pib-per-capita-mapa,UGA,1977,1146.585564
pwt100-pib-per-capita-mapa,UGA,1978,1057.576417
pwt100-pib-per-capita-mapa,UGA,1979,885.526303
pwt100-pib-per-capita-mapa,UGA,1980,810.572523
pwt100-pib-per-capita-mapa,UGA,1981,790.662053
pwt100-pib-per-capita-mapa,UGA,1982,893.579521
pwt100-pib-per-capita-mapa,UGA,1983,965.021162
pwt100-pib-per-capita-mapa,UGA,1984,919.498166
pwt100-pib-per-capita-mapa,UGA,1985,870.58736
pwt100-pib-per-capita-mapa,UGA,1986,844.785062
pwt100-pib-per-capita-mapa,UGA,1987,872.977253
pwt100-pib-per-capita-mapa,UGA,1988,891.139768
pwt100-pib-per-capita-mapa,UGA,1989,887.762065
pwt100-pib-per-capita-mapa,UGA,1990,880.535723
pwt100-pib-per-capita-mapa,UGA,1991,862.952308
pwt100-pib-per-capita-mapa,UGA,1992,874.156744
pwt100-pib-per-capita-mapa,UGA,1993,884.321897
pwt100-pib-per-capita-mapa,UGA,1994,1146.200234
pwt100-pib-per-capita-mapa,UGA,1995,1115.943573
pwt100-pib-per-capita-mapa,UGA,1996,1102.884277
pwt100-pib-per-capita-mapa,UGA,1997,1120.723384
pwt100-pib-per-capita-mapa,UGA,1998,1184.901686
pwt100-pib-per-capita-mapa,UGA,1999,1203.293354
pwt100-pib-per-capita-mapa,UGA,2000,1221.298349
pwt100-pib-per-capita-mapa,UGA,2001,1267.147504
pwt100-pib-per-capita-mapa,UGA,2002,1299.207392
pwt100-pib-per-capita-mapa,UGA,2003,1307.508515
pwt100-pib-per-capita-mapa,UGA,2004,1340.5542
pwt100-pib-per-capita-mapa,UGA,2005,1430.29322
pwt100-pib-per-capita-mapa,UGA,2006,1499.331939
pwt100-pib-per-capita-mapa,UGA,2007,1560.29543
pwt100-pib-per-capita-mapa,UGA,2008,1616.20994
pwt100-pib-per-capita-mapa,UGA,2009,1754.560489
pwt100-pib-per-capita-mapa,UGA,2010,1839.008652
pwt100-pib-per-capita-mapa,UGA,2011,1923.178396
pwt100-pib-per-capita-mapa,UGA,2012,1832.2877
pwt100-pib-per-capita-mapa,UGA,2013,1830.10689
pwt100-pib-per-capita-mapa,UGA,2014,1867.833894
pwt100-pib-per-capita-mapa,UGA,2015,1911.31135
pwt100-pib-per-capita-mapa,UGA,2016,1842.10901
pwt100-pib-per-capita-mapa,UGA,2017,1891.103184
pwt100-pib-per-capita-mapa,UGA,2018,1932.377435
pwt100-pib-per-capita-mapa,UGA,2019,2019.831603
pwt100-pib-per-capita-mapa,UKR,1990,11851.373911
pwt100-pib-per-capita-mapa,UKR,1991,11081.199352
pwt100-pib-per-capita-mapa,UKR,1992,10205.617798
pwt100-pib-per-capita-mapa,UKR,1993,8266.021048
pwt100-pib-per-capita-mapa,UKR,1994,6901.098363
pwt100-pib-per-capita-mapa,UKR,1995,6028.87327
pwt100-pib-per-capita-mapa,UKR,1996,5506.399703
pwt100-pib-per-capita-mapa,UKR,1997,5074.141576
pwt100-pib-per-capita-mapa,UKR,1998,4880.473003
pwt100-pib-per-capita-mapa,UKR,1999,4853.780962
pwt100-pib-per-capita-mapa,UKR,2000,4966.204704
pwt100-pib-per-capita-mapa,UKR,2001,5254.167466
pwt100-pib-per-capita-mapa,UKR,2002,5588.054284
pwt100-pib-per-capita-mapa,UKR,2003,6182.159746
pwt100-pib-per-capita-mapa,UKR,2004,7132.910598
pwt100-pib-per-capita-mapa,UKR,2005,7796.261464
pwt100-pib-per-capita-mapa,UKR,2006,8620.877787
pwt100-pib-per-capita-mapa,UKR,2007,9823.205607
pwt100-pib-per-capita-mapa,UKR,2008,10553.646499
pwt100-pib-per-capita-mapa,UKR,2009,9068.83288
pwt100-pib-per-capita-mapa,UKR,2010,9311.54267
pwt100-pib-per-capita-mapa,UKR,2011,10341.932422
pwt100-pib-per-capita-mapa,UKR,2012,11086.632107
pwt100-pib-per-capita-mapa,UKR,2013,11610.038695
pwt100-pib-per-capita-mapa,UKR,2014,11555.919199
pwt100-pib-per-capita-mapa,UKR,2015,10503.123005
pwt100-pib-per-capita-mapa,UKR,2016,10789.449954
pwt100-pib-per-capita-mapa,UKR,2017,11746.56676
pwt100-pib-per-capita-mapa,UKR,2018,12248.352151
pwt100-pib-per-capita-mapa,UKR,2019,12786.944046
pwt100-pib-per-capita-mapa,URY,1950,6777.695984
pwt100-pib-per-capita-mapa,URY,1951,8139.494746
pwt100-pib-per-capita-mapa,URY,1952,7310.684259
pwt100-pib-per-capita-mapa,URY,1953,7502.487463
pwt100-pib-per-capita-mapa,URY,1954,8440.822832
pwt100-pib-per-capita-mapa,URY,1955,8510.950025
pwt100-pib-per-capita-mapa,URY,1956,8274.949691
pwt100-pib-per-capita-mapa,URY,1957,8520.727632
pwt100-pib-per-capita-mapa,URY,1958,7761.063755
pwt100-pib-per-capita-mapa,URY,1959,7412.756112
pwt100-pib-per-capita-mapa,URY,1960,7705.264011
pwt100-pib-per-capita-mapa,URY,1961,7713.958737
pwt100-pib-per-capita-mapa,URY,1962,7773.475157
pwt100-pib-per-capita-mapa,URY,1963,7463.180888
pwt100-pib-per-capita-mapa,URY,1964,7707.037661
pwt100-pib-per-capita-mapa,URY,1965,7542.702574
pwt100-pib-per-capita-mapa,URY,1966,7813.901991
pwt100-pib-per-capita-mapa,URY,1967,7438.655853
pwt100-pib-per-capita-mapa,URY,1968,7480.614846
pwt100-pib-per-capita-mapa,URY,1969,7935.284639
pwt100-pib-per-capita-mapa,URY,1970,8477.494216
pwt100-pib-per-capita-mapa,URY,1971,8512.07039
pwt100-pib-per-capita-mapa,URY,1972,8303.232987
pwt100-pib-per-capita-mapa,URY,1973,8625.175323
pwt100-pib-per-capita-mapa,URY,1974,8414.755297
pwt100-pib-per-capita-mapa,URY,1975,8615.295563
pwt100-pib-per-capita-mapa,URY,1976,8757.173196
pwt100-pib-per-capita-mapa,URY,1977,8559.799034
pwt100-pib-per-capita-mapa,URY,1978,9011.50889
pwt100-pib-per-capita-mapa,URY,1979,9705.961259
pwt100-pib-per-capita-mapa,URY,1980,10239.822011
pwt100-pib-per-capita-mapa,URY,1981,10377.146887
pwt100-pib-per-capita-mapa,URY,1982,9275.057276
pwt100-pib-per-capita-mapa,URY,1983,8333.306661
pwt100-pib-per-capita-mapa,URY,1984,8150.845213
pwt100-pib-per-capita-mapa,URY,1985,8096.608337
pwt100-pib-per-capita-mapa,URY,1986,9098.383816
pwt100-pib-per-capita-mapa,URY,1987,9922.351833
pwt100-pib-per-capita-mapa,URY,1988,9880.106694
pwt100-pib-per-capita-mapa,URY,1989,9910.190379
pwt100-pib-per-capita-mapa,URY,1990,9684.960637
pwt100-pib-per-capita-mapa,URY,1991,10066.528714
pwt100-pib-per-capita-mapa,URY,1992,11175.710041
pwt100-pib-per-capita-mapa,URY,1993,11582.900423
pwt100-pib-per-capita-mapa,URY,1994,12566.626182
pwt100-pib-per-capita-mapa,URY,1995,12407.12537
pwt100-pib-per-capita-mapa,URY,1996,13101.036988
pwt100-pib-per-capita-mapa,URY,1997,13237.509839
pwt100-pib-per-capita-mapa,URY,1998,13470.666009
pwt100-pib-per-capita-mapa,URY,1999,12706.834006
pwt100-pib-per-capita-mapa,URY,2000,11997.585473
pwt100-pib-per-capita-mapa,URY,2001,11379.684042
pwt100-pib-per-capita-mapa,URY,2002,10376.114266
pwt100-pib-per-capita-mapa,URY,2003,10300.572618
pwt100-pib-per-capita-mapa,URY,2004,10672.760064
pwt100-pib-per-capita-mapa,URY,2005,11091.49981
pwt100-pib-per-capita-mapa,URY,2006,11827.643117
pwt100-pib-per-capita-mapa,URY,2007,13067.078751
pwt100-pib-per-capita-mapa,URY,2008,14599.873687
pwt100-pib-per-capita-mapa,URY,2009,15852.706258
pwt100-pib-per-capita-mapa,URY,2010,18046.693018
pwt100-pib-per-capita-mapa,URY,2011,19809.810852
pwt100-pib-per-capita-mapa,URY,2012,20201.882598
pwt100-pib-per-capita-mapa,URY,2013,20662.746984
pwt100-pib-per-capita-mapa,URY,2014,21135.779996
pwt100-pib-per-capita-mapa,URY,2015,21130.457892
pwt100-pib-per-capita-mapa,URY,2016,20996.454956
pwt100-pib-per-capita-mapa,URY,2017,21043.851849
pwt100-pib-per-capita-mapa,URY,2018,21208.378602
pwt100-pib-per-capita-mapa,URY,2019,21217.834761
pwt100-pib-per-capita-mapa,USA,1950,15733.918175
pwt100-pib-per-capita-mapa,USA,1951,16560.230803
pwt100-pib-per-capita-mapa,USA,1952,16890.197166
pwt100-pib-per-capita-mapa,USA,1953,17429.463984
pwt100-pib-per-capita-mapa,USA,1954,17039.069443
pwt100-pib-per-capita-mapa,USA,1955,18016.987206
pwt100-pib-per-capita-mapa,USA,1956,18098.396817
pwt100-pib-per-capita-mapa,USA,1957,18164.218117
pwt100-pib-per-capita-mapa,USA,1958,17741.528353
pwt100-pib-per-capita-mapa,USA,1959,18713.422816
pwt100-pib-per-capita-mapa,USA,1960,18900.7483
pwt100-pib-per-capita-mapa,USA,1961,19068.181067
pwt100-pib-per-capita-mapa,USA,1962,19929.942623
pwt100-pib-per-capita-mapa,USA,1963,20496.012847
pwt100-pib-per-capita-mapa,USA,1964,21400.358562
pwt100-pib-per-capita-mapa,USA,1965,22554.895993
pwt100-pib-per-capita-mapa,USA,1966,23765.606424
pwt100-pib-per-capita-mapa,USA,1967,24127.70821
pwt100-pib-per-capita-mapa,USA,1968,25068.510298
pwt100-pib-per-capita-mapa,USA,1969,25626.9129
pwt100-pib-per-capita-mapa,USA,1970,25353.643232
pwt100-pib-per-capita-mapa,USA,1971,25966.945153
pwt100-pib-per-capita-mapa,USA,1972,27129.837163
pwt100-pib-per-capita-mapa,USA,1973,28446.589931
pwt100-pib-per-capita-mapa,USA,1974,27676.157882
pwt100-pib-per-capita-mapa,USA,1975,27293.371627
pwt100-pib-per-capita-mapa,USA,1976,28636.968034
pwt100-pib-per-capita-mapa,USA,1977,29661.018373
pwt100-pib-per-capita-mapa,USA,1978,31063.999181
pwt100-pib-per-capita-mapa,USA,1979,31637.714775
pwt100-pib-per-capita-mapa,USA,1980,30788.470694
pwt100-pib-per-capita-mapa,USA,1981,31356.350832
pwt100-pib-per-capita-mapa,USA,1982,30491.000661
pwt100-pib-per-capita-mapa,USA,1983,31756.369707
pwt100-pib-per-capita-mapa,USA,1984,34003.111365
pwt100-pib-per-capita-mapa,USA,1985,35122.457989
pwt100-pib-per-capita-mapa,USA,1986,35925.320922
pwt100-pib-per-capita-mapa,USA,1987,36705.523886
pwt100-pib-per-capita-mapa,USA,1988,37861.156496
pwt100-pib-per-capita-mapa,USA,1989,38857.742395
pwt100-pib-per-capita-mapa,USA,1990,39059.427775
pwt100-pib-per-capita-mapa,USA,1991,38626.507954
pwt100-pib-per-capita-mapa,USA,1992,39649.004612
pwt100-pib-per-capita-mapa,USA,1993,40479.049898
pwt100-pib-per-capita-mapa,USA,1994,41818.952046
pwt100-pib-per-capita-mapa,USA,1995,42499.739171
pwt100-pib-per-capita-mapa,USA,1996,43719.368956
pwt100-pib-per-capita-mapa,USA,1997,45308.075909
pwt100-pib-per-capita-mapa,USA,1998,47051.944535
pwt100-pib-per-capita-mapa,USA,1999,48715.886284
pwt100-pib-per-capita-mapa,USA,2000,50088.86965
pwt100-pib-per-capita-mapa,USA,2001,50100.332214
pwt100-pib-per-capita-mapa,USA,2002,50485.061372
pwt100-pib-per-capita-mapa,USA,2003,51433.425097
pwt100-pib-per-capita-mapa,USA,2004,52963.725996
pwt100-pib-per-capita-mapa,USA,2005,54210.992458
pwt100-pib-per-capita-mapa,USA,2006,55241.392242
pwt100-pib-per-capita-mapa,USA,2007,55708.238308
pwt100-pib-per-capita-mapa,USA,2008,54420.689412
pwt100-pib-per-capita-mapa,USA,2009,52803.468613
pwt100-pib-per-capita-mapa,USA,2010,53666.071786
pwt100-pib-per-capita-mapa,USA,2011,54003.355313
pwt100-pib-per-capita-mapa,USA,2012,55012.610738
pwt100-pib-per-capita-mapa,USA,2013,55906.839198
pwt100-pib-per-capita-mapa,USA,2014,57116.945976
pwt100-pib-per-capita-mapa,USA,2015,58916.796215
pwt100-pib-per-capita-mapa,USA,2016,59703.706004
pwt100-pib-per-capita-mapa,USA,2017,60768.010912
pwt100-pib-per-capita-mapa,USA,2018,62273.532839
pwt100-pib-per-capita-mapa,USA,2019,63393.284797
pwt100-pib-per-capita-mapa,UZB,1990,6048.035345
pwt100-pib-per-capita-mapa,UZB,1991,5790.96816
pwt100-pib-per-capita-mapa,UZB,1992,4592.883787
pwt100-pib-per-capita-mapa,UZB,1993,5403.318362
pwt100-pib-per-capita-mapa,UZB,1994,4634.986386
pwt100-pib-per-capita-mapa,UZB,1995,4523.40046
pwt100-pib-per-capita-mapa,UZB,1996,4635.549038
pwt100-pib-per-capita-mapa,UZB,1997,4447.602916
pwt100-pib-per-capita-mapa,UZB,1998,4382.945811
pwt100-pib-per-capita-mapa,UZB,1999,4570.96621
pwt100-pib-per-capita-mapa,UZB,2000,4512.922321
pwt100-pib-per-capita-mapa,UZB,2001,4766.260543
pwt100-pib-per-capita-mapa,UZB,2002,4949.570255
pwt100-pib-per-capita-mapa,UZB,2003,5251.450939
pwt100-pib-per-capita-mapa,UZB,2004,5637.665608
pwt100-pib-per-capita-mapa,UZB,2005,5989.102394
pwt100-pib-per-capita-mapa,UZB,2006,6279.792698
pwt100-pib-per-capita-mapa,UZB,2007,6809.591499
pwt100-pib-per-capita-mapa,UZB,2008,6667.882462
pwt100-pib-per-capita-mapa,UZB,2009,7054.649142
pwt100-pib-per-capita-mapa,UZB,2010,7368.688256
pwt100-pib-per-capita-mapa,UZB,2011,8165.975803
pwt100-pib-per-capita-mapa,UZB,2012,8691.42536
pwt100-pib-per-capita-mapa,UZB,2013,9025.141116
pwt100-pib-per-capita-mapa,UZB,2014,9646.405655
pwt100-pib-per-capita-mapa,UZB,2015,10184.796698
pwt100-pib-per-capita-mapa,UZB,2016,10348.870996
pwt100-pib-per-capita-mapa,UZB,2017,10844.044907
pwt100-pib-per-capita-mapa,UZB,2018,11061.443097
pwt100-pib-per-capita-mapa,UZB,2019,11477.093854
pwt100-pib-per-capita-mapa,VCT,1970,3303.541572
pwt100-pib-per-capita-mapa,VCT,1971,3378.64957
pwt100-pib-per-capita-mapa,VCT,1972,4102.210305
pwt100-pib-per-capita-mapa,VCT,1973,3749.479318
pwt100-pib-per-capita-mapa,VCT,1974,3372.502029
pwt100-pib-per-capita-mapa,VCT,1975,2763.912182
pwt100-pib-per-capita-mapa,VCT,1976,3802.04168
pwt100-pib-per-capita-mapa,VCT,1977,3415.401801
pwt100-pib-per-capita-mapa,VCT,1978,3912.519435
pwt100-pib-per-capita-mapa,VCT,1979,3903.7464
pwt100-pib-per-capita-mapa,VCT,1980,3890.116037
pwt100-pib-per-capita-mapa,VCT,1981,4203.10781
pwt100-pib-per-capita-mapa,VCT,1982,4429.857042
pwt100-pib-per-capita-mapa,VCT,1983,4652.344835
pwt100-pib-per-capita-mapa,VCT,1984,4888.545555
pwt100-pib-per-capita-mapa,VCT,1985,5053.200024
pwt100-pib-per-capita-mapa,VCT,1986,5334.644478
pwt100-pib-per-capita-mapa,VCT,1987,5340.572138
pwt100-pib-per-capita-mapa,VCT,1988,6247.75481
pwt100-pib-per-capita-mapa,VCT,1989,6153.434928
pwt100-pib-per-capita-mapa,VCT,1990,6031.013237
pwt100-pib-per-capita-mapa,VCT,1991,6629.444924
pwt100-pib-per-capita-mapa,VCT,1992,7614.676549
pwt100-pib-per-capita-mapa,VCT,1993,7288.36251
pwt100-pib-per-capita-mapa,VCT,1994,7049.138877
pwt100-pib-per-capita-mapa,VCT,1995,7454.485462
pwt100-pib-per-capita-mapa,VCT,1996,7626.511675
pwt100-pib-per-capita-mapa,VCT,1997,7581.456803
pwt100-pib-per-capita-mapa,VCT,1998,7267.078937
pwt100-pib-per-capita-mapa,VCT,1999,7594.62605
pwt100-pib-per-capita-mapa,VCT,2000,7971.939792
pwt100-pib-per-capita-mapa,VCT,2001,8000.75886
pwt100-pib-per-capita-mapa,VCT,2002,8452.56595
pwt100-pib-per-capita-mapa,VCT,2003,8885.317138
pwt100-pib-per-capita-mapa,VCT,2004,9267.866629
pwt100-pib-per-capita-mapa,VCT,2005,9516.20883
pwt100-pib-per-capita-mapa,VCT,2006,10210.673647
pwt100-pib-per-capita-mapa,VCT,2007,10633.197355
pwt100-pib-per-capita-mapa,VCT,2008,10842.917778
pwt100-pib-per-capita-mapa,VCT,2009,10849.179248
pwt100-pib-per-capita-mapa,VCT,2010,10797.259247
pwt100-pib-per-capita-mapa,VCT,2011,10621.183314
pwt100-pib-per-capita-mapa,VCT,2012,10855.935169
pwt100-pib-per-capita-mapa,VCT,2013,10903.235982
pwt100-pib-per-capita-mapa,VCT,2014,11118.515177
pwt100-pib-per-capita-mapa,VCT,2015,11686.942915
pwt100-pib-per-capita-mapa,VCT,2016,12135.514746
pwt100-pib-per-capita-mapa,VCT,2017,11679.022436
pwt100-pib-per-capita-mapa,VCT,2018,11890.607181
pwt100-pib-per-capita-mapa,VCT,2019,11915.183539
pwt100-pib-per-capita-mapa,VEN,1950,6435.542579
pwt100-pib-per-capita-mapa,VEN,1951,6808.478757
pwt100-pib-per-capita-mapa,VEN,1952,7368.204473
pwt100-pib-per-capita-mapa,VEN,1953,7451.520564
pwt100-pib-per-capita-mapa,VEN,1954,7959.087838
pwt100-pib-per-capita-mapa,VEN,1955,8181.025029
pwt100-pib-per-capita-mapa,VEN,1956,8411.16736
pwt100-pib-per-capita-mapa,VEN,1957,9218.908794
pwt100-pib-per-capita-mapa,VEN,1958,8856.970997
pwt100-pib-per-capita-mapa,VEN,1959,8839.722784
pwt100-pib-per-capita-mapa,VEN,1960,7851.395244
pwt100-pib-per-capita-mapa,VEN,1961,7718.622952
pwt100-pib-per-capita-mapa,VEN,1962,7793.094139
pwt100-pib-per-capita-mapa,VEN,1963,8011.923465
pwt100-pib-per-capita-mapa,VEN,1964,8533.701579
pwt100-pib-per-capita-mapa,VEN,1965,8434.294487
pwt100-pib-per-capita-mapa,VEN,1966,8145.274771
pwt100-pib-per-capita-mapa,VEN,1967,8107.375239
pwt100-pib-per-capita-mapa,VEN,1968,8675.629414
pwt100-pib-per-capita-mapa,VEN,1969,8763.312316
pwt100-pib-per-capita-mapa,VEN,1970,9552.167076
pwt100-pib-per-capita-mapa,VEN,1971,9017.369266
pwt100-pib-per-capita-mapa,VEN,1972,9010.023548
pwt100-pib-per-capita-mapa,VEN,1973,9848.775683
pwt100-pib-per-capita-mapa,VEN,1974,10449.972566
pwt100-pib-per-capita-mapa,VEN,1975,9971.550827
pwt100-pib-per-capita-mapa,VEN,1976,10531.587095
pwt100-pib-per-capita-mapa,VEN,1977,10692.39836
pwt100-pib-per-capita-mapa,VEN,1978,10085.824073
pwt100-pib-per-capita-mapa,VEN,1979,10808.853212
pwt100-pib-per-capita-mapa,VEN,1980,11426.093806
pwt100-pib-per-capita-mapa,VEN,1981,11247.288375
pwt100-pib-per-capita-mapa,VEN,1982,10159.087265
pwt100-pib-per-capita-mapa,VEN,1983,10053.697603
pwt100-pib-per-capita-mapa,VEN,1984,10146.566764
pwt100-pib-per-capita-mapa,VEN,1985,9606.037184
pwt100-pib-per-capita-mapa,VEN,1986,8640.157663
pwt100-pib-per-capita-mapa,VEN,1987,8850.023762
pwt100-pib-per-capita-mapa,VEN,1988,8644.087454
pwt100-pib-per-capita-mapa,VEN,1989,8697.236342
pwt100-pib-per-capita-mapa,VEN,1990,9431.681683
pwt100-pib-per-capita-mapa,VEN,1991,9095.638177
pwt100-pib-per-capita-mapa,VEN,1992,8969.410457
pwt100-pib-per-capita-mapa,VEN,1993,8465.253304
pwt100-pib-per-capita-mapa,VEN,1994,8144.230992
pwt100-pib-per-capita-mapa,VEN,1995,8081.001605
pwt100-pib-per-capita-mapa,VEN,1996,8125.929027
pwt100-pib-per-capita-mapa,VEN,1997,7804.114416
pwt100-pib-per-capita-mapa,VEN,1998,7015.9697
pwt100-pib-per-capita-mapa,VEN,1999,6900.470737
pwt100-pib-per-capita-mapa,VEN,2000,7823.314326
pwt100-pib-per-capita-mapa,VEN,2001,7700.626103
pwt100-pib-per-capita-mapa,VEN,2002,7331.123985
pwt100-pib-per-capita-mapa,VEN,2003,7102.058366
pwt100-pib-per-capita-mapa,VEN,2004,9023.192255
pwt100-pib-per-capita-mapa,VEN,2005,11116.984128
pwt100-pib-per-capita-mapa,VEN,2006,12928.327212
pwt100-pib-per-capita-mapa,VEN,2007,14594.692892
pwt100-pib-per-capita-mapa,VEN,2008,16632.229491
pwt100-pib-per-capita-mapa,VEN,2009,14289.44058
pwt100-pib-per-capita-mapa,VEN,2010,17117.298331
pwt100-pib-per-capita-mapa,VEN,2011,19120.330125
pwt100-pib-per-capita-mapa,VEN,2012,19196.523587
pwt100-pib-per-capita-mapa,VEN,2013,18068.6038
pwt100-pib-per-capita-mapa,VEN,2014,11681.147607
pwt100-pib-per-capita-mapa,VEN,2015,5075.531852
pwt100-pib-per-capita-mapa,VEN,2016,2003.022203
pwt100-pib-per-capita-mapa,VEN,2017,381.15618
pwt100-pib-per-capita-mapa,VEN,2018,378.085951
pwt100-pib-per-capita-mapa,VEN,2019,251.319075
pwt100-pib-per-capita-mapa,VGB,1970,6819.514155
pwt100-pib-per-capita-mapa,VGB,1971,5889.145024
pwt100-pib-per-capita-mapa,VGB,1972,5682.281566
pwt100-pib-per-capita-mapa,VGB,1973,5919.767399
pwt100-pib-per-capita-mapa,VGB,1974,6315.980033
pwt100-pib-per-capita-mapa,VGB,1975,6527.091423
pwt100-pib-per-capita-mapa,VGB,1976,6329.824012
pwt100-pib-per-capita-mapa,VGB,1977,6388.884163
pwt100-pib-per-capita-mapa,VGB,1978,6804.077784
pwt100-pib-per-capita-mapa,VGB,1979,7723.258935
pwt100-pib-per-capita-mapa,VGB,1980,8728.970549
pwt100-pib-per-capita-mapa,VGB,1981,8516.655181
pwt100-pib-per-capita-mapa,VGB,1982,8348.149021
pwt100-pib-per-capita-mapa,VGB,1983,8474.157326
pwt100-pib-per-capita-mapa,VGB,1984,8496.638265
pwt100-pib-per-capita-mapa,VGB,1985,8221.51558
pwt100-pib-per-capita-mapa,VGB,1986,8142.486808
pwt100-pib-per-capita-mapa,VGB,1987,8884.22418
pwt100-pib-per-capita-mapa,VGB,1988,9341.523422
pwt100-pib-per-capita-mapa,VGB,1989,9653.98029
pwt100-pib-per-capita-mapa,VGB,1990,11709.73729
pwt100-pib-per-capita-mapa,VGB,1991,13973.885638
pwt100-pib-per-capita-mapa,VGB,1992,16969.138933
pwt100-pib-per-capita-mapa,VGB,1993,21796.540941
pwt100-pib-per-capita-mapa,VGB,1994,26665.013079
pwt100-pib-per-capita-mapa,VGB,1995,32623.63391
pwt100-pib-per-capita-mapa,VGB,1996,34925.617104
pwt100-pib-per-capita-mapa,VGB,1997,38307.433197
pwt100-pib-per-capita-mapa,VGB,1998,41839.979905
pwt100-pib-per-capita-mapa,VGB,1999,45532.034551
pwt100-pib-per-capita-mapa,VGB,2000,48819.783038
pwt100-pib-per-capita-mapa,VGB,2001,50297.219808
pwt100-pib-per-capita-mapa,VGB,2002,47684.625036
pwt100-pib-per-capita-mapa,VGB,2003,40665.802193
pwt100-pib-per-capita-mapa,VGB,2004,40933.107021
pwt100-pib-per-capita-mapa,VGB,2005,45442.930916
pwt100-pib-per-capita-mapa,VGB,2006,43087.634279
pwt100-pib-per-capita-mapa,VGB,2007,40864.902499
pwt100-pib-per-capita-mapa,VGB,2008,38733.080419
pwt100-pib-per-capita-mapa,VGB,2009,36831.629938
pwt100-pib-per-capita-mapa,VGB,2010,35767.927936
pwt100-pib-per-capita-mapa,VGB,2011,34108.582912
pwt100-pib-per-capita-mapa,VGB,2012,34456.375948
pwt100-pib-per-capita-mapa,VGB,2013,33579.398793
pwt100-pib-per-capita-mapa,VGB,2014,34804.12669
pwt100-pib-per-capita-mapa,VGB,2015,36837.095225
pwt100-pib-per-capita-mapa,VGB,2016,39579.578283
pwt100-pib-per-capita-mapa,VGB,2017,36847.227384
pwt100-pib-per-capita-mapa,VGB,2018,37541.03663
pwt100-pib-per-capita-mapa,VGB,2019,38197.138148
pwt100-pib-per-capita-mapa,VNM,1970,849.297587
pwt100-pib-per-capita-mapa,VNM,1971,860.55303
pwt100-pib-per-capita-mapa,VNM,1972,857.296224
pwt100-pib-per-capita-mapa,VNM,1973,826.541387
pwt100-pib-per-capita-mapa,VNM,1974,828.052712
pwt100-pib-per-capita-mapa,VNM,1975,834.411869
pwt100-pib-per-capita-mapa,VNM,1976,906.499005
pwt100-pib-per-capita-mapa,VNM,1977,1007.33542
pwt100-pib-per-capita-mapa,VNM,1978,1003.727559
pwt100-pib-per-capita-mapa,VNM,1979,1048.273327
pwt100-pib-per-capita-mapa,VNM,1980,988.581042
pwt100-pib-per-capita-mapa,VNM,1981,1022.323066
pwt100-pib-per-capita-mapa,VNM,1982,1080.270115
pwt100-pib-per-capita-mapa,VNM,1983,1129.816033
pwt100-pib-per-capita-mapa,VNM,1984,1197.697668
pwt100-pib-per-capita-mapa,VNM,1985,1235.851896
pwt100-pib-per-capita-mapa,VNM,1986,1246.426218
pwt100-pib-per-capita-mapa,VNM,1987,1253.759877
pwt100-pib-per-capita-mapa,VNM,1988,1286.449021
pwt100-pib-per-capita-mapa,VNM,1989,1309.911106
pwt100-pib-per-capita-mapa,VNM,1990,1365.924213
pwt100-pib-per-capita-mapa,VNM,1991,1465.602658
pwt100-pib-per-capita-mapa,VNM,1992,1550.871078
pwt100-pib-per-capita-mapa,VNM,1993,1600.257598
pwt100-pib-per-capita-mapa,VNM,1994,1657.634353
pwt100-pib-per-capita-mapa,VNM,1995,1761.162778
pwt100-pib-per-capita-mapa,VNM,1996,1865.365384
pwt100-pib-per-capita-mapa,VNM,1997,1988.725595
pwt100-pib-per-capita-mapa,VNM,1998,2075.185564
pwt100-pib-per-capita-mapa,VNM,1999,2158.467111
pwt100-pib-per-capita-mapa,VNM,2000,2242.736724
pwt100-pib-per-capita-mapa,VNM,2001,2360.118423
pwt100-pib-per-capita-mapa,VNM,2002,2491.566229
pwt100-pib-per-capita-mapa,VNM,2003,2618.499104
pwt100-pib-per-capita-mapa,VNM,2004,2848.980337
pwt100-pib-per-capita-mapa,VNM,2005,3128.477873
pwt100-pib-per-capita-mapa,VNM,2006,3354.415349
pwt100-pib-per-capita-mapa,VNM,2007,3545.671903
pwt100-pib-per-capita-mapa,VNM,2008,3786.887034
pwt100-pib-per-capita-mapa,VNM,2009,3960.989549
pwt100-pib-per-capita-mapa,VNM,2010,4447.860896
pwt100-pib-per-capita-mapa,VNM,2011,4777.294445
pwt100-pib-per-capita-mapa,VNM,2012,5253.378071
pwt100-pib-per-capita-mapa,VNM,2013,5410.63885
pwt100-pib-per-capita-mapa,VNM,2014,5708.328597
pwt100-pib-per-capita-mapa,VNM,2015,6062.137605
pwt100-pib-per-capita-mapa,VNM,2016,6426.365341
pwt100-pib-per-capita-mapa,VNM,2017,6907.043729
pwt100-pib-per-capita-mapa,VNM,2018,7384.439491
pwt100-pib-per-capita-mapa,VNM,2019,7782.607919
pwt100-pib-per-capita-mapa,YEM,1989,671.51692
pwt100-pib-per-capita-mapa,YEM,1990,779.720574
pwt100-pib-per-capita-mapa,YEM,1991,725.054308
pwt100-pib-per-capita-mapa,YEM,1992,708.697717
pwt100-pib-per-capita-mapa,YEM,1993,694.382421
pwt100-pib-per-capita-mapa,YEM,1994,685.014708
pwt100-pib-per-capita-mapa,YEM,1995,743.217973
pwt100-pib-per-capita-mapa,YEM,1996,864.810667
pwt100-pib-per-capita-mapa,YEM,1997,948.129918
pwt100-pib-per-capita-mapa,YEM,1998,1039.157611
pwt100-pib-per-capita-mapa,YEM,1999,1134.891834
pwt100-pib-per-capita-mapa,YEM,2000,1237.340351
pwt100-pib-per-capita-mapa,YEM,2001,1393.464638
pwt100-pib-per-capita-mapa,YEM,2002,1580.28568
pwt100-pib-per-capita-mapa,YEM,2003,1870.047077
pwt100-pib-per-capita-mapa,YEM,2004,2399.101965
pwt100-pib-per-capita-mapa,YEM,2005,3521.450725
pwt100-pib-per-capita-mapa,YEM,2006,3662.337446
pwt100-pib-per-capita-mapa,YEM,2007,3684.385618
pwt100-pib-per-capita-mapa,YEM,2008,3870.360988
pwt100-pib-per-capita-mapa,YEM,2009,3828.457951
pwt100-pib-per-capita-mapa,YEM,2010,4507.760764
pwt100-pib-per-capita-mapa,YEM,2011,3881.401042
pwt100-pib-per-capita-mapa,YEM,2012,3566.053262
pwt100-pib-per-capita-mapa,YEM,2013,3520.735226
pwt100-pib-per-capita-mapa,YEM,2014,3494.941838
pwt100-pib-per-capita-mapa,YEM,2015,2373.968298
pwt100-pib-per-capita-mapa,YEM,2016,1905.161799
pwt100-pib-per-capita-mapa,YEM,2017,1398.950403
pwt100-pib-per-capita-mapa,YEM,2018,1708.847607
pwt100-pib-per-capita-mapa,YEM,2019,1716.379791
pwt100-pib-per-capita-mapa,ZAF,1950,5899.487188
pwt100-pib-per-capita-mapa,ZAF,1951,5862.309988
pwt100-pib-per-capita-mapa,ZAF,1952,5317.874482
pwt100-pib-per-capita-mapa,ZAF,1953,5800.995919
pwt100-pib-per-capita-mapa,ZAF,1954,6127.576984
pwt100-pib-per-capita-mapa,ZAF,1955,6211.113597
pwt100-pib-per-capita-mapa,ZAF,1956,6439.391921
pwt100-pib-per-capita-mapa,ZAF,1957,6630.670778
pwt100-pib-per-capita-mapa,ZAF,1958,6456.538714
pwt100-pib-per-capita-mapa,ZAF,1959,6429.815481
pwt100-pib-per-capita-mapa,ZAF,1960,6526.071715
pwt100-pib-per-capita-mapa,ZAF,1961,6608.345808
pwt100-pib-per-capita-mapa,ZAF,1962,6694.144226
pwt100-pib-per-capita-mapa,ZAF,1963,6969.302769
pwt100-pib-per-capita-mapa,ZAF,1964,7274.837986
pwt100-pib-per-capita-mapa,ZAF,1965,7429.450672
pwt100-pib-per-capita-mapa,ZAF,1966,7588.624634
pwt100-pib-per-capita-mapa,ZAF,1967,7964.182671
pwt100-pib-per-capita-mapa,ZAF,1968,8114.76168
pwt100-pib-per-capita-mapa,ZAF,1969,8480.884625
pwt100-pib-per-capita-mapa,ZAF,1970,8664.009549
pwt100-pib-per-capita-mapa,ZAF,1971,8567.517652
pwt100-pib-per-capita-mapa,ZAF,1972,8724.267077
pwt100-pib-per-capita-mapa,ZAF,1973,9738.932729
pwt100-pib-per-capita-mapa,ZAF,1974,10076.607654
pwt100-pib-per-capita-mapa,ZAF,1975,9712.182951
pwt100-pib-per-capita-mapa,ZAF,1976,9389.043148
pwt100-pib-per-capita-mapa,ZAF,1977,9151.42871
pwt100-pib-per-capita-mapa,ZAF,1978,9366.339712
pwt100-pib-per-capita-mapa,ZAF,1979,9656.122113
pwt100-pib-per-capita-mapa,ZAF,1980,10749.007967
pwt100-pib-per-capita-mapa,ZAF,1981,10397.101527
pwt100-pib-per-capita-mapa,ZAF,1982,10134.020231
pwt100-pib-per-capita-mapa,ZAF,1983,10086.062127
pwt100-pib-per-capita-mapa,ZAF,1984,10093.608146
pwt100-pib-per-capita-mapa,ZAF,1985,9838.733083
pwt100-pib-per-capita-mapa,ZAF,1986,9412.61098
pwt100-pib-per-capita-mapa,ZAF,1987,9571.360407
pwt100-pib-per-capita-mapa,ZAF,1988,9581.152336
pwt100-pib-per-capita-mapa,ZAF,1989,9547.435747
pwt100-pib-per-capita-mapa,ZAF,1990,9276.3756
pwt100-pib-per-capita-mapa,ZAF,1991,9031.112842
pwt100-pib-per-capita-mapa,ZAF,1992,8743.002185
pwt100-pib-per-capita-mapa,ZAF,1993,8804.053521
pwt100-pib-per-capita-mapa,ZAF,1994,8906.339507
pwt100-pib-per-capita-mapa,ZAF,1995,9153.447398
pwt100-pib-per-capita-mapa,ZAF,1996,9353.69347
pwt100-pib-per-capita-mapa,ZAF,1997,9409.108565
pwt100-pib-per-capita-mapa,ZAF,1998,9353.948834
pwt100-pib-per-capita-mapa,ZAF,1999,9428.228308
pwt100-pib-per-capita-mapa,ZAF,2000,9761.227574
pwt100-pib-per-capita-mapa,ZAF,2001,9991.665748
pwt100-pib-per-capita-mapa,ZAF,2002,10291.061306
pwt100-pib-per-capita-mapa,ZAF,2003,10469.229153
pwt100-pib-per-capita-mapa,ZAF,2004,10832.023772
pwt100-pib-per-capita-mapa,ZAF,2005,11311.116636
pwt100-pib-per-capita-mapa,ZAF,2006,12074.057168
pwt100-pib-per-capita-mapa,ZAF,2007,12657.940769
pwt100-pib-per-capita-mapa,ZAF,2008,12717.526669
pwt100-pib-per-capita-mapa,ZAF,2009,12437.676827
pwt100-pib-per-capita-mapa,ZAF,2010,12841.621674
pwt100-pib-per-capita-mapa,ZAF,2011,13314.552959
pwt100-pib-per-capita-mapa,ZAF,2012,13166.204178
pwt100-pib-per-capita-mapa,ZAF,2013,13099.563953
pwt100-pib-per-capita-mapa,ZAF,2014,12932.469099
pwt100-pib-per-capita-mapa,ZAF,2015,12946.360519
pwt100-pib-per-capita-mapa,ZAF,2016,12862.061284
pwt100-pib-per-capita-mapa,ZAF,2017,12946.431046
pwt100-pib-per-capita-mapa,ZAF,2018,12862.193727
pwt100-pib-per-capita-mapa,ZAF,2019,12789.653793
pwt100-pib-per-capita-mapa,ZMB,1955,2926.739236
pwt100-pib-per-capita-mapa,ZMB,1956,3031.976876
pwt100-pib-per-capita-mapa,ZMB,1957,2504.364919
pwt100-pib-per-capita-mapa,ZMB,1958,2207.412941
pwt100-pib-per-capita-mapa,ZMB,1959,2759.224486
pwt100-pib-per-capita-mapa,ZMB,1960,2858.762323
pwt100-pib-per-capita-mapa,ZMB,1961,2713.067569
pwt100-pib-per-capita-mapa,ZMB,1962,2582.09537
pwt100-pib-per-capita-mapa,ZMB,1963,2661.708147
pwt100-pib-per-capita-mapa,ZMB,1964,3031.893674
pwt100-pib-per-capita-mapa,ZMB,1965,3169.792374
pwt100-pib-per-capita-mapa,ZMB,1966,3872.238269
pwt100-pib-per-capita-mapa,ZMB,1967,4159.367043
pwt100-pib-per-capita-mapa,ZMB,1968,4248.996692
pwt100-pib-per-capita-mapa,ZMB,1969,4784.587474
pwt100-pib-per-capita-mapa,ZMB,1970,3841.584325
pwt100-pib-per-capita-mapa,ZMB,1971,3015.198194
pwt100-pib-per-capita-mapa,ZMB,1972,3167.043292
pwt100-pib-per-capita-mapa,ZMB,1973,3403.348046
pwt100-pib-per-capita-mapa,ZMB,1974,3150.945325
pwt100-pib-per-capita-mapa,ZMB,1975,2596.106289
pwt100-pib-per-capita-mapa,ZMB,1976,2715.628973
pwt100-pib-per-capita-mapa,ZMB,1977,2152.19031
pwt100-pib-per-capita-mapa,ZMB,1978,1867.665231
pwt100-pib-per-capita-mapa,ZMB,1979,1952.61135
pwt100-pib-per-capita-mapa,ZMB,1980,1714.435274
pwt100-pib-per-capita-mapa,ZMB,1981,1784.00621
pwt100-pib-per-capita-mapa,ZMB,1982,1712.725037
pwt100-pib-per-capita-mapa,ZMB,1983,1733.362746
pwt100-pib-per-capita-mapa,ZMB,1984,2002.73813
pwt100-pib-per-capita-mapa,ZMB,1985,2166.289209
pwt100-pib-per-capita-mapa,ZMB,1986,1793.659318
pwt100-pib-per-capita-mapa,ZMB,1987,1877.327611
pwt100-pib-per-capita-mapa,ZMB,1988,1854.111855
pwt100-pib-per-capita-mapa,ZMB,1989,1455.638766
pwt100-pib-per-capita-mapa,ZMB,1990,1416.051562
pwt100-pib-per-capita-mapa,ZMB,1991,1420.747633
pwt100-pib-per-capita-mapa,ZMB,1992,1185.079094
pwt100-pib-per-capita-mapa,ZMB,1993,1098.64965
pwt100-pib-per-capita-mapa,ZMB,1994,1035.476598
pwt100-pib-per-capita-mapa,ZMB,1995,1032.00567
pwt100-pib-per-capita-mapa,ZMB,1996,1118.658497
pwt100-pib-per-capita-mapa,ZMB,1997,1172.333203
pwt100-pib-per-capita-mapa,ZMB,1998,1106.010769
pwt100-pib-per-capita-mapa,ZMB,1999,1109.699993
pwt100-pib-per-capita-mapa,ZMB,2000,1297.432511
pwt100-pib-per-capita-mapa,ZMB,2001,1335.878313
pwt100-pib-per-capita-mapa,ZMB,2002,1379.110471
pwt100-pib-per-capita-mapa,ZMB,2003,1453.921087
pwt100-pib-per-capita-mapa,ZMB,2004,1563.420775
pwt100-pib-per-capita-mapa,ZMB,2005,1710.842717
pwt100-pib-per-capita-mapa,ZMB,2006,2008.553031
pwt100-pib-per-capita-mapa,ZMB,2007,2694.931959
pwt100-pib-per-capita-mapa,ZMB,2008,2756.020229
pwt100-pib-per-capita-mapa,ZMB,2009,3058.393684
pwt100-pib-per-capita-mapa,ZMB,2010,3453.535878
pwt100-pib-per-capita-mapa,ZMB,2011,3796.18075
pwt100-pib-per-capita-mapa,ZMB,2012,3543.715143
pwt100-pib-per-capita-mapa,ZMB,2013,3464.301635
pwt100-pib-per-capita-mapa,ZMB,2014,3492.411359
pwt100-pib-per-capita-mapa,ZMB,2015,3257.224799
pwt100-pib-per-capita-mapa,ZMB,2016,3344.006133
pwt100-pib-per-capita-mapa,ZMB,2017,3237.604333
pwt100-pib-per-capita-mapa,ZMB,2018,3266.044202
pwt100-pib-per-capita-mapa,ZMB,2019,3244.839944
pwt100-pib-per-capita-mapa,ZWE,1954,2009.253106
pwt100-pib-per-capita-mapa,ZWE,1955,2008.883333
pwt100-pib-per-capita-mapa,ZWE,1956,2122.961894
pwt100-pib-per-capita-mapa,ZWE,1957,2268.799033
pwt100-pib-per-capita-mapa,ZWE,1958,2199.723274
pwt100-pib-per-capita-mapa,ZWE,1959,2418.167692
pwt100-pib-per-capita-mapa,ZWE,1960,2485.571112
pwt100-pib-per-capita-mapa,ZWE,1961,2547.953859
pwt100-pib-per-capita-mapa,ZWE,1962,2452.915675
pwt100-pib-per-capita-mapa,ZWE,1963,2434.347994
pwt100-pib-per-capita-mapa,ZWE,1964,2297.194039
pwt100-pib-per-capita-mapa,ZWE,1965,2451.552938
pwt100-pib-per-capita-mapa,ZWE,1966,2275.946302
pwt100-pib-per-capita-mapa,ZWE,1967,2246.143208
pwt100-pib-per-capita-mapa,ZWE,1968,2034.710667
pwt100-pib-per-capita-mapa,ZWE,1969,2478.516701
pwt100-pib-per-capita-mapa,ZWE,1970,2933.792926
pwt100-pib-per-capita-mapa,ZWE,1971,3092.672162
pwt100-pib-per-capita-mapa,ZWE,1972,3350.462937
pwt100-pib-per-capita-mapa,ZWE,1973,3385.36669
pwt100-pib-per-capita-mapa,ZWE,1974,3591.515036
pwt100-pib-per-capita-mapa,ZWE,1975,3378.124628
pwt100-pib-per-capita-mapa,ZWE,1976,3283.655924
pwt100-pib-per-capita-mapa,ZWE,1977,2855.326452
pwt100-pib-per-capita-mapa,ZWE,1978,3061.87425
pwt100-pib-per-capita-mapa,ZWE,1979,3112.691042
pwt100-pib-per-capita-mapa,ZWE,1980,3183.114705
pwt100-pib-per-capita-mapa,ZWE,1981,3743.4508
pwt100-pib-per-capita-mapa,ZWE,1982,3813.399855
pwt100-pib-per-capita-mapa,ZWE,1983,4299.142777
pwt100-pib-per-capita-mapa,ZWE,1984,3959.610597
pwt100-pib-per-capita-mapa,ZWE,1985,4189.141614
pwt100-pib-per-capita-mapa,ZWE,1986,4204.490329
pwt100-pib-per-capita-mapa,ZWE,1987,4083.85533
pwt100-pib-per-capita-mapa,ZWE,1988,4652.531396
pwt100-pib-per-capita-mapa,ZWE,1989,5090.307261
pwt100-pib-per-capita-mapa,ZWE,1990,5283.048708
pwt100-pib-per-capita-mapa,ZWE,1991,6036.854552
pwt100-pib-per-capita-mapa,ZWE,1992,5292.218279
pwt100-pib-per-capita-mapa,ZWE,1993,5426.337647
pwt100-pib-per-capita-mapa,ZWE,1994,5970.617206
pwt100-pib-per-capita-mapa,ZWE,1995,5628.38766
pwt100-pib-per-capita-mapa,ZWE,1996,6347.244132
pwt100-pib-per-capita-mapa,ZWE,1997,5414.514221
pwt100-pib-per-capita-mapa,ZWE,1998,4764.534688
pwt100-pib-per-capita-mapa,ZWE,1999,4382.288906
pwt100-pib-per-capita-mapa,ZWE,2000,3608.850369
pwt100-pib-per-capita-mapa,ZWE,2001,3718.189438
pwt100-pib-per-capita-mapa,ZWE,2002,3290.519162
pwt100-pib-per-capita-mapa,ZWE,2003,2350.610782
pwt100-pib-per-capita-mapa,ZWE,2004,2138.988141
pwt100-pib-per-capita-mapa,ZWE,2005,1787.037474
pwt100-pib-per-capita-mapa,ZWE,2006,1484.042209
pwt100-pib-per-capita-mapa,ZWE,2007,1543.900318
pwt100-pib-per-capita-mapa,ZWE,2008,1133.189584
pwt100-pib-per-capita-mapa,ZWE,2009,2035.395787
pwt100-pib-per-capita-mapa,ZWE,2010,2204.595714
pwt100-pib-per-capita-mapa,ZWE,2011,2287.381863
pwt100-pib-per-capita-mapa,ZWE,2012,2660.8886
pwt100-pib-per-capita-mapa,ZWE,2013,2787.893782
pwt100-pib-per-capita-mapa,ZWE,2014,2786.636301
pwt100-pib-per-capita-mapa,ZWE,2015,2905.732553
pwt100-pib-per-capita-mapa,ZWE,2016,2984.619759
pwt100-pib-per-capita-mapa,ZWE,2017,3137.841301
pwt100-pib-per-capita-mapa,ZWE,2018,3069.8606
pwt100-pib-per-capita-mapa,ZWE,2019,2887.996649
