serie,region,anio,valor
wpp2024-esperanza-de-vida-mapa,BDI,1950,40.9382
wpp2024-esperanza-de-vida-mapa,BDI,1951,41.2292
wpp2024-esperanza-de-vida-mapa,BDI,1952,41.4802
wpp2024-esperanza-de-vida-mapa,BDI,1953,41.7429
wpp2024-esperanza-de-vida-mapa,BDI,1954,41.9731
wpp2024-esperanza-de-vida-mapa,BDI,1955,42.1749
wpp2024-esperanza-de-vida-mapa,BDI,1956,42.4124
wpp2024-esperanza-de-vida-mapa,BDI,1957,42.6432
wpp2024-esperanza-de-vida-mapa,BDI,1958,42.8673
wpp2024-esperanza-de-vida-mapa,BDI,1959,43.0676
wpp2024-esperanza-de-vida-mapa,BDI,1960,43.262
wpp2024-esperanza-de-vida-mapa,BDI,1961,43.3642
wpp2024-esperanza-de-vida-mapa,BDI,1962,43.4919
wpp2024-esperanza-de-vida-mapa,BDI,1963,43.5585
wpp2024-esperanza-de-vida-mapa,BDI,1964,43.601
wpp2024-esperanza-de-vida-mapa,BDI,1965,41.8441
wpp2024-esperanza-de-vida-mapa,BDI,1966,43.5285
wpp2024-esperanza-de-vida-mapa,BDI,1967,43.3318
wpp2024-esperanza-de-vida-mapa,BDI,1968,43.4048
wpp2024-esperanza-de-vida-mapa,BDI,1969,43.0002
wpp2024-esperanza-de-vida-mapa,BDI,1970,43.2251
wpp2024-esperanza-de-vida-mapa,BDI,1971,43.1724
wpp2024-esperanza-de-vida-mapa,BDI,1972,25.7768
wpp2024-esperanza-de-vida-mapa,BDI,1973,37.4086
wpp2024-esperanza-de-vida-mapa,BDI,1974,43.3367
wpp2024-esperanza-de-vida-mapa,BDI,1975,43.4453
wpp2024-esperanza-de-vida-mapa,BDI,1976,43.6913
wpp2024-esperanza-de-vida-mapa,BDI,1977,43.9703
wpp2024-esperanza-de-vida-mapa,BDI,1978,44.4044
wpp2024-esperanza-de-vida-mapa,BDI,1979,45.0381
wpp2024-esperanza-de-vida-mapa,BDI,1980,45.7311
wpp2024-esperanza-de-vida-mapa,BDI,1981,46.4119
wpp2024-esperanza-de-vida-mapa,BDI,1982,47.0119
wpp2024-esperanza-de-vida-mapa,BDI,1983,47.4333
wpp2024-esperanza-de-vida-mapa,BDI,1984,47.6871
wpp2024-esperanza-de-vida-mapa,BDI,1985,47.6621
wpp2024-esperanza-de-vida-mapa,BDI,1986,47.4021
wpp2024-esperanza-de-vida-mapa,BDI,1987,47.0665
wpp2024-esperanza-de-vida-mapa,BDI,1988,42.8894
wpp2024-esperanza-de-vida-mapa,BDI,1989,45.7452
wpp2024-esperanza-de-vida-mapa,BDI,1990,45.184
wpp2024-esperanza-de-vida-mapa,BDI,1991,44.66
wpp2024-esperanza-de-vida-mapa,BDI,1992,44.469
wpp2024-esperanza-de-vida-mapa,BDI,1993,37.2214
wpp2024-esperanza-de-vida-mapa,BDI,1994,44.5152
wpp2024-esperanza-de-vida-mapa,BDI,1995,44.5888
wpp2024-esperanza-de-vida-mapa,BDI,1996,44.8069
wpp2024-esperanza-de-vida-mapa,BDI,1997,45.7207
wpp2024-esperanza-de-vida-mapa,BDI,1998,46.6781
wpp2024-esperanza-de-vida-mapa,BDI,1999,47.6266
wpp2024-esperanza-de-vida-mapa,BDI,2000,47.6166
wpp2024-esperanza-de-vida-mapa,BDI,2001,48.5094
wpp2024-esperanza-de-vida-mapa,BDI,2002,49.9237
wpp2024-esperanza-de-vida-mapa,BDI,2003,50.997
wpp2024-esperanza-de-vida-mapa,BDI,2004,52.2171
wpp2024-esperanza-de-vida-mapa,BDI,2005,53.0529
wpp2024-esperanza-de-vida-mapa,BDI,2006,53.962
wpp2024-esperanza-de-vida-mapa,BDI,2007,54.8317
wpp2024-esperanza-de-vida-mapa,BDI,2008,55.5813
wpp2024-esperanza-de-vida-mapa,BDI,2009,56.4215
wpp2024-esperanza-de-vida-mapa,BDI,2010,57.0883
wpp2024-esperanza-de-vida-mapa,BDI,2011,57.8039
wpp2024-esperanza-de-vida-mapa,BDI,2012,58.5008
wpp2024-esperanza-de-vida-mapa,BDI,2013,59.1786
wpp2024-esperanza-de-vida-mapa,BDI,2014,59.7644
wpp2024-esperanza-de-vida-mapa,BDI,2015,60.1068
wpp2024-esperanza-de-vida-mapa,BDI,2016,60.7887
wpp2024-esperanza-de-vida-mapa,BDI,2017,61.3452
wpp2024-esperanza-de-vida-mapa,BDI,2018,61.8065
wpp2024-esperanza-de-vida-mapa,BDI,2019,62.1801
wpp2024-esperanza-de-vida-mapa,BDI,2020,62.5694
wpp2024-esperanza-de-vida-mapa,BDI,2021,62.1013
wpp2024-esperanza-de-vida-mapa,BDI,2022,62.8819
wpp2024-esperanza-de-vida-mapa,BDI,2023,63.6511
wpp2024-esperanza-de-vida-mapa,COM,1950,37.3921
wpp2024-esperanza-de-vida-mapa,COM,1951,34.329
wpp2024-esperanza-de-vida-mapa,COM,1952,38.0401
wpp2024-esperanza-de-vida-mapa,COM,1953,38.3791
wpp2024-esperanza-de-vida-mapa,COM,1954,38.7048
wpp2024-esperanza-de-vida-mapa,COM,1955,39.0327
wpp2024-esperanza-de-vida-mapa,COM,1956,39.3666
wpp2024-esperanza-de-vida-mapa,COM,1957,39.7391
wpp2024-esperanza-de-vida-mapa,COM,1958,40.0947
wpp2024-esperanza-de-vida-mapa,COM,1959,40.4717
wpp2024-esperanza-de-vida-mapa,COM,1960,40.7774
wpp2024-esperanza-de-vida-mapa,COM,1961,41.1574
wpp2024-esperanza-de-vida-mapa,COM,1962,41.5339
wpp2024-esperanza-de-vida-mapa,COM,1963,41.9093
wpp2024-esperanza-de-vida-mapa,COM,1964,42.3277
wpp2024-esperanza-de-vida-mapa,COM,1965,42.6756
wpp2024-esperanza-de-vida-mapa,COM,1966,43.1525
wpp2024-esperanza-de-vida-mapa,COM,1967,43.5928
wpp2024-esperanza-de-vida-mapa,COM,1968,44.1008
wpp2024-esperanza-de-vida-mapa,COM,1969,44.6434
wpp2024-esperanza-de-vida-mapa,COM,1970,45.226
wpp2024-esperanza-de-vida-mapa,COM,1971,45.8488
wpp2024-esperanza-de-vida-mapa,COM,1972,46.4626
wpp2024-esperanza-de-vida-mapa,COM,1973,47.0449
wpp2024-esperanza-de-vida-mapa,COM,1974,47.6091
wpp2024-esperanza-de-vida-mapa,COM,1975,46.866
wpp2024-esperanza-de-vida-mapa,COM,1976,48.6454
wpp2024-esperanza-de-vida-mapa,COM,1977,49.1703
wpp2024-esperanza-de-vida-mapa,COM,1978,49.7019
wpp2024-esperanza-de-vida-mapa,COM,1979,50.126
wpp2024-esperanza-de-vida-mapa,COM,1980,50.6809
wpp2024-esperanza-de-vida-mapa,COM,1981,51.2105
wpp2024-esperanza-de-vida-mapa,COM,1982,51.7497
wpp2024-esperanza-de-vida-mapa,COM,1983,52.1207
wpp2024-esperanza-de-vida-mapa,COM,1984,52.7843
wpp2024-esperanza-de-vida-mapa,COM,1985,53.2626
wpp2024-esperanza-de-vida-mapa,COM,1986,53.7556
wpp2024-esperanza-de-vida-mapa,COM,1987,54.1339
wpp2024-esperanza-de-vida-mapa,COM,1988,54.6778
wpp2024-esperanza-de-vida-mapa,COM,1989,54.9831
wpp2024-esperanza-de-vida-mapa,COM,1990,55.6196
wpp2024-esperanza-de-vida-mapa,COM,1991,56.1042
wpp2024-esperanza-de-vida-mapa,COM,1992,56.5762
wpp2024-esperanza-de-vida-mapa,COM,1993,57.0256
wpp2024-esperanza-de-vida-mapa,COM,1994,57.4582
wpp2024-esperanza-de-vida-mapa,COM,1995,57.8299
wpp2024-esperanza-de-vida-mapa,COM,1996,58.1506
wpp2024-esperanza-de-vida-mapa,COM,1997,58.2281
wpp2024-esperanza-de-vida-mapa,COM,1998,58.3008
wpp2024-esperanza-de-vida-mapa,COM,1999,58.8533
wpp2024-esperanza-de-vida-mapa,COM,2000,58.9407
wpp2024-esperanza-de-vida-mapa,COM,2001,59.5867
wpp2024-esperanza-de-vida-mapa,COM,2002,59.7228
wpp2024-esperanza-de-vida-mapa,COM,2003,60.2402
wpp2024-esperanza-de-vida-mapa,COM,2004,60.5567
wpp2024-esperanza-de-vida-mapa,COM,2005,60.8827
wpp2024-esperanza-de-vida-mapa,COM,2006,61.2291
wpp2024-esperanza-de-vida-mapa,COM,2007,61.4753
wpp2024-esperanza-de-vida-mapa,COM,2008,61.9548
wpp2024-esperanza-de-vida-mapa,COM,2009,62.3017
wpp2024-esperanza-de-vida-mapa,COM,2010,62.7473
wpp2024-esperanza-de-vida-mapa,COM,2011,63.1048
wpp2024-esperanza-de-vida-mapa,COM,2012,63.4626
wpp2024-esperanza-de-vida-mapa,COM,2013,63.8388
wpp2024-esperanza-de-vida-mapa,COM,2014,64.1427
wpp2024-esperanza-de-vida-mapa,COM,2015,64.4727
wpp2024-esperanza-de-vida-mapa,COM,2016,64.7916
wpp2024-esperanza-de-vida-mapa,COM,2017,65.1272
wpp2024-esperanza-de-vida-mapa,COM,2018,65.4009
wpp2024-esperanza-de-vida-mapa,COM,2019,65.6622
wpp2024-esperanza-de-vida-mapa,COM,2020,65.7559
wpp2024-esperanza-de-vida-mapa,COM,2021,65.2009
wpp2024-esperanza-de-vida-mapa,COM,2022,66.4806
wpp2024-esperanza-de-vida-mapa,COM,2023,66.7768
wpp2024-esperanza-de-vida-mapa,DJI,1950,40.7277
wpp2024-esperanza-de-vida-mapa,DJI,1951,41.0363
wpp2024-esperanza-de-vida-mapa,DJI,1952,41.2296
wpp2024-esperanza-de-vida-mapa,DJI,1953,41.484
wpp2024-esperanza-de-vida-mapa,DJI,1954,41.7745
wpp2024-esperanza-de-vida-mapa,DJI,1955,42.0436
wpp2024-esperanza-de-vida-mapa,DJI,1956,42.2871
wpp2024-esperanza-de-vida-mapa,DJI,1957,42.5702
wpp2024-esperanza-de-vida-mapa,DJI,1958,42.772
wpp2024-esperanza-de-vida-mapa,DJI,1959,43.0788
wpp2024-esperanza-de-vida-mapa,DJI,1960,43.4212
wpp2024-esperanza-de-vida-mapa,DJI,1961,43.7808
wpp2024-esperanza-de-vida-mapa,DJI,1962,44.0918
wpp2024-esperanza-de-vida-mapa,DJI,1963,44.4421
wpp2024-esperanza-de-vida-mapa,DJI,1964,44.812
wpp2024-esperanza-de-vida-mapa,DJI,1965,45.2344
wpp2024-esperanza-de-vida-mapa,DJI,1966,45.6201
wpp2024-esperanza-de-vida-mapa,DJI,1967,46.1031
wpp2024-esperanza-de-vida-mapa,DJI,1968,46.5523
wpp2024-esperanza-de-vida-mapa,DJI,1969,47.0668
wpp2024-esperanza-de-vida-mapa,DJI,1970,47.5361
wpp2024-esperanza-de-vida-mapa,DJI,1971,47.2593
wpp2024-esperanza-de-vida-mapa,DJI,1972,48.5318
wpp2024-esperanza-de-vida-mapa,DJI,1973,49.0967
wpp2024-esperanza-de-vida-mapa,DJI,1974,49.5203
wpp2024-esperanza-de-vida-mapa,DJI,1975,49.9228
wpp2024-esperanza-de-vida-mapa,DJI,1976,50.3352
wpp2024-esperanza-de-vida-mapa,DJI,1977,50.7555
wpp2024-esperanza-de-vida-mapa,DJI,1978,51.1715
wpp2024-esperanza-de-vida-mapa,DJI,1979,51.5968
wpp2024-esperanza-de-vida-mapa,DJI,1980,52.0462
wpp2024-esperanza-de-vida-mapa,DJI,1981,52.3553
wpp2024-esperanza-de-vida-mapa,DJI,1982,52.8928
wpp2024-esperanza-de-vida-mapa,DJI,1983,53.3338
wpp2024-esperanza-de-vida-mapa,DJI,1984,53.7454
wpp2024-esperanza-de-vida-mapa,DJI,1985,54.0746
wpp2024-esperanza-de-vida-mapa,DJI,1986,54.4937
wpp2024-esperanza-de-vida-mapa,DJI,1987,54.832
wpp2024-esperanza-de-vida-mapa,DJI,1988,55.1326
wpp2024-esperanza-de-vida-mapa,DJI,1989,55.3686
wpp2024-esperanza-de-vida-mapa,DJI,1990,55.4689
wpp2024-esperanza-de-vida-mapa,DJI,1991,55.1935
wpp2024-esperanza-de-vida-mapa,DJI,1992,54.3753
wpp2024-esperanza-de-vida-mapa,DJI,1993,55.734
wpp2024-esperanza-de-vida-mapa,DJI,1994,55.5916
wpp2024-esperanza-de-vida-mapa,DJI,1995,56.234
wpp2024-esperanza-de-vida-mapa,DJI,1996,56.3297
wpp2024-esperanza-de-vida-mapa,DJI,1997,56.207
wpp2024-esperanza-de-vida-mapa,DJI,1998,56.4263
wpp2024-esperanza-de-vida-mapa,DJI,1999,56.5638
wpp2024-esperanza-de-vida-mapa,DJI,2000,56.7341
wpp2024-esperanza-de-vida-mapa,DJI,2001,57.5059
wpp2024-esperanza-de-vida-mapa,DJI,2002,57.8239
wpp2024-esperanza-de-vida-mapa,DJI,2003,58.0406
wpp2024-esperanza-de-vida-mapa,DJI,2004,58.1033
wpp2024-esperanza-de-vida-mapa,DJI,2005,58.5483
wpp2024-esperanza-de-vida-mapa,DJI,2006,58.9617
wpp2024-esperanza-de-vida-mapa,DJI,2007,59.3617
wpp2024-esperanza-de-vida-mapa,DJI,2008,59.815
wpp2024-esperanza-de-vida-mapa,DJI,2009,60.3511
wpp2024-esperanza-de-vida-mapa,DJI,2010,60.7431
wpp2024-esperanza-de-vida-mapa,DJI,2011,61.3373
wpp2024-esperanza-de-vida-mapa,DJI,2012,61.7188
wpp2024-esperanza-de-vida-mapa,DJI,2013,62.1162
wpp2024-esperanza-de-vida-mapa,DJI,2014,62.4274
wpp2024-esperanza-de-vida-mapa,DJI,2015,62.8326
wpp2024-esperanza-de-vida-mapa,DJI,2016,63.335
wpp2024-esperanza-de-vida-mapa,DJI,2017,63.71
wpp2024-esperanza-de-vida-mapa,DJI,2018,64.1051
wpp2024-esperanza-de-vida-mapa,DJI,2019,64.3809
wpp2024-esperanza-de-vida-mapa,DJI,2020,64.2001
wpp2024-esperanza-de-vida-mapa,DJI,2021,63.8301
wpp2024-esperanza-de-vida-mapa,DJI,2022,65.5402
wpp2024-esperanza-de-vida-mapa,DJI,2023,65.9865
wpp2024-esperanza-de-vida-mapa,ERI,1950,33.2935
wpp2024-esperanza-de-vida-mapa,ERI,1951,33.6377
wpp2024-esperanza-de-vida-mapa,ERI,1952,34.0018
wpp2024-esperanza-de-vida-mapa,ERI,1953,34.3762
wpp2024-esperanza-de-vida-mapa,ERI,1954,34.8009
wpp2024-esperanza-de-vida-mapa,ERI,1955,35.1766
wpp2024-esperanza-de-vida-mapa,ERI,1956,35.6315
wpp2024-esperanza-de-vida-mapa,ERI,1957,30.3981
wpp2024-esperanza-de-vida-mapa,ERI,1958,30.9094
wpp2024-esperanza-de-vida-mapa,ERI,1959,36.9691
wpp2024-esperanza-de-vida-mapa,ERI,1960,37.4429
wpp2024-esperanza-de-vida-mapa,ERI,1961,37.912
wpp2024-esperanza-de-vida-mapa,ERI,1962,38.3461
wpp2024-esperanza-de-vida-mapa,ERI,1963,38.8333
wpp2024-esperanza-de-vida-mapa,ERI,1964,39.1841
wpp2024-esperanza-de-vida-mapa,ERI,1965,39.5761
wpp2024-esperanza-de-vida-mapa,ERI,1966,37.6341
wpp2024-esperanza-de-vida-mapa,ERI,1967,40.1507
wpp2024-esperanza-de-vida-mapa,ERI,1968,40.483
wpp2024-esperanza-de-vida-mapa,ERI,1969,40.7919
wpp2024-esperanza-de-vida-mapa,ERI,1970,41.1621
wpp2024-esperanza-de-vida-mapa,ERI,1971,41.5267
wpp2024-esperanza-de-vida-mapa,ERI,1972,40.7231
wpp2024-esperanza-de-vida-mapa,ERI,1973,41.1313
wpp2024-esperanza-de-vida-mapa,ERI,1974,39.0005
wpp2024-esperanza-de-vida-mapa,ERI,1975,39.031
wpp2024-esperanza-de-vida-mapa,ERI,1976,42.5873
wpp2024-esperanza-de-vida-mapa,ERI,1977,42.9839
wpp2024-esperanza-de-vida-mapa,ERI,1978,43.3804
wpp2024-esperanza-de-vida-mapa,ERI,1979,43.7802
wpp2024-esperanza-de-vida-mapa,ERI,1980,44.6253
wpp2024-esperanza-de-vida-mapa,ERI,1981,44.9744
wpp2024-esperanza-de-vida-mapa,ERI,1982,44.8906
wpp2024-esperanza-de-vida-mapa,ERI,1983,37.1729
wpp2024-esperanza-de-vida-mapa,ERI,1984,37.6791
wpp2024-esperanza-de-vida-mapa,ERI,1985,38.5859
wpp2024-esperanza-de-vida-mapa,ERI,1986,39.5411
wpp2024-esperanza-de-vida-mapa,ERI,1987,47.3634
wpp2024-esperanza-de-vida-mapa,ERI,1988,48.0942
wpp2024-esperanza-de-vida-mapa,ERI,1989,47.8024
wpp2024-esperanza-de-vida-mapa,ERI,1990,49.7327
wpp2024-esperanza-de-vida-mapa,ERI,1991,50.5159
wpp2024-esperanza-de-vida-mapa,ERI,1992,52.4358
wpp2024-esperanza-de-vida-mapa,ERI,1993,53.1887
wpp2024-esperanza-de-vida-mapa,ERI,1994,54.0274
wpp2024-esperanza-de-vida-mapa,ERI,1995,54.8222
wpp2024-esperanza-de-vida-mapa,ERI,1996,55.4979
wpp2024-esperanza-de-vida-mapa,ERI,1997,56.1551
wpp2024-esperanza-de-vida-mapa,ERI,1998,49.9968
wpp2024-esperanza-de-vida-mapa,ERI,1999,44.5061
wpp2024-esperanza-de-vida-mapa,ERI,2000,56.2852
wpp2024-esperanza-de-vida-mapa,ERI,2001,58.3587
wpp2024-esperanza-de-vida-mapa,ERI,2002,58.9406
wpp2024-esperanza-de-vida-mapa,ERI,2003,59.4551
wpp2024-esperanza-de-vida-mapa,ERI,2004,60.0625
wpp2024-esperanza-de-vida-mapa,ERI,2005,60.6276
wpp2024-esperanza-de-vida-mapa,ERI,2006,61.4567
wpp2024-esperanza-de-vida-mapa,ERI,2007,61.998
wpp2024-esperanza-de-vida-mapa,ERI,2008,62.422
wpp2024-esperanza-de-vida-mapa,ERI,2009,63.2029
wpp2024-esperanza-de-vida-mapa,ERI,2010,63.6653
wpp2024-esperanza-de-vida-mapa,ERI,2011,64.2314
wpp2024-esperanza-de-vida-mapa,ERI,2012,64.6965
wpp2024-esperanza-de-vida-mapa,ERI,2013,65.005
wpp2024-esperanza-de-vida-mapa,ERI,2014,65.5166
wpp2024-esperanza-de-vida-mapa,ERI,2015,65.9094
wpp2024-esperanza-de-vida-mapa,ERI,2016,66.242
wpp2024-esperanza-de-vida-mapa,ERI,2017,66.6115
wpp2024-esperanza-de-vida-mapa,ERI,2018,66.9787
wpp2024-esperanza-de-vida-mapa,ERI,2019,67.3061
wpp2024-esperanza-de-vida-mapa,ERI,2020,66.9802
wpp2024-esperanza-de-vida-mapa,ERI,2021,66.9396
wpp2024-esperanza-de-vida-mapa,ERI,2022,67.7892
wpp2024-esperanza-de-vida-mapa,ERI,2023,68.6239
wpp2024-esperanza-de-vida-mapa,ETH,1950,35.5116
wpp2024-esperanza-de-vida-mapa,ETH,1951,35.8635
wpp2024-esperanza-de-vida-mapa,ETH,1952,36.2224
wpp2024-esperanza-de-vida-mapa,ETH,1953,36.5587
wpp2024-esperanza-de-vida-mapa,ETH,1954,36.957
wpp2024-esperanza-de-vida-mapa,ETH,1955,37.3196
wpp2024-esperanza-de-vida-mapa,ETH,1956,37.7849
wpp2024-esperanza-de-vida-mapa,ETH,1957,32.1733
wpp2024-esperanza-de-vida-mapa,ETH,1958,32.6282
wpp2024-esperanza-de-vida-mapa,ETH,1959,39.1684
wpp2024-esperanza-de-vida-mapa,ETH,1960,39.6153
wpp2024-esperanza-de-vida-mapa,ETH,1961,40.1978
wpp2024-esperanza-de-vida-mapa,ETH,1962,40.5305
wpp2024-esperanza-de-vida-mapa,ETH,1963,40.9667
wpp2024-esperanza-de-vida-mapa,ETH,1964,41.2605
wpp2024-esperanza-de-vida-mapa,ETH,1965,41.413
wpp2024-esperanza-de-vida-mapa,ETH,1966,39.3431
wpp2024-esperanza-de-vida-mapa,ETH,1967,41.9409
wpp2024-esperanza-de-vida-mapa,ETH,1968,42.0922
wpp2024-esperanza-de-vida-mapa,ETH,1969,42.1312
wpp2024-esperanza-de-vida-mapa,ETH,1970,42.1149
wpp2024-esperanza-de-vida-mapa,ETH,1971,42.2156
wpp2024-esperanza-de-vida-mapa,ETH,1972,41.0345
wpp2024-esperanza-de-vida-mapa,ETH,1973,41.1028
wpp2024-esperanza-de-vida-mapa,ETH,1974,39.0827
wpp2024-esperanza-de-vida-mapa,ETH,1975,38.9412
wpp2024-esperanza-de-vida-mapa,ETH,1976,41.32
wpp2024-esperanza-de-vida-mapa,ETH,1977,41.3966
wpp2024-esperanza-de-vida-mapa,ETH,1978,41.506
wpp2024-esperanza-de-vida-mapa,ETH,1979,42.3762
wpp2024-esperanza-de-vida-mapa,ETH,1980,42.8154
wpp2024-esperanza-de-vida-mapa,ETH,1981,43.0836
wpp2024-esperanza-de-vida-mapa,ETH,1982,43.4335
wpp2024-esperanza-de-vida-mapa,ETH,1983,36.3188
wpp2024-esperanza-de-vida-mapa,ETH,1984,36.7374
wpp2024-esperanza-de-vida-mapa,ETH,1985,37.7473
wpp2024-esperanza-de-vida-mapa,ETH,1986,38.3711
wpp2024-esperanza-de-vida-mapa,ETH,1987,45.8925
wpp2024-esperanza-de-vida-mapa,ETH,1988,45.6822
wpp2024-esperanza-de-vida-mapa,ETH,1989,45.6436
wpp2024-esperanza-de-vida-mapa,ETH,1990,45.1166
wpp2024-esperanza-de-vida-mapa,ETH,1991,46.6565
wpp2024-esperanza-de-vida-mapa,ETH,1992,47.2788
wpp2024-esperanza-de-vida-mapa,ETH,1993,47.6757
wpp2024-esperanza-de-vida-mapa,ETH,1994,47.9256
wpp2024-esperanza-de-vida-mapa,ETH,1995,48.1562
wpp2024-esperanza-de-vida-mapa,ETH,1996,48.6974
wpp2024-esperanza-de-vida-mapa,ETH,1997,49.21
wpp2024-esperanza-de-vida-mapa,ETH,1998,49.7854
wpp2024-esperanza-de-vida-mapa,ETH,1999,49.4857
wpp2024-esperanza-de-vida-mapa,ETH,2000,50.8802
wpp2024-esperanza-de-vida-mapa,ETH,2001,51.4276
wpp2024-esperanza-de-vida-mapa,ETH,2002,52.0851
wpp2024-esperanza-de-vida-mapa,ETH,2003,52.8773
wpp2024-esperanza-de-vida-mapa,ETH,2004,53.7349
wpp2024-esperanza-de-vida-mapa,ETH,2005,54.364
wpp2024-esperanza-de-vida-mapa,ETH,2006,55.4017
wpp2024-esperanza-de-vida-mapa,ETH,2007,56.5665
wpp2024-esperanza-de-vida-mapa,ETH,2008,57.7325
wpp2024-esperanza-de-vida-mapa,ETH,2009,58.715
wpp2024-esperanza-de-vida-mapa,ETH,2010,59.7094
wpp2024-esperanza-de-vida-mapa,ETH,2011,60.5947
wpp2024-esperanza-de-vida-mapa,ETH,2012,61.4426
wpp2024-esperanza-de-vida-mapa,ETH,2013,62.1613
wpp2024-esperanza-de-vida-mapa,ETH,2014,62.9272
wpp2024-esperanza-de-vida-mapa,ETH,2015,63.592
wpp2024-esperanza-de-vida-mapa,ETH,2016,64.1624
wpp2024-esperanza-de-vida-mapa,ETH,2017,64.7659
wpp2024-esperanza-de-vida-mapa,ETH,2018,65.2573
wpp2024-esperanza-de-vida-mapa,ETH,2019,65.7413
wpp2024-esperanza-de-vida-mapa,ETH,2020,65.9688
wpp2024-esperanza-de-vida-mapa,ETH,2021,65.3299
wpp2024-esperanza-de-vida-mapa,ETH,2022,66.8971
wpp2024-esperanza-de-vida-mapa,ETH,2023,67.315
wpp2024-esperanza-de-vida-mapa,KEN,1950,36.8642
wpp2024-esperanza-de-vida-mapa,KEN,1951,38.0363
wpp2024-esperanza-de-vida-mapa,KEN,1952,38.6409
wpp2024-esperanza-de-vida-mapa,KEN,1953,39.8175
wpp2024-esperanza-de-vida-mapa,KEN,1954,41.0366
wpp2024-esperanza-de-vida-mapa,KEN,1955,42.2847
wpp2024-esperanza-de-vida-mapa,KEN,1956,43.5295
wpp2024-esperanza-de-vida-mapa,KEN,1957,45.3359
wpp2024-esperanza-de-vida-mapa,KEN,1958,46.4608
wpp2024-esperanza-de-vida-mapa,KEN,1959,47.519
wpp2024-esperanza-de-vida-mapa,KEN,1960,48.4766
wpp2024-esperanza-de-vida-mapa,KEN,1961,49.3304
wpp2024-esperanza-de-vida-mapa,KEN,1962,50.104
wpp2024-esperanza-de-vida-mapa,KEN,1963,50.758
wpp2024-esperanza-de-vida-mapa,KEN,1964,51.3229
wpp2024-esperanza-de-vida-mapa,KEN,1965,51.8865
wpp2024-esperanza-de-vida-mapa,KEN,1966,52.3832
wpp2024-esperanza-de-vida-mapa,KEN,1967,52.7959
wpp2024-esperanza-de-vida-mapa,KEN,1968,53.302
wpp2024-esperanza-de-vida-mapa,KEN,1969,53.7336
wpp2024-esperanza-de-vida-mapa,KEN,1970,54.1427
wpp2024-esperanza-de-vida-mapa,KEN,1971,54.5434
wpp2024-esperanza-de-vida-mapa,KEN,1972,55.0128
wpp2024-esperanza-de-vida-mapa,KEN,1973,55.5002
wpp2024-esperanza-de-vida-mapa,KEN,1974,56.039
wpp2024-esperanza-de-vida-mapa,KEN,1975,56.6205
wpp2024-esperanza-de-vida-mapa,KEN,1976,57.1528
wpp2024-esperanza-de-vida-mapa,KEN,1977,57.6843
wpp2024-esperanza-de-vida-mapa,KEN,1978,58.2343
wpp2024-esperanza-de-vida-mapa,KEN,1979,58.6905
wpp2024-esperanza-de-vida-mapa,KEN,1980,59.1748
wpp2024-esperanza-de-vida-mapa,KEN,1981,59.5621
wpp2024-esperanza-de-vida-mapa,KEN,1982,59.9045
wpp2024-esperanza-de-vida-mapa,KEN,1983,60.3423
wpp2024-esperanza-de-vida-mapa,KEN,1984,60.6105
wpp2024-esperanza-de-vida-mapa,KEN,1985,60.8558
wpp2024-esperanza-de-vida-mapa,KEN,1986,60.8182
wpp2024-esperanza-de-vida-mapa,KEN,1987,60.721
wpp2024-esperanza-de-vida-mapa,KEN,1988,60.3198
wpp2024-esperanza-de-vida-mapa,KEN,1989,59.9896
wpp2024-esperanza-de-vida-mapa,KEN,1990,58.3336
wpp2024-esperanza-de-vida-mapa,KEN,1991,57.8258
wpp2024-esperanza-de-vida-mapa,KEN,1992,57.095
wpp2024-esperanza-de-vida-mapa,KEN,1993,56.6681
wpp2024-esperanza-de-vida-mapa,KEN,1994,56.1013
wpp2024-esperanza-de-vida-mapa,KEN,1995,55.8557
wpp2024-esperanza-de-vida-mapa,KEN,1996,55.5748
wpp2024-esperanza-de-vida-mapa,KEN,1997,55.4779
wpp2024-esperanza-de-vida-mapa,KEN,1998,55.5681
wpp2024-esperanza-de-vida-mapa,KEN,1999,55.8658
wpp2024-esperanza-de-vida-mapa,KEN,2000,56.0836
wpp2024-esperanza-de-vida-mapa,KEN,2001,56.5005
wpp2024-esperanza-de-vida-mapa,KEN,2002,56.7587
wpp2024-esperanza-de-vida-mapa,KEN,2003,57.3694
wpp2024-esperanza-de-vida-mapa,KEN,2004,57.9472
wpp2024-esperanza-de-vida-mapa,KEN,2005,58.5098
wpp2024-esperanza-de-vida-mapa,KEN,2006,59.0588
wpp2024-esperanza-de-vida-mapa,KEN,2007,59.4073
wpp2024-esperanza-de-vida-mapa,KEN,2008,59.9545
wpp2024-esperanza-de-vida-mapa,KEN,2009,60.4828
wpp2024-esperanza-de-vida-mapa,KEN,2010,60.9149
wpp2024-esperanza-de-vida-mapa,KEN,2011,61.2827
wpp2024-esperanza-de-vida-mapa,KEN,2012,61.5373
wpp2024-esperanza-de-vida-mapa,KEN,2013,61.7291
wpp2024-esperanza-de-vida-mapa,KEN,2014,61.9904
wpp2024-esperanza-de-vida-mapa,KEN,2015,62.279
wpp2024-esperanza-de-vida-mapa,KEN,2016,62.5261
wpp2024-esperanza-de-vida-mapa,KEN,2017,62.7248
wpp2024-esperanza-de-vida-mapa,KEN,2018,62.8254
wpp2024-esperanza-de-vida-mapa,KEN,2019,62.9391
wpp2024-esperanza-de-vida-mapa,KEN,2020,61.5958
wpp2024-esperanza-de-vida-mapa,KEN,2021,61.2253
wpp2024-esperanza-de-vida-mapa,KEN,2022,63.5491
wpp2024-esperanza-de-vida-mapa,KEN,2023,63.6459
wpp2024-esperanza-de-vida-mapa,MDG,1950,39.6578
wpp2024-esperanza-de-vida-mapa,MDG,1951,39.9402
wpp2024-esperanza-de-vida-mapa,MDG,1952,40.3407
wpp2024-esperanza-de-vida-mapa,MDG,1953,40.6562
wpp2024-esperanza-de-vida-mapa,MDG,1954,40.9484
wpp2024-esperanza-de-vida-mapa,MDG,1955,41.278
wpp2024-esperanza-de-vida-mapa,MDG,1956,41.6911
wpp2024-esperanza-de-vida-mapa,MDG,1957,42.1134
wpp2024-esperanza-de-vida-mapa,MDG,1958,42.5049
wpp2024-esperanza-de-vida-mapa,MDG,1959,42.9518
wpp2024-esperanza-de-vida-mapa,MDG,1960,43.3485
wpp2024-esperanza-de-vida-mapa,MDG,1961,43.79
wpp2024-esperanza-de-vida-mapa,MDG,1962,44.1855
wpp2024-esperanza-de-vida-mapa,MDG,1963,44.6257
wpp2024-esperanza-de-vida-mapa,MDG,1964,45.0367
wpp2024-esperanza-de-vida-mapa,MDG,1965,45.4474
wpp2024-esperanza-de-vida-mapa,MDG,1966,45.9797
wpp2024-esperanza-de-vida-mapa,MDG,1967,46.4571
wpp2024-esperanza-de-vida-mapa,MDG,1968,46.9324
wpp2024-esperanza-de-vida-mapa,MDG,1969,47.3223
wpp2024-esperanza-de-vida-mapa,MDG,1970,47.8984
wpp2024-esperanza-de-vida-mapa,MDG,1971,48.2041
wpp2024-esperanza-de-vida-mapa,MDG,1972,48.5068
wpp2024-esperanza-de-vida-mapa,MDG,1973,48.9208
wpp2024-esperanza-de-vida-mapa,MDG,1974,49.3032
wpp2024-esperanza-de-vida-mapa,MDG,1975,49.596
wpp2024-esperanza-de-vida-mapa,MDG,1976,49.7996
wpp2024-esperanza-de-vida-mapa,MDG,1977,49.9447
wpp2024-esperanza-de-vida-mapa,MDG,1978,50.017
wpp2024-esperanza-de-vida-mapa,MDG,1979,50.0591
wpp2024-esperanza-de-vida-mapa,MDG,1980,49.9844
wpp2024-esperanza-de-vida-mapa,MDG,1981,49.8063
wpp2024-esperanza-de-vida-mapa,MDG,1982,50.009
wpp2024-esperanza-de-vida-mapa,MDG,1983,50.1072
wpp2024-esperanza-de-vida-mapa,MDG,1984,50.2087
wpp2024-esperanza-de-vida-mapa,MDG,1985,50.406
wpp2024-esperanza-de-vida-mapa,MDG,1986,50.6515
wpp2024-esperanza-de-vida-mapa,MDG,1987,51.0984
wpp2024-esperanza-de-vida-mapa,MDG,1988,51.4246
wpp2024-esperanza-de-vida-mapa,MDG,1989,51.8158
wpp2024-esperanza-de-vida-mapa,MDG,1990,52.1403
wpp2024-esperanza-de-vida-mapa,MDG,1991,52.555
wpp2024-esperanza-de-vida-mapa,MDG,1992,52.9464
wpp2024-esperanza-de-vida-mapa,MDG,1993,53.7325
wpp2024-esperanza-de-vida-mapa,MDG,1994,54.2469
wpp2024-esperanza-de-vida-mapa,MDG,1995,54.845
wpp2024-esperanza-de-vida-mapa,MDG,1996,55.4768
wpp2024-esperanza-de-vida-mapa,MDG,1997,56.1267
wpp2024-esperanza-de-vida-mapa,MDG,1998,56.8028
wpp2024-esperanza-de-vida-mapa,MDG,1999,57.4344
wpp2024-esperanza-de-vida-mapa,MDG,2000,57.9742
wpp2024-esperanza-de-vida-mapa,MDG,2001,58.6744
wpp2024-esperanza-de-vida-mapa,MDG,2002,59.1704
wpp2024-esperanza-de-vida-mapa,MDG,2003,59.6926
wpp2024-esperanza-de-vida-mapa,MDG,2004,60.1684
wpp2024-esperanza-de-vida-mapa,MDG,2005,60.6639
wpp2024-esperanza-de-vida-mapa,MDG,2006,61.1404
wpp2024-esperanza-de-vida-mapa,MDG,2007,61.5335
wpp2024-esperanza-de-vida-mapa,MDG,2008,61.9919
wpp2024-esperanza-de-vida-mapa,MDG,2009,62.3044
wpp2024-esperanza-de-vida-mapa,MDG,2010,62.5967
wpp2024-esperanza-de-vida-mapa,MDG,2011,62.8602
wpp2024-esperanza-de-vida-mapa,MDG,2012,63.0068
wpp2024-esperanza-de-vida-mapa,MDG,2013,63.1613
wpp2024-esperanza-de-vida-mapa,MDG,2014,63.2615
wpp2024-esperanza-de-vida-mapa,MDG,2015,63.3621
wpp2024-esperanza-de-vida-mapa,MDG,2016,63.4312
wpp2024-esperanza-de-vida-mapa,MDG,2017,63.4328
wpp2024-esperanza-de-vida-mapa,MDG,2018,63.4911
wpp2024-esperanza-de-vida-mapa,MDG,2019,63.5039
wpp2024-esperanza-de-vida-mapa,MDG,2020,62.706
wpp2024-esperanza-de-vida-mapa,MDG,2021,62.5157
wpp2024-esperanza-de-vida-mapa,MDG,2022,63.0677
wpp2024-esperanza-de-vida-mapa,MDG,2023,63.6317
wpp2024-esperanza-de-vida-mapa,MWI,1950,32.6601
wpp2024-esperanza-de-vida-mapa,MWI,1951,32.8244
wpp2024-esperanza-de-vida-mapa,MWI,1952,32.9852
wpp2024-esperanza-de-vida-mapa,MWI,1953,33.164
wpp2024-esperanza-de-vida-mapa,MWI,1954,33.3479
wpp2024-esperanza-de-vida-mapa,MWI,1955,33.5805
wpp2024-esperanza-de-vida-mapa,MWI,1956,33.8494
wpp2024-esperanza-de-vida-mapa,MWI,1957,34.1069
wpp2024-esperanza-de-vida-mapa,MWI,1958,34.4411
wpp2024-esperanza-de-vida-mapa,MWI,1959,34.7611
wpp2024-esperanza-de-vida-mapa,MWI,1960,34.9862
wpp2024-esperanza-de-vida-mapa,MWI,1961,35.2295
wpp2024-esperanza-de-vida-mapa,MWI,1962,35.4491
wpp2024-esperanza-de-vida-mapa,MWI,1963,35.6426
wpp2024-esperanza-de-vida-mapa,MWI,1964,35.6806
wpp2024-esperanza-de-vida-mapa,MWI,1965,35.7401
wpp2024-esperanza-de-vida-mapa,MWI,1966,35.8305
wpp2024-esperanza-de-vida-mapa,MWI,1967,35.9406
wpp2024-esperanza-de-vida-mapa,MWI,1968,36.085
wpp2024-esperanza-de-vida-mapa,MWI,1969,36.3007
wpp2024-esperanza-de-vida-mapa,MWI,1970,36.638
wpp2024-esperanza-de-vida-mapa,MWI,1971,37.095
wpp2024-esperanza-de-vida-mapa,MWI,1972,37.6084
wpp2024-esperanza-de-vida-mapa,MWI,1973,38.355
wpp2024-esperanza-de-vida-mapa,MWI,1974,39.1965
wpp2024-esperanza-de-vida-mapa,MWI,1975,40.0794
wpp2024-esperanza-de-vida-mapa,MWI,1976,41.0223
wpp2024-esperanza-de-vida-mapa,MWI,1977,41.9789
wpp2024-esperanza-de-vida-mapa,MWI,1978,43.0025
wpp2024-esperanza-de-vida-mapa,MWI,1979,43.7031
wpp2024-esperanza-de-vida-mapa,MWI,1980,44.3308
wpp2024-esperanza-de-vida-mapa,MWI,1981,44.72
wpp2024-esperanza-de-vida-mapa,MWI,1982,44.8399
wpp2024-esperanza-de-vida-mapa,MWI,1983,44.974
wpp2024-esperanza-de-vida-mapa,MWI,1984,44.8067
wpp2024-esperanza-de-vida-mapa,MWI,1985,44.5678
wpp2024-esperanza-de-vida-mapa,MWI,1986,44.2977
wpp2024-esperanza-de-vida-mapa,MWI,1987,43.9024
wpp2024-esperanza-de-vida-mapa,MWI,1988,43.5694
wpp2024-esperanza-de-vida-mapa,MWI,1989,43.5152
wpp2024-esperanza-de-vida-mapa,MWI,1990,43.5748
wpp2024-esperanza-de-vida-mapa,MWI,1991,43.5397
wpp2024-esperanza-de-vida-mapa,MWI,1992,43.6363
wpp2024-esperanza-de-vida-mapa,MWI,1993,43.6485
wpp2024-esperanza-de-vida-mapa,MWI,1994,43.8
wpp2024-esperanza-de-vida-mapa,MWI,1995,43.8043
wpp2024-esperanza-de-vida-mapa,MWI,1996,44.0051
wpp2024-esperanza-de-vida-mapa,MWI,1997,44.1995
wpp2024-esperanza-de-vida-mapa,MWI,1998,44.2995
wpp2024-esperanza-de-vida-mapa,MWI,1999,45.06
wpp2024-esperanza-de-vida-mapa,MWI,2000,46.1698
wpp2024-esperanza-de-vida-mapa,MWI,2001,47.2049
wpp2024-esperanza-de-vida-mapa,MWI,2002,48.1757
wpp2024-esperanza-de-vida-mapa,MWI,2003,49.6013
wpp2024-esperanza-de-vida-mapa,MWI,2004,51.0731
wpp2024-esperanza-de-vida-mapa,MWI,2005,52.4693
wpp2024-esperanza-de-vida-mapa,MWI,2006,53.652
wpp2024-esperanza-de-vida-mapa,MWI,2007,54.6867
wpp2024-esperanza-de-vida-mapa,MWI,2008,55.7151
wpp2024-esperanza-de-vida-mapa,MWI,2009,56.7139
wpp2024-esperanza-de-vida-mapa,MWI,2010,57.787
wpp2024-esperanza-de-vida-mapa,MWI,2011,58.8589
wpp2024-esperanza-de-vida-mapa,MWI,2012,59.8695
wpp2024-esperanza-de-vida-mapa,MWI,2013,60.8158
wpp2024-esperanza-de-vida-mapa,MWI,2014,61.6507
wpp2024-esperanza-de-vida-mapa,MWI,2015,62.324
wpp2024-esperanza-de-vida-mapa,MWI,2016,63.163
wpp2024-esperanza-de-vida-mapa,MWI,2017,63.9145
wpp2024-esperanza-de-vida-mapa,MWI,2018,64.4641
wpp2024-esperanza-de-vida-mapa,MWI,2019,64.995
wpp2024-esperanza-de-vida-mapa,MWI,2020,65.2159
wpp2024-esperanza-de-vida-mapa,MWI,2021,64.782
wpp2024-esperanza-de-vida-mapa,MWI,2022,66.037
wpp2024-esperanza-de-vida-mapa,MWI,2023,67.3535
wpp2024-esperanza-de-vida-mapa,MUS,1950,51.9377
wpp2024-esperanza-de-vida-mapa,MUS,1951,52.4701
wpp2024-esperanza-de-vida-mapa,MUS,1952,52.1052
wpp2024-esperanza-de-vida-mapa,MUS,1953,51.5049
wpp2024-esperanza-de-vida-mapa,MUS,1954,52.2188
wpp2024-esperanza-de-vida-mapa,MUS,1955,53.7694
wpp2024-esperanza-de-vida-mapa,MUS,1956,55.0713
wpp2024-esperanza-de-vida-mapa,MUS,1957,55.6779
wpp2024-esperanza-de-vida-mapa,MUS,1958,56.3891
wpp2024-esperanza-de-vida-mapa,MUS,1959,57.4036
wpp2024-esperanza-de-vida-mapa,MUS,1960,58.404
wpp2024-esperanza-de-vida-mapa,MUS,1961,59.543
wpp2024-esperanza-de-vida-mapa,MUS,1962,60.4612
wpp2024-esperanza-de-vida-mapa,MUS,1963,61.1478
wpp2024-esperanza-de-vida-mapa,MUS,1964,61.5215
wpp2024-esperanza-de-vida-mapa,MUS,1965,62.0689
wpp2024-esperanza-de-vida-mapa,MUS,1966,62.1068
wpp2024-esperanza-de-vida-mapa,MUS,1967,61.7188
wpp2024-esperanza-de-vida-mapa,MUS,1968,62.1004
wpp2024-esperanza-de-vida-mapa,MUS,1969,62.7015
wpp2024-esperanza-de-vida-mapa,MUS,1970,63.6917
wpp2024-esperanza-de-vida-mapa,MUS,1971,63.8434
wpp2024-esperanza-de-vida-mapa,MUS,1972,63.7989
wpp2024-esperanza-de-vida-mapa,MUS,1973,64.253
wpp2024-esperanza-de-vida-mapa,MUS,1974,64.2175
wpp2024-esperanza-de-vida-mapa,MUS,1975,64.3682
wpp2024-esperanza-de-vida-mapa,MUS,1976,64.0297
wpp2024-esperanza-de-vida-mapa,MUS,1977,64.8275
wpp2024-esperanza-de-vida-mapa,MUS,1978,65.2607
wpp2024-esperanza-de-vida-mapa,MUS,1979,66.0173
wpp2024-esperanza-de-vida-mapa,MUS,1980,66.5085
wpp2024-esperanza-de-vida-mapa,MUS,1981,67.2158
wpp2024-esperanza-de-vida-mapa,MUS,1982,67.9498
wpp2024-esperanza-de-vida-mapa,MUS,1983,68.4074
wpp2024-esperanza-de-vida-mapa,MUS,1984,68.6358
wpp2024-esperanza-de-vida-mapa,MUS,1985,68.7248
wpp2024-esperanza-de-vida-mapa,MUS,1986,68.8882
wpp2024-esperanza-de-vida-mapa,MUS,1987,69.185
wpp2024-esperanza-de-vida-mapa,MUS,1988,69.4411
wpp2024-esperanza-de-vida-mapa,MUS,1989,69.535
wpp2024-esperanza-de-vida-mapa,MUS,1990,69.7706
wpp2024-esperanza-de-vida-mapa,MUS,1991,70.0506
wpp2024-esperanza-de-vida-mapa,MUS,1992,70.2128
wpp2024-esperanza-de-vida-mapa,MUS,1993,70.3647
wpp2024-esperanza-de-vida-mapa,MUS,1994,70.4197
wpp2024-esperanza-de-vida-mapa,MUS,1995,70.5995
wpp2024-esperanza-de-vida-mapa,MUS,1996,70.5243
wpp2024-esperanza-de-vida-mapa,MUS,1997,70.6836
wpp2024-esperanza-de-vida-mapa,MUS,1998,70.8944
wpp2024-esperanza-de-vida-mapa,MUS,1999,71.3903
wpp2024-esperanza-de-vida-mapa,MUS,2000,71.7597
wpp2024-esperanza-de-vida-mapa,MUS,2001,71.9853
wpp2024-esperanza-de-vida-mapa,MUS,2002,72.0549
wpp2024-esperanza-de-vida-mapa,MUS,2003,72.3074
wpp2024-esperanza-de-vida-mapa,MUS,2004,72.5465
wpp2024-esperanza-de-vida-mapa,MUS,2005,72.6439
wpp2024-esperanza-de-vida-mapa,MUS,2006,72.7813
wpp2024-esperanza-de-vida-mapa,MUS,2007,72.8856
wpp2024-esperanza-de-vida-mapa,MUS,2008,73.1239
wpp2024-esperanza-de-vida-mapa,MUS,2009,73.26
wpp2024-esperanza-de-vida-mapa,MUS,2010,73.6475
wpp2024-esperanza-de-vida-mapa,MUS,2011,74.0678
wpp2024-esperanza-de-vida-mapa,MUS,2012,74.3302
wpp2024-esperanza-de-vida-mapa,MUS,2013,74.4298
wpp2024-esperanza-de-vida-mapa,MUS,2014,74.6143
wpp2024-esperanza-de-vida-mapa,MUS,2015,74.673
wpp2024-esperanza-de-vida-mapa,MUS,2016,74.85
wpp2024-esperanza-de-vida-mapa,MUS,2017,75.024
wpp2024-esperanza-de-vida-mapa,MUS,2018,74.4909
wpp2024-esperanza-de-vida-mapa,MUS,2019,74.1811
wpp2024-esperanza-de-vida-mapa,MUS,2020,74.6572
wpp2024-esperanza-de-vida-mapa,MUS,2021,72.903
wpp2024-esperanza-de-vida-mapa,MUS,2022,73.5445
wpp2024-esperanza-de-vida-mapa,MUS,2023,74.9263
wpp2024-esperanza-de-vida-mapa,MYT,1950,42.2466
wpp2024-esperanza-de-vida-mapa,MYT,1951,43.5732
wpp2024-esperanza-de-vida-mapa,MYT,1952,44.8327
wpp2024-esperanza-de-vida-mapa,MYT,1953,46.1388
wpp2024-esperanza-de-vida-mapa,MYT,1954,47.3905
wpp2024-esperanza-de-vida-mapa,MYT,1955,48.6978
wpp2024-esperanza-de-vida-mapa,MYT,1956,49.916
wpp2024-esperanza-de-vida-mapa,MYT,1957,51.0783
wpp2024-esperanza-de-vida-mapa,MYT,1958,52.235
wpp2024-esperanza-de-vida-mapa,MYT,1959,53.3454
wpp2024-esperanza-de-vida-mapa,MYT,1960,54.363
wpp2024-esperanza-de-vida-mapa,MYT,1961,55.3528
wpp2024-esperanza-de-vida-mapa,MYT,1962,56.3288
wpp2024-esperanza-de-vida-mapa,MYT,1963,57.2637
wpp2024-esperanza-de-vida-mapa,MYT,1964,58.2647
wpp2024-esperanza-de-vida-mapa,MYT,1965,59.2107
wpp2024-esperanza-de-vida-mapa,MYT,1966,60.1517
wpp2024-esperanza-de-vida-mapa,MYT,1967,61.0465
wpp2024-esperanza-de-vida-mapa,MYT,1968,61.9051
wpp2024-esperanza-de-vida-mapa,MYT,1969,62.711
wpp2024-esperanza-de-vida-mapa,MYT,1970,63.5519
wpp2024-esperanza-de-vida-mapa,MYT,1971,64.2709
wpp2024-esperanza-de-vida-mapa,MYT,1972,64.9874
wpp2024-esperanza-de-vida-mapa,MYT,1973,65.6613
wpp2024-esperanza-de-vida-mapa,MYT,1974,66.3309
wpp2024-esperanza-de-vida-mapa,MYT,1975,66.9667
wpp2024-esperanza-de-vida-mapa,MYT,1976,67.5678
wpp2024-esperanza-de-vida-mapa,MYT,1977,68.1565
wpp2024-esperanza-de-vida-mapa,MYT,1978,68.6855
wpp2024-esperanza-de-vida-mapa,MYT,1979,69.207
wpp2024-esperanza-de-vida-mapa,MYT,1980,69.7597
wpp2024-esperanza-de-vida-mapa,MYT,1981,70.2421
wpp2024-esperanza-de-vida-mapa,MYT,1982,70.707
wpp2024-esperanza-de-vida-mapa,MYT,1983,71.1242
wpp2024-esperanza-de-vida-mapa,MYT,1984,71.5275
wpp2024-esperanza-de-vida-mapa,MYT,1985,71.9047
wpp2024-esperanza-de-vida-mapa,MYT,1986,72.2774
wpp2024-esperanza-de-vida-mapa,MYT,1987,72.6287
wpp2024-esperanza-de-vida-mapa,MYT,1988,72.9893
wpp2024-esperanza-de-vida-mapa,MYT,1989,73.306
wpp2024-esperanza-de-vida-mapa,MYT,1990,73.6112
wpp2024-esperanza-de-vida-mapa,MYT,1991,73.9556
wpp2024-esperanza-de-vida-mapa,MYT,1992,74.2506
wpp2024-esperanza-de-vida-mapa,MYT,1993,74.5428
wpp2024-esperanza-de-vida-mapa,MYT,1994,74.8366
wpp2024-esperanza-de-vida-mapa,MYT,1995,75.0747
wpp2024-esperanza-de-vida-mapa,MYT,1996,75.3273
wpp2024-esperanza-de-vida-mapa,MYT,1997,75.5946
wpp2024-esperanza-de-vida-mapa,MYT,1998,75.8625
wpp2024-esperanza-de-vida-mapa,MYT,1999,76.1145
wpp2024-esperanza-de-vida-mapa,MYT,2000,76.3612
wpp2024-esperanza-de-vida-mapa,MYT,2001,76.5265
wpp2024-esperanza-de-vida-mapa,MYT,2002,76.6887
wpp2024-esperanza-de-vida-mapa,MYT,2003,76.8373
wpp2024-esperanza-de-vida-mapa,MYT,2004,77.0381
wpp2024-esperanza-de-vida-mapa,MYT,2005,77.1305
wpp2024-esperanza-de-vida-mapa,MYT,2006,77.4702
wpp2024-esperanza-de-vida-mapa,MYT,2007,77.7747
wpp2024-esperanza-de-vida-mapa,MYT,2008,78.0044
wpp2024-esperanza-de-vida-mapa,MYT,2009,78.1963
wpp2024-esperanza-de-vida-mapa,MYT,2010,78.2501
wpp2024-esperanza-de-vida-mapa,MYT,2011,78.1565
wpp2024-esperanza-de-vida-mapa,MYT,2012,77.8854
wpp2024-esperanza-de-vida-mapa,MYT,2013,77.6097
wpp2024-esperanza-de-vida-mapa,MYT,2014,77.2861
wpp2024-esperanza-de-vida-mapa,MYT,2015,76.8827
wpp2024-esperanza-de-vida-mapa,MYT,2016,76.5053
wpp2024-esperanza-de-vida-mapa,MYT,2017,76.3488
wpp2024-esperanza-de-vida-mapa,MYT,2018,76.221
wpp2024-esperanza-de-vida-mapa,MYT,2019,76.1027
wpp2024-esperanza-de-vida-mapa,MYT,2020,74.2126
wpp2024-esperanza-de-vida-mapa,MYT,2021,72.8232
wpp2024-esperanza-de-vida-mapa,MYT,2022,75.1273
wpp2024-esperanza-de-vida-mapa,MYT,2023,76.0544
wpp2024-esperanza-de-vida-mapa,MOZ,1950,37.3296
wpp2024-esperanza-de-vida-mapa,MOZ,1951,37.7352
wpp2024-esperanza-de-vida-mapa,MOZ,1952,38.1
wpp2024-esperanza-de-vida-mapa,MOZ,1953,38.5055
wpp2024-esperanza-de-vida-mapa,MOZ,1954,38.8661
wpp2024-esperanza-de-vida-mapa,MOZ,1955,39.2669
wpp2024-esperanza-de-vida-mapa,MOZ,1956,39.5942
wpp2024-esperanza-de-vida-mapa,MOZ,1957,40.0576
wpp2024-esperanza-de-vida-mapa,MOZ,1958,40.4661
wpp2024-esperanza-de-vida-mapa,MOZ,1959,40.8746
wpp2024-esperanza-de-vida-mapa,MOZ,1960,41.1966
wpp2024-esperanza-de-vida-mapa,MOZ,1961,41.5003
wpp2024-esperanza-de-vida-mapa,MOZ,1962,41.7607
wpp2024-esperanza-de-vida-mapa,MOZ,1963,41.9578
wpp2024-esperanza-de-vida-mapa,MOZ,1964,41.6563
wpp2024-esperanza-de-vida-mapa,MOZ,1965,41.7922
wpp2024-esperanza-de-vida-mapa,MOZ,1966,41.8351
wpp2024-esperanza-de-vida-mapa,MOZ,1967,41.9525
wpp2024-esperanza-de-vida-mapa,MOZ,1968,42.0999
wpp2024-esperanza-de-vida-mapa,MOZ,1969,42.2667
wpp2024-esperanza-de-vida-mapa,MOZ,1970,42.4593
wpp2024-esperanza-de-vida-mapa,MOZ,1971,42.5806
wpp2024-esperanza-de-vida-mapa,MOZ,1972,42.5234
wpp2024-esperanza-de-vida-mapa,MOZ,1973,42.7239
wpp2024-esperanza-de-vida-mapa,MOZ,1974,43.2109
wpp2024-esperanza-de-vida-mapa,MOZ,1975,43.8207
wpp2024-esperanza-de-vida-mapa,MOZ,1976,43.9227
wpp2024-esperanza-de-vida-mapa,MOZ,1977,43.9237
wpp2024-esperanza-de-vida-mapa,MOZ,1978,43.9627
wpp2024-esperanza-de-vida-mapa,MOZ,1979,43.914
wpp2024-esperanza-de-vida-mapa,MOZ,1980,43.9873
wpp2024-esperanza-de-vida-mapa,MOZ,1981,41.6429
wpp2024-esperanza-de-vida-mapa,MOZ,1982,41.6774
wpp2024-esperanza-de-vida-mapa,MOZ,1983,41.596
wpp2024-esperanza-de-vida-mapa,MOZ,1984,38.897
wpp2024-esperanza-de-vida-mapa,MOZ,1985,38.9841
wpp2024-esperanza-de-vida-mapa,MOZ,1986,40.9508
wpp2024-esperanza-de-vida-mapa,MOZ,1987,41.0025
wpp2024-esperanza-de-vida-mapa,MOZ,1988,43.6905
wpp2024-esperanza-de-vida-mapa,MOZ,1989,43.8893
wpp2024-esperanza-de-vida-mapa,MOZ,1990,44.3369
wpp2024-esperanza-de-vida-mapa,MOZ,1991,44.7046
wpp2024-esperanza-de-vida-mapa,MOZ,1992,45.0953
wpp2024-esperanza-de-vida-mapa,MOZ,1993,45.6746
wpp2024-esperanza-de-vida-mapa,MOZ,1994,46.0858
wpp2024-esperanza-de-vida-mapa,MOZ,1995,46.5463
wpp2024-esperanza-de-vida-mapa,MOZ,1996,47.1208
wpp2024-esperanza-de-vida-mapa,MOZ,1997,47.7996
wpp2024-esperanza-de-vida-mapa,MOZ,1998,48.2121
wpp2024-esperanza-de-vida-mapa,MOZ,1999,48.8374
wpp2024-esperanza-de-vida-mapa,MOZ,2000,49.4762
wpp2024-esperanza-de-vida-mapa,MOZ,2001,50.2593
wpp2024-esperanza-de-vida-mapa,MOZ,2002,50.8793
wpp2024-esperanza-de-vida-mapa,MOZ,2003,51.3831
wpp2024-esperanza-de-vida-mapa,MOZ,2004,51.8551
wpp2024-esperanza-de-vida-mapa,MOZ,2005,52.3225
wpp2024-esperanza-de-vida-mapa,MOZ,2006,52.7476
wpp2024-esperanza-de-vida-mapa,MOZ,2007,53.2554
wpp2024-esperanza-de-vida-mapa,MOZ,2008,53.7989
wpp2024-esperanza-de-vida-mapa,MOZ,2009,54.3999
wpp2024-esperanza-de-vida-mapa,MOZ,2010,55.0397
wpp2024-esperanza-de-vida-mapa,MOZ,2011,55.7334
wpp2024-esperanza-de-vida-mapa,MOZ,2012,56.4604
wpp2024-esperanza-de-vida-mapa,MOZ,2013,57.1889
wpp2024-esperanza-de-vida-mapa,MOZ,2014,57.965
wpp2024-esperanza-de-vida-mapa,MOZ,2015,58.711
wpp2024-esperanza-de-vida-mapa,MOZ,2016,59.455
wpp2024-esperanza-de-vida-mapa,MOZ,2017,60.1484
wpp2024-esperanza-de-vida-mapa,MOZ,2018,60.7904
wpp2024-esperanza-de-vida-mapa,MOZ,2019,61.3059
wpp2024-esperanza-de-vida-mapa,MOZ,2020,61.3904
wpp2024-esperanza-de-vida-mapa,MOZ,2021,60.2683
wpp2024-esperanza-de-vida-mapa,MOZ,2022,63.0115
wpp2024-esperanza-de-vida-mapa,MOZ,2023,63.6111
wpp2024-esperanza-de-vida-mapa,REU,1950,47.5602
wpp2024-esperanza-de-vida-mapa,REU,1951,48.6476
wpp2024-esperanza-de-vida-mapa,REU,1952,50.1082
wpp2024-esperanza-de-vida-mapa,REU,1953,51.465
wpp2024-esperanza-de-vida-mapa,REU,1954,52.9912
wpp2024-esperanza-de-vida-mapa,REU,1955,54.0873
wpp2024-esperanza-de-vida-mapa,REU,1956,54.8808
wpp2024-esperanza-de-vida-mapa,REU,1957,54.8979
wpp2024-esperanza-de-vida-mapa,REU,1958,55.2932
wpp2024-esperanza-de-vida-mapa,REU,1959,56.1752
wpp2024-esperanza-de-vida-mapa,REU,1960,57.6616
wpp2024-esperanza-de-vida-mapa,REU,1961,58.7577
wpp2024-esperanza-de-vida-mapa,REU,1962,59.3943
wpp2024-esperanza-de-vida-mapa,REU,1963,59.8361
wpp2024-esperanza-de-vida-mapa,REU,1964,60.3128
wpp2024-esperanza-de-vida-mapa,REU,1965,60.9744
wpp2024-esperanza-de-vida-mapa,REU,1966,61.4345
wpp2024-esperanza-de-vida-mapa,REU,1967,62.0885
wpp2024-esperanza-de-vida-mapa,REU,1968,62.3951
wpp2024-esperanza-de-vida-mapa,REU,1969,62.8516
wpp2024-esperanza-de-vida-mapa,REU,1970,63.2043
wpp2024-esperanza-de-vida-mapa,REU,1971,63.7286
wpp2024-esperanza-de-vida-mapa,REU,1972,64.2451
wpp2024-esperanza-de-vida-mapa,REU,1973,64.7737
wpp2024-esperanza-de-vida-mapa,REU,1974,65.3542
wpp2024-esperanza-de-vida-mapa,REU,1975,66.0194
wpp2024-esperanza-de-vida-mapa,REU,1976,66.6982
wpp2024-esperanza-de-vida-mapa,REU,1977,67.4099
wpp2024-esperanza-de-vida-mapa,REU,1978,68.1077
wpp2024-esperanza-de-vida-mapa,REU,1979,68.8194
wpp2024-esperanza-de-vida-mapa,REU,1980,69.3718
wpp2024-esperanza-de-vida-mapa,REU,1981,70.2304
wpp2024-esperanza-de-vida-mapa,REU,1982,70.9633
wpp2024-esperanza-de-vida-mapa,REU,1983,71.571
wpp2024-esperanza-de-vida-mapa,REU,1984,72.1823
wpp2024-esperanza-de-vida-mapa,REU,1985,72.5814
wpp2024-esperanza-de-vida-mapa,REU,1986,73.0093
wpp2024-esperanza-de-vida-mapa,REU,1987,73.2526
wpp2024-esperanza-de-vida-mapa,REU,1988,73.6227
wpp2024-esperanza-de-vida-mapa,REU,1989,73.8573
wpp2024-esperanza-de-vida-mapa,REU,1990,74.1895
wpp2024-esperanza-de-vida-mapa,REU,1991,74.4728
wpp2024-esperanza-de-vida-mapa,REU,1992,74.7866
wpp2024-esperanza-de-vida-mapa,REU,1993,75.0373
wpp2024-esperanza-de-vida-mapa,REU,1994,75.409
wpp2024-esperanza-de-vida-mapa,REU,1995,75.7109
wpp2024-esperanza-de-vida-mapa,REU,1996,76.0275
wpp2024-esperanza-de-vida-mapa,REU,1997,76.3375
wpp2024-esperanza-de-vida-mapa,REU,1998,76.621
wpp2024-esperanza-de-vida-mapa,REU,1999,76.8402
wpp2024-esperanza-de-vida-mapa,REU,2000,77.0091
wpp2024-esperanza-de-vida-mapa,REU,2001,77.145
wpp2024-esperanza-de-vida-mapa,REU,2002,77.3519
wpp2024-esperanza-de-vida-mapa,REU,2003,77.5633
wpp2024-esperanza-de-vida-mapa,REU,2004,77.7493
wpp2024-esperanza-de-vida-mapa,REU,2005,77.9525
wpp2024-esperanza-de-vida-mapa,REU,2006,78.344
wpp2024-esperanza-de-vida-mapa,REU,2007,78.9305
wpp2024-esperanza-de-vida-mapa,REU,2008,79.5018
wpp2024-esperanza-de-vida-mapa,REU,2009,80.0348
wpp2024-esperanza-de-vida-mapa,REU,2010,80.474
wpp2024-esperanza-de-vida-mapa,REU,2011,80.9732
wpp2024-esperanza-de-vida-mapa,REU,2012,81.3486
wpp2024-esperanza-de-vida-mapa,REU,2013,81.6204
wpp2024-esperanza-de-vida-mapa,REU,2014,81.7762
wpp2024-esperanza-de-vida-mapa,REU,2015,81.9118
wpp2024-esperanza-de-vida-mapa,REU,2016,82.0281
wpp2024-esperanza-de-vida-mapa,REU,2017,82.1273
wpp2024-esperanza-de-vida-mapa,REU,2018,82.198
wpp2024-esperanza-de-vida-mapa,REU,2019,82.3179
wpp2024-esperanza-de-vida-mapa,REU,2020,82.5765
wpp2024-esperanza-de-vida-mapa,REU,2021,81.5003
wpp2024-esperanza-de-vida-mapa,REU,2022,81.5
wpp2024-esperanza-de-vida-mapa,REU,2023,83.5472
wpp2024-esperanza-de-vida-mapa,RWA,1950,43.18
wpp2024-esperanza-de-vida-mapa,RWA,1951,43.4735
wpp2024-esperanza-de-vida-mapa,RWA,1952,43.7749
wpp2024-esperanza-de-vida-mapa,RWA,1953,44.0922
wpp2024-esperanza-de-vida-mapa,RWA,1954,44.4288
wpp2024-esperanza-de-vida-mapa,RWA,1955,44.7944
wpp2024-esperanza-de-vida-mapa,RWA,1956,45.1763
wpp2024-esperanza-de-vida-mapa,RWA,1957,45.608
wpp2024-esperanza-de-vida-mapa,RWA,1958,46.0522
wpp2024-esperanza-de-vida-mapa,RWA,1959,46.5459
wpp2024-esperanza-de-vida-mapa,RWA,1960,47.0218
wpp2024-esperanza-de-vida-mapa,RWA,1961,47.4581
wpp2024-esperanza-de-vida-mapa,RWA,1962,47.802
wpp2024-esperanza-de-vida-mapa,RWA,1963,43.998
wpp2024-esperanza-de-vida-mapa,RWA,1964,48.1314
wpp2024-esperanza-de-vida-mapa,RWA,1965,48.2031
wpp2024-esperanza-de-vida-mapa,RWA,1966,48.0836
wpp2024-esperanza-de-vida-mapa,RWA,1967,47.9873
wpp2024-esperanza-de-vida-mapa,RWA,1968,47.7313
wpp2024-esperanza-de-vida-mapa,RWA,1969,47.4374
wpp2024-esperanza-de-vida-mapa,RWA,1970,47.1162
wpp2024-esperanza-de-vida-mapa,RWA,1971,46.7555
wpp2024-esperanza-de-vida-mapa,RWA,1972,46.3433
wpp2024-esperanza-de-vida-mapa,RWA,1973,45.9438
wpp2024-esperanza-de-vida-mapa,RWA,1974,45.5664
wpp2024-esperanza-de-vida-mapa,RWA,1975,45.3242
wpp2024-esperanza-de-vida-mapa,RWA,1976,45.312
wpp2024-esperanza-de-vida-mapa,RWA,1977,45.5794
wpp2024-esperanza-de-vida-mapa,RWA,1978,46.1654
wpp2024-esperanza-de-vida-mapa,RWA,1979,47.0868
wpp2024-esperanza-de-vida-mapa,RWA,1980,48.1223
wpp2024-esperanza-de-vida-mapa,RWA,1981,49.2161
wpp2024-esperanza-de-vida-mapa,RWA,1982,50.1881
wpp2024-esperanza-de-vida-mapa,RWA,1983,50.9439
wpp2024-esperanza-de-vida-mapa,RWA,1984,51.4449
wpp2024-esperanza-de-vida-mapa,RWA,1985,51.7042
wpp2024-esperanza-de-vida-mapa,RWA,1986,51.7059
wpp2024-esperanza-de-vida-mapa,RWA,1987,51.4655
wpp2024-esperanza-de-vida-mapa,RWA,1988,50.9137
wpp2024-esperanza-de-vida-mapa,RWA,1989,49.4846
wpp2024-esperanza-de-vida-mapa,RWA,1990,47.7629
wpp2024-esperanza-de-vida-mapa,RWA,1991,46.2429
wpp2024-esperanza-de-vida-mapa,RWA,1992,44.3972
wpp2024-esperanza-de-vida-mapa,RWA,1993,42.9371
wpp2024-esperanza-de-vida-mapa,RWA,1994,12.1575
wpp2024-esperanza-de-vida-mapa,RWA,1995,41.5183
wpp2024-esperanza-de-vida-mapa,RWA,1996,42.4858
wpp2024-esperanza-de-vida-mapa,RWA,1997,41.9785
wpp2024-esperanza-de-vida-mapa,RWA,1998,43.0985
wpp2024-esperanza-de-vida-mapa,RWA,1999,45.7487
wpp2024-esperanza-de-vida-mapa,RWA,2000,47.7977
wpp2024-esperanza-de-vida-mapa,RWA,2001,49.4897
wpp2024-esperanza-de-vida-mapa,RWA,2002,51.262
wpp2024-esperanza-de-vida-mapa,RWA,2003,53.5291
wpp2024-esperanza-de-vida-mapa,RWA,2004,55.5204
wpp2024-esperanza-de-vida-mapa,RWA,2005,56.9683
wpp2024-esperanza-de-vida-mapa,RWA,2006,58.3422
wpp2024-esperanza-de-vida-mapa,RWA,2007,59.5041
wpp2024-esperanza-de-vida-mapa,RWA,2008,60.6407
wpp2024-esperanza-de-vida-mapa,RWA,2009,61.8128
wpp2024-esperanza-de-vida-mapa,RWA,2010,62.804
wpp2024-esperanza-de-vida-mapa,RWA,2011,63.4764
wpp2024-esperanza-de-vida-mapa,RWA,2012,64.1887
wpp2024-esperanza-de-vida-mapa,RWA,2013,64.6512
wpp2024-esperanza-de-vida-mapa,RWA,2014,65.0877
wpp2024-esperanza-de-vida-mapa,RWA,2015,65.4188
wpp2024-esperanza-de-vida-mapa,RWA,2016,65.7326
wpp2024-esperanza-de-vida-mapa,RWA,2017,66.1404
wpp2024-esperanza-de-vida-mapa,RWA,2018,66.3539
wpp2024-esperanza-de-vida-mapa,RWA,2019,66.6905
wpp2024-esperanza-de-vida-mapa,RWA,2020,66.9534
wpp2024-esperanza-de-vida-mapa,RWA,2021,66.8496
wpp2024-esperanza-de-vida-mapa,RWA,2022,67.528
wpp2024-esperanza-de-vida-mapa,RWA,2023,67.7852
wpp2024-esperanza-de-vida-mapa,SYC,1950,57.8185
wpp2024-esperanza-de-vida-mapa,SYC,1951,58.037
wpp2024-esperanza-de-vida-mapa,SYC,1952,58.3643
wpp2024-esperanza-de-vida-mapa,SYC,1953,58.6858
wpp2024-esperanza-de-vida-mapa,SYC,1954,58.9973
wpp2024-esperanza-de-vida-mapa,SYC,1955,59.3885
wpp2024-esperanza-de-vida-mapa,SYC,1956,59.8132
wpp2024-esperanza-de-vida-mapa,SYC,1957,60.1711
wpp2024-esperanza-de-vida-mapa,SYC,1958,60.352
wpp2024-esperanza-de-vida-mapa,SYC,1959,60.4222
wpp2024-esperanza-de-vida-mapa,SYC,1960,60.4932
wpp2024-esperanza-de-vida-mapa,SYC,1961,60.5823
wpp2024-esperanza-de-vida-mapa,SYC,1962,60.6699
wpp2024-esperanza-de-vida-mapa,SYC,1963,60.9088
wpp2024-esperanza-de-vida-mapa,SYC,1964,61.153
wpp2024-esperanza-de-vida-mapa,SYC,1965,61.4442
wpp2024-esperanza-de-vida-mapa,SYC,1966,61.6822
wpp2024-esperanza-de-vida-mapa,SYC,1967,62.072
wpp2024-esperanza-de-vida-mapa,SYC,1968,62.6438
wpp2024-esperanza-de-vida-mapa,SYC,1969,63.2663
wpp2024-esperanza-de-vida-mapa,SYC,1970,63.9828
wpp2024-esperanza-de-vida-mapa,SYC,1971,64.6445
wpp2024-esperanza-de-vida-mapa,SYC,1972,65.3468
wpp2024-esperanza-de-vida-mapa,SYC,1973,65.9282
wpp2024-esperanza-de-vida-mapa,SYC,1974,66.4301
wpp2024-esperanza-de-vida-mapa,SYC,1975,66.8473
wpp2024-esperanza-de-vida-mapa,SYC,1976,67.22
wpp2024-esperanza-de-vida-mapa,SYC,1977,67.588
wpp2024-esperanza-de-vida-mapa,SYC,1978,67.9349
wpp2024-esperanza-de-vida-mapa,SYC,1979,68.2368
wpp2024-esperanza-de-vida-mapa,SYC,1980,68.4872
wpp2024-esperanza-de-vida-mapa,SYC,1981,68.731
wpp2024-esperanza-de-vida-mapa,SYC,1982,69.004
wpp2024-esperanza-de-vida-mapa,SYC,1983,69.2574
wpp2024-esperanza-de-vida-mapa,SYC,1984,69.468
wpp2024-esperanza-de-vida-mapa,SYC,1985,69.6242
wpp2024-esperanza-de-vida-mapa,SYC,1986,69.7665
wpp2024-esperanza-de-vida-mapa,SYC,1987,69.8872
wpp2024-esperanza-de-vida-mapa,SYC,1988,69.9897
wpp2024-esperanza-de-vida-mapa,SYC,1989,70.0725
wpp2024-esperanza-de-vida-mapa,SYC,1990,70.1698
wpp2024-esperanza-de-vida-mapa,SYC,1991,70.2629
wpp2024-esperanza-de-vida-mapa,SYC,1992,70.3457
wpp2024-esperanza-de-vida-mapa,SYC,1993,70.4148
wpp2024-esperanza-de-vida-mapa,SYC,1994,70.5039
wpp2024-esperanza-de-vida-mapa,SYC,1995,70.6341
wpp2024-esperanza-de-vida-mapa,SYC,1996,70.7952
wpp2024-esperanza-de-vida-mapa,SYC,1997,70.7594
wpp2024-esperanza-de-vida-mapa,SYC,1998,71.092
wpp2024-esperanza-de-vida-mapa,SYC,1999,71.2079
wpp2024-esperanza-de-vida-mapa,SYC,2000,71.3127
wpp2024-esperanza-de-vida-mapa,SYC,2001,71.4292
wpp2024-esperanza-de-vida-mapa,SYC,2002,71.5458
wpp2024-esperanza-de-vida-mapa,SYC,2003,71.684
wpp2024-esperanza-de-vida-mapa,SYC,2004,71.7069
wpp2024-esperanza-de-vida-mapa,SYC,2005,71.9209
wpp2024-esperanza-de-vida-mapa,SYC,2006,72.0474
wpp2024-esperanza-de-vida-mapa,SYC,2007,72.1617
wpp2024-esperanza-de-vida-mapa,SYC,2008,72.3233
wpp2024-esperanza-de-vida-mapa,SYC,2009,72.4139
wpp2024-esperanza-de-vida-mapa,SYC,2010,72.4771
wpp2024-esperanza-de-vida-mapa,SYC,2011,72.5062
wpp2024-esperanza-de-vida-mapa,SYC,2012,72.4907
wpp2024-esperanza-de-vida-mapa,SYC,2013,72.4279
wpp2024-esperanza-de-vida-mapa,SYC,2014,72.3545
wpp2024-esperanza-de-vida-mapa,SYC,2015,72.2854
wpp2024-esperanza-de-vida-mapa,SYC,2016,72.2456
wpp2024-esperanza-de-vida-mapa,SYC,2017,72.2319
wpp2024-esperanza-de-vida-mapa,SYC,2018,72.1756
wpp2024-esperanza-de-vida-mapa,SYC,2019,72.1226
wpp2024-esperanza-de-vida-mapa,SYC,2020,74.0912
wpp2024-esperanza-de-vida-mapa,SYC,2021,71.2198
wpp2024-esperanza-de-vida-mapa,SYC,2022,71.2481
wpp2024-esperanza-de-vida-mapa,SYC,2023,72.862
wpp2024-esperanza-de-vida-mapa,SOM,1950,41.4532
wpp2024-esperanza-de-vida-mapa,SOM,1951,41.6645
wpp2024-esperanza-de-vida-mapa,SOM,1952,41.8748
wpp2024-esperanza-de-vida-mapa,SOM,1953,42.0846
wpp2024-esperanza-de-vida-mapa,SOM,1954,42.2941
wpp2024-esperanza-de-vida-mapa,SOM,1955,42.5036
wpp2024-esperanza-de-vida-mapa,SOM,1956,42.7127
wpp2024-esperanza-de-vida-mapa,SOM,1957,42.9213
wpp2024-esperanza-de-vida-mapa,SOM,1958,43.1289
wpp2024-esperanza-de-vida-mapa,SOM,1959,43.3355
wpp2024-esperanza-de-vida-mapa,SOM,1960,43.5433
wpp2024-esperanza-de-vida-mapa,SOM,1961,43.6667
wpp2024-esperanza-de-vida-mapa,SOM,1962,43.9724
wpp2024-esperanza-de-vida-mapa,SOM,1963,44.1944
wpp2024-esperanza-de-vida-mapa,SOM,1964,44.3928
wpp2024-esperanza-de-vida-mapa,SOM,1965,44.6306
wpp2024-esperanza-de-vida-mapa,SOM,1966,44.8431
wpp2024-esperanza-de-vida-mapa,SOM,1967,45.0511
wpp2024-esperanza-de-vida-mapa,SOM,1968,45.2542
wpp2024-esperanza-de-vida-mapa,SOM,1969,45.4529
wpp2024-esperanza-de-vida-mapa,SOM,1970,45.644
wpp2024-esperanza-de-vida-mapa,SOM,1971,45.8367
wpp2024-esperanza-de-vida-mapa,SOM,1972,46.0321
wpp2024-esperanza-de-vida-mapa,SOM,1973,46.2238
wpp2024-esperanza-de-vida-mapa,SOM,1974,44.2591
wpp2024-esperanza-de-vida-mapa,SOM,1975,44.4902
wpp2024-esperanza-de-vida-mapa,SOM,1976,44.7266
wpp2024-esperanza-de-vida-mapa,SOM,1977,47.0042
wpp2024-esperanza-de-vida-mapa,SOM,1978,47.0131
wpp2024-esperanza-de-vida-mapa,SOM,1979,47.4051
wpp2024-esperanza-de-vida-mapa,SOM,1980,47.6108
wpp2024-esperanza-de-vida-mapa,SOM,1981,47.8174
wpp2024-esperanza-de-vida-mapa,SOM,1982,48.0201
wpp2024-esperanza-de-vida-mapa,SOM,1983,48.2296
wpp2024-esperanza-de-vida-mapa,SOM,1984,48.4378
wpp2024-esperanza-de-vida-mapa,SOM,1985,48.2786
wpp2024-esperanza-de-vida-mapa,SOM,1986,48.4315
wpp2024-esperanza-de-vida-mapa,SOM,1987,49.0015
wpp2024-esperanza-de-vida-mapa,SOM,1988,43.9326
wpp2024-esperanza-de-vida-mapa,SOM,1989,46.6485
wpp2024-esperanza-de-vida-mapa,SOM,1990,46.896
wpp2024-esperanza-de-vida-mapa,SOM,1991,25.4184
wpp2024-esperanza-de-vida-mapa,SOM,1992,25.0342
wpp2024-esperanza-de-vida-mapa,SOM,1993,50.5506
wpp2024-esperanza-de-vida-mapa,SOM,1994,50.3025
wpp2024-esperanza-de-vida-mapa,SOM,1995,50.6499
wpp2024-esperanza-de-vida-mapa,SOM,1996,50.5244
wpp2024-esperanza-de-vida-mapa,SOM,1997,50.278
wpp2024-esperanza-de-vida-mapa,SOM,1998,50.7552
wpp2024-esperanza-de-vida-mapa,SOM,1999,50.611
wpp2024-esperanza-de-vida-mapa,SOM,2000,50.7466
wpp2024-esperanza-de-vida-mapa,SOM,2001,50.8291
wpp2024-esperanza-de-vida-mapa,SOM,2002,50.8202
wpp2024-esperanza-de-vida-mapa,SOM,2003,50.7208
wpp2024-esperanza-de-vida-mapa,SOM,2004,50.6849
wpp2024-esperanza-de-vida-mapa,SOM,2005,50.8937
wpp2024-esperanza-de-vida-mapa,SOM,2006,50.9152
wpp2024-esperanza-de-vida-mapa,SOM,2007,50.8852
wpp2024-esperanza-de-vida-mapa,SOM,2008,51.4558
wpp2024-esperanza-de-vida-mapa,SOM,2009,52.101
wpp2024-esperanza-de-vida-mapa,SOM,2010,48.8996
wpp2024-esperanza-de-vida-mapa,SOM,2011,32.4525
wpp2024-esperanza-de-vida-mapa,SOM,2012,49.1384
wpp2024-esperanza-de-vida-mapa,SOM,2013,54.0163
wpp2024-esperanza-de-vida-mapa,SOM,2014,54.4421
wpp2024-esperanza-de-vida-mapa,SOM,2015,55.0555
wpp2024-esperanza-de-vida-mapa,SOM,2016,55.2828
wpp2024-esperanza-de-vida-mapa,SOM,2017,52.1901
wpp2024-esperanza-de-vida-mapa,SOM,2018,54.7673
wpp2024-esperanza-de-vida-mapa,SOM,2019,57.2494
wpp2024-esperanza-de-vida-mapa,SOM,2020,57.0948
wpp2024-esperanza-de-vida-mapa,SOM,2021,55.7027
wpp2024-esperanza-de-vida-mapa,SOM,2022,53.9315
wpp2024-esperanza-de-vida-mapa,SOM,2023,58.8158
wpp2024-esperanza-de-vida-mapa,SSD,1950,30.2055
wpp2024-esperanza-de-vida-mapa,SSD,1951,30.6301
wpp2024-esperanza-de-vida-mapa,SSD,1952,30.9786
wpp2024-esperanza-de-vida-mapa,SSD,1953,31.3596
wpp2024-esperanza-de-vida-mapa,SSD,1954,31.6986
wpp2024-esperanza-de-vida-mapa,SSD,1955,32.02
wpp2024-esperanza-de-vida-mapa,SSD,1956,31.6246
wpp2024-esperanza-de-vida-mapa,SSD,1957,30.8928
wpp2024-esperanza-de-vida-mapa,SSD,1958,27.6121
wpp2024-esperanza-de-vida-mapa,SSD,1959,27.8315
wpp2024-esperanza-de-vida-mapa,SSD,1960,28.0538
wpp2024-esperanza-de-vida-mapa,SSD,1961,28.2783
wpp2024-esperanza-de-vida-mapa,SSD,1962,28.5055
wpp2024-esperanza-de-vida-mapa,SSD,1963,28.249
wpp2024-esperanza-de-vida-mapa,SSD,1964,32.4581
wpp2024-esperanza-de-vida-mapa,SSD,1965,28.7806
wpp2024-esperanza-de-vida-mapa,SSD,1966,25.6329
wpp2024-esperanza-de-vida-mapa,SSD,1967,25.8584
wpp2024-esperanza-de-vida-mapa,SSD,1968,26.103
wpp2024-esperanza-de-vida-mapa,SSD,1969,25.3958
wpp2024-esperanza-de-vida-mapa,SSD,1970,25.6322
wpp2024-esperanza-de-vida-mapa,SSD,1971,30.993
wpp2024-esperanza-de-vida-mapa,SSD,1972,31.2905
wpp2024-esperanza-de-vida-mapa,SSD,1973,36.2771
wpp2024-esperanza-de-vida-mapa,SSD,1974,36.5893
wpp2024-esperanza-de-vida-mapa,SSD,1975,36.8666
wpp2024-esperanza-de-vida-mapa,SSD,1976,37.0922
wpp2024-esperanza-de-vida-mapa,SSD,1977,37.3971
wpp2024-esperanza-de-vida-mapa,SSD,1978,37.5918
wpp2024-esperanza-de-vida-mapa,SSD,1979,37.8051
wpp2024-esperanza-de-vida-mapa,SSD,1980,38.0343
wpp2024-esperanza-de-vida-mapa,SSD,1981,38.3135
wpp2024-esperanza-de-vida-mapa,SSD,1982,38.6766
wpp2024-esperanza-de-vida-mapa,SSD,1983,34.7333
wpp2024-esperanza-de-vida-mapa,SSD,1984,31.7879
wpp2024-esperanza-de-vida-mapa,SSD,1985,32.3603
wpp2024-esperanza-de-vida-mapa,SSD,1986,32.8159
wpp2024-esperanza-de-vida-mapa,SSD,1987,20.7211
wpp2024-esperanza-de-vida-mapa,SSD,1988,10.9891
wpp2024-esperanza-de-vida-mapa,SSD,1989,28.2167
wpp2024-esperanza-de-vida-mapa,SSD,1990,28.6275
wpp2024-esperanza-de-vida-mapa,SSD,1991,29.1851
wpp2024-esperanza-de-vida-mapa,SSD,1992,21.9378
wpp2024-esperanza-de-vida-mapa,SSD,1993,22.2634
wpp2024-esperanza-de-vida-mapa,SSD,1994,44.8582
wpp2024-esperanza-de-vida-mapa,SSD,1995,31.5104
wpp2024-esperanza-de-vida-mapa,SSD,1996,32.124
wpp2024-esperanza-de-vida-mapa,SSD,1997,33.0682
wpp2024-esperanza-de-vida-mapa,SSD,1998,19.0479
wpp2024-esperanza-de-vida-mapa,SSD,1999,44.5371
wpp2024-esperanza-de-vida-mapa,SSD,2000,47.5913
wpp2024-esperanza-de-vida-mapa,SSD,2001,48.5505
wpp2024-esperanza-de-vida-mapa,SSD,2002,49.3942
wpp2024-esperanza-de-vida-mapa,SSD,2003,52.3242
wpp2024-esperanza-de-vida-mapa,SSD,2004,53.0517
wpp2024-esperanza-de-vida-mapa,SSD,2005,53.9646
wpp2024-esperanza-de-vida-mapa,SSD,2006,54.6529
wpp2024-esperanza-de-vida-mapa,SSD,2007,55.4249
wpp2024-esperanza-de-vida-mapa,SSD,2008,56.2803
wpp2024-esperanza-de-vida-mapa,SSD,2009,56.8478
wpp2024-esperanza-de-vida-mapa,SSD,2010,57.4848
wpp2024-esperanza-de-vida-mapa,SSD,2011,57.6738
wpp2024-esperanza-de-vida-mapa,SSD,2012,58.2406
wpp2024-esperanza-de-vida-mapa,SSD,2013,58.2853
wpp2024-esperanza-de-vida-mapa,SSD,2014,45.6247
wpp2024-esperanza-de-vida-mapa,SSD,2015,39.7565
wpp2024-esperanza-de-vida-mapa,SSD,2016,36.72
wpp2024-esperanza-de-vida-mapa,SSD,2017,35.3511
wpp2024-esperanza-de-vida-mapa,SSD,2018,51.9049
wpp2024-esperanza-de-vida-mapa,SSD,2019,58.1293
wpp2024-esperanza-de-vida-mapa,SSD,2020,57.6479
wpp2024-esperanza-de-vida-mapa,SSD,2021,57.0474
wpp2024-esperanza-de-vida-mapa,SSD,2022,57.2026
wpp2024-esperanza-de-vida-mapa,SSD,2023,57.6174
wpp2024-esperanza-de-vida-mapa,UGA,1950,39.7072
wpp2024-esperanza-de-vida-mapa,UGA,1951,40.2192
wpp2024-esperanza-de-vida-mapa,UGA,1952,40.7535
wpp2024-esperanza-de-vida-mapa,UGA,1953,41.2948
wpp2024-esperanza-de-vida-mapa,UGA,1954,41.8395
wpp2024-esperanza-de-vida-mapa,UGA,1955,42.4188
wpp2024-esperanza-de-vida-mapa,UGA,1956,43.0158
wpp2024-esperanza-de-vida-mapa,UGA,1957,43.6528
wpp2024-esperanza-de-vida-mapa,UGA,1958,44.311
wpp2024-esperanza-de-vida-mapa,UGA,1959,44.9531
wpp2024-esperanza-de-vida-mapa,UGA,1960,45.6325
wpp2024-esperanza-de-vida-mapa,UGA,1961,46.2707
wpp2024-esperanza-de-vida-mapa,UGA,1962,46.8207
wpp2024-esperanza-de-vida-mapa,UGA,1963,47.3781
wpp2024-esperanza-de-vida-mapa,UGA,1964,47.8464
wpp2024-esperanza-de-vida-mapa,UGA,1965,48.3027
wpp2024-esperanza-de-vida-mapa,UGA,1966,48.4628
wpp2024-esperanza-de-vida-mapa,UGA,1967,49.0064
wpp2024-esperanza-de-vida-mapa,UGA,1968,49.285
wpp2024-esperanza-de-vida-mapa,UGA,1969,49.5048
wpp2024-esperanza-de-vida-mapa,UGA,1970,49.621
wpp2024-esperanza-de-vida-mapa,UGA,1971,47.1465
wpp2024-esperanza-de-vida-mapa,UGA,1972,47.1619
wpp2024-esperanza-de-vida-mapa,UGA,1973,46.9915
wpp2024-esperanza-de-vida-mapa,UGA,1974,46.8613
wpp2024-esperanza-de-vida-mapa,UGA,1975,46.5175
wpp2024-esperanza-de-vida-mapa,UGA,1976,46.1695
wpp2024-esperanza-de-vida-mapa,UGA,1977,45.8399
wpp2024-esperanza-de-vida-mapa,UGA,1978,45.5963
wpp2024-esperanza-de-vida-mapa,UGA,1979,45.3846
wpp2024-esperanza-de-vida-mapa,UGA,1980,43.4526
wpp2024-esperanza-de-vida-mapa,UGA,1981,43.4563
wpp2024-esperanza-de-vida-mapa,UGA,1982,43.3086
wpp2024-esperanza-de-vida-mapa,UGA,1983,43.4891
wpp2024-esperanza-de-vida-mapa,UGA,1984,43.7065
wpp2024-esperanza-de-vida-mapa,UGA,1985,45.4963
wpp2024-esperanza-de-vida-mapa,UGA,1986,45.6515
wpp2024-esperanza-de-vida-mapa,UGA,1987,47.3604
wpp2024-esperanza-de-vida-mapa,UGA,1988,47.476
wpp2024-esperanza-de-vida-mapa,UGA,1989,47.4882
wpp2024-esperanza-de-vida-mapa,UGA,1990,47.5612
wpp2024-esperanza-de-vida-mapa,UGA,1991,47.549
wpp2024-esperanza-de-vida-mapa,UGA,1992,47.6706
wpp2024-esperanza-de-vida-mapa,UGA,1993,47.6808
wpp2024-esperanza-de-vida-mapa,UGA,1994,47.6748
wpp2024-esperanza-de-vida-mapa,UGA,1995,47.7062
wpp2024-esperanza-de-vida-mapa,UGA,1996,47.759
wpp2024-esperanza-de-vida-mapa,UGA,1997,48.0259
wpp2024-esperanza-de-vida-mapa,UGA,1998,48.2634
wpp2024-esperanza-de-vida-mapa,UGA,1999,48.9771
wpp2024-esperanza-de-vida-mapa,UGA,2000,49.6397
wpp2024-esperanza-de-vida-mapa,UGA,2001,50.5761
wpp2024-esperanza-de-vida-mapa,UGA,2002,51.4432
wpp2024-esperanza-de-vida-mapa,UGA,2003,52.4136
wpp2024-esperanza-de-vida-mapa,UGA,2004,53.6988
wpp2024-esperanza-de-vida-mapa,UGA,2005,54.9264
wpp2024-esperanza-de-vida-mapa,UGA,2006,56.1184
wpp2024-esperanza-de-vida-mapa,UGA,2007,57.2479
wpp2024-esperanza-de-vida-mapa,UGA,2008,58.253
wpp2024-esperanza-de-vida-mapa,UGA,2009,59.1574
wpp2024-esperanza-de-vida-mapa,UGA,2010,59.9593
wpp2024-esperanza-de-vida-mapa,UGA,2011,60.7914
wpp2024-esperanza-de-vida-mapa,UGA,2012,61.5786
wpp2024-esperanza-de-vida-mapa,UGA,2013,62.3531
wpp2024-esperanza-de-vida-mapa,UGA,2014,63.0575
wpp2024-esperanza-de-vida-mapa,UGA,2015,63.8315
wpp2024-esperanza-de-vida-mapa,UGA,2016,64.4944
wpp2024-esperanza-de-vida-mapa,UGA,2017,65.1738
wpp2024-esperanza-de-vida-mapa,UGA,2018,65.7751
wpp2024-esperanza-de-vida-mapa,UGA,2019,66.3537
wpp2024-esperanza-de-vida-mapa,UGA,2020,66.4098
wpp2024-esperanza-de-vida-mapa,UGA,2021,66.4497
wpp2024-esperanza-de-vida-mapa,UGA,2022,67.6747
wpp2024-esperanza-de-vida-mapa,UGA,2023,68.2523
wpp2024-esperanza-de-vida-mapa,TZA,1950,41.0323
wpp2024-esperanza-de-vida-mapa,TZA,1951,41.182
wpp2024-esperanza-de-vida-mapa,TZA,1952,41.3568
wpp2024-esperanza-de-vida-mapa,TZA,1953,41.5076
wpp2024-esperanza-de-vida-mapa,TZA,1954,41.6559
wpp2024-esperanza-de-vida-mapa,TZA,1955,41.8264
wpp2024-esperanza-de-vida-mapa,TZA,1956,41.9902
wpp2024-esperanza-de-vida-mapa,TZA,1957,42.145
wpp2024-esperanza-de-vida-mapa,TZA,1958,42.3109
wpp2024-esperanza-de-vida-mapa,TZA,1959,42.4524
wpp2024-esperanza-de-vida-mapa,TZA,1960,42.5959
wpp2024-esperanza-de-vida-mapa,TZA,1961,42.8413
wpp2024-esperanza-de-vida-mapa,TZA,1962,43.2146
wpp2024-esperanza-de-vida-mapa,TZA,1963,43.6157
wpp2024-esperanza-de-vida-mapa,TZA,1964,44.075
wpp2024-esperanza-de-vida-mapa,TZA,1965,44.542
wpp2024-esperanza-de-vida-mapa,TZA,1966,44.9413
wpp2024-esperanza-de-vida-mapa,TZA,1967,45.1627
wpp2024-esperanza-de-vida-mapa,TZA,1968,45.6263
wpp2024-esperanza-de-vida-mapa,TZA,1969,46.0434
wpp2024-esperanza-de-vida-mapa,TZA,1970,46.4947
wpp2024-esperanza-de-vida-mapa,TZA,1971,46.9725
wpp2024-esperanza-de-vida-mapa,TZA,1972,47.4358
wpp2024-esperanza-de-vida-mapa,TZA,1973,47.9116
wpp2024-esperanza-de-vida-mapa,TZA,1974,48.4219
wpp2024-esperanza-de-vida-mapa,TZA,1975,48.9216
wpp2024-esperanza-de-vida-mapa,TZA,1976,49.4586
wpp2024-esperanza-de-vida-mapa,TZA,1977,49.9687
wpp2024-esperanza-de-vida-mapa,TZA,1978,50.351
wpp2024-esperanza-de-vida-mapa,TZA,1979,50.791
wpp2024-esperanza-de-vida-mapa,TZA,1980,51.2719
wpp2024-esperanza-de-vida-mapa,TZA,1981,51.7032
wpp2024-esperanza-de-vida-mapa,TZA,1982,51.9901
wpp2024-esperanza-de-vida-mapa,TZA,1983,52.1783
wpp2024-esperanza-de-vida-mapa,TZA,1984,52.1508
wpp2024-esperanza-de-vida-mapa,TZA,1985,52.1843
wpp2024-esperanza-de-vida-mapa,TZA,1986,52.2074
wpp2024-esperanza-de-vida-mapa,TZA,1987,52.1824
wpp2024-esperanza-de-vida-mapa,TZA,1988,52.2245
wpp2024-esperanza-de-vida-mapa,TZA,1989,52.09
wpp2024-esperanza-de-vida-mapa,TZA,1990,51.9849
wpp2024-esperanza-de-vida-mapa,TZA,1991,51.8373
wpp2024-esperanza-de-vida-mapa,TZA,1992,51.4317
wpp2024-esperanza-de-vida-mapa,TZA,1993,51.2153
wpp2024-esperanza-de-vida-mapa,TZA,1994,51.0772
wpp2024-esperanza-de-vida-mapa,TZA,1995,51.0048
wpp2024-esperanza-de-vida-mapa,TZA,1996,51.1321
wpp2024-esperanza-de-vida-mapa,TZA,1997,51.2457
wpp2024-esperanza-de-vida-mapa,TZA,1998,51.8074
wpp2024-esperanza-de-vida-mapa,TZA,1999,52.3988
wpp2024-esperanza-de-vida-mapa,TZA,2000,53.2439
wpp2024-esperanza-de-vida-mapa,TZA,2001,54.1243
wpp2024-esperanza-de-vida-mapa,TZA,2002,54.9396
wpp2024-esperanza-de-vida-mapa,TZA,2003,55.9292
wpp2024-esperanza-de-vida-mapa,TZA,2004,56.8355
wpp2024-esperanza-de-vida-mapa,TZA,2005,57.675
wpp2024-esperanza-de-vida-mapa,TZA,2006,58.5123
wpp2024-esperanza-de-vida-mapa,TZA,2007,59.2602
wpp2024-esperanza-de-vida-mapa,TZA,2008,59.8961
wpp2024-esperanza-de-vida-mapa,TZA,2009,60.494
wpp2024-esperanza-de-vida-mapa,TZA,2010,61.1266
wpp2024-esperanza-de-vida-mapa,TZA,2011,61.6176
wpp2024-esperanza-de-vida-mapa,TZA,2012,62.2862
wpp2024-esperanza-de-vida-mapa,TZA,2013,62.788
wpp2024-esperanza-de-vida-mapa,TZA,2014,63.3638
wpp2024-esperanza-de-vida-mapa,TZA,2015,63.9284
wpp2024-esperanza-de-vida-mapa,TZA,2016,64.4037
wpp2024-esperanza-de-vida-mapa,TZA,2017,64.9631
wpp2024-esperanza-de-vida-mapa,TZA,2018,65.488
wpp2024-esperanza-de-vida-mapa,TZA,2019,66.0068
wpp2024-esperanza-de-vida-mapa,TZA,2020,66.7712
wpp2024-esperanza-de-vida-mapa,TZA,2021,66.1306
wpp2024-esperanza-de-vida-mapa,TZA,2022,66.8786
wpp2024-esperanza-de-vida-mapa,TZA,2023,66.9953
wpp2024-esperanza-de-vida-mapa,ZMB,1950,46.8031
wpp2024-esperanza-de-vida-mapa,ZMB,1951,47.1678
wpp2024-esperanza-de-vida-mapa,ZMB,1952,47.5749
wpp2024-esperanza-de-vida-mapa,ZMB,1953,47.9877
wpp2024-esperanza-de-vida-mapa,ZMB,1954,48.3643
wpp2024-esperanza-de-vida-mapa,ZMB,1955,48.7556
wpp2024-esperanza-de-vida-mapa,ZMB,1956,49.129
wpp2024-esperanza-de-vida-mapa,ZMB,1957,49.4666
wpp2024-esperanza-de-vida-mapa,ZMB,1958,49.8896
wpp2024-esperanza-de-vida-mapa,ZMB,1959,50.2917
wpp2024-esperanza-de-vida-mapa,ZMB,1960,50.6483
wpp2024-esperanza-de-vida-mapa,ZMB,1961,51.0412
wpp2024-esperanza-de-vida-mapa,ZMB,1962,51.3307
wpp2024-esperanza-de-vida-mapa,ZMB,1963,51.6046
wpp2024-esperanza-de-vida-mapa,ZMB,1964,51.1705
wpp2024-esperanza-de-vida-mapa,ZMB,1965,52.0793
wpp2024-esperanza-de-vida-mapa,ZMB,1966,52.2897
wpp2024-esperanza-de-vida-mapa,ZMB,1967,52.512
wpp2024-esperanza-de-vida-mapa,ZMB,1968,52.7186
wpp2024-esperanza-de-vida-mapa,ZMB,1969,53.0441
wpp2024-esperanza-de-vida-mapa,ZMB,1970,53.4039
wpp2024-esperanza-de-vida-mapa,ZMB,1971,53.8871
wpp2024-esperanza-de-vida-mapa,ZMB,1972,54.375
wpp2024-esperanza-de-vida-mapa,ZMB,1973,54.9125
wpp2024-esperanza-de-vida-mapa,ZMB,1974,55.3766
wpp2024-esperanza-de-vida-mapa,ZMB,1975,55.742
wpp2024-esperanza-de-vida-mapa,ZMB,1976,56.1015
wpp2024-esperanza-de-vida-mapa,ZMB,1977,56.2814
wpp2024-esperanza-de-vida-mapa,ZMB,1978,56.3349
wpp2024-esperanza-de-vida-mapa,ZMB,1979,56.0499
wpp2024-esperanza-de-vida-mapa,ZMB,1980,55.4961
wpp2024-esperanza-de-vida-mapa,ZMB,1981,54.986
wpp2024-esperanza-de-vida-mapa,ZMB,1982,54.361
wpp2024-esperanza-de-vida-mapa,ZMB,1983,53.6737
wpp2024-esperanza-de-vida-mapa,ZMB,1984,52.8772
wpp2024-esperanza-de-vida-mapa,ZMB,1985,52.0014
wpp2024-esperanza-de-vida-mapa,ZMB,1986,51.1489
wpp2024-esperanza-de-vida-mapa,ZMB,1987,50.4211
wpp2024-esperanza-de-vida-mapa,ZMB,1988,49.6737
wpp2024-esperanza-de-vida-mapa,ZMB,1989,48.8817
wpp2024-esperanza-de-vida-mapa,ZMB,1990,48.204
wpp2024-esperanza-de-vida-mapa,ZMB,1991,47.4431
wpp2024-esperanza-de-vida-mapa,ZMB,1992,46.9679
wpp2024-esperanza-de-vida-mapa,ZMB,1993,46.6781
wpp2024-esperanza-de-vida-mapa,ZMB,1994,46.3439
wpp2024-esperanza-de-vida-mapa,ZMB,1995,46.0509
wpp2024-esperanza-de-vida-mapa,ZMB,1996,45.7565
wpp2024-esperanza-de-vida-mapa,ZMB,1997,45.7429
wpp2024-esperanza-de-vida-mapa,ZMB,1998,45.7095
wpp2024-esperanza-de-vida-mapa,ZMB,1999,45.924
wpp2024-esperanza-de-vida-mapa,ZMB,2000,46.5771
wpp2024-esperanza-de-vida-mapa,ZMB,2001,47.4077
wpp2024-esperanza-de-vida-mapa,ZMB,2002,48.4614
wpp2024-esperanza-de-vida-mapa,ZMB,2003,49.6158
wpp2024-esperanza-de-vida-mapa,ZMB,2004,50.5398
wpp2024-esperanza-de-vida-mapa,ZMB,2005,51.6147
wpp2024-esperanza-de-vida-mapa,ZMB,2006,52.6928
wpp2024-esperanza-de-vida-mapa,ZMB,2007,53.73
wpp2024-esperanza-de-vida-mapa,ZMB,2008,54.835
wpp2024-esperanza-de-vida-mapa,ZMB,2009,55.8862
wpp2024-esperanza-de-vida-mapa,ZMB,2010,56.896
wpp2024-esperanza-de-vida-mapa,ZMB,2011,57.8431
wpp2024-esperanza-de-vida-mapa,ZMB,2012,58.704
wpp2024-esperanza-de-vida-mapa,ZMB,2013,59.4452
wpp2024-esperanza-de-vida-mapa,ZMB,2014,60.1091
wpp2024-esperanza-de-vida-mapa,ZMB,2015,60.7284
wpp2024-esperanza-de-vida-mapa,ZMB,2016,61.1285
wpp2024-esperanza-de-vida-mapa,ZMB,2017,61.5644
wpp2024-esperanza-de-vida-mapa,ZMB,2018,62.1381
wpp2024-esperanza-de-vida-mapa,ZMB,2019,62.9145
wpp2024-esperanza-de-vida-mapa,ZMB,2020,63.3607
wpp2024-esperanza-de-vida-mapa,ZMB,2021,62.3631
wpp2024-esperanza-de-vida-mapa,ZMB,2022,65.2791
wpp2024-esperanza-de-vida-mapa,ZMB,2023,66.3487
wpp2024-esperanza-de-vida-mapa,ZWE,1950,49.4155
wpp2024-esperanza-de-vida-mapa,ZWE,1951,49.8355
wpp2024-esperanza-de-vida-mapa,ZWE,1952,50.2394
wpp2024-esperanza-de-vida-mapa,ZWE,1953,50.6334
wpp2024-esperanza-de-vida-mapa,ZWE,1954,51.024
wpp2024-esperanza-de-vida-mapa,ZWE,1955,51.4106
wpp2024-esperanza-de-vida-mapa,ZWE,1956,51.8011
wpp2024-esperanza-de-vida-mapa,ZWE,1957,52.1959
wpp2024-esperanza-de-vida-mapa,ZWE,1958,52.5823
wpp2024-esperanza-de-vida-mapa,ZWE,1959,53.022
wpp2024-esperanza-de-vida-mapa,ZWE,1960,53.4922
wpp2024-esperanza-de-vida-mapa,ZWE,1961,53.9663
wpp2024-esperanza-de-vida-mapa,ZWE,1962,54.4535
wpp2024-esperanza-de-vida-mapa,ZWE,1963,54.9416
wpp2024-esperanza-de-vida-mapa,ZWE,1964,55.4311
wpp2024-esperanza-de-vida-mapa,ZWE,1965,55.9054
wpp2024-esperanza-de-vida-mapa,ZWE,1966,56.3595
wpp2024-esperanza-de-vida-mapa,ZWE,1967,56.7664
wpp2024-esperanza-de-vida-mapa,ZWE,1968,57.1449
wpp2024-esperanza-de-vida-mapa,ZWE,1969,57.4813
wpp2024-esperanza-de-vida-mapa,ZWE,1970,57.7608
wpp2024-esperanza-de-vida-mapa,ZWE,1971,57.9959
wpp2024-esperanza-de-vida-mapa,ZWE,1972,58.1755
wpp2024-esperanza-de-vida-mapa,ZWE,1973,58.0872
wpp2024-esperanza-de-vida-mapa,ZWE,1974,58.1937
wpp2024-esperanza-de-vida-mapa,ZWE,1975,58.2495
wpp2024-esperanza-de-vida-mapa,ZWE,1976,57.6277
wpp2024-esperanza-de-vida-mapa,ZWE,1977,56.9962
wpp2024-esperanza-de-vida-mapa,ZWE,1978,54.7297
wpp2024-esperanza-de-vida-mapa,ZWE,1979,54.9184
wpp2024-esperanza-de-vida-mapa,ZWE,1980,59.0621
wpp2024-esperanza-de-vida-mapa,ZWE,1981,59.4463
wpp2024-esperanza-de-vida-mapa,ZWE,1982,59.859
wpp2024-esperanza-de-vida-mapa,ZWE,1983,59.9888
wpp2024-esperanza-de-vida-mapa,ZWE,1984,60.6223
wpp2024-esperanza-de-vida-mapa,ZWE,1985,60.9012
wpp2024-esperanza-de-vida-mapa,ZWE,1986,60.9824
wpp2024-esperanza-de-vida-mapa,ZWE,1987,60.7239
wpp2024-esperanza-de-vida-mapa,ZWE,1988,60.2414
wpp2024-esperanza-de-vida-mapa,ZWE,1989,59.4458
wpp2024-esperanza-de-vida-mapa,ZWE,1990,58.3191
wpp2024-esperanza-de-vida-mapa,ZWE,1991,57.0371
wpp2024-esperanza-de-vida-mapa,ZWE,1992,55.6021
wpp2024-esperanza-de-vida-mapa,ZWE,1993,53.9764
wpp2024-esperanza-de-vida-mapa,ZWE,1994,52.5367
wpp2024-esperanza-de-vida-mapa,ZWE,1995,51.1435
wpp2024-esperanza-de-vida-mapa,ZWE,1996,48.9815
wpp2024-esperanza-de-vida-mapa,ZWE,1997,48.5361
wpp2024-esperanza-de-vida-mapa,ZWE,1998,47.5508
wpp2024-esperanza-de-vida-mapa,ZWE,1999,46.3786
wpp2024-esperanza-de-vida-mapa,ZWE,2000,46.0339
wpp2024-esperanza-de-vida-mapa,ZWE,2001,44.5249
wpp2024-esperanza-de-vida-mapa,ZWE,2002,45.9381
wpp2024-esperanza-de-vida-mapa,ZWE,2003,45.373
wpp2024-esperanza-de-vida-mapa,ZWE,2004,46.0426
wpp2024-esperanza-de-vida-mapa,ZWE,2005,46.5701
wpp2024-esperanza-de-vida-mapa,ZWE,2006,47.0559
wpp2024-esperanza-de-vida-mapa,ZWE,2007,47.5756
wpp2024-esperanza-de-vida-mapa,ZWE,2008,48.4559
wpp2024-esperanza-de-vida-mapa,ZWE,2009,49.7496
wpp2024-esperanza-de-vida-mapa,ZWE,2010,51.9252
wpp2024-esperanza-de-vida-mapa,ZWE,2011,53.9112
wpp2024-esperanza-de-vida-mapa,ZWE,2012,55.3855
wpp2024-esperanza-de-vida-mapa,ZWE,2013,56.8422
wpp2024-esperanza-de-vida-mapa,ZWE,2014,58.106
wpp2024-esperanza-de-vida-mapa,ZWE,2015,58.9895
wpp2024-esperanza-de-vida-mapa,ZWE,2016,59.7601
wpp2024-esperanza-de-vida-mapa,ZWE,2017,60.2626
wpp2024-esperanza-de-vida-mapa,ZWE,2018,60.9055
wpp2024-esperanza-de-vida-mapa,ZWE,2019,61.0603
wpp2024-esperanza-de-vida-mapa,ZWE,2020,61.53
wpp2024-esperanza-de-vida-mapa,ZWE,2021,60.1347
wpp2024-esperanza-de-vida-mapa,ZWE,2022,62.3601
wpp2024-esperanza-de-vida-mapa,ZWE,2023,62.7748
wpp2024-esperanza-de-vida-mapa,AGO,1950,35.8661
wpp2024-esperanza-de-vida-mapa,AGO,1951,36.0462
wpp2024-esperanza-de-vida-mapa,AGO,1952,36.2235
wpp2024-esperanza-de-vida-mapa,AGO,1953,36.4338
wpp2024-esperanza-de-vida-mapa,AGO,1954,36.6251
wpp2024-esperanza-de-vida-mapa,AGO,1955,36.8537
wpp2024-esperanza-de-vida-mapa,AGO,1956,37.0809
wpp2024-esperanza-de-vida-mapa,AGO,1957,37.2697
wpp2024-esperanza-de-vida-mapa,AGO,1958,37.4746
wpp2024-esperanza-de-vida-mapa,AGO,1959,37.6939
wpp2024-esperanza-de-vida-mapa,AGO,1960,37.933
wpp2024-esperanza-de-vida-mapa,AGO,1961,36.9017
wpp2024-esperanza-de-vida-mapa,AGO,1962,37.1683
wpp2024-esperanza-de-vida-mapa,AGO,1963,37.4192
wpp2024-esperanza-de-vida-mapa,AGO,1964,37.7041
wpp2024-esperanza-de-vida-mapa,AGO,1965,37.9682
wpp2024-esperanza-de-vida-mapa,AGO,1966,38.2582
wpp2024-esperanza-de-vida-mapa,AGO,1967,38.6156
wpp2024-esperanza-de-vida-mapa,AGO,1968,38.9675
wpp2024-esperanza-de-vida-mapa,AGO,1969,39.3293
wpp2024-esperanza-de-vida-mapa,AGO,1970,39.6882
wpp2024-esperanza-de-vida-mapa,AGO,1971,40.0762
wpp2024-esperanza-de-vida-mapa,AGO,1972,40.4686
wpp2024-esperanza-de-vida-mapa,AGO,1973,40.8714
wpp2024-esperanza-de-vida-mapa,AGO,1974,41.2597
wpp2024-esperanza-de-vida-mapa,AGO,1975,40.8174
wpp2024-esperanza-de-vida-mapa,AGO,1976,40.8116
wpp2024-esperanza-de-vida-mapa,AGO,1977,41.2146
wpp2024-esperanza-de-vida-mapa,AGO,1978,41.5731
wpp2024-esperanza-de-vida-mapa,AGO,1979,41.9129
wpp2024-esperanza-de-vida-mapa,AGO,1980,42.2415
wpp2024-esperanza-de-vida-mapa,AGO,1981,42.5556
wpp2024-esperanza-de-vida-mapa,AGO,1982,42.8569
wpp2024-esperanza-de-vida-mapa,AGO,1983,41.9717
wpp2024-esperanza-de-vida-mapa,AGO,1984,42.2455
wpp2024-esperanza-de-vida-mapa,AGO,1985,42.495
wpp2024-esperanza-de-vida-mapa,AGO,1986,42.7391
wpp2024-esperanza-de-vida-mapa,AGO,1987,40.7857
wpp2024-esperanza-de-vida-mapa,AGO,1988,41.4711
wpp2024-esperanza-de-vida-mapa,AGO,1989,41.6977
wpp2024-esperanza-de-vida-mapa,AGO,1990,41.8542
wpp2024-esperanza-de-vida-mapa,AGO,1991,43.8116
wpp2024-esperanza-de-vida-mapa,AGO,1992,42.2673
wpp2024-esperanza-de-vida-mapa,AGO,1993,42.1902
wpp2024-esperanza-de-vida-mapa,AGO,1994,43.5671
wpp2024-esperanza-de-vida-mapa,AGO,1995,46.1391
wpp2024-esperanza-de-vida-mapa,AGO,1996,46.4177
wpp2024-esperanza-de-vida-mapa,AGO,1997,46.6882
wpp2024-esperanza-de-vida-mapa,AGO,1998,45.4515
wpp2024-esperanza-de-vida-mapa,AGO,1999,45.8077
wpp2024-esperanza-de-vida-mapa,AGO,2000,46.5005
wpp2024-esperanza-de-vida-mapa,AGO,2001,47.0323
wpp2024-esperanza-de-vida-mapa,AGO,2002,47.8736
wpp2024-esperanza-de-vida-mapa,AGO,2003,50.218
wpp2024-esperanza-de-vida-mapa,AGO,2004,51.1225
wpp2024-esperanza-de-vida-mapa,AGO,2005,52.1295
wpp2024-esperanza-de-vida-mapa,AGO,2006,52.9647
wpp2024-esperanza-de-vida-mapa,AGO,2007,54.2001
wpp2024-esperanza-de-vida-mapa,AGO,2008,55.2809
wpp2024-esperanza-de-vida-mapa,AGO,2009,56.2251
wpp2024-esperanza-de-vida-mapa,AGO,2010,57.242
wpp2024-esperanza-de-vida-mapa,AGO,2011,58.0931
wpp2024-esperanza-de-vida-mapa,AGO,2012,58.916
wpp2024-esperanza-de-vida-mapa,AGO,2013,59.7048
wpp2024-esperanza-de-vida-mapa,AGO,2014,60.3956
wpp2024-esperanza-de-vida-mapa,AGO,2015,61.042
wpp2024-esperanza-de-vida-mapa,AGO,2016,61.6189
wpp2024-esperanza-de-vida-mapa,AGO,2017,62.1221
wpp2024-esperanza-de-vida-mapa,AGO,2018,62.6219
wpp2024-esperanza-de-vida-mapa,AGO,2019,63.0511
wpp2024-esperanza-de-vida-mapa,AGO,2020,63.1164
wpp2024-esperanza-de-vida-mapa,AGO,2021,62.9581
wpp2024-esperanza-de-vida-mapa,AGO,2022,64.2455
wpp2024-esperanza-de-vida-mapa,AGO,2023,64.617
wpp2024-esperanza-de-vida-mapa,CMR,1950,33.0908
wpp2024-esperanza-de-vida-mapa,CMR,1951,33.8693
wpp2024-esperanza-de-vida-mapa,CMR,1952,34.6187
wpp2024-esperanza-de-vida-mapa,CMR,1953,35.5222
wpp2024-esperanza-de-vida-mapa,CMR,1954,36.5069
wpp2024-esperanza-de-vida-mapa,CMR,1955,37.4971
wpp2024-esperanza-de-vida-mapa,CMR,1956,38.4145
wpp2024-esperanza-de-vida-mapa,CMR,1957,38.2755
wpp2024-esperanza-de-vida-mapa,CMR,1958,39.0744
wpp2024-esperanza-de-vida-mapa,CMR,1959,39.8041
wpp2024-esperanza-de-vida-mapa,CMR,1960,34.6667
wpp2024-esperanza-de-vida-mapa,CMR,1961,35.1862
wpp2024-esperanza-de-vida-mapa,CMR,1962,42.5986
wpp2024-esperanza-de-vida-mapa,CMR,1963,43.0744
wpp2024-esperanza-de-vida-mapa,CMR,1964,43.5963
wpp2024-esperanza-de-vida-mapa,CMR,1965,44.1753
wpp2024-esperanza-de-vida-mapa,CMR,1966,44.8387
wpp2024-esperanza-de-vida-mapa,CMR,1967,45.6024
wpp2024-esperanza-de-vida-mapa,CMR,1968,46.3888
wpp2024-esperanza-de-vida-mapa,CMR,1969,47.1912
wpp2024-esperanza-de-vida-mapa,CMR,1970,47.9542
wpp2024-esperanza-de-vida-mapa,CMR,1971,48.5766
wpp2024-esperanza-de-vida-mapa,CMR,1972,49.1203
wpp2024-esperanza-de-vida-mapa,CMR,1973,49.517
wpp2024-esperanza-de-vida-mapa,CMR,1974,49.7337
wpp2024-esperanza-de-vida-mapa,CMR,1975,49.8911
wpp2024-esperanza-de-vida-mapa,CMR,1976,50.0165
wpp2024-esperanza-de-vida-mapa,CMR,1977,50.1302
wpp2024-esperanza-de-vida-mapa,CMR,1978,50.3191
wpp2024-esperanza-de-vida-mapa,CMR,1979,50.5352
wpp2024-esperanza-de-vida-mapa,CMR,1980,50.8516
wpp2024-esperanza-de-vida-mapa,CMR,1981,51.2274
wpp2024-esperanza-de-vida-mapa,CMR,1982,51.801
wpp2024-esperanza-de-vida-mapa,CMR,1983,52.4473
wpp2024-esperanza-de-vida-mapa,CMR,1984,52.8859
wpp2024-esperanza-de-vida-mapa,CMR,1985,53.4653
wpp2024-esperanza-de-vida-mapa,CMR,1986,53.5719
wpp2024-esperanza-de-vida-mapa,CMR,1987,54.1875
wpp2024-esperanza-de-vida-mapa,CMR,1988,54.3594
wpp2024-esperanza-de-vida-mapa,CMR,1989,54.3892
wpp2024-esperanza-de-vida-mapa,CMR,1990,54.3484
wpp2024-esperanza-de-vida-mapa,CMR,1991,54.1677
wpp2024-esperanza-de-vida-mapa,CMR,1992,54.0527
wpp2024-esperanza-de-vida-mapa,CMR,1993,53.8723
wpp2024-esperanza-de-vida-mapa,CMR,1994,53.5366
wpp2024-esperanza-de-vida-mapa,CMR,1995,53.3471
wpp2024-esperanza-de-vida-mapa,CMR,1996,53.2003
wpp2024-esperanza-de-vida-mapa,CMR,1997,53.1048
wpp2024-esperanza-de-vida-mapa,CMR,1998,53.0433
wpp2024-esperanza-de-vida-mapa,CMR,1999,53.1663
wpp2024-esperanza-de-vida-mapa,CMR,2000,53.3376
wpp2024-esperanza-de-vida-mapa,CMR,2001,53.5983
wpp2024-esperanza-de-vida-mapa,CMR,2002,53.9219
wpp2024-esperanza-de-vida-mapa,CMR,2003,54.2528
wpp2024-esperanza-de-vida-mapa,CMR,2004,54.5782
wpp2024-esperanza-de-vida-mapa,CMR,2005,54.9042
wpp2024-esperanza-de-vida-mapa,CMR,2006,55.3014
wpp2024-esperanza-de-vida-mapa,CMR,2007,55.7101
wpp2024-esperanza-de-vida-mapa,CMR,2008,56.1164
wpp2024-esperanza-de-vida-mapa,CMR,2009,56.4855
wpp2024-esperanza-de-vida-mapa,CMR,2010,56.9652
wpp2024-esperanza-de-vida-mapa,CMR,2011,57.482
wpp2024-esperanza-de-vida-mapa,CMR,2012,58.1696
wpp2024-esperanza-de-vida-mapa,CMR,2013,58.7305
wpp2024-esperanza-de-vida-mapa,CMR,2014,59.1301
wpp2024-esperanza-de-vida-mapa,CMR,2015,59.6866
wpp2024-esperanza-de-vida-mapa,CMR,2016,60.2934
wpp2024-esperanza-de-vida-mapa,CMR,2017,60.8174
wpp2024-esperanza-de-vida-mapa,CMR,2018,61.1888
wpp2024-esperanza-de-vida-mapa,CMR,2019,61.6952
wpp2024-esperanza-de-vida-mapa,CMR,2020,61.6738
wpp2024-esperanza-de-vida-mapa,CMR,2021,61.1463
wpp2024-esperanza-de-vida-mapa,CMR,2022,62.4428
wpp2024-esperanza-de-vida-mapa,CMR,2023,63.6996
wpp2024-esperanza-de-vida-mapa,CAF,1950,35.4449
wpp2024-esperanza-de-vida-mapa,CAF,1951,35.844
wpp2024-esperanza-de-vida-mapa,CAF,1952,36.2463
wpp2024-esperanza-de-vida-mapa,CAF,1953,36.6366
wpp2024-esperanza-de-vida-mapa,CAF,1954,37.0361
wpp2024-esperanza-de-vida-mapa,CAF,1955,37.4395
wpp2024-esperanza-de-vida-mapa,CAF,1956,37.8372
wpp2024-esperanza-de-vida-mapa,CAF,1957,38.2503
wpp2024-esperanza-de-vida-mapa,CAF,1958,38.6722
wpp2024-esperanza-de-vida-mapa,CAF,1959,39.102
wpp2024-esperanza-de-vida-mapa,CAF,1960,39.5724
wpp2024-esperanza-de-vida-mapa,CAF,1961,40.0563
wpp2024-esperanza-de-vida-mapa,CAF,1962,40.5622
wpp2024-esperanza-de-vida-mapa,CAF,1963,41.0897
wpp2024-esperanza-de-vida-mapa,CAF,1964,41.6398
wpp2024-esperanza-de-vida-mapa,CAF,1965,42.2069
wpp2024-esperanza-de-vida-mapa,CAF,1966,42.7869
wpp2024-esperanza-de-vida-mapa,CAF,1967,43.3793
wpp2024-esperanza-de-vida-mapa,CAF,1968,43.9795
wpp2024-esperanza-de-vida-mapa,CAF,1969,44.5795
wpp2024-esperanza-de-vida-mapa,CAF,1970,45.1758
wpp2024-esperanza-de-vida-mapa,CAF,1971,45.7641
wpp2024-esperanza-de-vida-mapa,CAF,1972,46.3321
wpp2024-esperanza-de-vida-mapa,CAF,1973,46.8838
wpp2024-esperanza-de-vida-mapa,CAF,1974,47.4054
wpp2024-esperanza-de-vida-mapa,CAF,1975,47.8924
wpp2024-esperanza-de-vida-mapa,CAF,1976,48.3554
wpp2024-esperanza-de-vida-mapa,CAF,1977,48.7784
wpp2024-esperanza-de-vida-mapa,CAF,1978,49.1615
wpp2024-esperanza-de-vida-mapa,CAF,1979,49.4997
wpp2024-esperanza-de-vida-mapa,CAF,1980,49.7894
wpp2024-esperanza-de-vida-mapa,CAF,1981,50.0284
wpp2024-esperanza-de-vida-mapa,CAF,1982,50.2126
wpp2024-esperanza-de-vida-mapa,CAF,1983,50.3422
wpp2024-esperanza-de-vida-mapa,CAF,1984,50.4269
wpp2024-esperanza-de-vida-mapa,CAF,1985,50.463
wpp2024-esperanza-de-vida-mapa,CAF,1986,50.4446
wpp2024-esperanza-de-vida-mapa,CAF,1987,50.3715
wpp2024-esperanza-de-vida-mapa,CAF,1988,50.2429
wpp2024-esperanza-de-vida-mapa,CAF,1989,50.0744
wpp2024-esperanza-de-vida-mapa,CAF,1990,49.8543
wpp2024-esperanza-de-vida-mapa,CAF,1991,49.5748
wpp2024-esperanza-de-vida-mapa,CAF,1992,49.2128
wpp2024-esperanza-de-vida-mapa,CAF,1993,48.8994
wpp2024-esperanza-de-vida-mapa,CAF,1994,48.5087
wpp2024-esperanza-de-vida-mapa,CAF,1995,48.1087
wpp2024-esperanza-de-vida-mapa,CAF,1996,47.6995
wpp2024-esperanza-de-vida-mapa,CAF,1997,47.2836
wpp2024-esperanza-de-vida-mapa,CAF,1998,47.0892
wpp2024-esperanza-de-vida-mapa,CAF,1999,46.9095
wpp2024-esperanza-de-vida-mapa,CAF,2000,46.6095
wpp2024-esperanza-de-vida-mapa,CAF,2001,46.7338
wpp2024-esperanza-de-vida-mapa,CAF,2002,46.8395
wpp2024-esperanza-de-vida-mapa,CAF,2003,47.3059
wpp2024-esperanza-de-vida-mapa,CAF,2004,47.6964
wpp2024-esperanza-de-vida-mapa,CAF,2005,48.207
wpp2024-esperanza-de-vida-mapa,CAF,2006,48.6867
wpp2024-esperanza-de-vida-mapa,CAF,2007,49.3267
wpp2024-esperanza-de-vida-mapa,CAF,2008,49.8728
wpp2024-esperanza-de-vida-mapa,CAF,2009,14.6655
wpp2024-esperanza-de-vida-mapa,CAF,2010,46.8707
wpp2024-esperanza-de-vida-mapa,CAF,2011,50.107
wpp2024-esperanza-de-vida-mapa,CAF,2012,51.3355
wpp2024-esperanza-de-vida-mapa,CAF,2013,49.4871
wpp2024-esperanza-de-vida-mapa,CAF,2014,40.2652
wpp2024-esperanza-de-vida-mapa,CAF,2015,51.9338
wpp2024-esperanza-de-vida-mapa,CAF,2016,50.9988
wpp2024-esperanza-de-vida-mapa,CAF,2017,45.2315
wpp2024-esperanza-de-vida-mapa,CAF,2018,52.2973
wpp2024-esperanza-de-vida-mapa,CAF,2019,31.5302
wpp2024-esperanza-de-vida-mapa,CAF,2020,50.5959
wpp2024-esperanza-de-vida-mapa,CAF,2021,40.2791
wpp2024-esperanza-de-vida-mapa,CAF,2022,18.8177
wpp2024-esperanza-de-vida-mapa,CAF,2023,57.4077
wpp2024-esperanza-de-vida-mapa,TCD,1950,35.2304
wpp2024-esperanza-de-vida-mapa,TCD,1951,35.4514
wpp2024-esperanza-de-vida-mapa,TCD,1952,35.8555
wpp2024-esperanza-de-vida-mapa,TCD,1953,36.2833
wpp2024-esperanza-de-vida-mapa,TCD,1954,36.7859
wpp2024-esperanza-de-vida-mapa,TCD,1955,37.3461
wpp2024-esperanza-de-vida-mapa,TCD,1956,37.9189
wpp2024-esperanza-de-vida-mapa,TCD,1957,38.333
wpp2024-esperanza-de-vida-mapa,TCD,1958,38.7392
wpp2024-esperanza-de-vida-mapa,TCD,1959,38.9612
wpp2024-esperanza-de-vida-mapa,TCD,1960,39.2157
wpp2024-esperanza-de-vida-mapa,TCD,1961,39.4211
wpp2024-esperanza-de-vida-mapa,TCD,1962,39.6075
wpp2024-esperanza-de-vida-mapa,TCD,1963,39.8927
wpp2024-esperanza-de-vida-mapa,TCD,1964,40.1203
wpp2024-esperanza-de-vida-mapa,TCD,1965,40.05
wpp2024-esperanza-de-vida-mapa,TCD,1966,40.0887
wpp2024-esperanza-de-vida-mapa,TCD,1967,40.393
wpp2024-esperanza-de-vida-mapa,TCD,1968,40.7015
wpp2024-esperanza-de-vida-mapa,TCD,1969,41.0187
wpp2024-esperanza-de-vida-mapa,TCD,1970,41.3855
wpp2024-esperanza-de-vida-mapa,TCD,1971,40.8688
wpp2024-esperanza-de-vida-mapa,TCD,1972,41.9221
wpp2024-esperanza-de-vida-mapa,TCD,1973,42.3987
wpp2024-esperanza-de-vida-mapa,TCD,1974,42.6007
wpp2024-esperanza-de-vida-mapa,TCD,1975,42.7364
wpp2024-esperanza-de-vida-mapa,TCD,1976,42.6865
wpp2024-esperanza-de-vida-mapa,TCD,1977,42.8839
wpp2024-esperanza-de-vida-mapa,TCD,1978,43.0167
wpp2024-esperanza-de-vida-mapa,TCD,1979,43.2392
wpp2024-esperanza-de-vida-mapa,TCD,1980,43.4522
wpp2024-esperanza-de-vida-mapa,TCD,1981,43.4968
wpp2024-esperanza-de-vida-mapa,TCD,1982,43.9105
wpp2024-esperanza-de-vida-mapa,TCD,1983,44.4456
wpp2024-esperanza-de-vida-mapa,TCD,1984,44.7316
wpp2024-esperanza-de-vida-mapa,TCD,1985,45.3147
wpp2024-esperanza-de-vida-mapa,TCD,1986,45.598
wpp2024-esperanza-de-vida-mapa,TCD,1987,43.071
wpp2024-esperanza-de-vida-mapa,TCD,1988,46.3521
wpp2024-esperanza-de-vida-mapa,TCD,1989,46.4337
wpp2024-esperanza-de-vida-mapa,TCD,1990,45.0738
wpp2024-esperanza-de-vida-mapa,TCD,1991,46.5959
wpp2024-esperanza-de-vida-mapa,TCD,1992,46.7769
wpp2024-esperanza-de-vida-mapa,TCD,1993,47.0023
wpp2024-esperanza-de-vida-mapa,TCD,1994,47.0796
wpp2024-esperanza-de-vida-mapa,TCD,1995,47.4533
wpp2024-esperanza-de-vida-mapa,TCD,1996,47.5508
wpp2024-esperanza-de-vida-mapa,TCD,1997,47.7622
wpp2024-esperanza-de-vida-mapa,TCD,1998,47.8024
wpp2024-esperanza-de-vida-mapa,TCD,1999,47.9336
wpp2024-esperanza-de-vida-mapa,TCD,2000,47.937
wpp2024-esperanza-de-vida-mapa,TCD,2001,48.3056
wpp2024-esperanza-de-vida-mapa,TCD,2002,48.3596
wpp2024-esperanza-de-vida-mapa,TCD,2003,48.6095
wpp2024-esperanza-de-vida-mapa,TCD,2004,48.6865
wpp2024-esperanza-de-vida-mapa,TCD,2005,48.86
wpp2024-esperanza-de-vida-mapa,TCD,2006,48.7467
wpp2024-esperanza-de-vida-mapa,TCD,2007,49.2102
wpp2024-esperanza-de-vida-mapa,TCD,2008,49.5034
wpp2024-esperanza-de-vida-mapa,TCD,2009,49.8275
wpp2024-esperanza-de-vida-mapa,TCD,2010,50.1067
wpp2024-esperanza-de-vida-mapa,TCD,2011,50.4258
wpp2024-esperanza-de-vida-mapa,TCD,2012,50.7651
wpp2024-esperanza-de-vida-mapa,TCD,2013,51.0508
wpp2024-esperanza-de-vida-mapa,TCD,2014,51.1411
wpp2024-esperanza-de-vida-mapa,TCD,2015,51.3196
wpp2024-esperanza-de-vida-mapa,TCD,2016,51.6027
wpp2024-esperanza-de-vida-mapa,TCD,2017,51.8747
wpp2024-esperanza-de-vida-mapa,TCD,2018,52.4467
wpp2024-esperanza-de-vida-mapa,TCD,2019,52.9927
wpp2024-esperanza-de-vida-mapa,TCD,2020,53.0818
wpp2024-esperanza-de-vida-mapa,TCD,2021,53.1362
wpp2024-esperanza-de-vida-mapa,TCD,2022,54.5275
wpp2024-esperanza-de-vida-mapa,TCD,2023,55.0692
wpp2024-esperanza-de-vida-mapa,COG,1950,39.6023
wpp2024-esperanza-de-vida-mapa,COG,1951,40.3449
wpp2024-esperanza-de-vida-mapa,COG,1952,41.0869
wpp2024-esperanza-de-vida-mapa,COG,1953,41.855
wpp2024-esperanza-de-vida-mapa,COG,1954,42.6115
wpp2024-esperanza-de-vida-mapa,COG,1955,43.4479
wpp2024-esperanza-de-vida-mapa,COG,1956,44.276
wpp2024-esperanza-de-vida-mapa,COG,1957,45.1279
wpp2024-esperanza-de-vida-mapa,COG,1958,45.9694
wpp2024-esperanza-de-vida-mapa,COG,1959,46.7845
wpp2024-esperanza-de-vida-mapa,COG,1960,47.5949
wpp2024-esperanza-de-vida-mapa,COG,1961,48.351
wpp2024-esperanza-de-vida-mapa,COG,1962,49.0381
wpp2024-esperanza-de-vida-mapa,COG,1963,49.7286
wpp2024-esperanza-de-vida-mapa,COG,1964,50.3626
wpp2024-esperanza-de-vida-mapa,COG,1965,50.9964
wpp2024-esperanza-de-vida-mapa,COG,1966,51.5567
wpp2024-esperanza-de-vida-mapa,COG,1967,51.9101
wpp2024-esperanza-de-vida-mapa,COG,1968,52.6196
wpp2024-esperanza-de-vida-mapa,COG,1969,53.1135
wpp2024-esperanza-de-vida-mapa,COG,1970,53.5549
wpp2024-esperanza-de-vida-mapa,COG,1971,53.9826
wpp2024-esperanza-de-vida-mapa,COG,1972,54.3606
wpp2024-esperanza-de-vida-mapa,COG,1973,54.7436
wpp2024-esperanza-de-vida-mapa,COG,1974,55.053
wpp2024-esperanza-de-vida-mapa,COG,1975,55.4024
wpp2024-esperanza-de-vida-mapa,COG,1976,55.699
wpp2024-esperanza-de-vida-mapa,COG,1977,56.0269
wpp2024-esperanza-de-vida-mapa,COG,1978,56.2475
wpp2024-esperanza-de-vida-mapa,COG,1979,56.5242
wpp2024-esperanza-de-vida-mapa,COG,1980,56.8031
wpp2024-esperanza-de-vida-mapa,COG,1981,57.0647
wpp2024-esperanza-de-vida-mapa,COG,1982,57.236
wpp2024-esperanza-de-vida-mapa,COG,1983,57.4284
wpp2024-esperanza-de-vida-mapa,COG,1984,57.5404
wpp2024-esperanza-de-vida-mapa,COG,1985,57.6085
wpp2024-esperanza-de-vida-mapa,COG,1986,57.6328
wpp2024-esperanza-de-vida-mapa,COG,1987,57.5904
wpp2024-esperanza-de-vida-mapa,COG,1988,57.4935
wpp2024-esperanza-de-vida-mapa,COG,1989,57.2925
wpp2024-esperanza-de-vida-mapa,COG,1990,57.0703
wpp2024-esperanza-de-vida-mapa,COG,1991,56.7645
wpp2024-esperanza-de-vida-mapa,COG,1992,56.4826
wpp2024-esperanza-de-vida-mapa,COG,1993,56.0414
wpp2024-esperanza-de-vida-mapa,COG,1994,55.6414
wpp2024-esperanza-de-vida-mapa,COG,1995,55.4737
wpp2024-esperanza-de-vida-mapa,COG,1996,55.2403
wpp2024-esperanza-de-vida-mapa,COG,1997,48.5746
wpp2024-esperanza-de-vida-mapa,COG,1998,52.5509
wpp2024-esperanza-de-vida-mapa,COG,1999,54.4272
wpp2024-esperanza-de-vida-mapa,COG,2000,55.3706
wpp2024-esperanza-de-vida-mapa,COG,2001,55.8849
wpp2024-esperanza-de-vida-mapa,COG,2002,56.414
wpp2024-esperanza-de-vida-mapa,COG,2003,57.1313
wpp2024-esperanza-de-vida-mapa,COG,2004,57.9574
wpp2024-esperanza-de-vida-mapa,COG,2005,58.7302
wpp2024-esperanza-de-vida-mapa,COG,2006,59.474
wpp2024-esperanza-de-vida-mapa,COG,2007,60.0502
wpp2024-esperanza-de-vida-mapa,COG,2008,60.7903
wpp2024-esperanza-de-vida-mapa,COG,2009,61.2148
wpp2024-esperanza-de-vida-mapa,COG,2010,61.7311
wpp2024-esperanza-de-vida-mapa,COG,2011,62.2862
wpp2024-esperanza-de-vida-mapa,COG,2012,62.6616
wpp2024-esperanza-de-vida-mapa,COG,2013,62.9689
wpp2024-esperanza-de-vida-mapa,COG,2014,63.3491
wpp2024-esperanza-de-vida-mapa,COG,2015,63.6622
wpp2024-esperanza-de-vida-mapa,COG,2016,63.9108
wpp2024-esperanza-de-vida-mapa,COG,2017,64.2028
wpp2024-esperanza-de-vida-mapa,COG,2018,64.472
wpp2024-esperanza-de-vida-mapa,COG,2019,63.1523
wpp2024-esperanza-de-vida-mapa,COG,2020,64.3907
wpp2024-esperanza-de-vida-mapa,COG,2021,64.1918
wpp2024-esperanza-de-vida-mapa,COG,2022,65.0003
wpp2024-esperanza-de-vida-mapa,COG,2023,65.772
wpp2024-esperanza-de-vida-mapa,COD,1950,38.2161
wpp2024-esperanza-de-vida-mapa,COD,1951,38.5138
wpp2024-esperanza-de-vida-mapa,COD,1952,38.8561
wpp2024-esperanza-de-vida-mapa,COD,1953,39.1412
wpp2024-esperanza-de-vida-mapa,COD,1954,39.3663
wpp2024-esperanza-de-vida-mapa,COD,1955,39.6563
wpp2024-esperanza-de-vida-mapa,COD,1956,39.9041
wpp2024-esperanza-de-vida-mapa,COD,1957,40.2279
wpp2024-esperanza-de-vida-mapa,COD,1958,40.4629
wpp2024-esperanza-de-vida-mapa,COD,1959,40.6155
wpp2024-esperanza-de-vida-mapa,COD,1960,40.7518
wpp2024-esperanza-de-vida-mapa,COD,1961,40.1611
wpp2024-esperanza-de-vida-mapa,COD,1962,40.3817
wpp2024-esperanza-de-vida-mapa,COD,1963,40.6039
wpp2024-esperanza-de-vida-mapa,COD,1964,40.0993
wpp2024-esperanza-de-vida-mapa,COD,1965,40.7669
wpp2024-esperanza-de-vida-mapa,COD,1966,42.169
wpp2024-esperanza-de-vida-mapa,COD,1967,42.3389
wpp2024-esperanza-de-vida-mapa,COD,1968,42.6673
wpp2024-esperanza-de-vida-mapa,COD,1969,42.9594
wpp2024-esperanza-de-vida-mapa,COD,1970,43.3005
wpp2024-esperanza-de-vida-mapa,COD,1971,43.578
wpp2024-esperanza-de-vida-mapa,COD,1972,43.869
wpp2024-esperanza-de-vida-mapa,COD,1973,44.0905
wpp2024-esperanza-de-vida-mapa,COD,1974,44.3111
wpp2024-esperanza-de-vida-mapa,COD,1975,44.5299
wpp2024-esperanza-de-vida-mapa,COD,1976,44.695
wpp2024-esperanza-de-vida-mapa,COD,1977,44.8656
wpp2024-esperanza-de-vida-mapa,COD,1978,44.6277
wpp2024-esperanza-de-vida-mapa,COD,1979,45.2779
wpp2024-esperanza-de-vida-mapa,COD,1980,45.5429
wpp2024-esperanza-de-vida-mapa,COD,1981,45.7262
wpp2024-esperanza-de-vida-mapa,COD,1982,45.946
wpp2024-esperanza-de-vida-mapa,COD,1983,46.2067
wpp2024-esperanza-de-vida-mapa,COD,1984,46.5143
wpp2024-esperanza-de-vida-mapa,COD,1985,46.6634
wpp2024-esperanza-de-vida-mapa,COD,1986,47.0156
wpp2024-esperanza-de-vida-mapa,COD,1987,47.3623
wpp2024-esperanza-de-vida-mapa,COD,1988,47.755
wpp2024-esperanza-de-vida-mapa,COD,1989,48.1494
wpp2024-esperanza-de-vida-mapa,COD,1990,48.5381
wpp2024-esperanza-de-vida-mapa,COD,1991,48.9442
wpp2024-esperanza-de-vida-mapa,COD,1992,49.3232
wpp2024-esperanza-de-vida-mapa,COD,1993,49.6213
wpp2024-esperanza-de-vida-mapa,COD,1994,49.8795
wpp2024-esperanza-de-vida-mapa,COD,1995,50.381
wpp2024-esperanza-de-vida-mapa,COD,1996,49.3762
wpp2024-esperanza-de-vida-mapa,COD,1997,50.4609
wpp2024-esperanza-de-vida-mapa,COD,1998,49.6637
wpp2024-esperanza-de-vida-mapa,COD,1999,50.0888
wpp2024-esperanza-de-vida-mapa,COD,2000,51.8871
wpp2024-esperanza-de-vida-mapa,COD,2001,52.2054
wpp2024-esperanza-de-vida-mapa,COD,2002,52.3712
wpp2024-esperanza-de-vida-mapa,COD,2003,52.9519
wpp2024-esperanza-de-vida-mapa,COD,2004,53.5341
wpp2024-esperanza-de-vida-mapa,COD,2005,54.0014
wpp2024-esperanza-de-vida-mapa,COD,2006,54.4977
wpp2024-esperanza-de-vida-mapa,COD,2007,54.9543
wpp2024-esperanza-de-vida-mapa,COD,2008,55.3884
wpp2024-esperanza-de-vida-mapa,COD,2009,55.7981
wpp2024-esperanza-de-vida-mapa,COD,2010,56.4111
wpp2024-esperanza-de-vida-mapa,COD,2011,56.9106
wpp2024-esperanza-de-vida-mapa,COD,2012,57.3502
wpp2024-esperanza-de-vida-mapa,COD,2013,57.7953
wpp2024-esperanza-de-vida-mapa,COD,2014,58.2355
wpp2024-esperanza-de-vida-mapa,COD,2015,58.6576
wpp2024-esperanza-de-vida-mapa,COD,2016,59.0814
wpp2024-esperanza-de-vida-mapa,COD,2017,59.4952
wpp2024-esperanza-de-vida-mapa,COD,2018,59.9265
wpp2024-esperanza-de-vida-mapa,COD,2019,60.2425
wpp2024-esperanza-de-vida-mapa,COD,2020,60.4283
wpp2024-esperanza-de-vida-mapa,COD,2021,60.0444
wpp2024-esperanza-de-vida-mapa,COD,2022,60.9789
wpp2024-esperanza-de-vida-mapa,COD,2023,61.895
wpp2024-esperanza-de-vida-mapa,GNQ,1950,40.1113
wpp2024-esperanza-de-vida-mapa,GNQ,1951,40.3708
wpp2024-esperanza-de-vida-mapa,GNQ,1952,40.6297
wpp2024-esperanza-de-vida-mapa,GNQ,1953,40.8892
wpp2024-esperanza-de-vida-mapa,GNQ,1954,41.1476
wpp2024-esperanza-de-vida-mapa,GNQ,1955,41.4103
wpp2024-esperanza-de-vida-mapa,GNQ,1956,41.6741
wpp2024-esperanza-de-vida-mapa,GNQ,1957,41.9386
wpp2024-esperanza-de-vida-mapa,GNQ,1958,42.2042
wpp2024-esperanza-de-vida-mapa,GNQ,1959,42.4747
wpp2024-esperanza-de-vida-mapa,GNQ,1960,42.7416
wpp2024-esperanza-de-vida-mapa,GNQ,1961,43.008
wpp2024-esperanza-de-vida-mapa,GNQ,1962,43.2749
wpp2024-esperanza-de-vida-mapa,GNQ,1963,43.5396
wpp2024-esperanza-de-vida-mapa,GNQ,1964,43.8049
wpp2024-esperanza-de-vida-mapa,GNQ,1965,44.0694
wpp2024-esperanza-de-vida-mapa,GNQ,1966,44.3345
wpp2024-esperanza-de-vida-mapa,GNQ,1967,44.5946
wpp2024-esperanza-de-vida-mapa,GNQ,1968,44.8521
wpp2024-esperanza-de-vida-mapa,GNQ,1969,31.0002
wpp2024-esperanza-de-vida-mapa,GNQ,1970,31.0861
wpp2024-esperanza-de-vida-mapa,GNQ,1971,37.2292
wpp2024-esperanza-de-vida-mapa,GNQ,1972,44.4405
wpp2024-esperanza-de-vida-mapa,GNQ,1973,44.6577
wpp2024-esperanza-de-vida-mapa,GNQ,1974,41.4861
wpp2024-esperanza-de-vida-mapa,GNQ,1975,37.32
wpp2024-esperanza-de-vida-mapa,GNQ,1976,30.5369
wpp2024-esperanza-de-vida-mapa,GNQ,1977,42.0075
wpp2024-esperanza-de-vida-mapa,GNQ,1978,42.331
wpp2024-esperanza-de-vida-mapa,GNQ,1979,43.0332
wpp2024-esperanza-de-vida-mapa,GNQ,1980,48.7799
wpp2024-esperanza-de-vida-mapa,GNQ,1981,49.1071
wpp2024-esperanza-de-vida-mapa,GNQ,1982,49.6656
wpp2024-esperanza-de-vida-mapa,GNQ,1983,50.0461
wpp2024-esperanza-de-vida-mapa,GNQ,1984,50.1951
wpp2024-esperanza-de-vida-mapa,GNQ,1985,50.5987
wpp2024-esperanza-de-vida-mapa,GNQ,1986,50.8484
wpp2024-esperanza-de-vida-mapa,GNQ,1987,50.9904
wpp2024-esperanza-de-vida-mapa,GNQ,1988,51.1837
wpp2024-esperanza-de-vida-mapa,GNQ,1989,51.292
wpp2024-esperanza-de-vida-mapa,GNQ,1990,51.3965
wpp2024-esperanza-de-vida-mapa,GNQ,1991,51.4971
wpp2024-esperanza-de-vida-mapa,GNQ,1992,51.5792
wpp2024-esperanza-de-vida-mapa,GNQ,1993,51.6713
wpp2024-esperanza-de-vida-mapa,GNQ,1994,51.7851
wpp2024-esperanza-de-vida-mapa,GNQ,1995,51.9261
wpp2024-esperanza-de-vida-mapa,GNQ,1996,52.1227
wpp2024-esperanza-de-vida-mapa,GNQ,1997,52.3648
wpp2024-esperanza-de-vida-mapa,GNQ,1998,52.6464
wpp2024-esperanza-de-vida-mapa,GNQ,1999,53.0013
wpp2024-esperanza-de-vida-mapa,GNQ,2000,53.3952
wpp2024-esperanza-de-vida-mapa,GNQ,2001,53.8271
wpp2024-esperanza-de-vida-mapa,GNQ,2002,54.3235
wpp2024-esperanza-de-vida-mapa,GNQ,2003,54.7913
wpp2024-esperanza-de-vida-mapa,GNQ,2004,55.3066
wpp2024-esperanza-de-vida-mapa,GNQ,2005,55.7659
wpp2024-esperanza-de-vida-mapa,GNQ,2006,56.3538
wpp2024-esperanza-de-vida-mapa,GNQ,2007,56.857
wpp2024-esperanza-de-vida-mapa,GNQ,2008,57.3841
wpp2024-esperanza-de-vida-mapa,GNQ,2009,57.881
wpp2024-esperanza-de-vida-mapa,GNQ,2010,58.3445
wpp2024-esperanza-de-vida-mapa,GNQ,2011,58.8268
wpp2024-esperanza-de-vida-mapa,GNQ,2012,59.3011
wpp2024-esperanza-de-vida-mapa,GNQ,2013,59.784
wpp2024-esperanza-de-vida-mapa,GNQ,2014,60.2279
wpp2024-esperanza-de-vida-mapa,GNQ,2015,60.6347
wpp2024-esperanza-de-vida-mapa,GNQ,2016,61.081
wpp2024-esperanza-de-vida-mapa,GNQ,2017,61.4808
wpp2024-esperanza-de-vida-mapa,GNQ,2018,61.9151
wpp2024-esperanza-de-vida-mapa,GNQ,2019,62.2965
wpp2024-esperanza-de-vida-mapa,GNQ,2020,62.1408
wpp2024-esperanza-de-vida-mapa,GNQ,2021,62.4468
wpp2024-esperanza-de-vida-mapa,GNQ,2022,63.3545
wpp2024-esperanza-de-vida-mapa,GNQ,2023,63.7071
wpp2024-esperanza-de-vida-mapa,GAB,1950,39.2682
wpp2024-esperanza-de-vida-mapa,GAB,1951,39.9781
wpp2024-esperanza-de-vida-mapa,GAB,1952,40.7373
wpp2024-esperanza-de-vida-mapa,GAB,1953,41.483
wpp2024-esperanza-de-vida-mapa,GAB,1954,42.1891
wpp2024-esperanza-de-vida-mapa,GAB,1955,42.946
wpp2024-esperanza-de-vida-mapa,GAB,1956,43.6547
wpp2024-esperanza-de-vida-mapa,GAB,1957,44.3631
wpp2024-esperanza-de-vida-mapa,GAB,1958,45.0635
wpp2024-esperanza-de-vida-mapa,GAB,1959,45.756
wpp2024-esperanza-de-vida-mapa,GAB,1960,46.4427
wpp2024-esperanza-de-vida-mapa,GAB,1961,47.1152
wpp2024-esperanza-de-vida-mapa,GAB,1962,47.7767
wpp2024-esperanza-de-vida-mapa,GAB,1963,48.4248
wpp2024-esperanza-de-vida-mapa,GAB,1964,48.9938
wpp2024-esperanza-de-vida-mapa,GAB,1965,49.7096
wpp2024-esperanza-de-vida-mapa,GAB,1966,50.3217
wpp2024-esperanza-de-vida-mapa,GAB,1967,50.9284
wpp2024-esperanza-de-vida-mapa,GAB,1968,51.5454
wpp2024-esperanza-de-vida-mapa,GAB,1969,52.127
wpp2024-esperanza-de-vida-mapa,GAB,1970,52.6973
wpp2024-esperanza-de-vida-mapa,GAB,1971,53.2586
wpp2024-esperanza-de-vida-mapa,GAB,1972,53.8109
wpp2024-esperanza-de-vida-mapa,GAB,1973,54.3524
wpp2024-esperanza-de-vida-mapa,GAB,1974,54.9106
wpp2024-esperanza-de-vida-mapa,GAB,1975,55.4549
wpp2024-esperanza-de-vida-mapa,GAB,1976,55.97
wpp2024-esperanza-de-vida-mapa,GAB,1977,56.4674
wpp2024-esperanza-de-vida-mapa,GAB,1978,56.9542
wpp2024-esperanza-de-vida-mapa,GAB,1979,57.438
wpp2024-esperanza-de-vida-mapa,GAB,1980,57.8926
wpp2024-esperanza-de-vida-mapa,GAB,1981,58.3323
wpp2024-esperanza-de-vida-mapa,GAB,1982,58.6438
wpp2024-esperanza-de-vida-mapa,GAB,1983,58.9942
wpp2024-esperanza-de-vida-mapa,GAB,1984,59.3396
wpp2024-esperanza-de-vida-mapa,GAB,1985,59.6648
wpp2024-esperanza-de-vida-mapa,GAB,1986,59.9564
wpp2024-esperanza-de-vida-mapa,GAB,1987,60.1995
wpp2024-esperanza-de-vida-mapa,GAB,1988,60.3978
wpp2024-esperanza-de-vida-mapa,GAB,1989,60.5844
wpp2024-esperanza-de-vida-mapa,GAB,1990,60.7355
wpp2024-esperanza-de-vida-mapa,GAB,1991,60.8908
wpp2024-esperanza-de-vida-mapa,GAB,1992,61.0134
wpp2024-esperanza-de-vida-mapa,GAB,1993,61.1248
wpp2024-esperanza-de-vida-mapa,GAB,1994,61.183
wpp2024-esperanza-de-vida-mapa,GAB,1995,61.2696
wpp2024-esperanza-de-vida-mapa,GAB,1996,61.2648
wpp2024-esperanza-de-vida-mapa,GAB,1997,61.3955
wpp2024-esperanza-de-vida-mapa,GAB,1998,61.506
wpp2024-esperanza-de-vida-mapa,GAB,1999,61.658
wpp2024-esperanza-de-vida-mapa,GAB,2000,61.8098
wpp2024-esperanza-de-vida-mapa,GAB,2001,61.9818
wpp2024-esperanza-de-vida-mapa,GAB,2002,62.1752
wpp2024-esperanza-de-vida-mapa,GAB,2003,62.4627
wpp2024-esperanza-de-vida-mapa,GAB,2004,62.6944
wpp2024-esperanza-de-vida-mapa,GAB,2005,62.978
wpp2024-esperanza-de-vida-mapa,GAB,2006,63.2589
wpp2024-esperanza-de-vida-mapa,GAB,2007,63.6186
wpp2024-esperanza-de-vida-mapa,GAB,2008,64.0109
wpp2024-esperanza-de-vida-mapa,GAB,2009,64.3612
wpp2024-esperanza-de-vida-mapa,GAB,2010,64.7148
wpp2024-esperanza-de-vida-mapa,GAB,2011,65.1016
wpp2024-esperanza-de-vida-mapa,GAB,2012,65.4384
wpp2024-esperanza-de-vida-mapa,GAB,2013,65.7506
wpp2024-esperanza-de-vida-mapa,GAB,2014,66.0698
wpp2024-esperanza-de-vida-mapa,GAB,2015,66.3361
wpp2024-esperanza-de-vida-mapa,GAB,2016,66.5832
wpp2024-esperanza-de-vida-mapa,GAB,2017,66.8163
wpp2024-esperanza-de-vida-mapa,GAB,2018,67.0426
wpp2024-esperanza-de-vida-mapa,GAB,2019,67.3369
wpp2024-esperanza-de-vida-mapa,GAB,2020,67.0725
wpp2024-esperanza-de-vida-mapa,GAB,2021,67.0715
wpp2024-esperanza-de-vida-mapa,GAB,2022,67.713
wpp2024-esperanza-de-vida-mapa,GAB,2023,68.3367
wpp2024-esperanza-de-vida-mapa,STP,1950,39.1287
wpp2024-esperanza-de-vida-mapa,STP,1951,39.1254
wpp2024-esperanza-de-vida-mapa,STP,1952,39.1425
wpp2024-esperanza-de-vida-mapa,STP,1953,39.1162
wpp2024-esperanza-de-vida-mapa,STP,1954,39.1552
wpp2024-esperanza-de-vida-mapa,STP,1955,39.2802
wpp2024-esperanza-de-vida-mapa,STP,1956,39.5428
wpp2024-esperanza-de-vida-mapa,STP,1957,40.1014
wpp2024-esperanza-de-vida-mapa,STP,1958,40.962
wpp2024-esperanza-de-vida-mapa,STP,1959,42.1135
wpp2024-esperanza-de-vida-mapa,STP,1960,43.5639
wpp2024-esperanza-de-vida-mapa,STP,1961,45.1927
wpp2024-esperanza-de-vida-mapa,STP,1962,46.8434
wpp2024-esperanza-de-vida-mapa,STP,1963,48.3996
wpp2024-esperanza-de-vida-mapa,STP,1964,49.7395
wpp2024-esperanza-de-vida-mapa,STP,1965,51.0721
wpp2024-esperanza-de-vida-mapa,STP,1966,52.309
wpp2024-esperanza-de-vida-mapa,STP,1967,53.4489
wpp2024-esperanza-de-vida-mapa,STP,1968,54.4912
wpp2024-esperanza-de-vida-mapa,STP,1969,55.3998
wpp2024-esperanza-de-vida-mapa,STP,1970,56.2673
wpp2024-esperanza-de-vida-mapa,STP,1971,56.9648
wpp2024-esperanza-de-vida-mapa,STP,1972,57.4482
wpp2024-esperanza-de-vida-mapa,STP,1973,57.8956
wpp2024-esperanza-de-vida-mapa,STP,1974,58.2623
wpp2024-esperanza-de-vida-mapa,STP,1975,58.561
wpp2024-esperanza-de-vida-mapa,STP,1976,58.7816
wpp2024-esperanza-de-vida-mapa,STP,1977,58.9786
wpp2024-esperanza-de-vida-mapa,STP,1978,59.1406
wpp2024-esperanza-de-vida-mapa,STP,1979,59.2735
wpp2024-esperanza-de-vida-mapa,STP,1980,59.3613
wpp2024-esperanza-de-vida-mapa,STP,1981,59.4318
wpp2024-esperanza-de-vida-mapa,STP,1982,59.5326
wpp2024-esperanza-de-vida-mapa,STP,1983,59.6791
wpp2024-esperanza-de-vida-mapa,STP,1984,59.8929
wpp2024-esperanza-de-vida-mapa,STP,1985,60.1388
wpp2024-esperanza-de-vida-mapa,STP,1986,57.6047
wpp2024-esperanza-de-vida-mapa,STP,1987,60.663
wpp2024-esperanza-de-vida-mapa,STP,1988,60.8083
wpp2024-esperanza-de-vida-mapa,STP,1989,59.7315
wpp2024-esperanza-de-vida-mapa,STP,1990,60.7072
wpp2024-esperanza-de-vida-mapa,STP,1991,60.7921
wpp2024-esperanza-de-vida-mapa,STP,1992,60.706
wpp2024-esperanza-de-vida-mapa,STP,1993,60.6179
wpp2024-esperanza-de-vida-mapa,STP,1994,60.5518
wpp2024-esperanza-de-vida-mapa,STP,1995,60.5359
wpp2024-esperanza-de-vida-mapa,STP,1996,60.5756
wpp2024-esperanza-de-vida-mapa,STP,1997,60.6475
wpp2024-esperanza-de-vida-mapa,STP,1998,60.7851
wpp2024-esperanza-de-vida-mapa,STP,1999,60.9761
wpp2024-esperanza-de-vida-mapa,STP,2000,61.2067
wpp2024-esperanza-de-vida-mapa,STP,2001,61.4996
wpp2024-esperanza-de-vida-mapa,STP,2002,61.8262
wpp2024-esperanza-de-vida-mapa,STP,2003,62.1579
wpp2024-esperanza-de-vida-mapa,STP,2004,62.5601
wpp2024-esperanza-de-vida-mapa,STP,2005,62.4344
wpp2024-esperanza-de-vida-mapa,STP,2006,63.0413
wpp2024-esperanza-de-vida-mapa,STP,2007,63.3356
wpp2024-esperanza-de-vida-mapa,STP,2008,63.4478
wpp2024-esperanza-de-vida-mapa,STP,2009,63.6687
wpp2024-esperanza-de-vida-mapa,STP,2010,63.8667
wpp2024-esperanza-de-vida-mapa,STP,2011,64.1217
wpp2024-esperanza-de-vida-mapa,STP,2012,64.5053
wpp2024-esperanza-de-vida-mapa,STP,2013,64.9301
wpp2024-esperanza-de-vida-mapa,STP,2014,65.4775
wpp2024-esperanza-de-vida-mapa,STP,2015,66.0231
wpp2024-esperanza-de-vida-mapa,STP,2016,66.5632
wpp2024-esperanza-de-vida-mapa,STP,2017,67.0741
wpp2024-esperanza-de-vida-mapa,STP,2018,67.6015
wpp2024-esperanza-de-vida-mapa,STP,2019,68.0435
wpp2024-esperanza-de-vida-mapa,STP,2020,67.979
wpp2024-esperanza-de-vida-mapa,STP,2021,68.0262
wpp2024-esperanza-de-vida-mapa,STP,2022,69.2368
wpp2024-esperanza-de-vida-mapa,STP,2023,69.7182
wpp2024-esperanza-de-vida-mapa,DZA,1950,42.6787
wpp2024-esperanza-de-vida-mapa,DZA,1951,43.3012
wpp2024-esperanza-de-vida-mapa,DZA,1952,43.4651
wpp2024-esperanza-de-vida-mapa,DZA,1953,43.6004
wpp2024-esperanza-de-vida-mapa,DZA,1954,40.6404
wpp2024-esperanza-de-vida-mapa,DZA,1955,40.8697
wpp2024-esperanza-de-vida-mapa,DZA,1956,40.9093
wpp2024-esperanza-de-vida-mapa,DZA,1957,40.9191
wpp2024-esperanza-de-vida-mapa,DZA,1958,40.9028
wpp2024-esperanza-de-vida-mapa,DZA,1959,40.8828
wpp2024-esperanza-de-vida-mapa,DZA,1960,40.8388
wpp2024-esperanza-de-vida-mapa,DZA,1961,40.7916
wpp2024-esperanza-de-vida-mapa,DZA,1962,39.5266
wpp2024-esperanza-de-vida-mapa,DZA,1963,43.1431
wpp2024-esperanza-de-vida-mapa,DZA,1964,42.9867
wpp2024-esperanza-de-vida-mapa,DZA,1965,42.8455
wpp2024-esperanza-de-vida-mapa,DZA,1966,42.7454
wpp2024-esperanza-de-vida-mapa,DZA,1967,42.7307
wpp2024-esperanza-de-vida-mapa,DZA,1968,42.806
wpp2024-esperanza-de-vida-mapa,DZA,1969,42.991
wpp2024-esperanza-de-vida-mapa,DZA,1970,43.328
wpp2024-esperanza-de-vida-mapa,DZA,1971,43.7823
wpp2024-esperanza-de-vida-mapa,DZA,1972,44.384
wpp2024-esperanza-de-vida-mapa,DZA,1973,45.1016
wpp2024-esperanza-de-vida-mapa,DZA,1974,45.9531
wpp2024-esperanza-de-vida-mapa,DZA,1975,46.9211
wpp2024-esperanza-de-vida-mapa,DZA,1976,48.0338
wpp2024-esperanza-de-vida-mapa,DZA,1977,49.2492
wpp2024-esperanza-de-vida-mapa,DZA,1978,50.6152
wpp2024-esperanza-de-vida-mapa,DZA,1979,52.409
wpp2024-esperanza-de-vida-mapa,DZA,1980,54.5124
wpp2024-esperanza-de-vida-mapa,DZA,1981,57.4223
wpp2024-esperanza-de-vida-mapa,DZA,1982,59.5944
wpp2024-esperanza-de-vida-mapa,DZA,1983,61.2511
wpp2024-esperanza-de-vida-mapa,DZA,1984,62.7219
wpp2024-esperanza-de-vida-mapa,DZA,1985,64.155
wpp2024-esperanza-de-vida-mapa,DZA,1986,65.2728
wpp2024-esperanza-de-vida-mapa,DZA,1987,66.13
wpp2024-esperanza-de-vida-mapa,DZA,1988,66.9097
wpp2024-esperanza-de-vida-mapa,DZA,1989,67.4609
wpp2024-esperanza-de-vida-mapa,DZA,1990,67.6584
wpp2024-esperanza-de-vida-mapa,DZA,1991,67.6919
wpp2024-esperanza-de-vida-mapa,DZA,1992,67.7245
wpp2024-esperanza-de-vida-mapa,DZA,1993,67.7974
wpp2024-esperanza-de-vida-mapa,DZA,1994,67.2844
wpp2024-esperanza-de-vida-mapa,DZA,1995,67.6914
wpp2024-esperanza-de-vida-mapa,DZA,1996,68.2186
wpp2024-esperanza-de-vida-mapa,DZA,1997,68.8594
wpp2024-esperanza-de-vida-mapa,DZA,1998,69.3271
wpp2024-esperanza-de-vida-mapa,DZA,1999,70.0881
wpp2024-esperanza-de-vida-mapa,DZA,2000,70.5759
wpp2024-esperanza-de-vida-mapa,DZA,2001,71.0245
wpp2024-esperanza-de-vida-mapa,DZA,2002,71.6437
wpp2024-esperanza-de-vida-mapa,DZA,2003,71.9064
wpp2024-esperanza-de-vida-mapa,DZA,2004,72.5359
wpp2024-esperanza-de-vida-mapa,DZA,2005,72.836
wpp2024-esperanza-de-vida-mapa,DZA,2006,73.1164
wpp2024-esperanza-de-vida-mapa,DZA,2007,73.346
wpp2024-esperanza-de-vida-mapa,DZA,2008,73.6181
wpp2024-esperanza-de-vida-mapa,DZA,2009,73.8711
wpp2024-esperanza-de-vida-mapa,DZA,2010,74.1435
wpp2024-esperanza-de-vida-mapa,DZA,2011,74.3834
wpp2024-esperanza-de-vida-mapa,DZA,2012,74.6086
wpp2024-esperanza-de-vida-mapa,DZA,2013,74.8095
wpp2024-esperanza-de-vida-mapa,DZA,2014,74.9923
wpp2024-esperanza-de-vida-mapa,DZA,2015,75.1589
wpp2024-esperanza-de-vida-mapa,DZA,2016,75.3099
wpp2024-esperanza-de-vida-mapa,DZA,2017,75.4313
wpp2024-esperanza-de-vida-mapa,DZA,2018,75.5554
wpp2024-esperanza-de-vida-mapa,DZA,2019,75.6818
wpp2024-esperanza-de-vida-mapa,DZA,2020,73.2568
wpp2024-esperanza-de-vida-mapa,DZA,2021,75.2077
wpp2024-esperanza-de-vida-mapa,DZA,2022,76.1289
wpp2024-esperanza-de-vida-mapa,DZA,2023,76.261
wpp2024-esperanza-de-vida-mapa,EGY,1950,33.95
wpp2024-esperanza-de-vida-mapa,EGY,1951,35.2832
wpp2024-esperanza-de-vida-mapa,EGY,1952,36.597
wpp2024-esperanza-de-vida-mapa,EGY,1953,37.8686
wpp2024-esperanza-de-vida-mapa,EGY,1954,39.058
wpp2024-esperanza-de-vida-mapa,EGY,1955,40.1543
wpp2024-esperanza-de-vida-mapa,EGY,1956,41.0154
wpp2024-esperanza-de-vida-mapa,EGY,1957,42.05
wpp2024-esperanza-de-vida-mapa,EGY,1958,42.8875
wpp2024-esperanza-de-vida-mapa,EGY,1959,43.682
wpp2024-esperanza-de-vida-mapa,EGY,1960,44.4361
wpp2024-esperanza-de-vida-mapa,EGY,1961,45.1456
wpp2024-esperanza-de-vida-mapa,EGY,1962,45.8439
wpp2024-esperanza-de-vida-mapa,EGY,1963,46.4929
wpp2024-esperanza-de-vida-mapa,EGY,1964,47.0755
wpp2024-esperanza-de-vida-mapa,EGY,1965,47.5767
wpp2024-esperanza-de-vida-mapa,EGY,1966,47.9884
wpp2024-esperanza-de-vida-mapa,EGY,1967,48.1302
wpp2024-esperanza-de-vida-mapa,EGY,1968,48.6021
wpp2024-esperanza-de-vida-mapa,EGY,1969,48.6995
wpp2024-esperanza-de-vida-mapa,EGY,1970,49.0001
wpp2024-esperanza-de-vida-mapa,EGY,1971,49.4805
wpp2024-esperanza-de-vida-mapa,EGY,1972,49.9084
wpp2024-esperanza-de-vida-mapa,EGY,1973,50.0977
wpp2024-esperanza-de-vida-mapa,EGY,1974,51.044
wpp2024-esperanza-de-vida-mapa,EGY,1975,51.7342
wpp2024-esperanza-de-vida-mapa,EGY,1976,52.4844
wpp2024-esperanza-de-vida-mapa,EGY,1977,53.2719
wpp2024-esperanza-de-vida-mapa,EGY,1978,54.0748
wpp2024-esperanza-de-vida-mapa,EGY,1979,54.8755
wpp2024-esperanza-de-vida-mapa,EGY,1980,55.6726
wpp2024-esperanza-de-vida-mapa,EGY,1981,56.4544
wpp2024-esperanza-de-vida-mapa,EGY,1982,57.219
wpp2024-esperanza-de-vida-mapa,EGY,1983,57.9667
wpp2024-esperanza-de-vida-mapa,EGY,1984,58.697
wpp2024-esperanza-de-vida-mapa,EGY,1985,59.4051
wpp2024-esperanza-de-vida-mapa,EGY,1986,60.0849
wpp2024-esperanza-de-vida-mapa,EGY,1987,60.7358
wpp2024-esperanza-de-vida-mapa,EGY,1988,61.3581
wpp2024-esperanza-de-vida-mapa,EGY,1989,61.9485
wpp2024-esperanza-de-vida-mapa,EGY,1990,62.5132
wpp2024-esperanza-de-vida-mapa,EGY,1991,63.0594
wpp2024-esperanza-de-vida-mapa,EGY,1992,63.5852
wpp2024-esperanza-de-vida-mapa,EGY,1993,64.1471
wpp2024-esperanza-de-vida-mapa,EGY,1994,64.6632
wpp2024-esperanza-de-vida-mapa,EGY,1995,65.2143
wpp2024-esperanza-de-vida-mapa,EGY,1996,65.7334
wpp2024-esperanza-de-vida-mapa,EGY,1997,66.2066
wpp2024-esperanza-de-vida-mapa,EGY,1998,66.6355
wpp2024-esperanza-de-vida-mapa,EGY,1999,67.0104
wpp2024-esperanza-de-vida-mapa,EGY,2000,67.3323
wpp2024-esperanza-de-vida-mapa,EGY,2001,67.6118
wpp2024-esperanza-de-vida-mapa,EGY,2002,67.8456
wpp2024-esperanza-de-vida-mapa,EGY,2003,68.0451
wpp2024-esperanza-de-vida-mapa,EGY,2004,68.211
wpp2024-esperanza-de-vida-mapa,EGY,2005,68.3552
wpp2024-esperanza-de-vida-mapa,EGY,2006,68.4929
wpp2024-esperanza-de-vida-mapa,EGY,2007,68.6266
wpp2024-esperanza-de-vida-mapa,EGY,2008,68.7613
wpp2024-esperanza-de-vida-mapa,EGY,2009,68.915
wpp2024-esperanza-de-vida-mapa,EGY,2010,69.0782
wpp2024-esperanza-de-vida-mapa,EGY,2011,69.2322
wpp2024-esperanza-de-vida-mapa,EGY,2012,69.4643
wpp2024-esperanza-de-vida-mapa,EGY,2013,69.6317
wpp2024-esperanza-de-vida-mapa,EGY,2014,69.9112
wpp2024-esperanza-de-vida-mapa,EGY,2015,70.1346
wpp2024-esperanza-de-vida-mapa,EGY,2016,70.4367
wpp2024-esperanza-de-vida-mapa,EGY,2017,70.7086
wpp2024-esperanza-de-vida-mapa,EGY,2018,70.9741
wpp2024-esperanza-de-vida-mapa,EGY,2019,71.2128
wpp2024-esperanza-de-vida-mapa,EGY,2020,69.7897
wpp2024-esperanza-de-vida-mapa,EGY,2021,68.9759
wpp2024-esperanza-de-vida-mapa,EGY,2022,71.0097
wpp2024-esperanza-de-vida-mapa,EGY,2023,71.6335
wpp2024-esperanza-de-vida-mapa,LBY,1950,33.1116
wpp2024-esperanza-de-vida-mapa,LBY,1951,33.4718
wpp2024-esperanza-de-vida-mapa,LBY,1952,33.8006
wpp2024-esperanza-de-vida-mapa,LBY,1953,34.1825
wpp2024-esperanza-de-vida-mapa,LBY,1954,34.6546
wpp2024-esperanza-de-vida-mapa,LBY,1955,35.249
wpp2024-esperanza-de-vida-mapa,LBY,1956,36.003
wpp2024-esperanza-de-vida-mapa,LBY,1957,36.8759
wpp2024-esperanza-de-vida-mapa,LBY,1958,37.9905
wpp2024-esperanza-de-vida-mapa,LBY,1959,39.2657
wpp2024-esperanza-de-vida-mapa,LBY,1960,40.7522
wpp2024-esperanza-de-vida-mapa,LBY,1961,42.3619
wpp2024-esperanza-de-vida-mapa,LBY,1962,44.0755
wpp2024-esperanza-de-vida-mapa,LBY,1963,45.5845
wpp2024-esperanza-de-vida-mapa,LBY,1964,47.6522
wpp2024-esperanza-de-vida-mapa,LBY,1965,49.2776
wpp2024-esperanza-de-vida-mapa,LBY,1966,50.9458
wpp2024-esperanza-de-vida-mapa,LBY,1967,52.4615
wpp2024-esperanza-de-vida-mapa,LBY,1968,53.849
wpp2024-esperanza-de-vida-mapa,LBY,1969,55.173
wpp2024-esperanza-de-vida-mapa,LBY,1970,56.3791
wpp2024-esperanza-de-vida-mapa,LBY,1971,57.5826
wpp2024-esperanza-de-vida-mapa,LBY,1972,58.6855
wpp2024-esperanza-de-vida-mapa,LBY,1973,59.7104
wpp2024-esperanza-de-vida-mapa,LBY,1974,60.7093
wpp2024-esperanza-de-vida-mapa,LBY,1975,61.6207
wpp2024-esperanza-de-vida-mapa,LBY,1976,62.4481
wpp2024-esperanza-de-vida-mapa,LBY,1977,63.1294
wpp2024-esperanza-de-vida-mapa,LBY,1978,63.796
wpp2024-esperanza-de-vida-mapa,LBY,1979,64.3275
wpp2024-esperanza-de-vida-mapa,LBY,1980,64.7975
wpp2024-esperanza-de-vida-mapa,LBY,1981,65.2549
wpp2024-esperanza-de-vida-mapa,LBY,1982,65.7679
wpp2024-esperanza-de-vida-mapa,LBY,1983,66.2605
wpp2024-esperanza-de-vida-mapa,LBY,1984,66.7477
wpp2024-esperanza-de-vida-mapa,LBY,1985,67.2854
wpp2024-esperanza-de-vida-mapa,LBY,1986,67.8057
wpp2024-esperanza-de-vida-mapa,LBY,1987,68.2579
wpp2024-esperanza-de-vida-mapa,LBY,1988,68.6083
wpp2024-esperanza-de-vida-mapa,LBY,1989,68.9786
wpp2024-esperanza-de-vida-mapa,LBY,1990,69.3118
wpp2024-esperanza-de-vida-mapa,LBY,1991,69.6353
wpp2024-esperanza-de-vida-mapa,LBY,1992,69.9735
wpp2024-esperanza-de-vida-mapa,LBY,1993,70.2474
wpp2024-esperanza-de-vida-mapa,LBY,1994,70.4725
wpp2024-esperanza-de-vida-mapa,LBY,1995,70.6415
wpp2024-esperanza-de-vida-mapa,LBY,1996,70.7358
wpp2024-esperanza-de-vida-mapa,LBY,1997,70.7197
wpp2024-esperanza-de-vida-mapa,LBY,1998,70.6567
wpp2024-esperanza-de-vida-mapa,LBY,1999,70.6007
wpp2024-esperanza-de-vida-mapa,LBY,2000,70.5421
wpp2024-esperanza-de-vida-mapa,LBY,2001,70.6533
wpp2024-esperanza-de-vida-mapa,LBY,2002,70.7883
wpp2024-esperanza-de-vida-mapa,LBY,2003,70.996
wpp2024-esperanza-de-vida-mapa,LBY,2004,71.2096
wpp2024-esperanza-de-vida-mapa,LBY,2005,71.4386
wpp2024-esperanza-de-vida-mapa,LBY,2006,71.6324
wpp2024-esperanza-de-vida-mapa,LBY,2007,71.7876
wpp2024-esperanza-de-vida-mapa,LBY,2008,71.9361
wpp2024-esperanza-de-vida-mapa,LBY,2009,72.0706
wpp2024-esperanza-de-vida-mapa,LBY,2010,72.1963
wpp2024-esperanza-de-vida-mapa,LBY,2011,69.9496
wpp2024-esperanza-de-vida-mapa,LBY,2012,72.1882
wpp2024-esperanza-de-vida-mapa,LBY,2013,72.3387
wpp2024-esperanza-de-vida-mapa,LBY,2014,71.2996
wpp2024-esperanza-de-vida-mapa,LBY,2015,71.644
wpp2024-esperanza-de-vida-mapa,LBY,2016,71.7987
wpp2024-esperanza-de-vida-mapa,LBY,2017,72.721
wpp2024-esperanza-de-vida-mapa,LBY,2018,73.1508
wpp2024-esperanza-de-vida-mapa,LBY,2019,72.9412
wpp2024-esperanza-de-vida-mapa,LBY,2020,72.3882
wpp2024-esperanza-de-vida-mapa,LBY,2021,72.0617
wpp2024-esperanza-de-vida-mapa,LBY,2022,74.4615
wpp2024-esperanza-de-vida-mapa,LBY,2023,69.3389
wpp2024-esperanza-de-vida-mapa,MAR,1950,38.7684
wpp2024-esperanza-de-vida-mapa,MAR,1951,39.1455
wpp2024-esperanza-de-vida-mapa,MAR,1952,39.5592
wpp2024-esperanza-de-vida-mapa,MAR,1953,39.9553
wpp2024-esperanza-de-vida-mapa,MAR,1954,40.359
wpp2024-esperanza-de-vida-mapa,MAR,1955,40.7795
wpp2024-esperanza-de-vida-mapa,MAR,1956,41.2163
wpp2024-esperanza-de-vida-mapa,MAR,1957,41.6867
wpp2024-esperanza-de-vida-mapa,MAR,1958,42.1801
wpp2024-esperanza-de-vida-mapa,MAR,1959,42.6783
wpp2024-esperanza-de-vida-mapa,MAR,1960,41.7302
wpp2024-esperanza-de-vida-mapa,MAR,1961,43.6945
wpp2024-esperanza-de-vida-mapa,MAR,1962,44.2263
wpp2024-esperanza-de-vida-mapa,MAR,1963,44.7682
wpp2024-esperanza-de-vida-mapa,MAR,1964,45.3459
wpp2024-esperanza-de-vida-mapa,MAR,1965,45.9223
wpp2024-esperanza-de-vida-mapa,MAR,1966,46.4953
wpp2024-esperanza-de-vida-mapa,MAR,1967,47.0993
wpp2024-esperanza-de-vida-mapa,MAR,1968,47.6593
wpp2024-esperanza-de-vida-mapa,MAR,1969,48.1867
wpp2024-esperanza-de-vida-mapa,MAR,1970,48.6908
wpp2024-esperanza-de-vida-mapa,MAR,1971,49.1688
wpp2024-esperanza-de-vida-mapa,MAR,1972,49.7059
wpp2024-esperanza-de-vida-mapa,MAR,1973,50.2196
wpp2024-esperanza-de-vida-mapa,MAR,1974,50.762
wpp2024-esperanza-de-vida-mapa,MAR,1975,51.3564
wpp2024-esperanza-de-vida-mapa,MAR,1976,52.0478
wpp2024-esperanza-de-vida-mapa,MAR,1977,52.7912
wpp2024-esperanza-de-vida-mapa,MAR,1978,53.5536
wpp2024-esperanza-de-vida-mapa,MAR,1979,54.3758
wpp2024-esperanza-de-vida-mapa,MAR,1980,55.2189
wpp2024-esperanza-de-vida-mapa,MAR,1981,56.0233
wpp2024-esperanza-de-vida-mapa,MAR,1982,56.8689
wpp2024-esperanza-de-vida-mapa,MAR,1983,57.6854
wpp2024-esperanza-de-vida-mapa,MAR,1984,58.4378
wpp2024-esperanza-de-vida-mapa,MAR,1985,59.208
wpp2024-esperanza-de-vida-mapa,MAR,1986,59.9514
wpp2024-esperanza-de-vida-mapa,MAR,1987,60.6199
wpp2024-esperanza-de-vida-mapa,MAR,1988,61.2312
wpp2024-esperanza-de-vida-mapa,MAR,1989,61.8236
wpp2024-esperanza-de-vida-mapa,MAR,1990,62.3958
wpp2024-esperanza-de-vida-mapa,MAR,1991,62.9186
wpp2024-esperanza-de-vida-mapa,MAR,1992,63.3883
wpp2024-esperanza-de-vida-mapa,MAR,1993,63.8679
wpp2024-esperanza-de-vida-mapa,MAR,1994,64.3459
wpp2024-esperanza-de-vida-mapa,MAR,1995,64.7246
wpp2024-esperanza-de-vida-mapa,MAR,1996,65.2257
wpp2024-esperanza-de-vida-mapa,MAR,1997,65.6159
wpp2024-esperanza-de-vida-mapa,MAR,1998,66.0078
wpp2024-esperanza-de-vida-mapa,MAR,1999,66.4037
wpp2024-esperanza-de-vida-mapa,MAR,2000,66.7937
wpp2024-esperanza-de-vida-mapa,MAR,2001,67.1996
wpp2024-esperanza-de-vida-mapa,MAR,2002,67.5817
wpp2024-esperanza-de-vida-mapa,MAR,2003,67.9577
wpp2024-esperanza-de-vida-mapa,MAR,2004,68.2721
wpp2024-esperanza-de-vida-mapa,MAR,2005,68.7475
wpp2024-esperanza-de-vida-mapa,MAR,2006,69.1574
wpp2024-esperanza-de-vida-mapa,MAR,2007,69.6197
wpp2024-esperanza-de-vida-mapa,MAR,2008,70.0509
wpp2024-esperanza-de-vida-mapa,MAR,2009,70.4543
wpp2024-esperanza-de-vida-mapa,MAR,2010,70.8211
wpp2024-esperanza-de-vida-mapa,MAR,2011,71.2634
wpp2024-esperanza-de-vida-mapa,MAR,2012,71.674
wpp2024-esperanza-de-vida-mapa,MAR,2013,72.1174
wpp2024-esperanza-de-vida-mapa,MAR,2014,72.5225
wpp2024-esperanza-de-vida-mapa,MAR,2015,72.8938
wpp2024-esperanza-de-vida-mapa,MAR,2016,73.2279
wpp2024-esperanza-de-vida-mapa,MAR,2017,73.6079
wpp2024-esperanza-de-vida-mapa,MAR,2018,73.9456
wpp2024-esperanza-de-vida-mapa,MAR,2019,74.2446
wpp2024-esperanza-de-vida-mapa,MAR,2020,73.1327
wpp2024-esperanza-de-vida-mapa,MAR,2021,73.3848
wpp2024-esperanza-de-vida-mapa,MAR,2022,75.1614
wpp2024-esperanza-de-vida-mapa,MAR,2023,75.3128
wpp2024-esperanza-de-vida-mapa,SDN,1950,45.8061
wpp2024-esperanza-de-vida-mapa,SDN,1951,46.2321
wpp2024-esperanza-de-vida-mapa,SDN,1952,46.4848
wpp2024-esperanza-de-vida-mapa,SDN,1953,46.9109
wpp2024-esperanza-de-vida-mapa,SDN,1954,47.3154
wpp2024-esperanza-de-vida-mapa,SDN,1955,47.7203
wpp2024-esperanza-de-vida-mapa,SDN,1956,48.0868
wpp2024-esperanza-de-vida-mapa,SDN,1957,48.4825
wpp2024-esperanza-de-vida-mapa,SDN,1958,48.8633
wpp2024-esperanza-de-vida-mapa,SDN,1959,49.1928
wpp2024-esperanza-de-vida-mapa,SDN,1960,49.566
wpp2024-esperanza-de-vida-mapa,SDN,1961,49.9636
wpp2024-esperanza-de-vida-mapa,SDN,1962,50.4192
wpp2024-esperanza-de-vida-mapa,SDN,1963,50.8164
wpp2024-esperanza-de-vida-mapa,SDN,1964,50.8792
wpp2024-esperanza-de-vida-mapa,SDN,1965,51.0311
wpp2024-esperanza-de-vida-mapa,SDN,1966,51.2529
wpp2024-esperanza-de-vida-mapa,SDN,1967,51.4948
wpp2024-esperanza-de-vida-mapa,SDN,1968,51.7623
wpp2024-esperanza-de-vida-mapa,SDN,1969,52.0403
wpp2024-esperanza-de-vida-mapa,SDN,1970,52.2939
wpp2024-esperanza-de-vida-mapa,SDN,1971,52.5405
wpp2024-esperanza-de-vida-mapa,SDN,1972,52.8032
wpp2024-esperanza-de-vida-mapa,SDN,1973,52.9884
wpp2024-esperanza-de-vida-mapa,SDN,1974,53.1564
wpp2024-esperanza-de-vida-mapa,SDN,1975,53.31
wpp2024-esperanza-de-vida-mapa,SDN,1976,53.3417
wpp2024-esperanza-de-vida-mapa,SDN,1977,53.522
wpp2024-esperanza-de-vida-mapa,SDN,1978,53.2901
wpp2024-esperanza-de-vida-mapa,SDN,1979,53.3738
wpp2024-esperanza-de-vida-mapa,SDN,1980,54.072
wpp2024-esperanza-de-vida-mapa,SDN,1981,54.3693
wpp2024-esperanza-de-vida-mapa,SDN,1982,54.3753
wpp2024-esperanza-de-vida-mapa,SDN,1983,49.5618
wpp2024-esperanza-de-vida-mapa,SDN,1984,49.8073
wpp2024-esperanza-de-vida-mapa,SDN,1985,50.0141
wpp2024-esperanza-de-vida-mapa,SDN,1986,54.5578
wpp2024-esperanza-de-vida-mapa,SDN,1987,54.747
wpp2024-esperanza-de-vida-mapa,SDN,1988,54.9845
wpp2024-esperanza-de-vida-mapa,SDN,1989,54.8826
wpp2024-esperanza-de-vida-mapa,SDN,1990,55.4969
wpp2024-esperanza-de-vida-mapa,SDN,1991,55.553
wpp2024-esperanza-de-vida-mapa,SDN,1992,55.952
wpp2024-esperanza-de-vida-mapa,SDN,1993,56.102
wpp2024-esperanza-de-vida-mapa,SDN,1994,57.0223
wpp2024-esperanza-de-vida-mapa,SDN,1995,57.4465
wpp2024-esperanza-de-vida-mapa,SDN,1996,57.6379
wpp2024-esperanza-de-vida-mapa,SDN,1997,58.0579
wpp2024-esperanza-de-vida-mapa,SDN,1998,58.3082
wpp2024-esperanza-de-vida-mapa,SDN,1999,58.6073
wpp2024-esperanza-de-vida-mapa,SDN,2000,58.9456
wpp2024-esperanza-de-vida-mapa,SDN,2001,59.2641
wpp2024-esperanza-de-vida-mapa,SDN,2002,59.3078
wpp2024-esperanza-de-vida-mapa,SDN,2003,58.3193
wpp2024-esperanza-de-vida-mapa,SDN,2004,56.7731
wpp2024-esperanza-de-vida-mapa,SDN,2005,57.2263
wpp2024-esperanza-de-vida-mapa,SDN,2006,60.3996
wpp2024-esperanza-de-vida-mapa,SDN,2007,61.4419
wpp2024-esperanza-de-vida-mapa,SDN,2008,61.2609
wpp2024-esperanza-de-vida-mapa,SDN,2009,62.6765
wpp2024-esperanza-de-vida-mapa,SDN,2010,62.9792
wpp2024-esperanza-de-vida-mapa,SDN,2011,63.1809
wpp2024-esperanza-de-vida-mapa,SDN,2012,63.4273
wpp2024-esperanza-de-vida-mapa,SDN,2013,63.4433
wpp2024-esperanza-de-vida-mapa,SDN,2014,63.9905
wpp2024-esperanza-de-vida-mapa,SDN,2015,64.3746
wpp2024-esperanza-de-vida-mapa,SDN,2016,64.6773
wpp2024-esperanza-de-vida-mapa,SDN,2017,65.1464
wpp2024-esperanza-de-vida-mapa,SDN,2018,65.5005
wpp2024-esperanza-de-vida-mapa,SDN,2019,65.8032
wpp2024-esperanza-de-vida-mapa,SDN,2020,65.1237
wpp2024-esperanza-de-vida-mapa,SDN,2021,64.4604
wpp2024-esperanza-de-vida-mapa,SDN,2022,65.695
wpp2024-esperanza-de-vida-mapa,SDN,2023,66.331
wpp2024-esperanza-de-vida-mapa,TUN,1950,38.2195
wpp2024-esperanza-de-vida-mapa,TUN,1951,38.7171
wpp2024-esperanza-de-vida-mapa,TUN,1952,39.3069
wpp2024-esperanza-de-vida-mapa,TUN,1953,39.7466
wpp2024-esperanza-de-vida-mapa,TUN,1954,40.0017
wpp2024-esperanza-de-vida-mapa,TUN,1955,40.7623
wpp2024-esperanza-de-vida-mapa,TUN,1956,41.3454
wpp2024-esperanza-de-vida-mapa,TUN,1957,42.0766
wpp2024-esperanza-de-vida-mapa,TUN,1958,42.7026
wpp2024-esperanza-de-vida-mapa,TUN,1959,43.3563
wpp2024-esperanza-de-vida-mapa,TUN,1960,44.0491
wpp2024-esperanza-de-vida-mapa,TUN,1961,44.2568
wpp2024-esperanza-de-vida-mapa,TUN,1962,45.5617
wpp2024-esperanza-de-vida-mapa,TUN,1963,46.412
wpp2024-esperanza-de-vida-mapa,TUN,1964,47.2716
wpp2024-esperanza-de-vida-mapa,TUN,1965,48.2041
wpp2024-esperanza-de-vida-mapa,TUN,1966,49.158
wpp2024-esperanza-de-vida-mapa,TUN,1967,50.1573
wpp2024-esperanza-de-vida-mapa,TUN,1968,51.3416
wpp2024-esperanza-de-vida-mapa,TUN,1969,52.2968
wpp2024-esperanza-de-vida-mapa,TUN,1970,53.7917
wpp2024-esperanza-de-vida-mapa,TUN,1971,54.9055
wpp2024-esperanza-de-vida-mapa,TUN,1972,56.0947
wpp2024-esperanza-de-vida-mapa,TUN,1973,57.1153
wpp2024-esperanza-de-vida-mapa,TUN,1974,58.2509
wpp2024-esperanza-de-vida-mapa,TUN,1975,59.3055
wpp2024-esperanza-de-vida-mapa,TUN,1976,60.3134
wpp2024-esperanza-de-vida-mapa,TUN,1977,61.2556
wpp2024-esperanza-de-vida-mapa,TUN,1978,62.1472
wpp2024-esperanza-de-vida-mapa,TUN,1979,62.9291
wpp2024-esperanza-de-vida-mapa,TUN,1980,63.6688
wpp2024-esperanza-de-vida-mapa,TUN,1981,64.3742
wpp2024-esperanza-de-vida-mapa,TUN,1982,65.0102
wpp2024-esperanza-de-vida-mapa,TUN,1983,65.696
wpp2024-esperanza-de-vida-mapa,TUN,1984,66.2936
wpp2024-esperanza-de-vida-mapa,TUN,1985,66.8771
wpp2024-esperanza-de-vida-mapa,TUN,1986,67.4289
wpp2024-esperanza-de-vida-mapa,TUN,1987,68.0106
wpp2024-esperanza-de-vida-mapa,TUN,1988,68.4559
wpp2024-esperanza-de-vida-mapa,TUN,1989,68.8253
wpp2024-esperanza-de-vida-mapa,TUN,1990,69.0919
wpp2024-esperanza-de-vida-mapa,TUN,1991,69.3985
wpp2024-esperanza-de-vida-mapa,TUN,1992,69.6836
wpp2024-esperanza-de-vida-mapa,TUN,1993,69.9921
wpp2024-esperanza-de-vida-mapa,TUN,1994,70.3628
wpp2024-esperanza-de-vida-mapa,TUN,1995,70.7855
wpp2024-esperanza-de-vida-mapa,TUN,1996,71.2472
wpp2024-esperanza-de-vida-mapa,TUN,1997,71.6696
wpp2024-esperanza-de-vida-mapa,TUN,1998,72.0672
wpp2024-esperanza-de-vida-mapa,TUN,1999,72.3435
wpp2024-esperanza-de-vida-mapa,TUN,2000,72.6043
wpp2024-esperanza-de-vida-mapa,TUN,2001,72.8219
wpp2024-esperanza-de-vida-mapa,TUN,2002,73.0695
wpp2024-esperanza-de-vida-mapa,TUN,2003,73.3036
wpp2024-esperanza-de-vida-mapa,TUN,2004,73.5195
wpp2024-esperanza-de-vida-mapa,TUN,2005,73.7117
wpp2024-esperanza-de-vida-mapa,TUN,2006,73.8884
wpp2024-esperanza-de-vida-mapa,TUN,2007,74.0391
wpp2024-esperanza-de-vida-mapa,TUN,2008,74.1923
wpp2024-esperanza-de-vida-mapa,TUN,2009,74.3199
wpp2024-esperanza-de-vida-mapa,TUN,2010,74.4376
wpp2024-esperanza-de-vida-mapa,TUN,2011,74.4714
wpp2024-esperanza-de-vida-mapa,TUN,2012,74.5985
wpp2024-esperanza-de-vida-mapa,TUN,2013,74.6736
wpp2024-esperanza-de-vida-mapa,TUN,2014,74.7838
wpp2024-esperanza-de-vida-mapa,TUN,2015,74.8748
wpp2024-esperanza-de-vida-mapa,TUN,2016,75.0074
wpp2024-esperanza-de-vida-mapa,TUN,2017,75.1768
wpp2024-esperanza-de-vida-mapa,TUN,2018,75.37
wpp2024-esperanza-de-vida-mapa,TUN,2019,75.5992
wpp2024-esperanza-de-vida-mapa,TUN,2020,75.0035
wpp2024-esperanza-de-vida-mapa,TUN,2021,72.8928
wpp2024-esperanza-de-vida-mapa,TUN,2022,76.0505
wpp2024-esperanza-de-vida-mapa,TUN,2023,76.5077
wpp2024-esperanza-de-vida-mapa,ESH,1950,34.9266
wpp2024-esperanza-de-vida-mapa,ESH,1951,35.2914
wpp2024-esperanza-de-vida-mapa,ESH,1952,35.6545
wpp2024-esperanza-de-vida-mapa,ESH,1953,36.0184
wpp2024-esperanza-de-vida-mapa,ESH,1954,36.396
wpp2024-esperanza-de-vida-mapa,ESH,1955,36.7798
wpp2024-esperanza-de-vida-mapa,ESH,1956,37.1686
wpp2024-esperanza-de-vida-mapa,ESH,1957,37.5558
wpp2024-esperanza-de-vida-mapa,ESH,1958,37.9403
wpp2024-esperanza-de-vida-mapa,ESH,1959,38.3213
wpp2024-esperanza-de-vida-mapa,ESH,1960,38.6983
wpp2024-esperanza-de-vida-mapa,ESH,1961,39.0745
wpp2024-esperanza-de-vida-mapa,ESH,1962,39.4603
wpp2024-esperanza-de-vida-mapa,ESH,1963,39.8399
wpp2024-esperanza-de-vida-mapa,ESH,1964,40.2135
wpp2024-esperanza-de-vida-mapa,ESH,1965,40.5828
wpp2024-esperanza-de-vida-mapa,ESH,1966,40.9526
wpp2024-esperanza-de-vida-mapa,ESH,1967,41.3468
wpp2024-esperanza-de-vida-mapa,ESH,1968,41.7574
wpp2024-esperanza-de-vida-mapa,ESH,1969,42.1944
wpp2024-esperanza-de-vida-mapa,ESH,1970,42.6617
wpp2024-esperanza-de-vida-mapa,ESH,1971,42.9249
wpp2024-esperanza-de-vida-mapa,ESH,1972,43.5407
wpp2024-esperanza-de-vida-mapa,ESH,1973,44.2084
wpp2024-esperanza-de-vida-mapa,ESH,1974,44.9509
wpp2024-esperanza-de-vida-mapa,ESH,1975,35.9568
wpp2024-esperanza-de-vida-mapa,ESH,1976,36.2644
wpp2024-esperanza-de-vida-mapa,ESH,1977,38.2649
wpp2024-esperanza-de-vida-mapa,ESH,1978,40.3983
wpp2024-esperanza-de-vida-mapa,ESH,1979,37.5455
wpp2024-esperanza-de-vida-mapa,ESH,1980,39.3989
wpp2024-esperanza-de-vida-mapa,ESH,1981,44.1805
wpp2024-esperanza-de-vida-mapa,ESH,1982,45.2175
wpp2024-esperanza-de-vida-mapa,ESH,1983,46.1192
wpp2024-esperanza-de-vida-mapa,ESH,1984,46.9435
wpp2024-esperanza-de-vida-mapa,ESH,1985,47.7584
wpp2024-esperanza-de-vida-mapa,ESH,1986,48.5378
wpp2024-esperanza-de-vida-mapa,ESH,1987,48.8471
wpp2024-esperanza-de-vida-mapa,ESH,1988,52.0909
wpp2024-esperanza-de-vida-mapa,ESH,1989,51.4454
wpp2024-esperanza-de-vida-mapa,ESH,1990,57.661
wpp2024-esperanza-de-vida-mapa,ESH,1991,58.1912
wpp2024-esperanza-de-vida-mapa,ESH,1992,58.7132
wpp2024-esperanza-de-vida-mapa,ESH,1993,59.2241
wpp2024-esperanza-de-vida-mapa,ESH,1994,59.7437
wpp2024-esperanza-de-vida-mapa,ESH,1995,60.244
wpp2024-esperanza-de-vida-mapa,ESH,1996,60.72
wpp2024-esperanza-de-vida-mapa,ESH,1997,61.2122
wpp2024-esperanza-de-vida-mapa,ESH,1998,61.7098
wpp2024-esperanza-de-vida-mapa,ESH,1999,62.2309
wpp2024-esperanza-de-vida-mapa,ESH,2000,62.7345
wpp2024-esperanza-de-vida-mapa,ESH,2001,63.2225
wpp2024-esperanza-de-vida-mapa,ESH,2002,63.7369
wpp2024-esperanza-de-vida-mapa,ESH,2003,64.2329
wpp2024-esperanza-de-vida-mapa,ESH,2004,64.7439
wpp2024-esperanza-de-vida-mapa,ESH,2005,65.2223
wpp2024-esperanza-de-vida-mapa,ESH,2006,65.6697
wpp2024-esperanza-de-vida-mapa,ESH,2007,66.1443
wpp2024-esperanza-de-vida-mapa,ESH,2008,66.5816
wpp2024-esperanza-de-vida-mapa,ESH,2009,67.0572
wpp2024-esperanza-de-vida-mapa,ESH,2010,67.492
wpp2024-esperanza-de-vida-mapa,ESH,2011,67.8831
wpp2024-esperanza-de-vida-mapa,ESH,2012,68.2373
wpp2024-esperanza-de-vida-mapa,ESH,2013,68.6173
wpp2024-esperanza-de-vida-mapa,ESH,2014,68.9533
wpp2024-esperanza-de-vida-mapa,ESH,2015,69.2753
wpp2024-esperanza-de-vida-mapa,ESH,2016,69.5959
wpp2024-esperanza-de-vida-mapa,ESH,2017,69.8831
wpp2024-esperanza-de-vida-mapa,ESH,2018,70.1433
wpp2024-esperanza-de-vida-mapa,ESH,2019,70.3822
wpp2024-esperanza-de-vida-mapa,ESH,2020,70.6126
wpp2024-esperanza-de-vida-mapa,ESH,2021,70.8869
wpp2024-esperanza-de-vida-mapa,ESH,2022,71.1432
wpp2024-esperanza-de-vida-mapa,ESH,2023,71.385
wpp2024-esperanza-de-vida-mapa,BWA,1950,46.1706
wpp2024-esperanza-de-vida-mapa,BWA,1951,46.5906
wpp2024-esperanza-de-vida-mapa,BWA,1952,47.0391
wpp2024-esperanza-de-vida-mapa,BWA,1953,47.5007
wpp2024-esperanza-de-vida-mapa,BWA,1954,47.9732
wpp2024-esperanza-de-vida-mapa,BWA,1955,48.4653
wpp2024-esperanza-de-vida-mapa,BWA,1956,48.9907
wpp2024-esperanza-de-vida-mapa,BWA,1957,49.5298
wpp2024-esperanza-de-vida-mapa,BWA,1958,50.0894
wpp2024-esperanza-de-vida-mapa,BWA,1959,50.6686
wpp2024-esperanza-de-vida-mapa,BWA,1960,51.2198
wpp2024-esperanza-de-vida-mapa,BWA,1961,51.7811
wpp2024-esperanza-de-vida-mapa,BWA,1962,52.3127
wpp2024-esperanza-de-vida-mapa,BWA,1963,52.8482
wpp2024-esperanza-de-vida-mapa,BWA,1964,53.3582
wpp2024-esperanza-de-vida-mapa,BWA,1965,53.8534
wpp2024-esperanza-de-vida-mapa,BWA,1966,54.3599
wpp2024-esperanza-de-vida-mapa,BWA,1967,54.8589
wpp2024-esperanza-de-vida-mapa,BWA,1968,55.3718
wpp2024-esperanza-de-vida-mapa,BWA,1969,55.9032
wpp2024-esperanza-de-vida-mapa,BWA,1970,56.4464
wpp2024-esperanza-de-vida-mapa,BWA,1971,57.0617
wpp2024-esperanza-de-vida-mapa,BWA,1972,57.6691
wpp2024-esperanza-de-vida-mapa,BWA,1973,58.286
wpp2024-esperanza-de-vida-mapa,BWA,1974,58.9137
wpp2024-esperanza-de-vida-mapa,BWA,1975,59.5303
wpp2024-esperanza-de-vida-mapa,BWA,1976,60.2089
wpp2024-esperanza-de-vida-mapa,BWA,1977,60.8665
wpp2024-esperanza-de-vida-mapa,BWA,1978,61.4854
wpp2024-esperanza-de-vida-mapa,BWA,1979,62.0346
wpp2024-esperanza-de-vida-mapa,BWA,1980,62.5267
wpp2024-esperanza-de-vida-mapa,BWA,1981,63.0272
wpp2024-esperanza-de-vida-mapa,BWA,1982,63.3821
wpp2024-esperanza-de-vida-mapa,BWA,1983,63.6054
wpp2024-esperanza-de-vida-mapa,BWA,1984,63.7059
wpp2024-esperanza-de-vida-mapa,BWA,1985,63.6466
wpp2024-esperanza-de-vida-mapa,BWA,1986,63.3627
wpp2024-esperanza-de-vida-mapa,BWA,1987,62.837
wpp2024-esperanza-de-vida-mapa,BWA,1988,61.6957
wpp2024-esperanza-de-vida-mapa,BWA,1989,61.1887
wpp2024-esperanza-de-vida-mapa,BWA,1990,60.104
wpp2024-esperanza-de-vida-mapa,BWA,1991,58.9109
wpp2024-esperanza-de-vida-mapa,BWA,1992,58.1903
wpp2024-esperanza-de-vida-mapa,BWA,1993,57.3159
wpp2024-esperanza-de-vida-mapa,BWA,1994,55.9696
wpp2024-esperanza-de-vida-mapa,BWA,1995,54.7127
wpp2024-esperanza-de-vida-mapa,BWA,1996,54.2842
wpp2024-esperanza-de-vida-mapa,BWA,1997,53.594
wpp2024-esperanza-de-vida-mapa,BWA,1998,52.9685
wpp2024-esperanza-de-vida-mapa,BWA,1999,52.4993
wpp2024-esperanza-de-vida-mapa,BWA,2000,52.2631
wpp2024-esperanza-de-vida-mapa,BWA,2001,52.2104
wpp2024-esperanza-de-vida-mapa,BWA,2002,52.3733
wpp2024-esperanza-de-vida-mapa,BWA,2003,52.8508
wpp2024-esperanza-de-vida-mapa,BWA,2004,53.5729
wpp2024-esperanza-de-vida-mapa,BWA,2005,54.3862
wpp2024-esperanza-de-vida-mapa,BWA,2006,55.1119
wpp2024-esperanza-de-vida-mapa,BWA,2007,56.7351
wpp2024-esperanza-de-vida-mapa,BWA,2008,57.6607
wpp2024-esperanza-de-vida-mapa,BWA,2009,58.2975
wpp2024-esperanza-de-vida-mapa,BWA,2010,59.1373
wpp2024-esperanza-de-vida-mapa,BWA,2011,59.7149
wpp2024-esperanza-de-vida-mapa,BWA,2012,60.3844
wpp2024-esperanza-de-vida-mapa,BWA,2013,61.2167
wpp2024-esperanza-de-vida-mapa,BWA,2014,62.1675
wpp2024-esperanza-de-vida-mapa,BWA,2015,63.215
wpp2024-esperanza-de-vida-mapa,BWA,2016,64.3199
wpp2024-esperanza-de-vida-mapa,BWA,2017,65.4203
wpp2024-esperanza-de-vida-mapa,BWA,2018,66.3709
wpp2024-esperanza-de-vida-mapa,BWA,2019,67.1668
wpp2024-esperanza-de-vida-mapa,BWA,2020,67.6426
wpp2024-esperanza-de-vida-mapa,BWA,2021,63.3025
wpp2024-esperanza-de-vida-mapa,BWA,2022,68.7487
wpp2024-esperanza-de-vida-mapa,BWA,2023,69.1631
wpp2024-esperanza-de-vida-mapa,SWZ,1950,43.4381
wpp2024-esperanza-de-vida-mapa,SWZ,1951,43.7396
wpp2024-esperanza-de-vida-mapa,SWZ,1952,44.0092
wpp2024-esperanza-de-vida-mapa,SWZ,1953,44.2839
wpp2024-esperanza-de-vida-mapa,SWZ,1954,44.5868
wpp2024-esperanza-de-vida-mapa,SWZ,1955,44.848
wpp2024-esperanza-de-vida-mapa,SWZ,1956,45.1102
wpp2024-esperanza-de-vida-mapa,SWZ,1957,45.4321
wpp2024-esperanza-de-vida-mapa,SWZ,1958,45.7524
wpp2024-esperanza-de-vida-mapa,SWZ,1959,46.0904
wpp2024-esperanza-de-vida-mapa,SWZ,1960,46.3885
wpp2024-esperanza-de-vida-mapa,SWZ,1961,46.7499
wpp2024-esperanza-de-vida-mapa,SWZ,1962,47.1453
wpp2024-esperanza-de-vida-mapa,SWZ,1963,47.4715
wpp2024-esperanza-de-vida-mapa,SWZ,1964,47.922
wpp2024-esperanza-de-vida-mapa,SWZ,1965,48.4314
wpp2024-esperanza-de-vida-mapa,SWZ,1966,48.9905
wpp2024-esperanza-de-vida-mapa,SWZ,1967,49.5262
wpp2024-esperanza-de-vida-mapa,SWZ,1968,50.0842
wpp2024-esperanza-de-vida-mapa,SWZ,1969,50.6405
wpp2024-esperanza-de-vida-mapa,SWZ,1970,51.2079
wpp2024-esperanza-de-vida-mapa,SWZ,1971,51.7794
wpp2024-esperanza-de-vida-mapa,SWZ,1972,52.3518
wpp2024-esperanza-de-vida-mapa,SWZ,1973,52.9905
wpp2024-esperanza-de-vida-mapa,SWZ,1974,53.6556
wpp2024-esperanza-de-vida-mapa,SWZ,1975,54.3987
wpp2024-esperanza-de-vida-mapa,SWZ,1976,55.1718
wpp2024-esperanza-de-vida-mapa,SWZ,1977,55.9733
wpp2024-esperanza-de-vida-mapa,SWZ,1978,56.785
wpp2024-esperanza-de-vida-mapa,SWZ,1979,57.536
wpp2024-esperanza-de-vida-mapa,SWZ,1980,58.2275
wpp2024-esperanza-de-vida-mapa,SWZ,1981,58.7882
wpp2024-esperanza-de-vida-mapa,SWZ,1982,59.4672
wpp2024-esperanza-de-vida-mapa,SWZ,1983,58.4181
wpp2024-esperanza-de-vida-mapa,SWZ,1984,60.4387
wpp2024-esperanza-de-vida-mapa,SWZ,1985,61.1649
wpp2024-esperanza-de-vida-mapa,SWZ,1986,61.5978
wpp2024-esperanza-de-vida-mapa,SWZ,1987,61.8987
wpp2024-esperanza-de-vida-mapa,SWZ,1988,61.9342
wpp2024-esperanza-de-vida-mapa,SWZ,1989,61.6692
wpp2024-esperanza-de-vida-mapa,SWZ,1990,61.1675
wpp2024-esperanza-de-vida-mapa,SWZ,1991,60.3924
wpp2024-esperanza-de-vida-mapa,SWZ,1992,59.2838
wpp2024-esperanza-de-vida-mapa,SWZ,1993,58.0917
wpp2024-esperanza-de-vida-mapa,SWZ,1994,56.6433
wpp2024-esperanza-de-vida-mapa,SWZ,1995,55.0795
wpp2024-esperanza-de-vida-mapa,SWZ,1996,53.2956
wpp2024-esperanza-de-vida-mapa,SWZ,1997,51.6985
wpp2024-esperanza-de-vida-mapa,SWZ,1998,50.0657
wpp2024-esperanza-de-vida-mapa,SWZ,1999,48.8076
wpp2024-esperanza-de-vida-mapa,SWZ,2000,47.6273
wpp2024-esperanza-de-vida-mapa,SWZ,2001,46.3442
wpp2024-esperanza-de-vida-mapa,SWZ,2002,45.3799
wpp2024-esperanza-de-vida-mapa,SWZ,2003,44.6321
wpp2024-esperanza-de-vida-mapa,SWZ,2004,43.9064
wpp2024-esperanza-de-vida-mapa,SWZ,2005,43.9581
wpp2024-esperanza-de-vida-mapa,SWZ,2006,44.5628
wpp2024-esperanza-de-vida-mapa,SWZ,2007,45.1604
wpp2024-esperanza-de-vida-mapa,SWZ,2008,45.8527
wpp2024-esperanza-de-vida-mapa,SWZ,2009,46.9126
wpp2024-esperanza-de-vida-mapa,SWZ,2010,48.331
wpp2024-esperanza-de-vida-mapa,SWZ,2011,49.0568
wpp2024-esperanza-de-vida-mapa,SWZ,2012,50.7143
wpp2024-esperanza-de-vida-mapa,SWZ,2013,52.1102
wpp2024-esperanza-de-vida-mapa,SWZ,2014,53.4913
wpp2024-esperanza-de-vida-mapa,SWZ,2015,54.9407
wpp2024-esperanza-de-vida-mapa,SWZ,2016,56.2284
wpp2024-esperanza-de-vida-mapa,SWZ,2017,57.5742
wpp2024-esperanza-de-vida-mapa,SWZ,2018,58.7072
wpp2024-esperanza-de-vida-mapa,SWZ,2019,59.8496
wpp2024-esperanza-de-vida-mapa,SWZ,2020,59.8618
wpp2024-esperanza-de-vida-mapa,SWZ,2021,58.2284
wpp2024-esperanza-de-vida-mapa,SWZ,2022,63.0283
wpp2024-esperanza-de-vida-mapa,SWZ,2023,64.1227
wpp2024-esperanza-de-vida-mapa,LSO,1950,44.6294
wpp2024-esperanza-de-vida-mapa,LSO,1951,45.2165
wpp2024-esperanza-de-vida-mapa,LSO,1952,45.9041
wpp2024-esperanza-de-vida-mapa,LSO,1953,46.5797
wpp2024-esperanza-de-vida-mapa,LSO,1954,47.3036
wpp2024-esperanza-de-vida-mapa,LSO,1955,47.959
wpp2024-esperanza-de-vida-mapa,LSO,1956,48.613
wpp2024-esperanza-de-vida-mapa,LSO,1957,49.1622
wpp2024-esperanza-de-vida-mapa,LSO,1958,49.6045
wpp2024-esperanza-de-vida-mapa,LSO,1959,49.9217
wpp2024-esperanza-de-vida-mapa,LSO,1960,50.171
wpp2024-esperanza-de-vida-mapa,LSO,1961,50.2745
wpp2024-esperanza-de-vida-mapa,LSO,1962,50.3072
wpp2024-esperanza-de-vida-mapa,LSO,1963,50.2597
wpp2024-esperanza-de-vida-mapa,LSO,1964,50.3068
wpp2024-esperanza-de-vida-mapa,LSO,1965,50.3259
wpp2024-esperanza-de-vida-mapa,LSO,1966,50.3769
wpp2024-esperanza-de-vida-mapa,LSO,1967,50.5129
wpp2024-esperanza-de-vida-mapa,LSO,1968,50.7907
wpp2024-esperanza-de-vida-mapa,LSO,1969,51.1171
wpp2024-esperanza-de-vida-mapa,LSO,1970,51.5005
wpp2024-esperanza-de-vida-mapa,LSO,1971,51.845
wpp2024-esperanza-de-vida-mapa,LSO,1972,52.2561
wpp2024-esperanza-de-vida-mapa,LSO,1973,52.6196
wpp2024-esperanza-de-vida-mapa,LSO,1974,52.9412
wpp2024-esperanza-de-vida-mapa,LSO,1975,53.4544
wpp2024-esperanza-de-vida-mapa,LSO,1976,53.931
wpp2024-esperanza-de-vida-mapa,LSO,1977,54.5258
wpp2024-esperanza-de-vida-mapa,LSO,1978,55.1663
wpp2024-esperanza-de-vida-mapa,LSO,1979,55.8426
wpp2024-esperanza-de-vida-mapa,LSO,1980,56.5342
wpp2024-esperanza-de-vida-mapa,LSO,1981,57.3075
wpp2024-esperanza-de-vida-mapa,LSO,1982,57.9759
wpp2024-esperanza-de-vida-mapa,LSO,1983,58.4952
wpp2024-esperanza-de-vida-mapa,LSO,1984,58.9548
wpp2024-esperanza-de-vida-mapa,LSO,1985,59.2105
wpp2024-esperanza-de-vida-mapa,LSO,1986,59.3459
wpp2024-esperanza-de-vida-mapa,LSO,1987,59.5574
wpp2024-esperanza-de-vida-mapa,LSO,1988,59.5723
wpp2024-esperanza-de-vida-mapa,LSO,1989,59.5045
wpp2024-esperanza-de-vida-mapa,LSO,1990,59.3171
wpp2024-esperanza-de-vida-mapa,LSO,1991,59.0607
wpp2024-esperanza-de-vida-mapa,LSO,1992,58.6382
wpp2024-esperanza-de-vida-mapa,LSO,1993,58.0604
wpp2024-esperanza-de-vida-mapa,LSO,1994,57.2879
wpp2024-esperanza-de-vida-mapa,LSO,1995,56.3684
wpp2024-esperanza-de-vida-mapa,LSO,1996,55.1362
wpp2024-esperanza-de-vida-mapa,LSO,1997,53.7334
wpp2024-esperanza-de-vida-mapa,LSO,1998,52.0287
wpp2024-esperanza-de-vida-mapa,LSO,1999,50.3848
wpp2024-esperanza-de-vida-mapa,LSO,2000,48.7828
wpp2024-esperanza-de-vida-mapa,LSO,2001,47.1525
wpp2024-esperanza-de-vida-mapa,LSO,2002,45.9501
wpp2024-esperanza-de-vida-mapa,LSO,2003,44.9214
wpp2024-esperanza-de-vida-mapa,LSO,2004,44.0388
wpp2024-esperanza-de-vida-mapa,LSO,2005,43.6115
wpp2024-esperanza-de-vida-mapa,LSO,2006,43.182
wpp2024-esperanza-de-vida-mapa,LSO,2007,43.6601
wpp2024-esperanza-de-vida-mapa,LSO,2008,44.304
wpp2024-esperanza-de-vida-mapa,LSO,2009,45.0552
wpp2024-esperanza-de-vida-mapa,LSO,2010,46.0447
wpp2024-esperanza-de-vida-mapa,LSO,2011,46.9302
wpp2024-esperanza-de-vida-mapa,LSO,2012,48.2353
wpp2024-esperanza-de-vida-mapa,LSO,2013,49.5475
wpp2024-esperanza-de-vida-mapa,LSO,2014,50.7865
wpp2024-esperanza-de-vida-mapa,LSO,2015,51.8298
wpp2024-esperanza-de-vida-mapa,LSO,2016,52.9078
wpp2024-esperanza-de-vida-mapa,LSO,2017,53.8737
wpp2024-esperanza-de-vida-mapa,LSO,2018,54.6377
wpp2024-esperanza-de-vida-mapa,LSO,2019,55.2493
wpp2024-esperanza-de-vida-mapa,LSO,2020,55.1325
wpp2024-esperanza-de-vida-mapa,LSO,2021,54.2091
wpp2024-esperanza-de-vida-mapa,LSO,2022,56.8119
wpp2024-esperanza-de-vida-mapa,LSO,2023,57.3749
wpp2024-esperanza-de-vida-mapa,NAM,1950,41.9493
wpp2024-esperanza-de-vida-mapa,NAM,1951,42.4977
wpp2024-esperanza-de-vida-mapa,NAM,1952,43.1469
wpp2024-esperanza-de-vida-mapa,NAM,1953,43.7514
wpp2024-esperanza-de-vida-mapa,NAM,1954,44.4304
wpp2024-esperanza-de-vida-mapa,NAM,1955,45.0467
wpp2024-esperanza-de-vida-mapa,NAM,1956,45.7033
wpp2024-esperanza-de-vida-mapa,NAM,1957,46.3756
wpp2024-esperanza-de-vida-mapa,NAM,1958,47.1119
wpp2024-esperanza-de-vida-mapa,NAM,1959,47.7912
wpp2024-esperanza-de-vida-mapa,NAM,1960,48.5295
wpp2024-esperanza-de-vida-mapa,NAM,1961,49.242
wpp2024-esperanza-de-vida-mapa,NAM,1962,49.9724
wpp2024-esperanza-de-vida-mapa,NAM,1963,50.641
wpp2024-esperanza-de-vida-mapa,NAM,1964,51.3487
wpp2024-esperanza-de-vida-mapa,NAM,1965,51.9973
wpp2024-esperanza-de-vida-mapa,NAM,1966,52.3012
wpp2024-esperanza-de-vida-mapa,NAM,1967,52.9329
wpp2024-esperanza-de-vida-mapa,NAM,1968,53.5531
wpp2024-esperanza-de-vida-mapa,NAM,1969,54.1257
wpp2024-esperanza-de-vida-mapa,NAM,1970,54.686
wpp2024-esperanza-de-vida-mapa,NAM,1971,55.2892
wpp2024-esperanza-de-vida-mapa,NAM,1972,55.8454
wpp2024-esperanza-de-vida-mapa,NAM,1973,56.4218
wpp2024-esperanza-de-vida-mapa,NAM,1974,56.943
wpp2024-esperanza-de-vida-mapa,NAM,1975,57.5505
wpp2024-esperanza-de-vida-mapa,NAM,1976,58.0415
wpp2024-esperanza-de-vida-mapa,NAM,1977,58.586
wpp2024-esperanza-de-vida-mapa,NAM,1978,59.1107
wpp2024-esperanza-de-vida-mapa,NAM,1979,59.5191
wpp2024-esperanza-de-vida-mapa,NAM,1980,56.5725
wpp2024-esperanza-de-vida-mapa,NAM,1981,56.9118
wpp2024-esperanza-de-vida-mapa,NAM,1982,57.3347
wpp2024-esperanza-de-vida-mapa,NAM,1983,57.6369
wpp2024-esperanza-de-vida-mapa,NAM,1984,58.0967
wpp2024-esperanza-de-vida-mapa,NAM,1985,58.4721
wpp2024-esperanza-de-vida-mapa,NAM,1986,58.7248
wpp2024-esperanza-de-vida-mapa,NAM,1987,59.1229
wpp2024-esperanza-de-vida-mapa,NAM,1988,59.033
wpp2024-esperanza-de-vida-mapa,NAM,1989,60.773
wpp2024-esperanza-de-vida-mapa,NAM,1990,61.3586
wpp2024-esperanza-de-vida-mapa,NAM,1991,60.8326
wpp2024-esperanza-de-vida-mapa,NAM,1992,60.1601
wpp2024-esperanza-de-vida-mapa,NAM,1993,59.2604
wpp2024-esperanza-de-vida-mapa,NAM,1994,58.4407
wpp2024-esperanza-de-vida-mapa,NAM,1995,57.5178
wpp2024-esperanza-de-vida-mapa,NAM,1996,56.6387
wpp2024-esperanza-de-vida-mapa,NAM,1997,55.8444
wpp2024-esperanza-de-vida-mapa,NAM,1998,54.7672
wpp2024-esperanza-de-vida-mapa,NAM,1999,53.9825
wpp2024-esperanza-de-vida-mapa,NAM,2000,52.9462
wpp2024-esperanza-de-vida-mapa,NAM,2001,51.9803
wpp2024-esperanza-de-vida-mapa,NAM,2002,51.9882
wpp2024-esperanza-de-vida-mapa,NAM,2003,51.9178
wpp2024-esperanza-de-vida-mapa,NAM,2004,52.1755
wpp2024-esperanza-de-vida-mapa,NAM,2005,52.557
wpp2024-esperanza-de-vida-mapa,NAM,2006,53.1826
wpp2024-esperanza-de-vida-mapa,NAM,2007,54.026
wpp2024-esperanza-de-vida-mapa,NAM,2008,54.7401
wpp2024-esperanza-de-vida-mapa,NAM,2009,55.3474
wpp2024-esperanza-de-vida-mapa,NAM,2010,56.0935
wpp2024-esperanza-de-vida-mapa,NAM,2011,56.6467
wpp2024-esperanza-de-vida-mapa,NAM,2012,57.7335
wpp2024-esperanza-de-vida-mapa,NAM,2013,58.4675
wpp2024-esperanza-de-vida-mapa,NAM,2014,59.3113
wpp2024-esperanza-de-vida-mapa,NAM,2015,60.0083
wpp2024-esperanza-de-vida-mapa,NAM,2016,60.8098
wpp2024-esperanza-de-vida-mapa,NAM,2017,61.661
wpp2024-esperanza-de-vida-mapa,NAM,2018,62.5787
wpp2024-esperanza-de-vida-mapa,NAM,2019,63.5463
wpp2024-esperanza-de-vida-mapa,NAM,2020,64.0712
wpp2024-esperanza-de-vida-mapa,NAM,2021,60.8499
wpp2024-esperanza-de-vida-mapa,NAM,2022,64.1903
wpp2024-esperanza-de-vida-mapa,NAM,2023,67.3848
wpp2024-esperanza-de-vida-mapa,ZAF,1950,43.1094
wpp2024-esperanza-de-vida-mapa,ZAF,1951,44.0558
wpp2024-esperanza-de-vida-mapa,ZAF,1952,45.0469
wpp2024-esperanza-de-vida-mapa,ZAF,1953,46.0535
wpp2024-esperanza-de-vida-mapa,ZAF,1954,47.1192
wpp2024-esperanza-de-vida-mapa,ZAF,1955,48.1727
wpp2024-esperanza-de-vida-mapa,ZAF,1956,49.2144
wpp2024-esperanza-de-vida-mapa,ZAF,1957,50.1955
wpp2024-esperanza-de-vida-mapa,ZAF,1958,51.1486
wpp2024-esperanza-de-vida-mapa,ZAF,1959,51.8817
wpp2024-esperanza-de-vida-mapa,ZAF,1960,52.5751
wpp2024-esperanza-de-vida-mapa,ZAF,1961,53.0669
wpp2024-esperanza-de-vida-mapa,ZAF,1962,53.5657
wpp2024-esperanza-de-vida-mapa,ZAF,1963,53.8947
wpp2024-esperanza-de-vida-mapa,ZAF,1964,54.2147
wpp2024-esperanza-de-vida-mapa,ZAF,1965,54.4272
wpp2024-esperanza-de-vida-mapa,ZAF,1966,54.7315
wpp2024-esperanza-de-vida-mapa,ZAF,1967,54.9553
wpp2024-esperanza-de-vida-mapa,ZAF,1968,55.1915
wpp2024-esperanza-de-vida-mapa,ZAF,1969,55.4399
wpp2024-esperanza-de-vida-mapa,ZAF,1970,55.6808
wpp2024-esperanza-de-vida-mapa,ZAF,1971,56.0196
wpp2024-esperanza-de-vida-mapa,ZAF,1972,56.3767
wpp2024-esperanza-de-vida-mapa,ZAF,1973,56.7198
wpp2024-esperanza-de-vida-mapa,ZAF,1974,57.1097
wpp2024-esperanza-de-vida-mapa,ZAF,1975,57.5906
wpp2024-esperanza-de-vida-mapa,ZAF,1976,58.0003
wpp2024-esperanza-de-vida-mapa,ZAF,1977,58.48
wpp2024-esperanza-de-vida-mapa,ZAF,1978,58.9911
wpp2024-esperanza-de-vida-mapa,ZAF,1979,59.4725
wpp2024-esperanza-de-vida-mapa,ZAF,1980,59.9605
wpp2024-esperanza-de-vida-mapa,ZAF,1981,60.4453
wpp2024-esperanza-de-vida-mapa,ZAF,1982,60.9364
wpp2024-esperanza-de-vida-mapa,ZAF,1983,61.3926
wpp2024-esperanza-de-vida-mapa,ZAF,1984,61.8372
wpp2024-esperanza-de-vida-mapa,ZAF,1985,62.1954
wpp2024-esperanza-de-vida-mapa,ZAF,1986,62.4212
wpp2024-esperanza-de-vida-mapa,ZAF,1987,62.6941
wpp2024-esperanza-de-vida-mapa,ZAF,1988,62.9022
wpp2024-esperanza-de-vida-mapa,ZAF,1989,63.0168
wpp2024-esperanza-de-vida-mapa,ZAF,1990,62.9422
wpp2024-esperanza-de-vida-mapa,ZAF,1991,62.9827
wpp2024-esperanza-de-vida-mapa,ZAF,1992,62.839
wpp2024-esperanza-de-vida-mapa,ZAF,1993,62.6183
wpp2024-esperanza-de-vida-mapa,ZAF,1994,62.0693
wpp2024-esperanza-de-vida-mapa,ZAF,1995,61.6033
wpp2024-esperanza-de-vida-mapa,ZAF,1996,61.0786
wpp2024-esperanza-de-vida-mapa,ZAF,1997,60.538
wpp2024-esperanza-de-vida-mapa,ZAF,1998,59.9124
wpp2024-esperanza-de-vida-mapa,ZAF,1999,59.1895
wpp2024-esperanza-de-vida-mapa,ZAF,2000,58.3678
wpp2024-esperanza-de-vida-mapa,ZAF,2001,57.1607
wpp2024-esperanza-de-vida-mapa,ZAF,2002,55.5795
wpp2024-esperanza-de-vida-mapa,ZAF,2003,54.2451
wpp2024-esperanza-de-vida-mapa,ZAF,2004,53.963
wpp2024-esperanza-de-vida-mapa,ZAF,2005,53.9142
wpp2024-esperanza-de-vida-mapa,ZAF,2006,54.2204
wpp2024-esperanza-de-vida-mapa,ZAF,2007,54.9477
wpp2024-esperanza-de-vida-mapa,ZAF,2008,55.9817
wpp2024-esperanza-de-vida-mapa,ZAF,2009,57.413
wpp2024-esperanza-de-vida-mapa,ZAF,2010,58.8863
wpp2024-esperanza-de-vida-mapa,ZAF,2011,60.6024
wpp2024-esperanza-de-vida-mapa,ZAF,2012,61.7366
wpp2024-esperanza-de-vida-mapa,ZAF,2013,62.3883
wpp2024-esperanza-de-vida-mapa,ZAF,2014,63.1845
wpp2024-esperanza-de-vida-mapa,ZAF,2015,64.0532
wpp2024-esperanza-de-vida-mapa,ZAF,2016,64.7495
wpp2024-esperanza-de-vida-mapa,ZAF,2017,65.4222
wpp2024-esperanza-de-vida-mapa,ZAF,2018,65.726
wpp2024-esperanza-de-vida-mapa,ZAF,2019,66.0711
wpp2024-esperanza-de-vida-mapa,ZAF,2020,65.1502
wpp2024-esperanza-de-vida-mapa,ZAF,2021,62.0099
wpp2024-esperanza-de-vida-mapa,ZAF,2022,65.4536
wpp2024-esperanza-de-vida-mapa,ZAF,2023,66.1387
wpp2024-esperanza-de-vida-mapa,BEN,1950,35.3964
wpp2024-esperanza-de-vida-mapa,BEN,1951,35.6951
wpp2024-esperanza-de-vida-mapa,BEN,1952,35.9878
wpp2024-esperanza-de-vida-mapa,BEN,1953,36.315
wpp2024-esperanza-de-vida-mapa,BEN,1954,36.6662
wpp2024-esperanza-de-vida-mapa,BEN,1955,36.9609
wpp2024-esperanza-de-vida-mapa,BEN,1956,37.2808
wpp2024-esperanza-de-vida-mapa,BEN,1957,37.6403
wpp2024-esperanza-de-vida-mapa,BEN,1958,38.0126
wpp2024-esperanza-de-vida-mapa,BEN,1959,38.3887
wpp2024-esperanza-de-vida-mapa,BEN,1960,38.7746
wpp2024-esperanza-de-vida-mapa,BEN,1961,39.2326
wpp2024-esperanza-de-vida-mapa,BEN,1962,39.6428
wpp2024-esperanza-de-vida-mapa,BEN,1963,40.0813
wpp2024-esperanza-de-vida-mapa,BEN,1964,40.5025
wpp2024-esperanza-de-vida-mapa,BEN,1965,40.971
wpp2024-esperanza-de-vida-mapa,BEN,1966,41.2742
wpp2024-esperanza-de-vida-mapa,BEN,1967,41.7587
wpp2024-esperanza-de-vida-mapa,BEN,1968,42.1823
wpp2024-esperanza-de-vida-mapa,BEN,1969,42.5912
wpp2024-esperanza-de-vida-mapa,BEN,1970,43.0293
wpp2024-esperanza-de-vida-mapa,BEN,1971,43.3908
wpp2024-esperanza-de-vida-mapa,BEN,1972,43.9282
wpp2024-esperanza-de-vida-mapa,BEN,1973,44.4352
wpp2024-esperanza-de-vida-mapa,BEN,1974,44.8758
wpp2024-esperanza-de-vida-mapa,BEN,1975,45.4053
wpp2024-esperanza-de-vida-mapa,BEN,1976,45.9515
wpp2024-esperanza-de-vida-mapa,BEN,1977,46.504
wpp2024-esperanza-de-vida-mapa,BEN,1978,46.941
wpp2024-esperanza-de-vida-mapa,BEN,1979,47.3624
wpp2024-esperanza-de-vida-mapa,BEN,1980,47.7469
wpp2024-esperanza-de-vida-mapa,BEN,1981,48.1223
wpp2024-esperanza-de-vida-mapa,BEN,1982,48.4934
wpp2024-esperanza-de-vida-mapa,BEN,1983,48.8449
wpp2024-esperanza-de-vida-mapa,BEN,1984,49.3992
wpp2024-esperanza-de-vida-mapa,BEN,1985,49.9591
wpp2024-esperanza-de-vida-mapa,BEN,1986,50.6318
wpp2024-esperanza-de-vida-mapa,BEN,1987,51.2576
wpp2024-esperanza-de-vida-mapa,BEN,1988,52.0188
wpp2024-esperanza-de-vida-mapa,BEN,1989,52.4504
wpp2024-esperanza-de-vida-mapa,BEN,1990,53.0205
wpp2024-esperanza-de-vida-mapa,BEN,1991,53.441
wpp2024-esperanza-de-vida-mapa,BEN,1992,54.1366
wpp2024-esperanza-de-vida-mapa,BEN,1993,54.6123
wpp2024-esperanza-de-vida-mapa,BEN,1994,54.9884
wpp2024-esperanza-de-vida-mapa,BEN,1995,55.3657
wpp2024-esperanza-de-vida-mapa,BEN,1996,55.648
wpp2024-esperanza-de-vida-mapa,BEN,1997,55.9859
wpp2024-esperanza-de-vida-mapa,BEN,1998,56.1545
wpp2024-esperanza-de-vida-mapa,BEN,1999,56.3363
wpp2024-esperanza-de-vida-mapa,BEN,2000,56.5945
wpp2024-esperanza-de-vida-mapa,BEN,2001,56.6542
wpp2024-esperanza-de-vida-mapa,BEN,2002,56.851
wpp2024-esperanza-de-vida-mapa,BEN,2003,57.0924
wpp2024-esperanza-de-vida-mapa,BEN,2004,57.3465
wpp2024-esperanza-de-vida-mapa,BEN,2005,57.7384
wpp2024-esperanza-de-vida-mapa,BEN,2006,57.9659
wpp2024-esperanza-de-vida-mapa,BEN,2007,58.2488
wpp2024-esperanza-de-vida-mapa,BEN,2008,58.099
wpp2024-esperanza-de-vida-mapa,BEN,2009,58.258
wpp2024-esperanza-de-vida-mapa,BEN,2010,58.3873
wpp2024-esperanza-de-vida-mapa,BEN,2011,58.4618
wpp2024-esperanza-de-vida-mapa,BEN,2012,58.5585
wpp2024-esperanza-de-vida-mapa,BEN,2013,58.8634
wpp2024-esperanza-de-vida-mapa,BEN,2014,59.0082
wpp2024-esperanza-de-vida-mapa,BEN,2015,59.1233
wpp2024-esperanza-de-vida-mapa,BEN,2016,59.2826
wpp2024-esperanza-de-vida-mapa,BEN,2017,59.5278
wpp2024-esperanza-de-vida-mapa,BEN,2018,59.7097
wpp2024-esperanza-de-vida-mapa,BEN,2019,59.8875
wpp2024-esperanza-de-vida-mapa,BEN,2020,60.154
wpp2024-esperanza-de-vida-mapa,BEN,2021,59.6103
wpp2024-esperanza-de-vida-mapa,BEN,2022,60.4751
wpp2024-esperanza-de-vida-mapa,BEN,2023,60.7738
wpp2024-esperanza-de-vida-mapa,BFA,1950,33.0262
wpp2024-esperanza-de-vida-mapa,BFA,1951,33.3732
wpp2024-esperanza-de-vida-mapa,BFA,1952,33.6027
wpp2024-esperanza-de-vida-mapa,BFA,1953,33.8987
wpp2024-esperanza-de-vida-mapa,BFA,1954,34.1847
wpp2024-esperanza-de-vida-mapa,BFA,1955,34.4693
wpp2024-esperanza-de-vida-mapa,BFA,1956,34.7622
wpp2024-esperanza-de-vida-mapa,BFA,1957,35.101
wpp2024-esperanza-de-vida-mapa,BFA,1958,35.4012
wpp2024-esperanza-de-vida-mapa,BFA,1959,35.7159
wpp2024-esperanza-de-vida-mapa,BFA,1960,36.0736
wpp2024-esperanza-de-vida-mapa,BFA,1961,36.3612
wpp2024-esperanza-de-vida-mapa,BFA,1962,36.7531
wpp2024-esperanza-de-vida-mapa,BFA,1963,37.0928
wpp2024-esperanza-de-vida-mapa,BFA,1964,37.3986
wpp2024-esperanza-de-vida-mapa,BFA,1965,37.758
wpp2024-esperanza-de-vida-mapa,BFA,1966,38.0912
wpp2024-esperanza-de-vida-mapa,BFA,1967,38.432
wpp2024-esperanza-de-vida-mapa,BFA,1968,38.7602
wpp2024-esperanza-de-vida-mapa,BFA,1969,39.0231
wpp2024-esperanza-de-vida-mapa,BFA,1970,39.5404
wpp2024-esperanza-de-vida-mapa,BFA,1971,39.8529
wpp2024-esperanza-de-vida-mapa,BFA,1972,40.3986
wpp2024-esperanza-de-vida-mapa,BFA,1973,40.9475
wpp2024-esperanza-de-vida-mapa,BFA,1974,41.7112
wpp2024-esperanza-de-vida-mapa,BFA,1975,42.4857
wpp2024-esperanza-de-vida-mapa,BFA,1976,43.3266
wpp2024-esperanza-de-vida-mapa,BFA,1977,44.1672
wpp2024-esperanza-de-vida-mapa,BFA,1978,44.9947
wpp2024-esperanza-de-vida-mapa,BFA,1979,45.7017
wpp2024-esperanza-de-vida-mapa,BFA,1980,46.4653
wpp2024-esperanza-de-vida-mapa,BFA,1981,46.8656
wpp2024-esperanza-de-vida-mapa,BFA,1982,47.6334
wpp2024-esperanza-de-vida-mapa,BFA,1983,48.0612
wpp2024-esperanza-de-vida-mapa,BFA,1984,48.4637
wpp2024-esperanza-de-vida-mapa,BFA,1985,48.7475
wpp2024-esperanza-de-vida-mapa,BFA,1986,48.987
wpp2024-esperanza-de-vida-mapa,BFA,1987,49.0968
wpp2024-esperanza-de-vida-mapa,BFA,1988,49.2152
wpp2024-esperanza-de-vida-mapa,BFA,1989,49.2704
wpp2024-esperanza-de-vida-mapa,BFA,1990,49.3145
wpp2024-esperanza-de-vida-mapa,BFA,1991,49.3296
wpp2024-esperanza-de-vida-mapa,BFA,1992,49.378
wpp2024-esperanza-de-vida-mapa,BFA,1993,49.4119
wpp2024-esperanza-de-vida-mapa,BFA,1994,49.4695
wpp2024-esperanza-de-vida-mapa,BFA,1995,49.5545
wpp2024-esperanza-de-vida-mapa,BFA,1996,49.6934
wpp2024-esperanza-de-vida-mapa,BFA,1997,49.5597
wpp2024-esperanza-de-vida-mapa,BFA,1998,50.1629
wpp2024-esperanza-de-vida-mapa,BFA,1999,50.4632
wpp2024-esperanza-de-vida-mapa,BFA,2000,50.8081
wpp2024-esperanza-de-vida-mapa,BFA,2001,51.1884
wpp2024-esperanza-de-vida-mapa,BFA,2002,51.4475
wpp2024-esperanza-de-vida-mapa,BFA,2003,51.9586
wpp2024-esperanza-de-vida-mapa,BFA,2004,52.5999
wpp2024-esperanza-de-vida-mapa,BFA,2005,53.271
wpp2024-esperanza-de-vida-mapa,BFA,2006,53.7837
wpp2024-esperanza-de-vida-mapa,BFA,2007,54.3768
wpp2024-esperanza-de-vida-mapa,BFA,2008,55.1985
wpp2024-esperanza-de-vida-mapa,BFA,2009,55.7909
wpp2024-esperanza-de-vida-mapa,BFA,2010,56.343
wpp2024-esperanza-de-vida-mapa,BFA,2011,57.0011
wpp2024-esperanza-de-vida-mapa,BFA,2012,57.4574
wpp2024-esperanza-de-vida-mapa,BFA,2013,57.9033
wpp2024-esperanza-de-vida-mapa,BFA,2014,58.3315
wpp2024-esperanza-de-vida-mapa,BFA,2015,58.7777
wpp2024-esperanza-de-vida-mapa,BFA,2016,59.1732
wpp2024-esperanza-de-vida-mapa,BFA,2017,59.5775
wpp2024-esperanza-de-vida-mapa,BFA,2018,59.9719
wpp2024-esperanza-de-vida-mapa,BFA,2019,60.1842
wpp2024-esperanza-de-vida-mapa,BFA,2020,60.4536
wpp2024-esperanza-de-vida-mapa,BFA,2021,60.0463
wpp2024-esperanza-de-vida-mapa,BFA,2022,60.7
wpp2024-esperanza-de-vida-mapa,BFA,2023,61.092
wpp2024-esperanza-de-vida-mapa,CPV,1950,44.9445
wpp2024-esperanza-de-vida-mapa,CPV,1951,45.5518
wpp2024-esperanza-de-vida-mapa,CPV,1952,46.1506
wpp2024-esperanza-de-vida-mapa,CPV,1953,46.3954
wpp2024-esperanza-de-vida-mapa,CPV,1954,46.6262
wpp2024-esperanza-de-vida-mapa,CPV,1955,46.8517
wpp2024-esperanza-de-vida-mapa,CPV,1956,47.0919
wpp2024-esperanza-de-vida-mapa,CPV,1957,47.3756
wpp2024-esperanza-de-vida-mapa,CPV,1958,47.7117
wpp2024-esperanza-de-vida-mapa,CPV,1959,48.1539
wpp2024-esperanza-de-vida-mapa,CPV,1960,48.7127
wpp2024-esperanza-de-vida-mapa,CPV,1961,49.4185
wpp2024-esperanza-de-vida-mapa,CPV,1962,50.2386
wpp2024-esperanza-de-vida-mapa,CPV,1963,51.1447
wpp2024-esperanza-de-vida-mapa,CPV,1964,52.0888
wpp2024-esperanza-de-vida-mapa,CPV,1965,53.0404
wpp2024-esperanza-de-vida-mapa,CPV,1966,53.9218
wpp2024-esperanza-de-vida-mapa,CPV,1967,54.7159
wpp2024-esperanza-de-vida-mapa,CPV,1968,55.4261
wpp2024-esperanza-de-vida-mapa,CPV,1969,56.0376
wpp2024-esperanza-de-vida-mapa,CPV,1970,56.5591
wpp2024-esperanza-de-vida-mapa,CPV,1971,57.0274
wpp2024-esperanza-de-vida-mapa,CPV,1972,57.4856
wpp2024-esperanza-de-vida-mapa,CPV,1973,57.9792
wpp2024-esperanza-de-vida-mapa,CPV,1974,58.4324
wpp2024-esperanza-de-vida-mapa,CPV,1975,58.9759
wpp2024-esperanza-de-vida-mapa,CPV,1976,59.3962
wpp2024-esperanza-de-vida-mapa,CPV,1977,59.9856
wpp2024-esperanza-de-vida-mapa,CPV,1978,60.3813
wpp2024-esperanza-de-vida-mapa,CPV,1979,60.7259
wpp2024-esperanza-de-vida-mapa,CPV,1980,61.0307
wpp2024-esperanza-de-vida-mapa,CPV,1981,61.2988
wpp2024-esperanza-de-vida-mapa,CPV,1982,61.5185
wpp2024-esperanza-de-vida-mapa,CPV,1983,61.7668
wpp2024-esperanza-de-vida-mapa,CPV,1984,61.8293
wpp2024-esperanza-de-vida-mapa,CPV,1985,62.2808
wpp2024-esperanza-de-vida-mapa,CPV,1986,62.5839
wpp2024-esperanza-de-vida-mapa,CPV,1987,62.9099
wpp2024-esperanza-de-vida-mapa,CPV,1988,63.2419
wpp2024-esperanza-de-vida-mapa,CPV,1989,63.5656
wpp2024-esperanza-de-vida-mapa,CPV,1990,63.8691
wpp2024-esperanza-de-vida-mapa,CPV,1991,64.066
wpp2024-esperanza-de-vida-mapa,CPV,1992,64.2529
wpp2024-esperanza-de-vida-mapa,CPV,1993,64.4581
wpp2024-esperanza-de-vida-mapa,CPV,1994,64.6485
wpp2024-esperanza-de-vida-mapa,CPV,1995,63.6911
wpp2024-esperanza-de-vida-mapa,CPV,1996,65.5207
wpp2024-esperanza-de-vida-mapa,CPV,1997,66.0824
wpp2024-esperanza-de-vida-mapa,CPV,1998,66.7144
wpp2024-esperanza-de-vida-mapa,CPV,1999,67.4087
wpp2024-esperanza-de-vida-mapa,CPV,2000,68.1167
wpp2024-esperanza-de-vida-mapa,CPV,2001,68.7073
wpp2024-esperanza-de-vida-mapa,CPV,2002,69.4471
wpp2024-esperanza-de-vida-mapa,CPV,2003,70.0058
wpp2024-esperanza-de-vida-mapa,CPV,2004,70.4988
wpp2024-esperanza-de-vida-mapa,CPV,2005,70.9365
wpp2024-esperanza-de-vida-mapa,CPV,2006,71.341
wpp2024-esperanza-de-vida-mapa,CPV,2007,71.487
wpp2024-esperanza-de-vida-mapa,CPV,2008,71.8877
wpp2024-esperanza-de-vida-mapa,CPV,2009,72.1424
wpp2024-esperanza-de-vida-mapa,CPV,2010,72.5066
wpp2024-esperanza-de-vida-mapa,CPV,2011,72.9131
wpp2024-esperanza-de-vida-mapa,CPV,2012,73.3148
wpp2024-esperanza-de-vida-mapa,CPV,2013,73.4812
wpp2024-esperanza-de-vida-mapa,CPV,2014,73.7885
wpp2024-esperanza-de-vida-mapa,CPV,2015,74.0963
wpp2024-esperanza-de-vida-mapa,CPV,2016,74.3504
wpp2024-esperanza-de-vida-mapa,CPV,2017,74.7103
wpp2024-esperanza-de-vida-mapa,CPV,2018,74.8397
wpp2024-esperanza-de-vida-mapa,CPV,2019,75.4486
wpp2024-esperanza-de-vida-mapa,CPV,2020,73.8177
wpp2024-esperanza-de-vida-mapa,CPV,2021,74.4235
wpp2024-esperanza-de-vida-mapa,CPV,2022,75.9068
wpp2024-esperanza-de-vida-mapa,CPV,2023,76.0587
wpp2024-esperanza-de-vida-mapa,CIV,1950,30.8325
wpp2024-esperanza-de-vida-mapa,CIV,1951,31.3838
wpp2024-esperanza-de-vida-mapa,CIV,1952,31.9591
wpp2024-esperanza-de-vida-mapa,CIV,1953,32.5476
wpp2024-esperanza-de-vida-mapa,CIV,1954,33.1909
wpp2024-esperanza-de-vida-mapa,CIV,1955,33.8113
wpp2024-esperanza-de-vida-mapa,CIV,1956,34.4642
wpp2024-esperanza-de-vida-mapa,CIV,1957,35.156
wpp2024-esperanza-de-vida-mapa,CIV,1958,35.8264
wpp2024-esperanza-de-vida-mapa,CIV,1959,36.5469
wpp2024-esperanza-de-vida-mapa,CIV,1960,37.2441
wpp2024-esperanza-de-vida-mapa,CIV,1961,37.9232
wpp2024-esperanza-de-vida-mapa,CIV,1962,38.6204
wpp2024-esperanza-de-vida-mapa,CIV,1963,39.3153
wpp2024-esperanza-de-vida-mapa,CIV,1964,39.9656
wpp2024-esperanza-de-vida-mapa,CIV,1965,40.6428
wpp2024-esperanza-de-vida-mapa,CIV,1966,41.2971
wpp2024-esperanza-de-vida-mapa,CIV,1967,41.9592
wpp2024-esperanza-de-vida-mapa,CIV,1968,42.6485
wpp2024-esperanza-de-vida-mapa,CIV,1969,43.3446
wpp2024-esperanza-de-vida-mapa,CIV,1970,44.0446
wpp2024-esperanza-de-vida-mapa,CIV,1971,44.7834
wpp2024-esperanza-de-vida-mapa,CIV,1972,45.5745
wpp2024-esperanza-de-vida-mapa,CIV,1973,46.3723
wpp2024-esperanza-de-vida-mapa,CIV,1974,47.2068
wpp2024-esperanza-de-vida-mapa,CIV,1975,48.0298
wpp2024-esperanza-de-vida-mapa,CIV,1976,48.8626
wpp2024-esperanza-de-vida-mapa,CIV,1977,49.6241
wpp2024-esperanza-de-vida-mapa,CIV,1978,50.3607
wpp2024-esperanza-de-vida-mapa,CIV,1979,50.9835
wpp2024-esperanza-de-vida-mapa,CIV,1980,51.4373
wpp2024-esperanza-de-vida-mapa,CIV,1981,51.7906
wpp2024-esperanza-de-vida-mapa,CIV,1982,52.0903
wpp2024-esperanza-de-vida-mapa,CIV,1983,52.3516
wpp2024-esperanza-de-vida-mapa,CIV,1984,52.6478
wpp2024-esperanza-de-vida-mapa,CIV,1985,52.8613
wpp2024-esperanza-de-vida-mapa,CIV,1986,53.0093
wpp2024-esperanza-de-vida-mapa,CIV,1987,53.1184
wpp2024-esperanza-de-vida-mapa,CIV,1988,53.0616
wpp2024-esperanza-de-vida-mapa,CIV,1989,52.9552
wpp2024-esperanza-de-vida-mapa,CIV,1990,52.7959
wpp2024-esperanza-de-vida-mapa,CIV,1991,52.6211
wpp2024-esperanza-de-vida-mapa,CIV,1992,52.4291
wpp2024-esperanza-de-vida-mapa,CIV,1993,52.2468
wpp2024-esperanza-de-vida-mapa,CIV,1994,52.0052
wpp2024-esperanza-de-vida-mapa,CIV,1995,51.7133
wpp2024-esperanza-de-vida-mapa,CIV,1996,51.5961
wpp2024-esperanza-de-vida-mapa,CIV,1997,51.4983
wpp2024-esperanza-de-vida-mapa,CIV,1998,51.22
wpp2024-esperanza-de-vida-mapa,CIV,1999,51.2728
wpp2024-esperanza-de-vida-mapa,CIV,2000,51.3927
wpp2024-esperanza-de-vida-mapa,CIV,2001,51.4284
wpp2024-esperanza-de-vida-mapa,CIV,2002,51.5441
wpp2024-esperanza-de-vida-mapa,CIV,2003,51.4432
wpp2024-esperanza-de-vida-mapa,CIV,2004,51.9392
wpp2024-esperanza-de-vida-mapa,CIV,2005,52.4324
wpp2024-esperanza-de-vida-mapa,CIV,2006,52.8853
wpp2024-esperanza-de-vida-mapa,CIV,2007,53.4517
wpp2024-esperanza-de-vida-mapa,CIV,2008,54.1794
wpp2024-esperanza-de-vida-mapa,CIV,2009,54.7441
wpp2024-esperanza-de-vida-mapa,CIV,2010,55.282
wpp2024-esperanza-de-vida-mapa,CIV,2011,55.9724
wpp2024-esperanza-de-vida-mapa,CIV,2012,56.5698
wpp2024-esperanza-de-vida-mapa,CIV,2013,57.0571
wpp2024-esperanza-de-vida-mapa,CIV,2014,57.7719
wpp2024-esperanza-de-vida-mapa,CIV,2015,58.2807
wpp2024-esperanza-de-vida-mapa,CIV,2016,58.8136
wpp2024-esperanza-de-vida-mapa,CIV,2017,59.3151
wpp2024-esperanza-de-vida-mapa,CIV,2018,59.7946
wpp2024-esperanza-de-vida-mapa,CIV,2019,60.2741
wpp2024-esperanza-de-vida-mapa,CIV,2020,60.1397
wpp2024-esperanza-de-vida-mapa,CIV,2021,60.2897
wpp2024-esperanza-de-vida-mapa,CIV,2022,61.5622
wpp2024-esperanza-de-vida-mapa,CIV,2023,61.9438
wpp2024-esperanza-de-vida-mapa,GMB,1950,31.1556
wpp2024-esperanza-de-vida-mapa,GMB,1951,31.4513
wpp2024-esperanza-de-vida-mapa,GMB,1952,31.7093
wpp2024-esperanza-de-vida-mapa,GMB,1953,31.9172
wpp2024-esperanza-de-vida-mapa,GMB,1954,32.1781
wpp2024-esperanza-de-vida-mapa,GMB,1955,32.4107
wpp2024-esperanza-de-vida-mapa,GMB,1956,32.7556
wpp2024-esperanza-de-vida-mapa,GMB,1957,33.1152
wpp2024-esperanza-de-vida-mapa,GMB,1958,33.6099
wpp2024-esperanza-de-vida-mapa,GMB,1959,34.0854
wpp2024-esperanza-de-vida-mapa,GMB,1960,34.5741
wpp2024-esperanza-de-vida-mapa,GMB,1961,35.0632
wpp2024-esperanza-de-vida-mapa,GMB,1962,35.5986
wpp2024-esperanza-de-vida-mapa,GMB,1963,36.0864
wpp2024-esperanza-de-vida-mapa,GMB,1964,36.579
wpp2024-esperanza-de-vida-mapa,GMB,1965,37.1196
wpp2024-esperanza-de-vida-mapa,GMB,1966,37.5585
wpp2024-esperanza-de-vida-mapa,GMB,1967,38.0633
wpp2024-esperanza-de-vida-mapa,GMB,1968,38.5333
wpp2024-esperanza-de-vida-mapa,GMB,1969,39.0043
wpp2024-esperanza-de-vida-mapa,GMB,1970,39.5325
wpp2024-esperanza-de-vida-mapa,GMB,1971,40.0479
wpp2024-esperanza-de-vida-mapa,GMB,1972,40.5487
wpp2024-esperanza-de-vida-mapa,GMB,1973,41.0881
wpp2024-esperanza-de-vida-mapa,GMB,1974,41.6759
wpp2024-esperanza-de-vida-mapa,GMB,1975,42.192
wpp2024-esperanza-de-vida-mapa,GMB,1976,42.8764
wpp2024-esperanza-de-vida-mapa,GMB,1977,43.3658
wpp2024-esperanza-de-vida-mapa,GMB,1978,43.5733
wpp2024-esperanza-de-vida-mapa,GMB,1979,44.5174
wpp2024-esperanza-de-vida-mapa,GMB,1980,44.9773
wpp2024-esperanza-de-vida-mapa,GMB,1981,44.4894
wpp2024-esperanza-de-vida-mapa,GMB,1982,46.2501
wpp2024-esperanza-de-vida-mapa,GMB,1983,46.892
wpp2024-esperanza-de-vida-mapa,GMB,1984,47.5128
wpp2024-esperanza-de-vida-mapa,GMB,1985,48.1512
wpp2024-esperanza-de-vida-mapa,GMB,1986,48.798
wpp2024-esperanza-de-vida-mapa,GMB,1987,49.3917
wpp2024-esperanza-de-vida-mapa,GMB,1988,50.1461
wpp2024-esperanza-de-vida-mapa,GMB,1989,50.7249
wpp2024-esperanza-de-vida-mapa,GMB,1990,51.2782
wpp2024-esperanza-de-vida-mapa,GMB,1991,51.8574
wpp2024-esperanza-de-vida-mapa,GMB,1992,52.4771
wpp2024-esperanza-de-vida-mapa,GMB,1993,53.1503
wpp2024-esperanza-de-vida-mapa,GMB,1994,53.7676
wpp2024-esperanza-de-vida-mapa,GMB,1995,54.2923
wpp2024-esperanza-de-vida-mapa,GMB,1996,54.8493
wpp2024-esperanza-de-vida-mapa,GMB,1997,55.2254
wpp2024-esperanza-de-vida-mapa,GMB,1998,56.0074
wpp2024-esperanza-de-vida-mapa,GMB,1999,56.4657
wpp2024-esperanza-de-vida-mapa,GMB,2000,56.8994
wpp2024-esperanza-de-vida-mapa,GMB,2001,57.2832
wpp2024-esperanza-de-vida-mapa,GMB,2002,57.7361
wpp2024-esperanza-de-vida-mapa,GMB,2003,58.2232
wpp2024-esperanza-de-vida-mapa,GMB,2004,58.7491
wpp2024-esperanza-de-vida-mapa,GMB,2005,59.1098
wpp2024-esperanza-de-vida-mapa,GMB,2006,59.667
wpp2024-esperanza-de-vida-mapa,GMB,2007,60.0014
wpp2024-esperanza-de-vida-mapa,GMB,2008,60.4734
wpp2024-esperanza-de-vida-mapa,GMB,2009,60.7348
wpp2024-esperanza-de-vida-mapa,GMB,2010,61.1675
wpp2024-esperanza-de-vida-mapa,GMB,2011,61.5612
wpp2024-esperanza-de-vida-mapa,GMB,2012,61.9
wpp2024-esperanza-de-vida-mapa,GMB,2013,62.2525
wpp2024-esperanza-de-vida-mapa,GMB,2014,62.5759
wpp2024-esperanza-de-vida-mapa,GMB,2015,62.9713
wpp2024-esperanza-de-vida-mapa,GMB,2016,63.3862
wpp2024-esperanza-de-vida-mapa,GMB,2017,63.7076
wpp2024-esperanza-de-vida-mapa,GMB,2018,64.0339
wpp2024-esperanza-de-vida-mapa,GMB,2019,64.4275
wpp2024-esperanza-de-vida-mapa,GMB,2020,64.4183
wpp2024-esperanza-de-vida-mapa,GMB,2021,63.8475
wpp2024-esperanza-de-vida-mapa,GMB,2022,64.859
wpp2024-esperanza-de-vida-mapa,GMB,2023,65.8603
wpp2024-esperanza-de-vida-mapa,GHA,1950,43.0716
wpp2024-esperanza-de-vida-mapa,GHA,1951,43.594
wpp2024-esperanza-de-vida-mapa,GHA,1952,44.0368
wpp2024-esperanza-de-vida-mapa,GHA,1953,44.5057
wpp2024-esperanza-de-vida-mapa,GHA,1954,44.987
wpp2024-esperanza-de-vida-mapa,GHA,1955,45.3727
wpp2024-esperanza-de-vida-mapa,GHA,1956,45.7477
wpp2024-esperanza-de-vida-mapa,GHA,1957,46.1308
wpp2024-esperanza-de-vida-mapa,GHA,1958,46.4025
wpp2024-esperanza-de-vida-mapa,GHA,1959,46.7095
wpp2024-esperanza-de-vida-mapa,GHA,1960,46.9416
wpp2024-esperanza-de-vida-mapa,GHA,1961,47.1275
wpp2024-esperanza-de-vida-mapa,GHA,1962,47.3353
wpp2024-esperanza-de-vida-mapa,GHA,1963,47.4758
wpp2024-esperanza-de-vida-mapa,GHA,1964,47.6371
wpp2024-esperanza-de-vida-mapa,GHA,1965,47.6889
wpp2024-esperanza-de-vida-mapa,GHA,1966,47.7082
wpp2024-esperanza-de-vida-mapa,GHA,1967,47.7342
wpp2024-esperanza-de-vida-mapa,GHA,1968,47.7583
wpp2024-esperanza-de-vida-mapa,GHA,1969,47.8953
wpp2024-esperanza-de-vida-mapa,GHA,1970,47.8884
wpp2024-esperanza-de-vida-mapa,GHA,1971,47.9487
wpp2024-esperanza-de-vida-mapa,GHA,1972,48.2737
wpp2024-esperanza-de-vida-mapa,GHA,1973,48.5772
wpp2024-esperanza-de-vida-mapa,GHA,1974,48.9182
wpp2024-esperanza-de-vida-mapa,GHA,1975,49.3226
wpp2024-esperanza-de-vida-mapa,GHA,1976,49.7323
wpp2024-esperanza-de-vida-mapa,GHA,1977,50.079
wpp2024-esperanza-de-vida-mapa,GHA,1978,50.4607
wpp2024-esperanza-de-vida-mapa,GHA,1979,50.7869
wpp2024-esperanza-de-vida-mapa,GHA,1980,51.0594
wpp2024-esperanza-de-vida-mapa,GHA,1981,51.3127
wpp2024-esperanza-de-vida-mapa,GHA,1982,51.425
wpp2024-esperanza-de-vida-mapa,GHA,1983,51.7799
wpp2024-esperanza-de-vida-mapa,GHA,1984,52.2322
wpp2024-esperanza-de-vida-mapa,GHA,1985,52.732
wpp2024-esperanza-de-vida-mapa,GHA,1986,53.2758
wpp2024-esperanza-de-vida-mapa,GHA,1987,53.8179
wpp2024-esperanza-de-vida-mapa,GHA,1988,54.3957
wpp2024-esperanza-de-vida-mapa,GHA,1989,54.9364
wpp2024-esperanza-de-vida-mapa,GHA,1990,55.3949
wpp2024-esperanza-de-vida-mapa,GHA,1991,55.722
wpp2024-esperanza-de-vida-mapa,GHA,1992,56.0554
wpp2024-esperanza-de-vida-mapa,GHA,1993,56.2862
wpp2024-esperanza-de-vida-mapa,GHA,1994,56.2339
wpp2024-esperanza-de-vida-mapa,GHA,1995,56.662
wpp2024-esperanza-de-vida-mapa,GHA,1996,56.9568
wpp2024-esperanza-de-vida-mapa,GHA,1997,57.2414
wpp2024-esperanza-de-vida-mapa,GHA,1998,57.5245
wpp2024-esperanza-de-vida-mapa,GHA,1999,57.8354
wpp2024-esperanza-de-vida-mapa,GHA,2000,58.1392
wpp2024-esperanza-de-vida-mapa,GHA,2001,58.403
wpp2024-esperanza-de-vida-mapa,GHA,2002,58.7086
wpp2024-esperanza-de-vida-mapa,GHA,2003,59.0141
wpp2024-esperanza-de-vida-mapa,GHA,2004,59.3159
wpp2024-esperanza-de-vida-mapa,GHA,2005,59.6381
wpp2024-esperanza-de-vida-mapa,GHA,2006,59.9753
wpp2024-esperanza-de-vida-mapa,GHA,2007,60.2822
wpp2024-esperanza-de-vida-mapa,GHA,2008,60.5785
wpp2024-esperanza-de-vida-mapa,GHA,2009,60.9278
wpp2024-esperanza-de-vida-mapa,GHA,2010,61.2974
wpp2024-esperanza-de-vida-mapa,GHA,2011,61.6169
wpp2024-esperanza-de-vida-mapa,GHA,2012,61.9954
wpp2024-esperanza-de-vida-mapa,GHA,2013,62.3969
wpp2024-esperanza-de-vida-mapa,GHA,2014,62.8321
wpp2024-esperanza-de-vida-mapa,GHA,2015,63.1749
wpp2024-esperanza-de-vida-mapa,GHA,2016,63.5216
wpp2024-esperanza-de-vida-mapa,GHA,2017,63.829
wpp2024-esperanza-de-vida-mapa,GHA,2018,64.1382
wpp2024-esperanza-de-vida-mapa,GHA,2019,64.4554
wpp2024-esperanza-de-vida-mapa,GHA,2020,64.3089
wpp2024-esperanza-de-vida-mapa,GHA,2021,64.2862
wpp2024-esperanza-de-vida-mapa,GHA,2022,65.246
wpp2024-esperanza-de-vida-mapa,GHA,2023,65.4979
wpp2024-esperanza-de-vida-mapa,GIN,1950,35.5857
wpp2024-esperanza-de-vida-mapa,GIN,1951,35.6471
wpp2024-esperanza-de-vida-mapa,GIN,1952,35.7263
wpp2024-esperanza-de-vida-mapa,GIN,1953,35.8013
wpp2024-esperanza-de-vida-mapa,GIN,1954,35.857
wpp2024-esperanza-de-vida-mapa,GIN,1955,35.9585
wpp2024-esperanza-de-vida-mapa,GIN,1956,36.0556
wpp2024-esperanza-de-vida-mapa,GIN,1957,36.2288
wpp2024-esperanza-de-vida-mapa,GIN,1958,36.3645
wpp2024-esperanza-de-vida-mapa,GIN,1959,36.4682
wpp2024-esperanza-de-vida-mapa,GIN,1960,36.6231
wpp2024-esperanza-de-vida-mapa,GIN,1961,36.8157
wpp2024-esperanza-de-vida-mapa,GIN,1962,36.9973
wpp2024-esperanza-de-vida-mapa,GIN,1963,37.1964
wpp2024-esperanza-de-vida-mapa,GIN,1964,37.415
wpp2024-esperanza-de-vida-mapa,GIN,1965,37.6534
wpp2024-esperanza-de-vida-mapa,GIN,1966,37.9593
wpp2024-esperanza-de-vida-mapa,GIN,1967,38.2235
wpp2024-esperanza-de-vida-mapa,GIN,1968,38.5006
wpp2024-esperanza-de-vida-mapa,GIN,1969,38.8235
wpp2024-esperanza-de-vida-mapa,GIN,1970,39.0603
wpp2024-esperanza-de-vida-mapa,GIN,1971,39.3716
wpp2024-esperanza-de-vida-mapa,GIN,1972,39.6826
wpp2024-esperanza-de-vida-mapa,GIN,1973,39.9373
wpp2024-esperanza-de-vida-mapa,GIN,1974,40.2287
wpp2024-esperanza-de-vida-mapa,GIN,1975,40.6065
wpp2024-esperanza-de-vida-mapa,GIN,1976,41.0276
wpp2024-esperanza-de-vida-mapa,GIN,1977,41.4091
wpp2024-esperanza-de-vida-mapa,GIN,1978,41.8824
wpp2024-esperanza-de-vida-mapa,GIN,1979,42.3433
wpp2024-esperanza-de-vida-mapa,GIN,1980,42.8415
wpp2024-esperanza-de-vida-mapa,GIN,1981,43.3301
wpp2024-esperanza-de-vida-mapa,GIN,1982,43.8629
wpp2024-esperanza-de-vida-mapa,GIN,1983,44.2261
wpp2024-esperanza-de-vida-mapa,GIN,1984,44.8577
wpp2024-esperanza-de-vida-mapa,GIN,1985,45.3102
wpp2024-esperanza-de-vida-mapa,GIN,1986,45.7195
wpp2024-esperanza-de-vida-mapa,GIN,1987,46.1073
wpp2024-esperanza-de-vida-mapa,GIN,1988,46.478
wpp2024-esperanza-de-vida-mapa,GIN,1989,46.8596
wpp2024-esperanza-de-vida-mapa,GIN,1990,47.2518
wpp2024-esperanza-de-vida-mapa,GIN,1991,47.7813
wpp2024-esperanza-de-vida-mapa,GIN,1992,48.2662
wpp2024-esperanza-de-vida-mapa,GIN,1993,48.8185
wpp2024-esperanza-de-vida-mapa,GIN,1994,49.1884
wpp2024-esperanza-de-vida-mapa,GIN,1995,49.8359
wpp2024-esperanza-de-vida-mapa,GIN,1996,50.5458
wpp2024-esperanza-de-vida-mapa,GIN,1997,51.1134
wpp2024-esperanza-de-vida-mapa,GIN,1998,51.6099
wpp2024-esperanza-de-vida-mapa,GIN,1999,51.9871
wpp2024-esperanza-de-vida-mapa,GIN,2000,52.4197
wpp2024-esperanza-de-vida-mapa,GIN,2001,52.669
wpp2024-esperanza-de-vida-mapa,GIN,2002,53.2002
wpp2024-esperanza-de-vida-mapa,GIN,2003,53.5891
wpp2024-esperanza-de-vida-mapa,GIN,2004,53.9748
wpp2024-esperanza-de-vida-mapa,GIN,2005,54.4217
wpp2024-esperanza-de-vida-mapa,GIN,2006,54.8753
wpp2024-esperanza-de-vida-mapa,GIN,2007,55.2331
wpp2024-esperanza-de-vida-mapa,GIN,2008,55.7034
wpp2024-esperanza-de-vida-mapa,GIN,2009,56.052
wpp2024-esperanza-de-vida-mapa,GIN,2010,56.4305
wpp2024-esperanza-de-vida-mapa,GIN,2011,56.7776
wpp2024-esperanza-de-vida-mapa,GIN,2012,57.1169
wpp2024-esperanza-de-vida-mapa,GIN,2013,57.4588
wpp2024-esperanza-de-vida-mapa,GIN,2014,57.5815
wpp2024-esperanza-de-vida-mapa,GIN,2015,57.8986
wpp2024-esperanza-de-vida-mapa,GIN,2016,58.49
wpp2024-esperanza-de-vida-mapa,GIN,2017,58.7151
wpp2024-esperanza-de-vida-mapa,GIN,2018,59.0434
wpp2024-esperanza-de-vida-mapa,GIN,2019,59.3785
wpp2024-esperanza-de-vida-mapa,GIN,2020,59.3499
wpp2024-esperanza-de-vida-mapa,GIN,2021,59.3728
wpp2024-esperanza-de-vida-mapa,GIN,2022,60.4316
wpp2024-esperanza-de-vida-mapa,GIN,2023,60.7405
wpp2024-esperanza-de-vida-mapa,GNB,1950,35.736
wpp2024-esperanza-de-vida-mapa,GNB,1951,35.9123
wpp2024-esperanza-de-vida-mapa,GNB,1952,36.0867
wpp2024-esperanza-de-vida-mapa,GNB,1953,36.2602
wpp2024-esperanza-de-vida-mapa,GNB,1954,36.4335
wpp2024-esperanza-de-vida-mapa,GNB,1955,36.603
wpp2024-esperanza-de-vida-mapa,GNB,1956,36.7776
wpp2024-esperanza-de-vida-mapa,GNB,1957,36.9648
wpp2024-esperanza-de-vida-mapa,GNB,1958,37.1437
wpp2024-esperanza-de-vida-mapa,GNB,1959,37.3443
wpp2024-esperanza-de-vida-mapa,GNB,1960,37.5544
wpp2024-esperanza-de-vida-mapa,GNB,1961,37.7882
wpp2024-esperanza-de-vida-mapa,GNB,1962,38.0318
wpp2024-esperanza-de-vida-mapa,GNB,1963,35.6436
wpp2024-esperanza-de-vida-mapa,GNB,1964,35.807
wpp2024-esperanza-de-vida-mapa,GNB,1965,35.9199
wpp2024-esperanza-de-vida-mapa,GNB,1966,36.0829
wpp2024-esperanza-de-vida-mapa,GNB,1967,36.3436
wpp2024-esperanza-de-vida-mapa,GNB,1968,36.6716
wpp2024-esperanza-de-vida-mapa,GNB,1969,36.9587
wpp2024-esperanza-de-vida-mapa,GNB,1970,37.2582
wpp2024-esperanza-de-vida-mapa,GNB,1971,37.5382
wpp2024-esperanza-de-vida-mapa,GNB,1972,37.8196
wpp2024-esperanza-de-vida-mapa,GNB,1973,38.17
wpp2024-esperanza-de-vida-mapa,GNB,1974,41.6131
wpp2024-esperanza-de-vida-mapa,GNB,1975,41.9339
wpp2024-esperanza-de-vida-mapa,GNB,1976,42.2529
wpp2024-esperanza-de-vida-mapa,GNB,1977,42.5783
wpp2024-esperanza-de-vida-mapa,GNB,1978,42.9084
wpp2024-esperanza-de-vida-mapa,GNB,1979,43.2385
wpp2024-esperanza-de-vida-mapa,GNB,1980,43.5703
wpp2024-esperanza-de-vida-mapa,GNB,1981,43.9257
wpp2024-esperanza-de-vida-mapa,GNB,1982,44.2928
wpp2024-esperanza-de-vida-mapa,GNB,1983,44.6004
wpp2024-esperanza-de-vida-mapa,GNB,1984,44.9432
wpp2024-esperanza-de-vida-mapa,GNB,1985,45.2656
wpp2024-esperanza-de-vida-mapa,GNB,1986,45.523
wpp2024-esperanza-de-vida-mapa,GNB,1987,45.8441
wpp2024-esperanza-de-vida-mapa,GNB,1988,46.2791
wpp2024-esperanza-de-vida-mapa,GNB,1989,46.6142
wpp2024-esperanza-de-vida-mapa,GNB,1990,46.8904
wpp2024-esperanza-de-vida-mapa,GNB,1991,47.2012
wpp2024-esperanza-de-vida-mapa,GNB,1992,47.5184
wpp2024-esperanza-de-vida-mapa,GNB,1993,47.8404
wpp2024-esperanza-de-vida-mapa,GNB,1994,47.7747
wpp2024-esperanza-de-vida-mapa,GNB,1995,48.5313
wpp2024-esperanza-de-vida-mapa,GNB,1996,48.7718
wpp2024-esperanza-de-vida-mapa,GNB,1997,48.0331
wpp2024-esperanza-de-vida-mapa,GNB,1998,48.1231
wpp2024-esperanza-de-vida-mapa,GNB,1999,48.4919
wpp2024-esperanza-de-vida-mapa,GNB,2000,50.5646
wpp2024-esperanza-de-vida-mapa,GNB,2001,51.0536
wpp2024-esperanza-de-vida-mapa,GNB,2002,51.6083
wpp2024-esperanza-de-vida-mapa,GNB,2003,52.186
wpp2024-esperanza-de-vida-mapa,GNB,2004,52.7998
wpp2024-esperanza-de-vida-mapa,GNB,2005,52.9489
wpp2024-esperanza-de-vida-mapa,GNB,2006,54.0885
wpp2024-esperanza-de-vida-mapa,GNB,2007,54.8705
wpp2024-esperanza-de-vida-mapa,GNB,2008,55.3
wpp2024-esperanza-de-vida-mapa,GNB,2009,56.2974
wpp2024-esperanza-de-vida-mapa,GNB,2010,56.9992
wpp2024-esperanza-de-vida-mapa,GNB,2011,57.6626
wpp2024-esperanza-de-vida-mapa,GNB,2012,58.27
wpp2024-esperanza-de-vida-mapa,GNB,2013,58.8789
wpp2024-esperanza-de-vida-mapa,GNB,2014,59.476
wpp2024-esperanza-de-vida-mapa,GNB,2015,60.0708
wpp2024-esperanza-de-vida-mapa,GNB,2016,60.6187
wpp2024-esperanza-de-vida-mapa,GNB,2017,61.1484
wpp2024-esperanza-de-vida-mapa,GNB,2018,61.6516
wpp2024-esperanza-de-vida-mapa,GNB,2019,62.1612
wpp2024-esperanza-de-vida-mapa,GNB,2020,61.343
wpp2024-esperanza-de-vida-mapa,GNB,2021,61.6528
wpp2024-esperanza-de-vida-mapa,GNB,2022,63.6045
wpp2024-esperanza-de-vida-mapa,GNB,2023,64.0849
wpp2024-esperanza-de-vida-mapa,LBR,1950,37.9657
wpp2024-esperanza-de-vida-mapa,LBR,1951,38.0238
wpp2024-esperanza-de-vida-mapa,LBR,1952,38.0518
wpp2024-esperanza-de-vida-mapa,LBR,1953,38.0767
wpp2024-esperanza-de-vida-mapa,LBR,1954,38.0968
wpp2024-esperanza-de-vida-mapa,LBR,1955,38.1094
wpp2024-esperanza-de-vida-mapa,LBR,1956,38.0957
wpp2024-esperanza-de-vida-mapa,LBR,1957,38.0784
wpp2024-esperanza-de-vida-mapa,LBR,1958,38.0543
wpp2024-esperanza-de-vida-mapa,LBR,1959,38.0562
wpp2024-esperanza-de-vida-mapa,LBR,1960,38.073
wpp2024-esperanza-de-vida-mapa,LBR,1961,38.1039
wpp2024-esperanza-de-vida-mapa,LBR,1962,38.1673
wpp2024-esperanza-de-vida-mapa,LBR,1963,38.3091
wpp2024-esperanza-de-vida-mapa,LBR,1964,38.4511
wpp2024-esperanza-de-vida-mapa,LBR,1965,38.693
wpp2024-esperanza-de-vida-mapa,LBR,1966,38.9545
wpp2024-esperanza-de-vida-mapa,LBR,1967,39.2622
wpp2024-esperanza-de-vida-mapa,LBR,1968,39.5884
wpp2024-esperanza-de-vida-mapa,LBR,1969,39.9911
wpp2024-esperanza-de-vida-mapa,LBR,1970,40.3594
wpp2024-esperanza-de-vida-mapa,LBR,1971,40.7203
wpp2024-esperanza-de-vida-mapa,LBR,1972,41.1988
wpp2024-esperanza-de-vida-mapa,LBR,1973,41.6186
wpp2024-esperanza-de-vida-mapa,LBR,1974,42.0626
wpp2024-esperanza-de-vida-mapa,LBR,1975,42.4627
wpp2024-esperanza-de-vida-mapa,LBR,1976,42.8508
wpp2024-esperanza-de-vida-mapa,LBR,1977,43.2204
wpp2024-esperanza-de-vida-mapa,LBR,1978,43.5666
wpp2024-esperanza-de-vida-mapa,LBR,1979,43.8898
wpp2024-esperanza-de-vida-mapa,LBR,1980,44.0877
wpp2024-esperanza-de-vida-mapa,LBR,1981,44.3441
wpp2024-esperanza-de-vida-mapa,LBR,1982,44.4467
wpp2024-esperanza-de-vida-mapa,LBR,1983,44.5762
wpp2024-esperanza-de-vida-mapa,LBR,1984,44.6832
wpp2024-esperanza-de-vida-mapa,LBR,1985,44.0256
wpp2024-esperanza-de-vida-mapa,LBR,1986,44.4939
wpp2024-esperanza-de-vida-mapa,LBR,1987,44.2673
wpp2024-esperanza-de-vida-mapa,LBR,1988,44.0652
wpp2024-esperanza-de-vida-mapa,LBR,1989,43.8633
wpp2024-esperanza-de-vida-mapa,LBR,1990,37.6435
wpp2024-esperanza-de-vida-mapa,LBR,1991,43.5745
wpp2024-esperanza-de-vida-mapa,LBR,1992,43.5661
wpp2024-esperanza-de-vida-mapa,LBR,1993,43.0215
wpp2024-esperanza-de-vida-mapa,LBR,1994,42.6212
wpp2024-esperanza-de-vida-mapa,LBR,1995,44.5732
wpp2024-esperanza-de-vida-mapa,LBR,1996,44.9454
wpp2024-esperanza-de-vida-mapa,LBR,1997,48.3022
wpp2024-esperanza-de-vida-mapa,LBR,1998,49.3671
wpp2024-esperanza-de-vida-mapa,LBR,1999,50.4116
wpp2024-esperanza-de-vida-mapa,LBR,2000,51.8517
wpp2024-esperanza-de-vida-mapa,LBR,2001,53.1095
wpp2024-esperanza-de-vida-mapa,LBR,2002,54.0612
wpp2024-esperanza-de-vida-mapa,LBR,2003,53.045
wpp2024-esperanza-de-vida-mapa,LBR,2004,55.9489
wpp2024-esperanza-de-vida-mapa,LBR,2005,56.7648
wpp2024-esperanza-de-vida-mapa,LBR,2006,57.4946
wpp2024-esperanza-de-vida-mapa,LBR,2007,58.1469
wpp2024-esperanza-de-vida-mapa,LBR,2008,58.6751
wpp2024-esperanza-de-vida-mapa,LBR,2009,59.1064
wpp2024-esperanza-de-vida-mapa,LBR,2010,59.3577
wpp2024-esperanza-de-vida-mapa,LBR,2011,59.4862
wpp2024-esperanza-de-vida-mapa,LBR,2012,59.7855
wpp2024-esperanza-de-vida-mapa,LBR,2013,59.9925
wpp2024-esperanza-de-vida-mapa,LBR,2014,59.2101
wpp2024-esperanza-de-vida-mapa,LBR,2015,59.2481
wpp2024-esperanza-de-vida-mapa,LBR,2016,60.4834
wpp2024-esperanza-de-vida-mapa,LBR,2017,60.7767
wpp2024-esperanza-de-vida-mapa,LBR,2018,60.9995
wpp2024-esperanza-de-vida-mapa,LBR,2019,61.2324
wpp2024-esperanza-de-vida-mapa,LBR,2020,61.2672
wpp2024-esperanza-de-vida-mapa,LBR,2021,61.1658
wpp2024-esperanza-de-vida-mapa,LBR,2022,61.9342
wpp2024-esperanza-de-vida-mapa,LBR,2023,62.1625
wpp2024-esperanza-de-vida-mapa,MLI,1950,28.731
wpp2024-esperanza-de-vida-mapa,MLI,1951,28.9102
wpp2024-esperanza-de-vida-mapa,MLI,1952,29.1391
wpp2024-esperanza-de-vida-mapa,MLI,1953,29.3921
wpp2024-esperanza-de-vida-mapa,MLI,1954,29.5063
wpp2024-esperanza-de-vida-mapa,MLI,1955,29.689
wpp2024-esperanza-de-vida-mapa,MLI,1956,29.8542
wpp2024-esperanza-de-vida-mapa,MLI,1957,30.0634
wpp2024-esperanza-de-vida-mapa,MLI,1958,30.1933
wpp2024-esperanza-de-vida-mapa,MLI,1959,30.3357
wpp2024-esperanza-de-vida-mapa,MLI,1960,30.4589
wpp2024-esperanza-de-vida-mapa,MLI,1961,30.6366
wpp2024-esperanza-de-vida-mapa,MLI,1962,30.8327
wpp2024-esperanza-de-vida-mapa,MLI,1963,31.0203
wpp2024-esperanza-de-vida-mapa,MLI,1964,31.2314
wpp2024-esperanza-de-vida-mapa,MLI,1965,31.5285
wpp2024-esperanza-de-vida-mapa,MLI,1966,31.792
wpp2024-esperanza-de-vida-mapa,MLI,1967,32.1969
wpp2024-esperanza-de-vida-mapa,MLI,1968,32.5682
wpp2024-esperanza-de-vida-mapa,MLI,1969,32.871
wpp2024-esperanza-de-vida-mapa,MLI,1970,33.396
wpp2024-esperanza-de-vida-mapa,MLI,1971,33.8044
wpp2024-esperanza-de-vida-mapa,MLI,1972,34.5068
wpp2024-esperanza-de-vida-mapa,MLI,1973,35.087
wpp2024-esperanza-de-vida-mapa,MLI,1974,35.7492
wpp2024-esperanza-de-vida-mapa,MLI,1975,36.4844
wpp2024-esperanza-de-vida-mapa,MLI,1976,37.2039
wpp2024-esperanza-de-vida-mapa,MLI,1977,37.9856
wpp2024-esperanza-de-vida-mapa,MLI,1978,38.761
wpp2024-esperanza-de-vida-mapa,MLI,1979,39.5061
wpp2024-esperanza-de-vida-mapa,MLI,1980,40.2659
wpp2024-esperanza-de-vida-mapa,MLI,1981,40.9837
wpp2024-esperanza-de-vida-mapa,MLI,1982,41.8044
wpp2024-esperanza-de-vida-mapa,MLI,1983,42.7483
wpp2024-esperanza-de-vida-mapa,MLI,1984,43.3959
wpp2024-esperanza-de-vida-mapa,MLI,1985,43.9214
wpp2024-esperanza-de-vida-mapa,MLI,1986,44.6197
wpp2024-esperanza-de-vida-mapa,MLI,1987,45.2276
wpp2024-esperanza-de-vida-mapa,MLI,1988,45.7198
wpp2024-esperanza-de-vida-mapa,MLI,1989,46.2369
wpp2024-esperanza-de-vida-mapa,MLI,1990,46.5415
wpp2024-esperanza-de-vida-mapa,MLI,1991,46.8892
wpp2024-esperanza-de-vida-mapa,MLI,1992,47.2381
wpp2024-esperanza-de-vida-mapa,MLI,1993,47.5855
wpp2024-esperanza-de-vida-mapa,MLI,1994,47.914
wpp2024-esperanza-de-vida-mapa,MLI,1995,48.2925
wpp2024-esperanza-de-vida-mapa,MLI,1996,48.4997
wpp2024-esperanza-de-vida-mapa,MLI,1997,49.0859
wpp2024-esperanza-de-vida-mapa,MLI,1998,49.5919
wpp2024-esperanza-de-vida-mapa,MLI,1999,50.0603
wpp2024-esperanza-de-vida-mapa,MLI,2000,50.6046
wpp2024-esperanza-de-vida-mapa,MLI,2001,51.3004
wpp2024-esperanza-de-vida-mapa,MLI,2002,51.9954
wpp2024-esperanza-de-vida-mapa,MLI,2003,52.632
wpp2024-esperanza-de-vida-mapa,MLI,2004,53.2527
wpp2024-esperanza-de-vida-mapa,MLI,2005,53.7925
wpp2024-esperanza-de-vida-mapa,MLI,2006,54.3046
wpp2024-esperanza-de-vida-mapa,MLI,2007,54.7561
wpp2024-esperanza-de-vida-mapa,MLI,2008,55.1868
wpp2024-esperanza-de-vida-mapa,MLI,2009,55.5883
wpp2024-esperanza-de-vida-mapa,MLI,2010,55.9931
wpp2024-esperanza-de-vida-mapa,MLI,2011,56.3673
wpp2024-esperanza-de-vida-mapa,MLI,2012,56.6959
wpp2024-esperanza-de-vida-mapa,MLI,2013,57.0523
wpp2024-esperanza-de-vida-mapa,MLI,2014,57.4818
wpp2024-esperanza-de-vida-mapa,MLI,2015,57.8519
wpp2024-esperanza-de-vida-mapa,MLI,2016,58.2857
wpp2024-esperanza-de-vida-mapa,MLI,2017,58.562
wpp2024-esperanza-de-vida-mapa,MLI,2018,58.8728
wpp2024-esperanza-de-vida-mapa,MLI,2019,59.2173
wpp2024-esperanza-de-vida-mapa,MLI,2020,58.8577
wpp2024-esperanza-de-vida-mapa,MLI,2021,59.116
wpp2024-esperanza-de-vida-mapa,MLI,2022,60.0347
wpp2024-esperanza-de-vida-mapa,MLI,2023,60.4394
wpp2024-esperanza-de-vida-mapa,MRT,1950,38.378
wpp2024-esperanza-de-vida-mapa,MRT,1951,38.8458
wpp2024-esperanza-de-vida-mapa,MRT,1952,39.1971
wpp2024-esperanza-de-vida-mapa,MRT,1953,39.6001
wpp2024-esperanza-de-vida-mapa,MRT,1954,40.1389
wpp2024-esperanza-de-vida-mapa,MRT,1955,40.5829
wpp2024-esperanza-de-vida-mapa,MRT,1956,41.1409
wpp2024-esperanza-de-vida-mapa,MRT,1957,41.7364
wpp2024-esperanza-de-vida-mapa,MRT,1958,42.2953
wpp2024-esperanza-de-vida-mapa,MRT,1959,42.8935
wpp2024-esperanza-de-vida-mapa,MRT,1960,43.6109
wpp2024-esperanza-de-vida-mapa,MRT,1961,44.3067
wpp2024-esperanza-de-vida-mapa,MRT,1962,45.0468
wpp2024-esperanza-de-vida-mapa,MRT,1963,45.7937
wpp2024-esperanza-de-vida-mapa,MRT,1964,46.5808
wpp2024-esperanza-de-vida-mapa,MRT,1965,47.3596
wpp2024-esperanza-de-vida-mapa,MRT,1966,48.1348
wpp2024-esperanza-de-vida-mapa,MRT,1967,48.8928
wpp2024-esperanza-de-vida-mapa,MRT,1968,49.5065
wpp2024-esperanza-de-vida-mapa,MRT,1969,50.0852
wpp2024-esperanza-de-vida-mapa,MRT,1970,50.5445
wpp2024-esperanza-de-vida-mapa,MRT,1971,50.7573
wpp2024-esperanza-de-vida-mapa,MRT,1972,51.037
wpp2024-esperanza-de-vida-mapa,MRT,1973,51.2159
wpp2024-esperanza-de-vida-mapa,MRT,1974,51.4325
wpp2024-esperanza-de-vida-mapa,MRT,1975,51.5712
wpp2024-esperanza-de-vida-mapa,MRT,1976,51.7705
wpp2024-esperanza-de-vida-mapa,MRT,1977,51.9976
wpp2024-esperanza-de-vida-mapa,MRT,1978,52.3491
wpp2024-esperanza-de-vida-mapa,MRT,1979,52.7629
wpp2024-esperanza-de-vida-mapa,MRT,1980,53.2042
wpp2024-esperanza-de-vida-mapa,MRT,1981,53.684
wpp2024-esperanza-de-vida-mapa,MRT,1982,54.2289
wpp2024-esperanza-de-vida-mapa,MRT,1983,54.5798
wpp2024-esperanza-de-vida-mapa,MRT,1984,55.1952
wpp2024-esperanza-de-vida-mapa,MRT,1985,55.8082
wpp2024-esperanza-de-vida-mapa,MRT,1986,56.3232
wpp2024-esperanza-de-vida-mapa,MRT,1987,56.9641
wpp2024-esperanza-de-vida-mapa,MRT,1988,57.4826
wpp2024-esperanza-de-vida-mapa,MRT,1989,57.6994
wpp2024-esperanza-de-vida-mapa,MRT,1990,58.0869
wpp2024-esperanza-de-vida-mapa,MRT,1991,58.2907
wpp2024-esperanza-de-vida-mapa,MRT,1992,58.5683
wpp2024-esperanza-de-vida-mapa,MRT,1993,58.7327
wpp2024-esperanza-de-vida-mapa,MRT,1994,58.7633
wpp2024-esperanza-de-vida-mapa,MRT,1995,58.8615
wpp2024-esperanza-de-vida-mapa,MRT,1996,58.9149
wpp2024-esperanza-de-vida-mapa,MRT,1997,59.4171
wpp2024-esperanza-de-vida-mapa,MRT,1998,59.8896
wpp2024-esperanza-de-vida-mapa,MRT,1999,60.4426
wpp2024-esperanza-de-vida-mapa,MRT,2000,61.0435
wpp2024-esperanza-de-vida-mapa,MRT,2001,61.6617
wpp2024-esperanza-de-vida-mapa,MRT,2002,62.249
wpp2024-esperanza-de-vida-mapa,MRT,2003,62.8047
wpp2024-esperanza-de-vida-mapa,MRT,2004,63.3688
wpp2024-esperanza-de-vida-mapa,MRT,2005,63.9197
wpp2024-esperanza-de-vida-mapa,MRT,2006,64.4926
wpp2024-esperanza-de-vida-mapa,MRT,2007,64.8845
wpp2024-esperanza-de-vida-mapa,MRT,2008,65.2328
wpp2024-esperanza-de-vida-mapa,MRT,2009,65.485
wpp2024-esperanza-de-vida-mapa,MRT,2010,65.6606
wpp2024-esperanza-de-vida-mapa,MRT,2011,65.7544
wpp2024-esperanza-de-vida-mapa,MRT,2012,65.808
wpp2024-esperanza-de-vida-mapa,MRT,2013,65.8899
wpp2024-esperanza-de-vida-mapa,MRT,2014,66.2069
wpp2024-esperanza-de-vida-mapa,MRT,2015,66.4982
wpp2024-esperanza-de-vida-mapa,MRT,2016,66.8235
wpp2024-esperanza-de-vida-mapa,MRT,2017,67.0885
wpp2024-esperanza-de-vida-mapa,MRT,2018,67.4195
wpp2024-esperanza-de-vida-mapa,MRT,2019,67.6397
wpp2024-esperanza-de-vida-mapa,MRT,2020,66.7943
wpp2024-esperanza-de-vida-mapa,MRT,2021,66.7618
wpp2024-esperanza-de-vida-mapa,MRT,2022,68.2807
wpp2024-esperanza-de-vida-mapa,MRT,2023,68.4836
wpp2024-esperanza-de-vida-mapa,NER,1950,35.9014
wpp2024-esperanza-de-vida-mapa,NER,1951,35.9035
wpp2024-esperanza-de-vida-mapa,NER,1952,35.9139
wpp2024-esperanza-de-vida-mapa,NER,1953,35.927
wpp2024-esperanza-de-vida-mapa,NER,1954,35.9539
wpp2024-esperanza-de-vida-mapa,NER,1955,35.9699
wpp2024-esperanza-de-vida-mapa,NER,1956,36.0401
wpp2024-esperanza-de-vida-mapa,NER,1957,36.0795
wpp2024-esperanza-de-vida-mapa,NER,1958,36.0869
wpp2024-esperanza-de-vida-mapa,NER,1959,36.1369
wpp2024-esperanza-de-vida-mapa,NER,1960,36.1933
wpp2024-esperanza-de-vida-mapa,NER,1961,36.2869
wpp2024-esperanza-de-vida-mapa,NER,1962,36.3185
wpp2024-esperanza-de-vida-mapa,NER,1963,36.4367
wpp2024-esperanza-de-vida-mapa,NER,1964,36.4641
wpp2024-esperanza-de-vida-mapa,NER,1965,36.4038
wpp2024-esperanza-de-vida-mapa,NER,1966,36.3305
wpp2024-esperanza-de-vida-mapa,NER,1967,36.243
wpp2024-esperanza-de-vida-mapa,NER,1968,36.1276
wpp2024-esperanza-de-vida-mapa,NER,1969,36.0028
wpp2024-esperanza-de-vida-mapa,NER,1970,35.919
wpp2024-esperanza-de-vida-mapa,NER,1971,35.2935
wpp2024-esperanza-de-vida-mapa,NER,1972,35.813
wpp2024-esperanza-de-vida-mapa,NER,1973,35.9379
wpp2024-esperanza-de-vida-mapa,NER,1974,36.1946
wpp2024-esperanza-de-vida-mapa,NER,1975,36.5678
wpp2024-esperanza-de-vida-mapa,NER,1976,37.1012
wpp2024-esperanza-de-vida-mapa,NER,1977,37.6893
wpp2024-esperanza-de-vida-mapa,NER,1978,38.2675
wpp2024-esperanza-de-vida-mapa,NER,1979,38.8893
wpp2024-esperanza-de-vida-mapa,NER,1980,39.344
wpp2024-esperanza-de-vida-mapa,NER,1981,39.637
wpp2024-esperanza-de-vida-mapa,NER,1982,39.8438
wpp2024-esperanza-de-vida-mapa,NER,1983,39.9787
wpp2024-esperanza-de-vida-mapa,NER,1984,39.9889
wpp2024-esperanza-de-vida-mapa,NER,1985,40.1199
wpp2024-esperanza-de-vida-mapa,NER,1986,40.2511
wpp2024-esperanza-de-vida-mapa,NER,1987,40.4678
wpp2024-esperanza-de-vida-mapa,NER,1988,40.7909
wpp2024-esperanza-de-vida-mapa,NER,1989,41.1878
wpp2024-esperanza-de-vida-mapa,NER,1990,41.7324
wpp2024-esperanza-de-vida-mapa,NER,1991,42.2892
wpp2024-esperanza-de-vida-mapa,NER,1992,43.0644
wpp2024-esperanza-de-vida-mapa,NER,1993,43.8382
wpp2024-esperanza-de-vida-mapa,NER,1994,44.5862
wpp2024-esperanza-de-vida-mapa,NER,1995,45.5039
wpp2024-esperanza-de-vida-mapa,NER,1996,46.3133
wpp2024-esperanza-de-vida-mapa,NER,1997,47.0975
wpp2024-esperanza-de-vida-mapa,NER,1998,47.8066
wpp2024-esperanza-de-vida-mapa,NER,1999,48.4801
wpp2024-esperanza-de-vida-mapa,NER,2000,49.1725
wpp2024-esperanza-de-vida-mapa,NER,2001,49.8722
wpp2024-esperanza-de-vida-mapa,NER,2002,50.6448
wpp2024-esperanza-de-vida-mapa,NER,2003,51.5448
wpp2024-esperanza-de-vida-mapa,NER,2004,52.4019
wpp2024-esperanza-de-vida-mapa,NER,2005,53.3203
wpp2024-esperanza-de-vida-mapa,NER,2006,54.2228
wpp2024-esperanza-de-vida-mapa,NER,2007,55.0628
wpp2024-esperanza-de-vida-mapa,NER,2008,55.8515
wpp2024-esperanza-de-vida-mapa,NER,2009,56.4871
wpp2024-esperanza-de-vida-mapa,NER,2010,57.0796
wpp2024-esperanza-de-vida-mapa,NER,2011,57.6001
wpp2024-esperanza-de-vida-mapa,NER,2012,57.9867
wpp2024-esperanza-de-vida-mapa,NER,2013,58.364
wpp2024-esperanza-de-vida-mapa,NER,2014,58.6934
wpp2024-esperanza-de-vida-mapa,NER,2015,58.8498
wpp2024-esperanza-de-vida-mapa,NER,2016,59.2283
wpp2024-esperanza-de-vida-mapa,NER,2017,59.5239
wpp2024-esperanza-de-vida-mapa,NER,2018,59.7646
wpp2024-esperanza-de-vida-mapa,NER,2019,60.031
wpp2024-esperanza-de-vida-mapa,NER,2020,59.8903
wpp2024-esperanza-de-vida-mapa,NER,2021,59.5422
wpp2024-esperanza-de-vida-mapa,NER,2022,60.3981
wpp2024-esperanza-de-vida-mapa,NER,2023,61.1833
wpp2024-esperanza-de-vida-mapa,NGA,1950,35.5275
wpp2024-esperanza-de-vida-mapa,NGA,1951,35.7202
wpp2024-esperanza-de-vida-mapa,NGA,1952,35.8773
wpp2024-esperanza-de-vida-mapa,NGA,1953,36.0395
wpp2024-esperanza-de-vida-mapa,NGA,1954,36.2356
wpp2024-esperanza-de-vida-mapa,NGA,1955,36.3358
wpp2024-esperanza-de-vida-mapa,NGA,1956,36.4819
wpp2024-esperanza-de-vida-mapa,NGA,1957,36.6178
wpp2024-esperanza-de-vida-mapa,NGA,1958,36.834
wpp2024-esperanza-de-vida-mapa,NGA,1959,37.0278
wpp2024-esperanza-de-vida-mapa,NGA,1960,37.2067
wpp2024-esperanza-de-vida-mapa,NGA,1961,37.4271
wpp2024-esperanza-de-vida-mapa,NGA,1962,37.6065
wpp2024-esperanza-de-vida-mapa,NGA,1963,37.8062
wpp2024-esperanza-de-vida-mapa,NGA,1964,37.9802
wpp2024-esperanza-de-vida-mapa,NGA,1965,38.2208
wpp2024-esperanza-de-vida-mapa,NGA,1966,38.3555
wpp2024-esperanza-de-vida-mapa,NGA,1967,37.4966
wpp2024-esperanza-de-vida-mapa,NGA,1968,38.6424
wpp2024-esperanza-de-vida-mapa,NGA,1969,38.9458
wpp2024-esperanza-de-vida-mapa,NGA,1970,40.0084
wpp2024-esperanza-de-vida-mapa,NGA,1971,40.6062
wpp2024-esperanza-de-vida-mapa,NGA,1972,41.2727
wpp2024-esperanza-de-vida-mapa,NGA,1973,41.8307
wpp2024-esperanza-de-vida-mapa,NGA,1974,42.4886
wpp2024-esperanza-de-vida-mapa,NGA,1975,43.0544
wpp2024-esperanza-de-vida-mapa,NGA,1976,44.186
wpp2024-esperanza-de-vida-mapa,NGA,1977,44.8467
wpp2024-esperanza-de-vida-mapa,NGA,1978,45.348
wpp2024-esperanza-de-vida-mapa,NGA,1979,45.7379
wpp2024-esperanza-de-vida-mapa,NGA,1980,45.959
wpp2024-esperanza-de-vida-mapa,NGA,1981,46.3087
wpp2024-esperanza-de-vida-mapa,NGA,1982,46.4366
wpp2024-esperanza-de-vida-mapa,NGA,1983,46.4423
wpp2024-esperanza-de-vida-mapa,NGA,1984,46.3388
wpp2024-esperanza-de-vida-mapa,NGA,1985,46.193
wpp2024-esperanza-de-vida-mapa,NGA,1986,45.9527
wpp2024-esperanza-de-vida-mapa,NGA,1987,45.8901
wpp2024-esperanza-de-vida-mapa,NGA,1988,45.8343
wpp2024-esperanza-de-vida-mapa,NGA,1989,45.8304
wpp2024-esperanza-de-vida-mapa,NGA,1990,45.7327
wpp2024-esperanza-de-vida-mapa,NGA,1991,45.4832
wpp2024-esperanza-de-vida-mapa,NGA,1992,45.5874
wpp2024-esperanza-de-vida-mapa,NGA,1993,45.7826
wpp2024-esperanza-de-vida-mapa,NGA,1994,45.7476
wpp2024-esperanza-de-vida-mapa,NGA,1995,45.8701
wpp2024-esperanza-de-vida-mapa,NGA,1996,45.8328
wpp2024-esperanza-de-vida-mapa,NGA,1997,45.9598
wpp2024-esperanza-de-vida-mapa,NGA,1998,46.1479
wpp2024-esperanza-de-vida-mapa,NGA,1999,46.6088
wpp2024-esperanza-de-vida-mapa,NGA,2000,47.1427
wpp2024-esperanza-de-vida-mapa,NGA,2001,47.5493
wpp2024-esperanza-de-vida-mapa,NGA,2002,48.0201
wpp2024-esperanza-de-vida-mapa,NGA,2003,48.618
wpp2024-esperanza-de-vida-mapa,NGA,2004,49.1477
wpp2024-esperanza-de-vida-mapa,NGA,2005,49.5377
wpp2024-esperanza-de-vida-mapa,NGA,2006,49.876
wpp2024-esperanza-de-vida-mapa,NGA,2007,50.3812
wpp2024-esperanza-de-vida-mapa,NGA,2008,50.7483
wpp2024-esperanza-de-vida-mapa,NGA,2009,51.0801
wpp2024-esperanza-de-vida-mapa,NGA,2010,51.3145
wpp2024-esperanza-de-vida-mapa,NGA,2011,51.4902
wpp2024-esperanza-de-vida-mapa,NGA,2012,51.6876
wpp2024-esperanza-de-vida-mapa,NGA,2013,51.8271
wpp2024-esperanza-de-vida-mapa,NGA,2014,51.9401
wpp2024-esperanza-de-vida-mapa,NGA,2015,51.9394
wpp2024-esperanza-de-vida-mapa,NGA,2016,52.1894
wpp2024-esperanza-de-vida-mapa,NGA,2017,52.3971
wpp2024-esperanza-de-vida-mapa,NGA,2018,52.669
wpp2024-esperanza-de-vida-mapa,NGA,2019,53.0086
wpp2024-esperanza-de-vida-mapa,NGA,2020,53.0724
wpp2024-esperanza-de-vida-mapa,NGA,2021,53.455
wpp2024-esperanza-de-vida-mapa,NGA,2022,54.079
wpp2024-esperanza-de-vida-mapa,NGA,2023,54.4623
wpp2024-esperanza-de-vida-mapa,SHN,1950,66.0091
wpp2024-esperanza-de-vida-mapa,SHN,1951,66.2312
wpp2024-esperanza-de-vida-mapa,SHN,1952,66.4299
wpp2024-esperanza-de-vida-mapa,SHN,1953,66.6906
wpp2024-esperanza-de-vida-mapa,SHN,1954,67.038
wpp2024-esperanza-de-vida-mapa,SHN,1955,67.215
wpp2024-esperanza-de-vida-mapa,SHN,1956,67.3799
wpp2024-esperanza-de-vida-mapa,SHN,1957,67.4994
wpp2024-esperanza-de-vida-mapa,SHN,1958,67.632
wpp2024-esperanza-de-vida-mapa,SHN,1959,67.6856
wpp2024-esperanza-de-vida-mapa,SHN,1960,67.7333
wpp2024-esperanza-de-vida-mapa,SHN,1961,67.7396
wpp2024-esperanza-de-vida-mapa,SHN,1962,67.8584
wpp2024-esperanza-de-vida-mapa,SHN,1963,67.9395
wpp2024-esperanza-de-vida-mapa,SHN,1964,68.0474
wpp2024-esperanza-de-vida-mapa,SHN,1965,68.2445
wpp2024-esperanza-de-vida-mapa,SHN,1966,68.4004
wpp2024-esperanza-de-vida-mapa,SHN,1967,68.4286
wpp2024-esperanza-de-vida-mapa,SHN,1968,68.4831
wpp2024-esperanza-de-vida-mapa,SHN,1969,68.6068
wpp2024-esperanza-de-vida-mapa,SHN,1970,68.5975
wpp2024-esperanza-de-vida-mapa,SHN,1971,68.6737
wpp2024-esperanza-de-vida-mapa,SHN,1972,68.7826
wpp2024-esperanza-de-vida-mapa,SHN,1973,68.8989
wpp2024-esperanza-de-vida-mapa,SHN,1974,68.9658
wpp2024-esperanza-de-vida-mapa,SHN,1975,69.1387
wpp2024-esperanza-de-vida-mapa,SHN,1976,69.2748
wpp2024-esperanza-de-vida-mapa,SHN,1977,69.3982
wpp2024-esperanza-de-vida-mapa,SHN,1978,69.5328
wpp2024-esperanza-de-vida-mapa,SHN,1979,69.7159
wpp2024-esperanza-de-vida-mapa,SHN,1980,69.8601
wpp2024-esperanza-de-vida-mapa,SHN,1981,70.055
wpp2024-esperanza-de-vida-mapa,SHN,1982,70.2861
wpp2024-esperanza-de-vida-mapa,SHN,1983,70.4341
wpp2024-esperanza-de-vida-mapa,SHN,1984,70.5651
wpp2024-esperanza-de-vida-mapa,SHN,1985,70.7444
wpp2024-esperanza-de-vida-mapa,SHN,1986,70.8949
wpp2024-esperanza-de-vida-mapa,SHN,1987,71.0106
wpp2024-esperanza-de-vida-mapa,SHN,1988,71.184
wpp2024-esperanza-de-vida-mapa,SHN,1989,71.3392
wpp2024-esperanza-de-vida-mapa,SHN,1990,71.5431
wpp2024-esperanza-de-vida-mapa,SHN,1991,71.6346
wpp2024-esperanza-de-vida-mapa,SHN,1992,72.116
wpp2024-esperanza-de-vida-mapa,SHN,1993,72.2511
wpp2024-esperanza-de-vida-mapa,SHN,1994,72.5928
wpp2024-esperanza-de-vida-mapa,SHN,1995,73.196
wpp2024-esperanza-de-vida-mapa,SHN,1996,73.6832
wpp2024-esperanza-de-vida-mapa,SHN,1997,74.357
wpp2024-esperanza-de-vida-mapa,SHN,1998,75.3254
wpp2024-esperanza-de-vida-mapa,SHN,1999,76.0399
wpp2024-esperanza-de-vida-mapa,SHN,2000,75.7544
wpp2024-esperanza-de-vida-mapa,SHN,2001,76.0621
wpp2024-esperanza-de-vida-mapa,SHN,2002,75.83
wpp2024-esperanza-de-vida-mapa,SHN,2003,76.3716
wpp2024-esperanza-de-vida-mapa,SHN,2004,77.1313
wpp2024-esperanza-de-vida-mapa,SHN,2005,77.1658
wpp2024-esperanza-de-vida-mapa,SHN,2006,76.8196
wpp2024-esperanza-de-vida-mapa,SHN,2007,75.7329
wpp2024-esperanza-de-vida-mapa,SHN,2008,75.7933
wpp2024-esperanza-de-vida-mapa,SHN,2009,76.1296
wpp2024-esperanza-de-vida-mapa,SHN,2010,76.5108
wpp2024-esperanza-de-vida-mapa,SHN,2011,76.5625
wpp2024-esperanza-de-vida-mapa,SHN,2012,76.2267
wpp2024-esperanza-de-vida-mapa,SHN,2013,76.2371
wpp2024-esperanza-de-vida-mapa,SHN,2014,75.5721
wpp2024-esperanza-de-vida-mapa,SHN,2015,75.1995
wpp2024-esperanza-de-vida-mapa,SHN,2016,75.8061
wpp2024-esperanza-de-vida-mapa,SHN,2017,76.3355
wpp2024-esperanza-de-vida-mapa,SHN,2018,76.4031
wpp2024-esperanza-de-vida-mapa,SHN,2019,76.6816
wpp2024-esperanza-de-vida-mapa,SHN,2020,76.8925
wpp2024-esperanza-de-vida-mapa,SHN,2021,76.7652
wpp2024-esperanza-de-vida-mapa,SHN,2022,76.7352
wpp2024-esperanza-de-vida-mapa,SHN,2023,76.7869
wpp2024-esperanza-de-vida-mapa,SEN,1950,36.4982
wpp2024-esperanza-de-vida-mapa,SEN,1951,36.9124
wpp2024-esperanza-de-vida-mapa,SEN,1952,37.3701
wpp2024-esperanza-de-vida-mapa,SEN,1953,37.785
wpp2024-esperanza-de-vida-mapa,SEN,1954,38.1722
wpp2024-esperanza-de-vida-mapa,SEN,1955,38.5405
wpp2024-esperanza-de-vida-mapa,SEN,1956,38.8762
wpp2024-esperanza-de-vida-mapa,SEN,1957,39.1253
wpp2024-esperanza-de-vida-mapa,SEN,1958,39.3954
wpp2024-esperanza-de-vida-mapa,SEN,1959,39.5321
wpp2024-esperanza-de-vida-mapa,SEN,1960,39.6678
wpp2024-esperanza-de-vida-mapa,SEN,1961,39.7154
wpp2024-esperanza-de-vida-mapa,SEN,1962,39.7376
wpp2024-esperanza-de-vida-mapa,SEN,1963,39.7446
wpp2024-esperanza-de-vida-mapa,SEN,1964,39.7554
wpp2024-esperanza-de-vida-mapa,SEN,1965,39.7614
wpp2024-esperanza-de-vida-mapa,SEN,1966,39.8482
wpp2024-esperanza-de-vida-mapa,SEN,1967,39.9925
wpp2024-esperanza-de-vida-mapa,SEN,1968,40.1497
wpp2024-esperanza-de-vida-mapa,SEN,1969,40.3976
wpp2024-esperanza-de-vida-mapa,SEN,1970,40.789
wpp2024-esperanza-de-vida-mapa,SEN,1971,41.2428
wpp2024-esperanza-de-vida-mapa,SEN,1972,41.7704
wpp2024-esperanza-de-vida-mapa,SEN,1973,42.4286
wpp2024-esperanza-de-vida-mapa,SEN,1974,43.1043
wpp2024-esperanza-de-vida-mapa,SEN,1975,43.9377
wpp2024-esperanza-de-vida-mapa,SEN,1976,44.8095
wpp2024-esperanza-de-vida-mapa,SEN,1977,45.7144
wpp2024-esperanza-de-vida-mapa,SEN,1978,46.5962
wpp2024-esperanza-de-vida-mapa,SEN,1979,47.478
wpp2024-esperanza-de-vida-mapa,SEN,1980,48.2935
wpp2024-esperanza-de-vida-mapa,SEN,1981,49.0832
wpp2024-esperanza-de-vida-mapa,SEN,1982,49.863
wpp2024-esperanza-de-vida-mapa,SEN,1983,50.8112
wpp2024-esperanza-de-vida-mapa,SEN,1984,51.6942
wpp2024-esperanza-de-vida-mapa,SEN,1985,52.5864
wpp2024-esperanza-de-vida-mapa,SEN,1986,53.7181
wpp2024-esperanza-de-vida-mapa,SEN,1987,54.6317
wpp2024-esperanza-de-vida-mapa,SEN,1988,55.5462
wpp2024-esperanza-de-vida-mapa,SEN,1989,56.2093
wpp2024-esperanza-de-vida-mapa,SEN,1990,56.6739
wpp2024-esperanza-de-vida-mapa,SEN,1991,57.0369
wpp2024-esperanza-de-vida-mapa,SEN,1992,57.2872
wpp2024-esperanza-de-vida-mapa,SEN,1993,57.3483
wpp2024-esperanza-de-vida-mapa,SEN,1994,57.4792
wpp2024-esperanza-de-vida-mapa,SEN,1995,57.3356
wpp2024-esperanza-de-vida-mapa,SEN,1996,57.1285
wpp2024-esperanza-de-vida-mapa,SEN,1997,57.1069
wpp2024-esperanza-de-vida-mapa,SEN,1998,57.0764
wpp2024-esperanza-de-vida-mapa,SEN,1999,57.3145
wpp2024-esperanza-de-vida-mapa,SEN,2000,57.6153
wpp2024-esperanza-de-vida-mapa,SEN,2001,58.158
wpp2024-esperanza-de-vida-mapa,SEN,2002,58.9124
wpp2024-esperanza-de-vida-mapa,SEN,2003,59.4735
wpp2024-esperanza-de-vida-mapa,SEN,2004,60.3076
wpp2024-esperanza-de-vida-mapa,SEN,2005,60.9801
wpp2024-esperanza-de-vida-mapa,SEN,2006,61.8006
wpp2024-esperanza-de-vida-mapa,SEN,2007,62.6525
wpp2024-esperanza-de-vida-mapa,SEN,2008,63.2012
wpp2024-esperanza-de-vida-mapa,SEN,2009,63.7513
wpp2024-esperanza-de-vida-mapa,SEN,2010,64.2214
wpp2024-esperanza-de-vida-mapa,SEN,2011,64.7987
wpp2024-esperanza-de-vida-mapa,SEN,2012,65.2291
wpp2024-esperanza-de-vida-mapa,SEN,2013,65.6376
wpp2024-esperanza-de-vida-mapa,SEN,2014,66.0014
wpp2024-esperanza-de-vida-mapa,SEN,2015,66.4511
wpp2024-esperanza-de-vida-mapa,SEN,2016,66.724
wpp2024-esperanza-de-vida-mapa,SEN,2017,67.0589
wpp2024-esperanza-de-vida-mapa,SEN,2018,67.3792
wpp2024-esperanza-de-vida-mapa,SEN,2019,67.668
wpp2024-esperanza-de-vida-mapa,SEN,2020,67.4961
wpp2024-esperanza-de-vida-mapa,SEN,2021,66.8685
wpp2024-esperanza-de-vida-mapa,SEN,2022,67.7884
wpp2024-esperanza-de-vida-mapa,SEN,2023,68.6829
wpp2024-esperanza-de-vida-mapa,SLE,1950,28.935
wpp2024-esperanza-de-vida-mapa,SLE,1951,29.2915
wpp2024-esperanza-de-vida-mapa,SLE,1952,29.7381
wpp2024-esperanza-de-vida-mapa,SLE,1953,30.1252
wpp2024-esperanza-de-vida-mapa,SLE,1954,30.5166
wpp2024-esperanza-de-vida-mapa,SLE,1955,30.9286
wpp2024-esperanza-de-vida-mapa,SLE,1956,31.3154
wpp2024-esperanza-de-vida-mapa,SLE,1957,31.7683
wpp2024-esperanza-de-vida-mapa,SLE,1958,32.1409
wpp2024-esperanza-de-vida-mapa,SLE,1959,32.5565
wpp2024-esperanza-de-vida-mapa,SLE,1960,33.0904
wpp2024-esperanza-de-vida-mapa,SLE,1961,33.6328
wpp2024-esperanza-de-vida-mapa,SLE,1962,34.155
wpp2024-esperanza-de-vida-mapa,SLE,1963,34.7047
wpp2024-esperanza-de-vida-mapa,SLE,1964,35.2976
wpp2024-esperanza-de-vida-mapa,SLE,1965,35.93
wpp2024-esperanza-de-vida-mapa,SLE,1966,36.6399
wpp2024-esperanza-de-vida-mapa,SLE,1967,37.2809
wpp2024-esperanza-de-vida-mapa,SLE,1968,37.7605
wpp2024-esperanza-de-vida-mapa,SLE,1969,38.2297
wpp2024-esperanza-de-vida-mapa,SLE,1970,38.619
wpp2024-esperanza-de-vida-mapa,SLE,1971,39.1043
wpp2024-esperanza-de-vida-mapa,SLE,1972,39.5048
wpp2024-esperanza-de-vida-mapa,SLE,1973,39.9603
wpp2024-esperanza-de-vida-mapa,SLE,1974,40.4117
wpp2024-esperanza-de-vida-mapa,SLE,1975,40.9897
wpp2024-esperanza-de-vida-mapa,SLE,1976,41.4253
wpp2024-esperanza-de-vida-mapa,SLE,1977,41.8258
wpp2024-esperanza-de-vida-mapa,SLE,1978,42.1916
wpp2024-esperanza-de-vida-mapa,SLE,1979,42.53
wpp2024-esperanza-de-vida-mapa,SLE,1980,42.8389
wpp2024-esperanza-de-vida-mapa,SLE,1981,43.0856
wpp2024-esperanza-de-vida-mapa,SLE,1982,43.3021
wpp2024-esperanza-de-vida-mapa,SLE,1983,43.4548
wpp2024-esperanza-de-vida-mapa,SLE,1984,43.5611
wpp2024-esperanza-de-vida-mapa,SLE,1985,43.5563
wpp2024-esperanza-de-vida-mapa,SLE,1986,43.5025
wpp2024-esperanza-de-vida-mapa,SLE,1987,43.7482
wpp2024-esperanza-de-vida-mapa,SLE,1988,43.7652
wpp2024-esperanza-de-vida-mapa,SLE,1989,43.7413
wpp2024-esperanza-de-vida-mapa,SLE,1990,43.7204
wpp2024-esperanza-de-vida-mapa,SLE,1991,43.287
wpp2024-esperanza-de-vida-mapa,SLE,1992,43.451
wpp2024-esperanza-de-vida-mapa,SLE,1993,43.4277
wpp2024-esperanza-de-vida-mapa,SLE,1994,42.808
wpp2024-esperanza-de-vida-mapa,SLE,1995,42.5787
wpp2024-esperanza-de-vida-mapa,SLE,1996,43.5283
wpp2024-esperanza-de-vida-mapa,SLE,1997,43.6493
wpp2024-esperanza-de-vida-mapa,SLE,1998,42.7144
wpp2024-esperanza-de-vida-mapa,SLE,1999,41.9622
wpp2024-esperanza-de-vida-mapa,SLE,2000,44.8341
wpp2024-esperanza-de-vida-mapa,SLE,2001,45.4476
wpp2024-esperanza-de-vida-mapa,SLE,2002,46.1739
wpp2024-esperanza-de-vida-mapa,SLE,2003,46.7843
wpp2024-esperanza-de-vida-mapa,SLE,2004,47.4853
wpp2024-esperanza-de-vida-mapa,SLE,2005,48.306
wpp2024-esperanza-de-vida-mapa,SLE,2006,49.5472
wpp2024-esperanza-de-vida-mapa,SLE,2007,50.0239
wpp2024-esperanza-de-vida-mapa,SLE,2008,50.6927
wpp2024-esperanza-de-vida-mapa,SLE,2009,51.3124
wpp2024-esperanza-de-vida-mapa,SLE,2010,51.9272
wpp2024-esperanza-de-vida-mapa,SLE,2011,52.5936
wpp2024-esperanza-de-vida-mapa,SLE,2012,53.159
wpp2024-esperanza-de-vida-mapa,SLE,2013,54.0515
wpp2024-esperanza-de-vida-mapa,SLE,2014,54.2809
wpp2024-esperanza-de-vida-mapa,SLE,2015,55.454
wpp2024-esperanza-de-vida-mapa,SLE,2016,56.9368
wpp2024-esperanza-de-vida-mapa,SLE,2017,57.761
wpp2024-esperanza-de-vida-mapa,SLE,2018,59.0587
wpp2024-esperanza-de-vida-mapa,SLE,2019,59.5935
wpp2024-esperanza-de-vida-mapa,SLE,2020,59.6935
wpp2024-esperanza-de-vida-mapa,SLE,2021,60.2596
wpp2024-esperanza-de-vida-mapa,SLE,2022,61.2748
wpp2024-esperanza-de-vida-mapa,SLE,2023,61.7858
wpp2024-esperanza-de-vida-mapa,TGO,1950,41.926
wpp2024-esperanza-de-vida-mapa,TGO,1951,42.073
wpp2024-esperanza-de-vida-mapa,TGO,1952,42.1961
wpp2024-esperanza-de-vida-mapa,TGO,1953,42.315
wpp2024-esperanza-de-vida-mapa,TGO,1954,42.4893
wpp2024-esperanza-de-vida-mapa,TGO,1955,42.6614
wpp2024-esperanza-de-vida-mapa,TGO,1956,42.7622
wpp2024-esperanza-de-vida-mapa,TGO,1957,42.9427
wpp2024-esperanza-de-vida-mapa,TGO,1958,43.1293
wpp2024-esperanza-de-vida-mapa,TGO,1959,43.3231
wpp2024-esperanza-de-vida-mapa,TGO,1960,43.5357
wpp2024-esperanza-de-vida-mapa,TGO,1961,43.7455
wpp2024-esperanza-de-vida-mapa,TGO,1962,44.0012
wpp2024-esperanza-de-vida-mapa,TGO,1963,44.274
wpp2024-esperanza-de-vida-mapa,TGO,1964,44.6004
wpp2024-esperanza-de-vida-mapa,TGO,1965,44.9168
wpp2024-esperanza-de-vida-mapa,TGO,1966,45.2275
wpp2024-esperanza-de-vida-mapa,TGO,1967,45.6153
wpp2024-esperanza-de-vida-mapa,TGO,1968,46.0224
wpp2024-esperanza-de-vida-mapa,TGO,1969,46.3543
wpp2024-esperanza-de-vida-mapa,TGO,1970,46.7819
wpp2024-esperanza-de-vida-mapa,TGO,1971,47.2323
wpp2024-esperanza-de-vida-mapa,TGO,1972,47.692
wpp2024-esperanza-de-vida-mapa,TGO,1973,48.1385
wpp2024-esperanza-de-vida-mapa,TGO,1974,48.5932
wpp2024-esperanza-de-vida-mapa,TGO,1975,49.0461
wpp2024-esperanza-de-vida-mapa,TGO,1976,49.5088
wpp2024-esperanza-de-vida-mapa,TGO,1977,50.1632
wpp2024-esperanza-de-vida-mapa,TGO,1978,50.9024
wpp2024-esperanza-de-vida-mapa,TGO,1979,51.5153
wpp2024-esperanza-de-vida-mapa,TGO,1980,52.1458
wpp2024-esperanza-de-vida-mapa,TGO,1981,52.7807
wpp2024-esperanza-de-vida-mapa,TGO,1982,53.2729
wpp2024-esperanza-de-vida-mapa,TGO,1983,53.7686
wpp2024-esperanza-de-vida-mapa,TGO,1984,54.0941
wpp2024-esperanza-de-vida-mapa,TGO,1985,54.361
wpp2024-esperanza-de-vida-mapa,TGO,1986,54.6137
wpp2024-esperanza-de-vida-mapa,TGO,1987,54.8205
wpp2024-esperanza-de-vida-mapa,TGO,1988,54.901
wpp2024-esperanza-de-vida-mapa,TGO,1989,54.7324
wpp2024-esperanza-de-vida-mapa,TGO,1990,54.557
wpp2024-esperanza-de-vida-mapa,TGO,1991,54.2551
wpp2024-esperanza-de-vida-mapa,TGO,1992,54.0767
wpp2024-esperanza-de-vida-mapa,TGO,1993,53.8516
wpp2024-esperanza-de-vida-mapa,TGO,1994,53.7069
wpp2024-esperanza-de-vida-mapa,TGO,1995,53.6922
wpp2024-esperanza-de-vida-mapa,TGO,1996,53.8172
wpp2024-esperanza-de-vida-mapa,TGO,1997,53.8453
wpp2024-esperanza-de-vida-mapa,TGO,1998,53.9561
wpp2024-esperanza-de-vida-mapa,TGO,1999,54.3101
wpp2024-esperanza-de-vida-mapa,TGO,2000,54.577
wpp2024-esperanza-de-vida-mapa,TGO,2001,54.7456
wpp2024-esperanza-de-vida-mapa,TGO,2002,55.0319
wpp2024-esperanza-de-vida-mapa,TGO,2003,55.2994
wpp2024-esperanza-de-vida-mapa,TGO,2004,55.5941
wpp2024-esperanza-de-vida-mapa,TGO,2005,55.9159
wpp2024-esperanza-de-vida-mapa,TGO,2006,56.1416
wpp2024-esperanza-de-vida-mapa,TGO,2007,56.3821
wpp2024-esperanza-de-vida-mapa,TGO,2008,56.6511
wpp2024-esperanza-de-vida-mapa,TGO,2009,56.9267
wpp2024-esperanza-de-vida-mapa,TGO,2010,57.2266
wpp2024-esperanza-de-vida-mapa,TGO,2011,57.6118
wpp2024-esperanza-de-vida-mapa,TGO,2012,57.9396
wpp2024-esperanza-de-vida-mapa,TGO,2013,58.3447
wpp2024-esperanza-de-vida-mapa,TGO,2014,58.7663
wpp2024-esperanza-de-vida-mapa,TGO,2015,59.2201
wpp2024-esperanza-de-vida-mapa,TGO,2016,59.6686
wpp2024-esperanza-de-vida-mapa,TGO,2017,60.1351
wpp2024-esperanza-de-vida-mapa,TGO,2018,60.6006
wpp2024-esperanza-de-vida-mapa,TGO,2019,61.0554
wpp2024-esperanza-de-vida-mapa,TGO,2020,61.1225
wpp2024-esperanza-de-vida-mapa,TGO,2021,61.3285
wpp2024-esperanza-de-vida-mapa,TGO,2022,62.2898
wpp2024-esperanza-de-vida-mapa,TGO,2023,62.7387
wpp2024-esperanza-de-vida-mapa,KAZ,1950,55.5941
wpp2024-esperanza-de-vida-mapa,KAZ,1951,55.8532
wpp2024-esperanza-de-vida-mapa,KAZ,1952,56.105
wpp2024-esperanza-de-vida-mapa,KAZ,1953,56.3512
wpp2024-esperanza-de-vida-mapa,KAZ,1954,56.592
wpp2024-esperanza-de-vida-mapa,KAZ,1955,56.8266
wpp2024-esperanza-de-vida-mapa,KAZ,1956,57.0556
wpp2024-esperanza-de-vida-mapa,KAZ,1957,57.2804
wpp2024-esperanza-de-vida-mapa,KAZ,1958,57.5026
wpp2024-esperanza-de-vida-mapa,KAZ,1959,57.724
wpp2024-esperanza-de-vida-mapa,KAZ,1960,57.9455
wpp2024-esperanza-de-vida-mapa,KAZ,1961,58.1687
wpp2024-esperanza-de-vida-mapa,KAZ,1962,58.3917
wpp2024-esperanza-de-vida-mapa,KAZ,1963,58.6125
wpp2024-esperanza-de-vida-mapa,KAZ,1964,58.8302
wpp2024-esperanza-de-vida-mapa,KAZ,1965,59.0423
wpp2024-esperanza-de-vida-mapa,KAZ,1966,59.2467
wpp2024-esperanza-de-vida-mapa,KAZ,1967,59.4458
wpp2024-esperanza-de-vida-mapa,KAZ,1968,59.6434
wpp2024-esperanza-de-vida-mapa,KAZ,1969,59.8431
wpp2024-esperanza-de-vida-mapa,KAZ,1970,60.049
wpp2024-esperanza-de-vida-mapa,KAZ,1971,60.2624
wpp2024-esperanza-de-vida-mapa,KAZ,1972,60.4798
wpp2024-esperanza-de-vida-mapa,KAZ,1973,60.6966
wpp2024-esperanza-de-vida-mapa,KAZ,1974,60.908
wpp2024-esperanza-de-vida-mapa,KAZ,1975,61.1099
wpp2024-esperanza-de-vida-mapa,KAZ,1976,61.3009
wpp2024-esperanza-de-vida-mapa,KAZ,1977,61.5173
wpp2024-esperanza-de-vida-mapa,KAZ,1978,61.7651
wpp2024-esperanza-de-vida-mapa,KAZ,1979,62.0721
wpp2024-esperanza-de-vida-mapa,KAZ,1980,62.5155
wpp2024-esperanza-de-vida-mapa,KAZ,1981,62.9962
wpp2024-esperanza-de-vida-mapa,KAZ,1982,63.5861
wpp2024-esperanza-de-vida-mapa,KAZ,1983,64.2244
wpp2024-esperanza-de-vida-mapa,KAZ,1984,64.8391
wpp2024-esperanza-de-vida-mapa,KAZ,1985,65.3755
wpp2024-esperanza-de-vida-mapa,KAZ,1986,65.7885
wpp2024-esperanza-de-vida-mapa,KAZ,1987,65.9965
wpp2024-esperanza-de-vida-mapa,KAZ,1988,66.0322
wpp2024-esperanza-de-vida-mapa,KAZ,1989,65.9152
wpp2024-esperanza-de-vida-mapa,KAZ,1990,65.7012
wpp2024-esperanza-de-vida-mapa,KAZ,1991,65.3788
wpp2024-esperanza-de-vida-mapa,KAZ,1992,64.9779
wpp2024-esperanza-de-vida-mapa,KAZ,1993,64.5377
wpp2024-esperanza-de-vida-mapa,KAZ,1994,64.1077
wpp2024-esperanza-de-vida-mapa,KAZ,1995,63.7169
wpp2024-esperanza-de-vida-mapa,KAZ,1996,63.4551
wpp2024-esperanza-de-vida-mapa,KAZ,1997,63.3182
wpp2024-esperanza-de-vida-mapa,KAZ,1998,63.349
wpp2024-esperanza-de-vida-mapa,KAZ,1999,63.5279
wpp2024-esperanza-de-vida-mapa,KAZ,2000,63.793
wpp2024-esperanza-de-vida-mapa,KAZ,2001,64.1081
wpp2024-esperanza-de-vida-mapa,KAZ,2002,64.4405
wpp2024-esperanza-de-vida-mapa,KAZ,2003,64.7533
wpp2024-esperanza-de-vida-mapa,KAZ,2004,65.04
wpp2024-esperanza-de-vida-mapa,KAZ,2005,65.3556
wpp2024-esperanza-de-vida-mapa,KAZ,2006,65.7223
wpp2024-esperanza-de-vida-mapa,KAZ,2007,66.18
wpp2024-esperanza-de-vida-mapa,KAZ,2008,66.7589
wpp2024-esperanza-de-vida-mapa,KAZ,2009,67.4605
wpp2024-esperanza-de-vida-mapa,KAZ,2010,68.2575
wpp2024-esperanza-de-vida-mapa,KAZ,2011,69.1076
wpp2024-esperanza-de-vida-mapa,KAZ,2012,69.9395
wpp2024-esperanza-de-vida-mapa,KAZ,2013,70.7189
wpp2024-esperanza-de-vida-mapa,KAZ,2014,71.4149
wpp2024-esperanza-de-vida-mapa,KAZ,2015,72.0242
wpp2024-esperanza-de-vida-mapa,KAZ,2016,72.5491
wpp2024-esperanza-de-vida-mapa,KAZ,2017,72.9955
wpp2024-esperanza-de-vida-mapa,KAZ,2018,73.3693
wpp2024-esperanza-de-vida-mapa,KAZ,2019,73.6581
wpp2024-esperanza-de-vida-mapa,KAZ,2020,71.1952
wpp2024-esperanza-de-vida-mapa,KAZ,2021,70.1311
wpp2024-esperanza-de-vida-mapa,KAZ,2022,73.5028
wpp2024-esperanza-de-vida-mapa,KAZ,2023,74.4021
wpp2024-esperanza-de-vida-mapa,KGZ,1950,52.0598
wpp2024-esperanza-de-vida-mapa,KGZ,1951,52.3684
wpp2024-esperanza-de-vida-mapa,KGZ,1952,52.6194
wpp2024-esperanza-de-vida-mapa,KGZ,1953,52.9196
wpp2024-esperanza-de-vida-mapa,KGZ,1954,53.2316
wpp2024-esperanza-de-vida-mapa,KGZ,1955,53.5435
wpp2024-esperanza-de-vida-mapa,KGZ,1956,53.8604
wpp2024-esperanza-de-vida-mapa,KGZ,1957,54.1608
wpp2024-esperanza-de-vida-mapa,KGZ,1958,54.4666
wpp2024-esperanza-de-vida-mapa,KGZ,1959,54.7751
wpp2024-esperanza-de-vida-mapa,KGZ,1960,55.0918
wpp2024-esperanza-de-vida-mapa,KGZ,1961,55.4099
wpp2024-esperanza-de-vida-mapa,KGZ,1962,55.7299
wpp2024-esperanza-de-vida-mapa,KGZ,1963,56.0337
wpp2024-esperanza-de-vida-mapa,KGZ,1964,56.3327
wpp2024-esperanza-de-vida-mapa,KGZ,1965,56.6421
wpp2024-esperanza-de-vida-mapa,KGZ,1966,56.9603
wpp2024-esperanza-de-vida-mapa,KGZ,1967,57.2967
wpp2024-esperanza-de-vida-mapa,KGZ,1968,57.5981
wpp2024-esperanza-de-vida-mapa,KGZ,1969,57.9119
wpp2024-esperanza-de-vida-mapa,KGZ,1970,58.184
wpp2024-esperanza-de-vida-mapa,KGZ,1971,58.4965
wpp2024-esperanza-de-vida-mapa,KGZ,1972,58.8282
wpp2024-esperanza-de-vida-mapa,KGZ,1973,59.1794
wpp2024-esperanza-de-vida-mapa,KGZ,1974,59.5401
wpp2024-esperanza-de-vida-mapa,KGZ,1975,59.8237
wpp2024-esperanza-de-vida-mapa,KGZ,1976,60.0988
wpp2024-esperanza-de-vida-mapa,KGZ,1977,60.3691
wpp2024-esperanza-de-vida-mapa,KGZ,1978,60.7068
wpp2024-esperanza-de-vida-mapa,KGZ,1979,61.0889
wpp2024-esperanza-de-vida-mapa,KGZ,1980,61.5349
wpp2024-esperanza-de-vida-mapa,KGZ,1981,61.8498
wpp2024-esperanza-de-vida-mapa,KGZ,1982,62.2763
wpp2024-esperanza-de-vida-mapa,KGZ,1983,62.3359
wpp2024-esperanza-de-vida-mapa,KGZ,1984,62.8544
wpp2024-esperanza-de-vida-mapa,KGZ,1985,63.6846
wpp2024-esperanza-de-vida-mapa,KGZ,1986,64.7281
wpp2024-esperanza-de-vida-mapa,KGZ,1987,65.445
wpp2024-esperanza-de-vida-mapa,KGZ,1988,65.291
wpp2024-esperanza-de-vida-mapa,KGZ,1989,65.1749
wpp2024-esperanza-de-vida-mapa,KGZ,1990,64.8247
wpp2024-esperanza-de-vida-mapa,KGZ,1991,64.9404
wpp2024-esperanza-de-vida-mapa,KGZ,1992,64.4265
wpp2024-esperanza-de-vida-mapa,KGZ,1993,63.6459
wpp2024-esperanza-de-vida-mapa,KGZ,1994,62.718
wpp2024-esperanza-de-vida-mapa,KGZ,1995,62.9186
wpp2024-esperanza-de-vida-mapa,KGZ,1996,63.4469
wpp2024-esperanza-de-vida-mapa,KGZ,1997,64.1625
wpp2024-esperanza-de-vida-mapa,KGZ,1998,64.5788
wpp2024-esperanza-de-vida-mapa,KGZ,1999,64.9161
wpp2024-esperanza-de-vida-mapa,KGZ,2000,65.2419
wpp2024-esperanza-de-vida-mapa,KGZ,2001,65.3191
wpp2024-esperanza-de-vida-mapa,KGZ,2002,65.3418
wpp2024-esperanza-de-vida-mapa,KGZ,2003,65.4485
wpp2024-esperanza-de-vida-mapa,KGZ,2004,65.6494
wpp2024-esperanza-de-vida-mapa,KGZ,2005,65.7894
wpp2024-esperanza-de-vida-mapa,KGZ,2006,65.7816
wpp2024-esperanza-de-vida-mapa,KGZ,2007,66.0466
wpp2024-esperanza-de-vida-mapa,KGZ,2008,66.6158
wpp2024-esperanza-de-vida-mapa,KGZ,2009,67.1401
wpp2024-esperanza-de-vida-mapa,KGZ,2010,67.5214
wpp2024-esperanza-de-vida-mapa,KGZ,2011,67.7481
wpp2024-esperanza-de-vida-mapa,KGZ,2012,68.1419
wpp2024-esperanza-de-vida-mapa,KGZ,2013,68.4623
wpp2024-esperanza-de-vida-mapa,KGZ,2014,68.8293
wpp2024-esperanza-de-vida-mapa,KGZ,2015,69.3094
wpp2024-esperanza-de-vida-mapa,KGZ,2016,69.9095
wpp2024-esperanza-de-vida-mapa,KGZ,2017,70.5031
wpp2024-esperanza-de-vida-mapa,KGZ,2018,70.6678
wpp2024-esperanza-de-vida-mapa,KGZ,2019,70.8907
wpp2024-esperanza-de-vida-mapa,KGZ,2020,69.136
wpp2024-esperanza-de-vida-mapa,KGZ,2021,69.2904
wpp2024-esperanza-de-vida-mapa,KGZ,2022,71.487
wpp2024-esperanza-de-vida-mapa,KGZ,2023,71.677
wpp2024-esperanza-de-vida-mapa,TJK,1950,49.3486
wpp2024-esperanza-de-vida-mapa,TJK,1951,49.6368
wpp2024-esperanza-de-vida-mapa,TJK,1952,49.9336
wpp2024-esperanza-de-vida-mapa,TJK,1953,50.1992
wpp2024-esperanza-de-vida-mapa,TJK,1954,50.5135
wpp2024-esperanza-de-vida-mapa,TJK,1955,50.818
wpp2024-esperanza-de-vida-mapa,TJK,1956,51.1166
wpp2024-esperanza-de-vida-mapa,TJK,1957,51.4404
wpp2024-esperanza-de-vida-mapa,TJK,1958,51.7906
wpp2024-esperanza-de-vida-mapa,TJK,1959,52.1696
wpp2024-esperanza-de-vida-mapa,TJK,1960,52.5349
wpp2024-esperanza-de-vida-mapa,TJK,1961,52.9445
wpp2024-esperanza-de-vida-mapa,TJK,1962,53.3743
wpp2024-esperanza-de-vida-mapa,TJK,1963,53.7915
wpp2024-esperanza-de-vida-mapa,TJK,1964,54.2244
wpp2024-esperanza-de-vida-mapa,TJK,1965,54.6547
wpp2024-esperanza-de-vida-mapa,TJK,1966,55.0786
wpp2024-esperanza-de-vida-mapa,TJK,1967,55.4968
wpp2024-esperanza-de-vida-mapa,TJK,1968,55.8901
wpp2024-esperanza-de-vida-mapa,TJK,1969,56.2621
wpp2024-esperanza-de-vida-mapa,TJK,1970,56.5886
wpp2024-esperanza-de-vida-mapa,TJK,1971,56.884
wpp2024-esperanza-de-vida-mapa,TJK,1972,57.1569
wpp2024-esperanza-de-vida-mapa,TJK,1973,57.4179
wpp2024-esperanza-de-vida-mapa,TJK,1974,57.6512
wpp2024-esperanza-de-vida-mapa,TJK,1975,57.8803
wpp2024-esperanza-de-vida-mapa,TJK,1976,58.0762
wpp2024-esperanza-de-vida-mapa,TJK,1977,58.2441
wpp2024-esperanza-de-vida-mapa,TJK,1978,58.396
wpp2024-esperanza-de-vida-mapa,TJK,1979,58.523
wpp2024-esperanza-de-vida-mapa,TJK,1980,58.6321
wpp2024-esperanza-de-vida-mapa,TJK,1981,58.7584
wpp2024-esperanza-de-vida-mapa,TJK,1982,60.1614
wpp2024-esperanza-de-vida-mapa,TJK,1983,60.4597
wpp2024-esperanza-de-vida-mapa,TJK,1984,60.6904
wpp2024-esperanza-de-vida-mapa,TJK,1985,60.9727
wpp2024-esperanza-de-vida-mapa,TJK,1986,61.8304
wpp2024-esperanza-de-vida-mapa,TJK,1987,61.5824
wpp2024-esperanza-de-vida-mapa,TJK,1988,61.8388
wpp2024-esperanza-de-vida-mapa,TJK,1989,61.7356
wpp2024-esperanza-de-vida-mapa,TJK,1990,61.6358
wpp2024-esperanza-de-vida-mapa,TJK,1991,61.6795
wpp2024-esperanza-de-vida-mapa,TJK,1992,57.0846
wpp2024-esperanza-de-vida-mapa,TJK,1993,55.5119
wpp2024-esperanza-de-vida-mapa,TJK,1994,60.0935
wpp2024-esperanza-de-vida-mapa,TJK,1995,61.389
wpp2024-esperanza-de-vida-mapa,TJK,1996,60.8059
wpp2024-esperanza-de-vida-mapa,TJK,1997,61.9285
wpp2024-esperanza-de-vida-mapa,TJK,1998,62.4037
wpp2024-esperanza-de-vida-mapa,TJK,1999,63.1138
wpp2024-esperanza-de-vida-mapa,TJK,2000,63.542
wpp2024-esperanza-de-vida-mapa,TJK,2001,64.197
wpp2024-esperanza-de-vida-mapa,TJK,2002,64.8983
wpp2024-esperanza-de-vida-mapa,TJK,2003,65.8742
wpp2024-esperanza-de-vida-mapa,TJK,2004,66.6042
wpp2024-esperanza-de-vida-mapa,TJK,2005,66.5313
wpp2024-esperanza-de-vida-mapa,TJK,2006,66.9968
wpp2024-esperanza-de-vida-mapa,TJK,2007,67.4046
wpp2024-esperanza-de-vida-mapa,TJK,2008,67.9243
wpp2024-esperanza-de-vida-mapa,TJK,2009,68.2475
wpp2024-esperanza-de-vida-mapa,TJK,2010,68.3698
wpp2024-esperanza-de-vida-mapa,TJK,2011,68.6983
wpp2024-esperanza-de-vida-mapa,TJK,2012,69.1296
wpp2024-esperanza-de-vida-mapa,TJK,2013,69.579
wpp2024-esperanza-de-vida-mapa,TJK,2014,69.697
wpp2024-esperanza-de-vida-mapa,TJK,2015,69.6647
wpp2024-esperanza-de-vida-mapa,TJK,2016,69.9819
wpp2024-esperanza-de-vida-mapa,TJK,2017,70.5241
wpp2024-esperanza-de-vida-mapa,TJK,2018,70.7366
wpp2024-esperanza-de-vida-mapa,TJK,2019,70.962
wpp2024-esperanza-de-vida-mapa,TJK,2020,68.6054
wpp2024-esperanza-de-vida-mapa,TJK,2021,69.5935
wpp2024-esperanza-de-vida-mapa,TJK,2022,71.5624
wpp2024-esperanza-de-vida-mapa,TJK,2023,71.7901
wpp2024-esperanza-de-vida-mapa,TKM,1950,48.097
wpp2024-esperanza-de-vida-mapa,TKM,1951,48.5581
wpp2024-esperanza-de-vida-mapa,TKM,1952,48.9714
wpp2024-esperanza-de-vida-mapa,TKM,1953,49.3648
wpp2024-esperanza-de-vida-mapa,TKM,1954,49.7609
wpp2024-esperanza-de-vida-mapa,TKM,1955,50.1554
wpp2024-esperanza-de-vida-mapa,TKM,1956,50.5694
wpp2024-esperanza-de-vida-mapa,TKM,1957,50.97
wpp2024-esperanza-de-vida-mapa,TKM,1958,51.3802
wpp2024-esperanza-de-vida-mapa,TKM,1959,51.768
wpp2024-esperanza-de-vida-mapa,TKM,1960,52.1492
wpp2024-esperanza-de-vida-mapa,TKM,1961,52.5097
wpp2024-esperanza-de-vida-mapa,TKM,1962,52.8678
wpp2024-esperanza-de-vida-mapa,TKM,1963,53.2281
wpp2024-esperanza-de-vida-mapa,TKM,1964,53.5947
wpp2024-esperanza-de-vida-mapa,TKM,1965,53.9855
wpp2024-esperanza-de-vida-mapa,TKM,1966,54.4026
wpp2024-esperanza-de-vida-mapa,TKM,1967,54.8371
wpp2024-esperanza-de-vida-mapa,TKM,1968,55.2738
wpp2024-esperanza-de-vida-mapa,TKM,1969,55.6897
wpp2024-esperanza-de-vida-mapa,TKM,1970,56.0455
wpp2024-esperanza-de-vida-mapa,TKM,1971,56.3493
wpp2024-esperanza-de-vida-mapa,TKM,1972,56.6028
wpp2024-esperanza-de-vida-mapa,TKM,1973,56.8362
wpp2024-esperanza-de-vida-mapa,TKM,1974,57.0403
wpp2024-esperanza-de-vida-mapa,TKM,1975,57.2407
wpp2024-esperanza-de-vida-mapa,TKM,1976,57.449
wpp2024-esperanza-de-vida-mapa,TKM,1977,57.689
wpp2024-esperanza-de-vida-mapa,TKM,1978,58.2787
wpp2024-esperanza-de-vida-mapa,TKM,1979,59.1199
wpp2024-esperanza-de-vida-mapa,TKM,1980,60.1815
wpp2024-esperanza-de-vida-mapa,TKM,1981,60.9831
wpp2024-esperanza-de-vida-mapa,TKM,1982,61.5772
wpp2024-esperanza-de-vida-mapa,TKM,1983,61.9876
wpp2024-esperanza-de-vida-mapa,TKM,1984,62.3636
wpp2024-esperanza-de-vida-mapa,TKM,1985,62.8027
wpp2024-esperanza-de-vida-mapa,TKM,1986,63.2118
wpp2024-esperanza-de-vida-mapa,TKM,1987,63.5314
wpp2024-esperanza-de-vida-mapa,TKM,1988,63.6987
wpp2024-esperanza-de-vida-mapa,TKM,1989,63.7815
wpp2024-esperanza-de-vida-mapa,TKM,1990,63.8665
wpp2024-esperanza-de-vida-mapa,TKM,1991,63.8424
wpp2024-esperanza-de-vida-mapa,TKM,1992,63.7528
wpp2024-esperanza-de-vida-mapa,TKM,1993,63.5855
wpp2024-esperanza-de-vida-mapa,TKM,1994,63.5148
wpp2024-esperanza-de-vida-mapa,TKM,1995,63.5137
wpp2024-esperanza-de-vida-mapa,TKM,1996,63.5378
wpp2024-esperanza-de-vida-mapa,TKM,1997,63.6674
wpp2024-esperanza-de-vida-mapa,TKM,1998,63.9664
wpp2024-esperanza-de-vida-mapa,TKM,1999,64.4749
wpp2024-esperanza-de-vida-mapa,TKM,2000,64.9315
wpp2024-esperanza-de-vida-mapa,TKM,2001,65.3246
wpp2024-esperanza-de-vida-mapa,TKM,2002,65.5934
wpp2024-esperanza-de-vida-mapa,TKM,2003,65.8538
wpp2024-esperanza-de-vida-mapa,TKM,2004,66.0548
wpp2024-esperanza-de-vida-mapa,TKM,2005,66.2747
wpp2024-esperanza-de-vida-mapa,TKM,2006,66.5744
wpp2024-esperanza-de-vida-mapa,TKM,2007,67.0198
wpp2024-esperanza-de-vida-mapa,TKM,2008,67.5836
wpp2024-esperanza-de-vida-mapa,TKM,2009,68.1552
wpp2024-esperanza-de-vida-mapa,TKM,2010,68.6078
wpp2024-esperanza-de-vida-mapa,TKM,2011,68.8696
wpp2024-esperanza-de-vida-mapa,TKM,2012,68.9607
wpp2024-esperanza-de-vida-mapa,TKM,2013,68.968
wpp2024-esperanza-de-vida-mapa,TKM,2014,69.0014
wpp2024-esperanza-de-vida-mapa,TKM,2015,69.0608
wpp2024-esperanza-de-vida-mapa,TKM,2016,69.1421
wpp2024-esperanza-de-vida-mapa,TKM,2017,69.19
wpp2024-esperanza-de-vida-mapa,TKM,2018,69.2718
wpp2024-esperanza-de-vida-mapa,TKM,2019,69.4046
wpp2024-esperanza-de-vida-mapa,TKM,2020,68.8457
wpp2024-esperanza-de-vida-mapa,TKM,2021,69.3525
wpp2024-esperanza-de-vida-mapa,TKM,2022,69.9133
wpp2024-esperanza-de-vida-mapa,TKM,2023,70.0727
wpp2024-esperanza-de-vida-mapa,UZB,1950,53.3425
wpp2024-esperanza-de-vida-mapa,UZB,1951,53.6568
wpp2024-esperanza-de-vida-mapa,UZB,1952,53.96
wpp2024-esperanza-de-vida-mapa,UZB,1953,54.2603
wpp2024-esperanza-de-vida-mapa,UZB,1954,54.5617
wpp2024-esperanza-de-vida-mapa,UZB,1955,54.8728
wpp2024-esperanza-de-vida-mapa,UZB,1956,55.1904
wpp2024-esperanza-de-vida-mapa,UZB,1957,55.5147
wpp2024-esperanza-de-vida-mapa,UZB,1958,55.8511
wpp2024-esperanza-de-vida-mapa,UZB,1959,56.1924
wpp2024-esperanza-de-vida-mapa,UZB,1960,56.5391
wpp2024-esperanza-de-vida-mapa,UZB,1961,56.8737
wpp2024-esperanza-de-vida-mapa,UZB,1962,57.2177
wpp2024-esperanza-de-vida-mapa,UZB,1963,57.5636
wpp2024-esperanza-de-vida-mapa,UZB,1964,57.9221
wpp2024-esperanza-de-vida-mapa,UZB,1965,58.2766
wpp2024-esperanza-de-vida-mapa,UZB,1966,58.6326
wpp2024-esperanza-de-vida-mapa,UZB,1967,58.9932
wpp2024-esperanza-de-vida-mapa,UZB,1968,59.3547
wpp2024-esperanza-de-vida-mapa,UZB,1969,59.7152
wpp2024-esperanza-de-vida-mapa,UZB,1970,60.0723
wpp2024-esperanza-de-vida-mapa,UZB,1971,60.4173
wpp2024-esperanza-de-vida-mapa,UZB,1972,60.75
wpp2024-esperanza-de-vida-mapa,UZB,1973,61.0583
wpp2024-esperanza-de-vida-mapa,UZB,1974,61.3549
wpp2024-esperanza-de-vida-mapa,UZB,1975,61.6319
wpp2024-esperanza-de-vida-mapa,UZB,1976,61.903
wpp2024-esperanza-de-vida-mapa,UZB,1977,62.1733
wpp2024-esperanza-de-vida-mapa,UZB,1978,62.44
wpp2024-esperanza-de-vida-mapa,UZB,1979,62.707
wpp2024-esperanza-de-vida-mapa,UZB,1980,62.9813
wpp2024-esperanza-de-vida-mapa,UZB,1981,63.2231
wpp2024-esperanza-de-vida-mapa,UZB,1982,63.4649
wpp2024-esperanza-de-vida-mapa,UZB,1983,63.7502
wpp2024-esperanza-de-vida-mapa,UZB,1984,64.1083
wpp2024-esperanza-de-vida-mapa,UZB,1985,64.5737
wpp2024-esperanza-de-vida-mapa,UZB,1986,65.0271
wpp2024-esperanza-de-vida-mapa,UZB,1987,65.4858
wpp2024-esperanza-de-vida-mapa,UZB,1988,65.7568
wpp2024-esperanza-de-vida-mapa,UZB,1989,65.8435
wpp2024-esperanza-de-vida-mapa,UZB,1990,65.7717
wpp2024-esperanza-de-vida-mapa,UZB,1991,65.5288
wpp2024-esperanza-de-vida-mapa,UZB,1992,65.2362
wpp2024-esperanza-de-vida-mapa,UZB,1993,64.9239
wpp2024-esperanza-de-vida-mapa,UZB,1994,64.6815
wpp2024-esperanza-de-vida-mapa,UZB,1995,64.6696
wpp2024-esperanza-de-vida-mapa,UZB,1996,64.7799
wpp2024-esperanza-de-vida-mapa,UZB,1997,65.0285
wpp2024-esperanza-de-vida-mapa,UZB,1998,65.1686
wpp2024-esperanza-de-vida-mapa,UZB,1999,65.3071
wpp2024-esperanza-de-vida-mapa,UZB,2000,65.456
wpp2024-esperanza-de-vida-mapa,UZB,2001,65.8532
wpp2024-esperanza-de-vida-mapa,UZB,2002,66.3763
wpp2024-esperanza-de-vida-mapa,UZB,2003,66.8523
wpp2024-esperanza-de-vida-mapa,UZB,2004,67.2031
wpp2024-esperanza-de-vida-mapa,UZB,2005,67.481
wpp2024-esperanza-de-vida-mapa,UZB,2006,67.9053
wpp2024-esperanza-de-vida-mapa,UZB,2007,68.4833
wpp2024-esperanza-de-vida-mapa,UZB,2008,69.0347
wpp2024-esperanza-de-vida-mapa,UZB,2009,69.517
wpp2024-esperanza-de-vida-mapa,UZB,2010,69.8364
wpp2024-esperanza-de-vida-mapa,UZB,2011,70.1429
wpp2024-esperanza-de-vida-mapa,UZB,2012,70.4108
wpp2024-esperanza-de-vida-mapa,UZB,2013,70.6925
wpp2024-esperanza-de-vida-mapa,UZB,2014,70.9732
wpp2024-esperanza-de-vida-mapa,UZB,2015,71.3298
wpp2024-esperanza-de-vida-mapa,UZB,2016,71.5798
wpp2024-esperanza-de-vida-mapa,UZB,2017,71.7372
wpp2024-esperanza-de-vida-mapa,UZB,2018,71.9988
wpp2024-esperanza-de-vida-mapa,UZB,2019,72.0934
wpp2024-esperanza-de-vida-mapa,UZB,2020,71.4613
wpp2024-esperanza-de-vida-mapa,UZB,2021,71.6808
wpp2024-esperanza-de-vida-mapa,UZB,2022,72.1465
wpp2024-esperanza-de-vida-mapa,UZB,2023,72.3884
wpp2024-esperanza-de-vida-mapa,CHN,1950,43.8289
wpp2024-esperanza-de-vida-mapa,CHN,1951,44.5567
wpp2024-esperanza-de-vida-mapa,CHN,1952,45.3416
wpp2024-esperanza-de-vida-mapa,CHN,1953,45.9092
wpp2024-esperanza-de-vida-mapa,CHN,1954,46.763
wpp2024-esperanza-de-vida-mapa,CHN,1955,47.2366
wpp2024-esperanza-de-vida-mapa,CHN,1956,47.8067
wpp2024-esperanza-de-vida-mapa,CHN,1957,48.3776
wpp2024-esperanza-de-vida-mapa,CHN,1958,48.8336
wpp2024-esperanza-de-vida-mapa,CHN,1959,40.1699
wpp2024-esperanza-de-vida-mapa,CHN,1960,33.419
wpp2024-esperanza-de-vida-mapa,CHN,1961,40.1583
wpp2024-esperanza-de-vida-mapa,CHN,1962,50.9594
wpp2024-esperanza-de-vida-mapa,CHN,1963,51.6698
wpp2024-esperanza-de-vida-mapa,CHN,1964,52.3425
wpp2024-esperanza-de-vida-mapa,CHN,1965,53.0009
wpp2024-esperanza-de-vida-mapa,CHN,1966,53.6624
wpp2024-esperanza-de-vida-mapa,CHN,1967,54.4005
wpp2024-esperanza-de-vida-mapa,CHN,1968,55.1908
wpp2024-esperanza-de-vida-mapa,CHN,1969,55.9878
wpp2024-esperanza-de-vida-mapa,CHN,1970,56.8241
wpp2024-esperanza-de-vida-mapa,CHN,1971,57.7312
wpp2024-esperanza-de-vida-mapa,CHN,1972,58.5789
wpp2024-esperanza-de-vida-mapa,CHN,1973,59.4961
wpp2024-esperanza-de-vida-mapa,CHN,1974,60.2408
wpp2024-esperanza-de-vida-mapa,CHN,1975,60.952
wpp2024-esperanza-de-vida-mapa,CHN,1976,61.225
wpp2024-esperanza-de-vida-mapa,CHN,1977,62.458
wpp2024-esperanza-de-vida-mapa,CHN,1978,63.1016
wpp2024-esperanza-de-vida-mapa,CHN,1979,63.7043
wpp2024-esperanza-de-vida-mapa,CHN,1980,64.2433
wpp2024-esperanza-de-vida-mapa,CHN,1981,64.7779
wpp2024-esperanza-de-vida-mapa,CHN,1982,65.2494
wpp2024-esperanza-de-vida-mapa,CHN,1983,65.7285
wpp2024-esperanza-de-vida-mapa,CHN,1984,66.1478
wpp2024-esperanza-de-vida-mapa,CHN,1985,66.5319
wpp2024-esperanza-de-vida-mapa,CHN,1986,66.8873
wpp2024-esperanza-de-vida-mapa,CHN,1987,67.263
wpp2024-esperanza-de-vida-mapa,CHN,1988,67.6071
wpp2024-esperanza-de-vida-mapa,CHN,1989,67.9303
wpp2024-esperanza-de-vida-mapa,CHN,1990,68.1547
wpp2024-esperanza-de-vida-mapa,CHN,1991,68.6099
wpp2024-esperanza-de-vida-mapa,CHN,1992,69.0587
wpp2024-esperanza-de-vida-mapa,CHN,1993,69.4924
wpp2024-esperanza-de-vida-mapa,CHN,1994,69.8355
wpp2024-esperanza-de-vida-mapa,CHN,1995,70.3631
wpp2024-esperanza-de-vida-mapa,CHN,1996,70.8225
wpp2024-esperanza-de-vida-mapa,CHN,1997,71.2271
wpp2024-esperanza-de-vida-mapa,CHN,1998,71.6014
wpp2024-esperanza-de-vida-mapa,CHN,1999,71.9519
wpp2024-esperanza-de-vida-mapa,CHN,2000,72.2885
wpp2024-esperanza-de-vida-mapa,CHN,2001,72.6755
wpp2024-esperanza-de-vida-mapa,CHN,2002,73.0339
wpp2024-esperanza-de-vida-mapa,CHN,2003,73.3853
wpp2024-esperanza-de-vida-mapa,CHN,2004,73.7274
wpp2024-esperanza-de-vida-mapa,CHN,2005,74.085
wpp2024-esperanza-de-vida-mapa,CHN,2006,74.4037
wpp2024-esperanza-de-vida-mapa,CHN,2007,74.7886
wpp2024-esperanza-de-vida-mapa,CHN,2008,74.8333
wpp2024-esperanza-de-vida-mapa,CHN,2009,75.3174
wpp2024-esperanza-de-vida-mapa,CHN,2010,75.6679
wpp2024-esperanza-de-vida-mapa,CHN,2011,75.8891
wpp2024-esperanza-de-vida-mapa,CHN,2012,76.2
wpp2024-esperanza-de-vida-mapa,CHN,2013,76.4521
wpp2024-esperanza-de-vida-mapa,CHN,2014,76.7143
wpp2024-esperanza-de-vida-mapa,CHN,2015,76.9755
wpp2024-esperanza-de-vida-mapa,CHN,2016,77.214
wpp2024-esperanza-de-vida-mapa,CHN,2017,77.2353
wpp2024-esperanza-de-vida-mapa,CHN,2018,77.709
wpp2024-esperanza-de-vida-mapa,CHN,2019,77.9396
wpp2024-esperanza-de-vida-mapa,CHN,2020,78.0191
wpp2024-esperanza-de-vida-mapa,CHN,2021,78.1166
wpp2024-esperanza-de-vida-mapa,CHN,2022,78.2021
wpp2024-esperanza-de-vida-mapa,CHN,2023,77.9529
wpp2024-esperanza-de-vida-mapa,PRK,1950,14.2015
wpp2024-esperanza-de-vida-mapa,PRK,1951,17.6635
wpp2024-esperanza-de-vida-mapa,PRK,1952,32.7909
wpp2024-esperanza-de-vida-mapa,PRK,1953,40.2559
wpp2024-esperanza-de-vida-mapa,PRK,1954,50.6336
wpp2024-esperanza-de-vida-mapa,PRK,1955,51.7663
wpp2024-esperanza-de-vida-mapa,PRK,1956,52.7829
wpp2024-esperanza-de-vida-mapa,PRK,1957,53.6785
wpp2024-esperanza-de-vida-mapa,PRK,1958,54.4781
wpp2024-esperanza-de-vida-mapa,PRK,1959,55.172
wpp2024-esperanza-de-vida-mapa,PRK,1960,55.8141
wpp2024-esperanza-de-vida-mapa,PRK,1961,56.4079
wpp2024-esperanza-de-vida-mapa,PRK,1962,56.9976
wpp2024-esperanza-de-vida-mapa,PRK,1963,57.5785
wpp2024-esperanza-de-vida-mapa,PRK,1964,58.1701
wpp2024-esperanza-de-vida-mapa,PRK,1965,58.7854
wpp2024-esperanza-de-vida-mapa,PRK,1966,59.4235
wpp2024-esperanza-de-vida-mapa,PRK,1967,60.0865
wpp2024-esperanza-de-vida-mapa,PRK,1968,60.7566
wpp2024-esperanza-de-vida-mapa,PRK,1969,61.4108
wpp2024-esperanza-de-vida-mapa,PRK,1970,62.0491
wpp2024-esperanza-de-vida-mapa,PRK,1971,62.6628
wpp2024-esperanza-de-vida-mapa,PRK,1972,63.2543
wpp2024-esperanza-de-vida-mapa,PRK,1973,63.8155
wpp2024-esperanza-de-vida-mapa,PRK,1974,64.3349
wpp2024-esperanza-de-vida-mapa,PRK,1975,64.8305
wpp2024-esperanza-de-vida-mapa,PRK,1976,65.3252
wpp2024-esperanza-de-vida-mapa,PRK,1977,65.8106
wpp2024-esperanza-de-vida-mapa,PRK,1978,66.2923
wpp2024-esperanza-de-vida-mapa,PRK,1979,66.7482
wpp2024-esperanza-de-vida-mapa,PRK,1980,67.2083
wpp2024-esperanza-de-vida-mapa,PRK,1981,67.6566
wpp2024-esperanza-de-vida-mapa,PRK,1982,68.0896
wpp2024-esperanza-de-vida-mapa,PRK,1983,68.5026
wpp2024-esperanza-de-vida-mapa,PRK,1984,68.8814
wpp2024-esperanza-de-vida-mapa,PRK,1985,69.2315
wpp2024-esperanza-de-vida-mapa,PRK,1986,69.5413
wpp2024-esperanza-de-vida-mapa,PRK,1987,69.7674
wpp2024-esperanza-de-vida-mapa,PRK,1988,70.0518
wpp2024-esperanza-de-vida-mapa,PRK,1989,70.2694
wpp2024-esperanza-de-vida-mapa,PRK,1990,70.4835
wpp2024-esperanza-de-vida-mapa,PRK,1991,70.7174
wpp2024-esperanza-de-vida-mapa,PRK,1992,71.0092
wpp2024-esperanza-de-vida-mapa,PRK,1993,70.7937
wpp2024-esperanza-de-vida-mapa,PRK,1994,70.4716
wpp2024-esperanza-de-vida-mapa,PRK,1995,60.766
wpp2024-esperanza-de-vida-mapa,PRK,1996,60.8204
wpp2024-esperanza-de-vida-mapa,PRK,1997,60.8694
wpp2024-esperanza-de-vida-mapa,PRK,1998,60.887
wpp2024-esperanza-de-vida-mapa,PRK,1999,60.9098
wpp2024-esperanza-de-vida-mapa,PRK,2000,60.9111
wpp2024-esperanza-de-vida-mapa,PRK,2001,60.8926
wpp2024-esperanza-de-vida-mapa,PRK,2002,60.8772
wpp2024-esperanza-de-vida-mapa,PRK,2003,69.3986
wpp2024-esperanza-de-vida-mapa,PRK,2004,69.2942
wpp2024-esperanza-de-vida-mapa,PRK,2005,69.1675
wpp2024-esperanza-de-vida-mapa,PRK,2006,69.0615
wpp2024-esperanza-de-vida-mapa,PRK,2007,69.0211
wpp2024-esperanza-de-vida-mapa,PRK,2008,69.3032
wpp2024-esperanza-de-vida-mapa,PRK,2009,69.7023
wpp2024-esperanza-de-vida-mapa,PRK,2010,70.2456
wpp2024-esperanza-de-vida-mapa,PRK,2011,70.7724
wpp2024-esperanza-de-vida-mapa,PRK,2012,71.3171
wpp2024-esperanza-de-vida-mapa,PRK,2013,71.8667
wpp2024-esperanza-de-vida-mapa,PRK,2014,72.4508
wpp2024-esperanza-de-vida-mapa,PRK,2015,72.8253
wpp2024-esperanza-de-vida-mapa,PRK,2016,72.9708
wpp2024-esperanza-de-vida-mapa,PRK,2017,73.0344
wpp2024-esperanza-de-vida-mapa,PRK,2018,73.0196
wpp2024-esperanza-de-vida-mapa,PRK,2019,72.9282
wpp2024-esperanza-de-vida-mapa,PRK,2020,72.7826
wpp2024-esperanza-de-vida-mapa,PRK,2021,73.4366
wpp2024-esperanza-de-vida-mapa,PRK,2022,73.6411
wpp2024-esperanza-de-vida-mapa,PRK,2023,73.6418
wpp2024-esperanza-de-vida-mapa,JPN,1950,59.2548
wpp2024-esperanza-de-vida-mapa,JPN,1951,60.9885
wpp2024-esperanza-de-vida-mapa,JPN,1952,62.9959
wpp2024-esperanza-de-vida-mapa,JPN,1953,63.3252
wpp2024-esperanza-de-vida-mapa,JPN,1954,64.5367
wpp2024-esperanza-de-vida-mapa,JPN,1955,65.7115
wpp2024-esperanza-de-vida-mapa,JPN,1956,65.5598
wpp2024-esperanza-de-vida-mapa,JPN,1957,65.4387
wpp2024-esperanza-de-vida-mapa,JPN,1958,67.0429
wpp2024-esperanza-de-vida-mapa,JPN,1959,67.4564
wpp2024-esperanza-de-vida-mapa,JPN,1960,67.718
wpp2024-esperanza-de-vida-mapa,JPN,1961,68.3705
wpp2024-esperanza-de-vida-mapa,JPN,1962,68.6668
wpp2024-esperanza-de-vida-mapa,JPN,1963,69.7463
wpp2024-esperanza-de-vida-mapa,JPN,1964,70.1973
wpp2024-esperanza-de-vida-mapa,JPN,1965,70.257
wpp2024-esperanza-de-vida-mapa,JPN,1966,71.0552
wpp2024-esperanza-de-vida-mapa,JPN,1967,71.401
wpp2024-esperanza-de-vida-mapa,JPN,1968,71.6718
wpp2024-esperanza-de-vida-mapa,JPN,1969,71.9225
wpp2024-esperanza-de-vida-mapa,JPN,1970,72.0073
wpp2024-esperanza-de-vida-mapa,JPN,1971,72.827
wpp2024-esperanza-de-vida-mapa,JPN,1972,73.2584
wpp2024-esperanza-de-vida-mapa,JPN,1973,73.4218
wpp2024-esperanza-de-vida-mapa,JPN,1974,73.8494
wpp2024-esperanza-de-vida-mapa,JPN,1975,74.3569
wpp2024-esperanza-de-vida-mapa,JPN,1976,74.7611
wpp2024-esperanza-de-vida-mapa,JPN,1977,75.3257
wpp2024-esperanza-de-vida-mapa,JPN,1978,75.6571
wpp2024-esperanza-de-vida-mapa,JPN,1979,76.1671
wpp2024-esperanza-de-vida-mapa,JPN,1980,76.1408
wpp2024-esperanza-de-vida-mapa,JPN,1981,76.5629
wpp2024-esperanza-de-vida-mapa,JPN,1982,77.0723
wpp2024-esperanza-de-vida-mapa,JPN,1983,77.1069
wpp2024-esperanza-de-vida-mapa,JPN,1984,77.5068
wpp2024-esperanza-de-vida-mapa,JPN,1985,77.799
wpp2024-esperanza-de-vida-mapa,JPN,1986,78.2119
wpp2024-esperanza-de-vida-mapa,JPN,1987,78.6307
wpp2024-esperanza-de-vida-mapa,JPN,1988,78.5454
wpp2024-esperanza-de-vida-mapa,JPN,1989,78.9799
wpp2024-esperanza-de-vida-mapa,JPN,1990,78.9928
wpp2024-esperanza-de-vida-mapa,JPN,1991,79.262
wpp2024-esperanza-de-vida-mapa,JPN,1992,79.303
wpp2024-esperanza-de-vida-mapa,JPN,1993,79.4461
wpp2024-esperanza-de-vida-mapa,JPN,1994,79.8366
wpp2024-esperanza-de-vida-mapa,JPN,1995,79.6837
wpp2024-esperanza-de-vida-mapa,JPN,1996,80.3627
wpp2024-esperanza-de-vida-mapa,JPN,1997,80.5836
wpp2024-esperanza-de-vida-mapa,JPN,1998,80.6487
wpp2024-esperanza-de-vida-mapa,JPN,1999,80.6129
wpp2024-esperanza-de-vida-mapa,JPN,2000,81.1788
wpp2024-esperanza-de-vida-mapa,JPN,2001,81.5101
wpp2024-esperanza-de-vida-mapa,JPN,2002,81.7952
wpp2024-esperanza-de-vida-mapa,JPN,2003,81.854
wpp2024-esperanza-de-vida-mapa,JPN,2004,82.1275
wpp2024-esperanza-de-vida-mapa,JPN,2005,82.0073
wpp2024-esperanza-de-vida-mapa,JPN,2006,82.3699
wpp2024-esperanza-de-vida-mapa,JPN,2007,82.5488
wpp2024-esperanza-de-vida-mapa,JPN,2008,82.6332
wpp2024-esperanza-de-vida-mapa,JPN,2009,82.9699
wpp2024-esperanza-de-vida-mapa,JPN,2010,82.916
wpp2024-esperanza-de-vida-mapa,JPN,2011,82.6705
wpp2024-esperanza-de-vida-mapa,JPN,2012,83.1676
wpp2024-esperanza-de-vida-mapa,JPN,2013,83.4018
wpp2024-esperanza-de-vida-mapa,JPN,2014,83.6434
wpp2024-esperanza-de-vida-mapa,JPN,2015,83.8832
wpp2024-esperanza-de-vida-mapa,JPN,2016,84.0568
wpp2024-esperanza-de-vida-mapa,JPN,2017,84.1891
wpp2024-esperanza-de-vida-mapa,JPN,2018,84.289
wpp2024-esperanza-de-vida-mapa,JPN,2019,84.4177
wpp2024-esperanza-de-vida-mapa,JPN,2020,84.6703
wpp2024-esperanza-de-vida-mapa,JPN,2021,84.55
wpp2024-esperanza-de-vida-mapa,JPN,2022,84.0541
wpp2024-esperanza-de-vida-mapa,JPN,2023,84.7123
wpp2024-esperanza-de-vida-mapa,MNG,1950,38.5981
wpp2024-esperanza-de-vida-mapa,MNG,1951,39.0525
wpp2024-esperanza-de-vida-mapa,MNG,1952,39.4042
wpp2024-esperanza-de-vida-mapa,MNG,1953,39.7713
wpp2024-esperanza-de-vida-mapa,MNG,1954,40.2072
wpp2024-esperanza-de-vida-mapa,MNG,1955,40.7345
wpp2024-esperanza-de-vida-mapa,MNG,1956,41.3525
wpp2024-esperanza-de-vida-mapa,MNG,1957,40.3987
wpp2024-esperanza-de-vida-mapa,MNG,1958,42.8381
wpp2024-esperanza-de-vida-mapa,MNG,1959,43.684
wpp2024-esperanza-de-vida-mapa,MNG,1960,44.5422
wpp2024-esperanza-de-vida-mapa,MNG,1961,45.4075
wpp2024-esperanza-de-vida-mapa,MNG,1962,46.2682
wpp2024-esperanza-de-vida-mapa,MNG,1963,47.1347
wpp2024-esperanza-de-vida-mapa,MNG,1964,47.9484
wpp2024-esperanza-de-vida-mapa,MNG,1965,48.7164
wpp2024-esperanza-de-vida-mapa,MNG,1966,49.3694
wpp2024-esperanza-de-vida-mapa,MNG,1967,50.1282
wpp2024-esperanza-de-vida-mapa,MNG,1968,50.7826
wpp2024-esperanza-de-vida-mapa,MNG,1969,51.4065
wpp2024-esperanza-de-vida-mapa,MNG,1970,51.9931
wpp2024-esperanza-de-vida-mapa,MNG,1971,52.5586
wpp2024-esperanza-de-vida-mapa,MNG,1972,53.1083
wpp2024-esperanza-de-vida-mapa,MNG,1973,53.6012
wpp2024-esperanza-de-vida-mapa,MNG,1974,54.0209
wpp2024-esperanza-de-vida-mapa,MNG,1975,54.3345
wpp2024-esperanza-de-vida-mapa,MNG,1976,54.5826
wpp2024-esperanza-de-vida-mapa,MNG,1977,54.771
wpp2024-esperanza-de-vida-mapa,MNG,1978,54.9233
wpp2024-esperanza-de-vida-mapa,MNG,1979,55.0687
wpp2024-esperanza-de-vida-mapa,MNG,1980,55.2202
wpp2024-esperanza-de-vida-mapa,MNG,1981,55.405
wpp2024-esperanza-de-vida-mapa,MNG,1982,55.623
wpp2024-esperanza-de-vida-mapa,MNG,1983,55.8725
wpp2024-esperanza-de-vida-mapa,MNG,1984,56.1465
wpp2024-esperanza-de-vida-mapa,MNG,1985,56.4415
wpp2024-esperanza-de-vida-mapa,MNG,1986,56.7632
wpp2024-esperanza-de-vida-mapa,MNG,1987,57.1194
wpp2024-esperanza-de-vida-mapa,MNG,1988,57.5082
wpp2024-esperanza-de-vida-mapa,MNG,1989,58.1296
wpp2024-esperanza-de-vida-mapa,MNG,1990,58.8174
wpp2024-esperanza-de-vida-mapa,MNG,1991,59.8178
wpp2024-esperanza-de-vida-mapa,MNG,1992,60.4404
wpp2024-esperanza-de-vida-mapa,MNG,1993,60.8286
wpp2024-esperanza-de-vida-mapa,MNG,1994,60.8555
wpp2024-esperanza-de-vida-mapa,MNG,1995,60.8909
wpp2024-esperanza-de-vida-mapa,MNG,1996,60.9996
wpp2024-esperanza-de-vida-mapa,MNG,1997,61.4377
wpp2024-esperanza-de-vida-mapa,MNG,1998,62.1208
wpp2024-esperanza-de-vida-mapa,MNG,1999,62.8346
wpp2024-esperanza-de-vida-mapa,MNG,2000,63.4577
wpp2024-esperanza-de-vida-mapa,MNG,2001,63.8055
wpp2024-esperanza-de-vida-mapa,MNG,2002,63.9924
wpp2024-esperanza-de-vida-mapa,MNG,2003,64.1349
wpp2024-esperanza-de-vida-mapa,MNG,2004,64.3431
wpp2024-esperanza-de-vida-mapa,MNG,2005,64.8105
wpp2024-esperanza-de-vida-mapa,MNG,2006,65.5694
wpp2024-esperanza-de-vida-mapa,MNG,2007,66.4713
wpp2024-esperanza-de-vida-mapa,MNG,2008,67.0861
wpp2024-esperanza-de-vida-mapa,MNG,2009,67.1727
wpp2024-esperanza-de-vida-mapa,MNG,2010,67.1004
wpp2024-esperanza-de-vida-mapa,MNG,2011,67.167
wpp2024-esperanza-de-vida-mapa,MNG,2012,67.6113
wpp2024-esperanza-de-vida-mapa,MNG,2013,68.2101
wpp2024-esperanza-de-vida-mapa,MNG,2014,68.7366
wpp2024-esperanza-de-vida-mapa,MNG,2015,69.2386
wpp2024-esperanza-de-vida-mapa,MNG,2016,69.736
wpp2024-esperanza-de-vida-mapa,MNG,2017,70.1709
wpp2024-esperanza-de-vida-mapa,MNG,2018,70.5743
wpp2024-esperanza-de-vida-mapa,MNG,2019,70.6631
wpp2024-esperanza-de-vida-mapa,MNG,2020,70.0291
wpp2024-esperanza-de-vida-mapa,MNG,2021,68.5654
wpp2024-esperanza-de-vida-mapa,MNG,2022,71.5049
wpp2024-esperanza-de-vida-mapa,MNG,2023,71.7341
wpp2024-esperanza-de-vida-mapa,KOR,1950,22.2262
wpp2024-esperanza-de-vida-mapa,KOR,1951,26.6418
wpp2024-esperanza-de-vida-mapa,KOR,1952,36.5663
wpp2024-esperanza-de-vida-mapa,KOR,1953,40.5054
wpp2024-esperanza-de-vida-mapa,KOR,1954,46.0778
wpp2024-esperanza-de-vida-mapa,KOR,1955,48.3534
wpp2024-esperanza-de-vida-mapa,KOR,1956,50.2037
wpp2024-esperanza-de-vida-mapa,KOR,1957,51.5543
wpp2024-esperanza-de-vida-mapa,KOR,1958,51.8362
wpp2024-esperanza-de-vida-mapa,KOR,1959,52.9353
wpp2024-esperanza-de-vida-mapa,KOR,1960,53.7567
wpp2024-esperanza-de-vida-mapa,KOR,1961,54.444
wpp2024-esperanza-de-vida-mapa,KOR,1962,55.0328
wpp2024-esperanza-de-vida-mapa,KOR,1963,54.9881
wpp2024-esperanza-de-vida-mapa,KOR,1964,55.3355
wpp2024-esperanza-de-vida-mapa,KOR,1965,55.7837
wpp2024-esperanza-de-vida-mapa,KOR,1966,55.4226
wpp2024-esperanza-de-vida-mapa,KOR,1967,60.8709
wpp2024-esperanza-de-vida-mapa,KOR,1968,60.8684
wpp2024-esperanza-de-vida-mapa,KOR,1969,61.426
wpp2024-esperanza-de-vida-mapa,KOR,1970,62.1754
wpp2024-esperanza-de-vida-mapa,KOR,1971,62.6697
wpp2024-esperanza-de-vida-mapa,KOR,1972,63.2199
wpp2024-esperanza-de-vida-mapa,KOR,1973,63.7732
wpp2024-esperanza-de-vida-mapa,KOR,1974,64.2389
wpp2024-esperanza-de-vida-mapa,KOR,1975,64.667
wpp2024-esperanza-de-vida-mapa,KOR,1976,65.0115
wpp2024-esperanza-de-vida-mapa,KOR,1977,64.6207
wpp2024-esperanza-de-vida-mapa,KOR,1978,64.9607
wpp2024-esperanza-de-vida-mapa,KOR,1979,66.1067
wpp2024-esperanza-de-vida-mapa,KOR,1980,64.8484
wpp2024-esperanza-de-vida-mapa,KOR,1981,67.1406
wpp2024-esperanza-de-vida-mapa,KOR,1982,67.0612
wpp2024-esperanza-de-vida-mapa,KOR,1983,66.7252
wpp2024-esperanza-de-vida-mapa,KOR,1984,68.1088
wpp2024-esperanza-de-vida-mapa,KOR,1985,68.4083
wpp2024-esperanza-de-vida-mapa,KOR,1986,69.0349
wpp2024-esperanza-de-vida-mapa,KOR,1987,69.315
wpp2024-esperanza-de-vida-mapa,KOR,1988,70.1603
wpp2024-esperanza-de-vida-mapa,KOR,1989,70.684
wpp2024-esperanza-de-vida-mapa,KOR,1990,70.9936
wpp2024-esperanza-de-vida-mapa,KOR,1991,71.4024
wpp2024-esperanza-de-vida-mapa,KOR,1992,72.1755
wpp2024-esperanza-de-vida-mapa,KOR,1993,72.7453
wpp2024-esperanza-de-vida-mapa,KOR,1994,72.889
wpp2024-esperanza-de-vida-mapa,KOR,1995,73.3752
wpp2024-esperanza-de-vida-mapa,KOR,1996,74.0207
wpp2024-esperanza-de-vida-mapa,KOR,1997,74.5313
wpp2024-esperanza-de-vida-mapa,KOR,1998,75.035
wpp2024-esperanza-de-vida-mapa,KOR,1999,75.6173
wpp2024-esperanza-de-vida-mapa,KOR,2000,76.2351
wpp2024-esperanza-de-vida-mapa,KOR,2001,76.9195
wpp2024-esperanza-de-vida-mapa,KOR,2002,77.2304
wpp2024-esperanza-de-vida-mapa,KOR,2003,77.4974
wpp2024-esperanza-de-vida-mapa,KOR,2004,77.9571
wpp2024-esperanza-de-vida-mapa,KOR,2005,78.4486
wpp2024-esperanza-de-vida-mapa,KOR,2006,79.0348
wpp2024-esperanza-de-vida-mapa,KOR,2007,79.4323
wpp2024-esperanza-de-vida-mapa,KOR,2008,79.9956
wpp2024-esperanza-de-vida-mapa,KOR,2009,80.5504
wpp2024-esperanza-de-vida-mapa,KOR,2010,80.7172
wpp2024-esperanza-de-vida-mapa,KOR,2011,81.1685
wpp2024-esperanza-de-vida-mapa,KOR,2012,81.3075
wpp2024-esperanza-de-vida-mapa,KOR,2013,81.8356
wpp2024-esperanza-de-vida-mapa,KOR,2014,82.3641
wpp2024-esperanza-de-vida-mapa,KOR,2015,82.5404
wpp2024-esperanza-de-vida-mapa,KOR,2016,82.9204
wpp2024-esperanza-de-vida-mapa,KOR,2017,83.2784
wpp2024-esperanza-de-vida-mapa,KOR,2018,83.34
wpp2024-esperanza-de-vida-mapa,KOR,2019,83.6846
wpp2024-esperanza-de-vida-mapa,KOR,2020,83.6752
wpp2024-esperanza-de-vida-mapa,KOR,2021,83.8517
wpp2024-esperanza-de-vida-mapa,KOR,2022,82.727
wpp2024-esperanza-de-vida-mapa,KOR,2023,84.3288
wpp2024-esperanza-de-vida-mapa,AFG,1950,28.1563
wpp2024-esperanza-de-vida-mapa,AFG,1951,28.5836
wpp2024-esperanza-de-vida-mapa,AFG,1952,29.0138
wpp2024-esperanza-de-vida-mapa,AFG,1953,29.4521
wpp2024-esperanza-de-vida-mapa,AFG,1954,29.6975
wpp2024-esperanza-de-vida-mapa,AFG,1955,30.366
wpp2024-esperanza-de-vida-mapa,AFG,1956,30.8303
wpp2024-esperanza-de-vida-mapa,AFG,1957,31.3451
wpp2024-esperanza-de-vida-mapa,AFG,1958,31.84
wpp2024-esperanza-de-vida-mapa,AFG,1959,32.3365
wpp2024-esperanza-de-vida-mapa,AFG,1960,32.7987
wpp2024-esperanza-de-vida-mapa,AFG,1961,33.291
wpp2024-esperanza-de-vida-mapa,AFG,1962,33.7565
wpp2024-esperanza-de-vida-mapa,AFG,1963,34.2008
wpp2024-esperanza-de-vida-mapa,AFG,1964,34.6726
wpp2024-esperanza-de-vida-mapa,AFG,1965,35.1245
wpp2024-esperanza-de-vida-mapa,AFG,1966,35.5831
wpp2024-esperanza-de-vida-mapa,AFG,1967,36.042
wpp2024-esperanza-de-vida-mapa,AFG,1968,36.5101
wpp2024-esperanza-de-vida-mapa,AFG,1969,36.979
wpp2024-esperanza-de-vida-mapa,AFG,1970,37.4601
wpp2024-esperanza-de-vida-mapa,AFG,1971,37.9324
wpp2024-esperanza-de-vida-mapa,AFG,1972,38.4226
wpp2024-esperanza-de-vida-mapa,AFG,1973,38.951
wpp2024-esperanza-de-vida-mapa,AFG,1974,39.4687
wpp2024-esperanza-de-vida-mapa,AFG,1975,39.9944
wpp2024-esperanza-de-vida-mapa,AFG,1976,40.5184
wpp2024-esperanza-de-vida-mapa,AFG,1977,41.0821
wpp2024-esperanza-de-vida-mapa,AFG,1978,40.0859
wpp2024-esperanza-de-vida-mapa,AFG,1979,38.8441
wpp2024-esperanza-de-vida-mapa,AFG,1980,39.2581
wpp2024-esperanza-de-vida-mapa,AFG,1981,39.4058
wpp2024-esperanza-de-vida-mapa,AFG,1982,36.0577
wpp2024-esperanza-de-vida-mapa,AFG,1983,36.5174
wpp2024-esperanza-de-vida-mapa,AFG,1984,31.4732
wpp2024-esperanza-de-vida-mapa,AFG,1985,32.1316
wpp2024-esperanza-de-vida-mapa,AFG,1986,38.4001
wpp2024-esperanza-de-vida-mapa,AFG,1987,38.8312
wpp2024-esperanza-de-vida-mapa,AFG,1988,43.2381
wpp2024-esperanza-de-vida-mapa,AFG,1989,44.4961
wpp2024-esperanza-de-vida-mapa,AFG,1990,45.1183
wpp2024-esperanza-de-vida-mapa,AFG,1991,45.5207
wpp2024-esperanza-de-vida-mapa,AFG,1992,46.5691
wpp2024-esperanza-de-vida-mapa,AFG,1993,51.0212
wpp2024-esperanza-de-vida-mapa,AFG,1994,50.9689
wpp2024-esperanza-de-vida-mapa,AFG,1995,52.1032
wpp2024-esperanza-de-vida-mapa,AFG,1996,52.8302
wpp2024-esperanza-de-vida-mapa,AFG,1997,53.2123
wpp2024-esperanza-de-vida-mapa,AFG,1998,52.487
wpp2024-esperanza-de-vida-mapa,AFG,1999,54.5324
wpp2024-esperanza-de-vida-mapa,AFG,2000,55.0047
wpp2024-esperanza-de-vida-mapa,AFG,2001,55.5113
wpp2024-esperanza-de-vida-mapa,AFG,2002,56.2251
wpp2024-esperanza-de-vida-mapa,AFG,2003,57.1713
wpp2024-esperanza-de-vida-mapa,AFG,2004,57.8098
wpp2024-esperanza-de-vida-mapa,AFG,2005,58.2468
wpp2024-esperanza-de-vida-mapa,AFG,2006,58.5533
wpp2024-esperanza-de-vida-mapa,AFG,2007,58.9563
wpp2024-esperanza-de-vida-mapa,AFG,2008,59.7081
wpp2024-esperanza-de-vida-mapa,AFG,2009,60.2478
wpp2024-esperanza-de-vida-mapa,AFG,2010,60.7018
wpp2024-esperanza-de-vida-mapa,AFG,2011,61.2503
wpp2024-esperanza-de-vida-mapa,AFG,2012,61.7349
wpp2024-esperanza-de-vida-mapa,AFG,2013,62.1878
wpp2024-esperanza-de-vida-mapa,AFG,2014,62.2599
wpp2024-esperanza-de-vida-mapa,AFG,2015,62.2695
wpp2024-esperanza-de-vida-mapa,AFG,2016,62.6459
wpp2024-esperanza-de-vida-mapa,AFG,2017,62.4062
wpp2024-esperanza-de-vida-mapa,AFG,2018,62.4434
wpp2024-esperanza-de-vida-mapa,AFG,2019,62.9411
wpp2024-esperanza-de-vida-mapa,AFG,2020,61.4537
wpp2024-esperanza-de-vida-mapa,AFG,2021,60.4174
wpp2024-esperanza-de-vida-mapa,AFG,2022,65.617
wpp2024-esperanza-de-vida-mapa,AFG,2023,66.0346
wpp2024-esperanza-de-vida-mapa,BGD,1950,37.4114
wpp2024-esperanza-de-vida-mapa,BGD,1951,38.1362
wpp2024-esperanza-de-vida-mapa,BGD,1952,38.8443
wpp2024-esperanza-de-vida-mapa,BGD,1953,39.4449
wpp2024-esperanza-de-vida-mapa,BGD,1954,40.3718
wpp2024-esperanza-de-vida-mapa,BGD,1955,41.0664
wpp2024-esperanza-de-vida-mapa,BGD,1956,41.6034
wpp2024-esperanza-de-vida-mapa,BGD,1957,42.5748
wpp2024-esperanza-de-vida-mapa,BGD,1958,43.0829
wpp2024-esperanza-de-vida-mapa,BGD,1959,43.7158
wpp2024-esperanza-de-vida-mapa,BGD,1960,43.9795
wpp2024-esperanza-de-vida-mapa,BGD,1961,44.8874
wpp2024-esperanza-de-vida-mapa,BGD,1962,45.7651
wpp2024-esperanza-de-vida-mapa,BGD,1963,45.7217
wpp2024-esperanza-de-vida-mapa,BGD,1964,46.7522
wpp2024-esperanza-de-vida-mapa,BGD,1965,46.0464
wpp2024-esperanza-de-vida-mapa,BGD,1966,47.6443
wpp2024-esperanza-de-vida-mapa,BGD,1967,48.0658
wpp2024-esperanza-de-vida-mapa,BGD,1968,48.4003
wpp2024-esperanza-de-vida-mapa,BGD,1969,48.6864
wpp2024-esperanza-de-vida-mapa,BGD,1970,42.6672
wpp2024-esperanza-de-vida-mapa,BGD,1971,26.5218
wpp2024-esperanza-de-vida-mapa,BGD,1972,49.6465
wpp2024-esperanza-de-vida-mapa,BGD,1973,49.9142
wpp2024-esperanza-de-vida-mapa,BGD,1974,49.5885
wpp2024-esperanza-de-vida-mapa,BGD,1975,50.6268
wpp2024-esperanza-de-vida-mapa,BGD,1976,50.9509
wpp2024-esperanza-de-vida-mapa,BGD,1977,51.2652
wpp2024-esperanza-de-vida-mapa,BGD,1978,51.5964
wpp2024-esperanza-de-vida-mapa,BGD,1979,51.9585
wpp2024-esperanza-de-vida-mapa,BGD,1980,52.2778
wpp2024-esperanza-de-vida-mapa,BGD,1981,52.6383
wpp2024-esperanza-de-vida-mapa,BGD,1982,53.0119
wpp2024-esperanza-de-vida-mapa,BGD,1983,53.4409
wpp2024-esperanza-de-vida-mapa,BGD,1984,53.8259
wpp2024-esperanza-de-vida-mapa,BGD,1985,53.9371
wpp2024-esperanza-de-vida-mapa,BGD,1986,54.5915
wpp2024-esperanza-de-vida-mapa,BGD,1987,54.8992
wpp2024-esperanza-de-vida-mapa,BGD,1988,55.1744
wpp2024-esperanza-de-vida-mapa,BGD,1989,55.5135
wpp2024-esperanza-de-vida-mapa,BGD,1990,55.8219
wpp2024-esperanza-de-vida-mapa,BGD,1991,53.7809
wpp2024-esperanza-de-vida-mapa,BGD,1992,56.5915
wpp2024-esperanza-de-vida-mapa,BGD,1993,57.0729
wpp2024-esperanza-de-vida-mapa,BGD,1994,57.6403
wpp2024-esperanza-de-vida-mapa,BGD,1995,58.2442
wpp2024-esperanza-de-vida-mapa,BGD,1996,58.9395
wpp2024-esperanza-de-vida-mapa,BGD,1997,59.6713
wpp2024-esperanza-de-vida-mapa,BGD,1998,60.4291
wpp2024-esperanza-de-vida-mapa,BGD,1999,61.2444
wpp2024-esperanza-de-vida-mapa,BGD,2000,62.0487
wpp2024-esperanza-de-vida-mapa,BGD,2001,62.8358
wpp2024-esperanza-de-vida-mapa,BGD,2002,63.5914
wpp2024-esperanza-de-vida-mapa,BGD,2003,64.2877
wpp2024-esperanza-de-vida-mapa,BGD,2004,64.9118
wpp2024-esperanza-de-vida-mapa,BGD,2005,65.5087
wpp2024-esperanza-de-vida-mapa,BGD,2006,66.0479
wpp2024-esperanza-de-vida-mapa,BGD,2007,66.4578
wpp2024-esperanza-de-vida-mapa,BGD,2008,67.0471
wpp2024-esperanza-de-vida-mapa,BGD,2009,67.5269
wpp2024-esperanza-de-vida-mapa,BGD,2010,68.0091
wpp2024-esperanza-de-vida-mapa,BGD,2011,68.4988
wpp2024-esperanza-de-vida-mapa,BGD,2012,68.9894
wpp2024-esperanza-de-vida-mapa,BGD,2013,69.4874
wpp2024-esperanza-de-vida-mapa,BGD,2014,70.0162
wpp2024-esperanza-de-vida-mapa,BGD,2015,70.5429
wpp2024-esperanza-de-vida-mapa,BGD,2016,71.0752
wpp2024-esperanza-de-vida-mapa,BGD,2017,71.6056
wpp2024-esperanza-de-vida-mapa,BGD,2018,72.1217
wpp2024-esperanza-de-vida-mapa,BGD,2019,72.6254
wpp2024-esperanza-de-vida-mapa,BGD,2020,71.4211
wpp2024-esperanza-de-vida-mapa,BGD,2021,71.1035
wpp2024-esperanza-de-vida-mapa,BGD,2022,74.2647
wpp2024-esperanza-de-vida-mapa,BGD,2023,74.6723
wpp2024-esperanza-de-vida-mapa,BTN,1950,35.3081
wpp2024-esperanza-de-vida-mapa,BTN,1951,35.3322
wpp2024-esperanza-de-vida-mapa,BTN,1952,35.3538
wpp2024-esperanza-de-vida-mapa,BTN,1953,35.3869
wpp2024-esperanza-de-vida-mapa,BTN,1954,35.438
wpp2024-esperanza-de-vida-mapa,BTN,1955,35.5132
wpp2024-esperanza-de-vida-mapa,BTN,1956,35.6159
wpp2024-esperanza-de-vida-mapa,BTN,1957,35.7491
wpp2024-esperanza-de-vida-mapa,BTN,1958,35.9148
wpp2024-esperanza-de-vida-mapa,BTN,1959,36.1217
wpp2024-esperanza-de-vida-mapa,BTN,1960,36.3674
wpp2024-esperanza-de-vida-mapa,BTN,1961,36.6537
wpp2024-esperanza-de-vida-mapa,BTN,1962,36.9916
wpp2024-esperanza-de-vida-mapa,BTN,1963,37.37
wpp2024-esperanza-de-vida-mapa,BTN,1964,37.7961
wpp2024-esperanza-de-vida-mapa,BTN,1965,38.2633
wpp2024-esperanza-de-vida-mapa,BTN,1966,38.7893
wpp2024-esperanza-de-vida-mapa,BTN,1967,39.3587
wpp2024-esperanza-de-vida-mapa,BTN,1968,39.9598
wpp2024-esperanza-de-vida-mapa,BTN,1969,40.5665
wpp2024-esperanza-de-vida-mapa,BTN,1970,41.1854
wpp2024-esperanza-de-vida-mapa,BTN,1971,41.83
wpp2024-esperanza-de-vida-mapa,BTN,1972,42.4868
wpp2024-esperanza-de-vida-mapa,BTN,1973,43.1358
wpp2024-esperanza-de-vida-mapa,BTN,1974,43.8002
wpp2024-esperanza-de-vida-mapa,BTN,1975,44.5129
wpp2024-esperanza-de-vida-mapa,BTN,1976,45.2302
wpp2024-esperanza-de-vida-mapa,BTN,1977,45.9504
wpp2024-esperanza-de-vida-mapa,BTN,1978,46.6912
wpp2024-esperanza-de-vida-mapa,BTN,1979,47.4455
wpp2024-esperanza-de-vida-mapa,BTN,1980,48.1981
wpp2024-esperanza-de-vida-mapa,BTN,1981,48.9749
wpp2024-esperanza-de-vida-mapa,BTN,1982,49.7755
wpp2024-esperanza-de-vida-mapa,BTN,1983,50.5534
wpp2024-esperanza-de-vida-mapa,BTN,1984,51.3133
wpp2024-esperanza-de-vida-mapa,BTN,1985,52.0334
wpp2024-esperanza-de-vida-mapa,BTN,1986,52.8263
wpp2024-esperanza-de-vida-mapa,BTN,1987,53.6201
wpp2024-esperanza-de-vida-mapa,BTN,1988,54.3848
wpp2024-esperanza-de-vida-mapa,BTN,1989,55.12
wpp2024-esperanza-de-vida-mapa,BTN,1990,55.811
wpp2024-esperanza-de-vida-mapa,BTN,1991,56.4509
wpp2024-esperanza-de-vida-mapa,BTN,1992,57.208
wpp2024-esperanza-de-vida-mapa,BTN,1993,57.9059
wpp2024-esperanza-de-vida-mapa,BTN,1994,58.3951
wpp2024-esperanza-de-vida-mapa,BTN,1995,59.2766
wpp2024-esperanza-de-vida-mapa,BTN,1996,59.9816
wpp2024-esperanza-de-vida-mapa,BTN,1997,60.6392
wpp2024-esperanza-de-vida-mapa,BTN,1998,61.3225
wpp2024-esperanza-de-vida-mapa,BTN,1999,62.0323
wpp2024-esperanza-de-vida-mapa,BTN,2000,61.8417
wpp2024-esperanza-de-vida-mapa,BTN,2001,63.3226
wpp2024-esperanza-de-vida-mapa,BTN,2002,63.984
wpp2024-esperanza-de-vida-mapa,BTN,2003,64.6619
wpp2024-esperanza-de-vida-mapa,BTN,2004,65.2898
wpp2024-esperanza-de-vida-mapa,BTN,2005,65.8746
wpp2024-esperanza-de-vida-mapa,BTN,2006,66.4992
wpp2024-esperanza-de-vida-mapa,BTN,2007,67.1518
wpp2024-esperanza-de-vida-mapa,BTN,2008,67.7329
wpp2024-esperanza-de-vida-mapa,BTN,2009,68.1565
wpp2024-esperanza-de-vida-mapa,BTN,2010,68.7648
wpp2024-esperanza-de-vida-mapa,BTN,2011,69.2802
wpp2024-esperanza-de-vida-mapa,BTN,2012,69.7589
wpp2024-esperanza-de-vida-mapa,BTN,2013,70.1611
wpp2024-esperanza-de-vida-mapa,BTN,2014,70.5035
wpp2024-esperanza-de-vida-mapa,BTN,2015,70.7971
wpp2024-esperanza-de-vida-mapa,BTN,2016,71.1193
wpp2024-esperanza-de-vida-mapa,BTN,2017,71.4127
wpp2024-esperanza-de-vida-mapa,BTN,2018,71.7113
wpp2024-esperanza-de-vida-mapa,BTN,2019,72.0049
wpp2024-esperanza-de-vida-mapa,BTN,2020,72.2531
wpp2024-esperanza-de-vida-mapa,BTN,2021,72.4482
wpp2024-esperanza-de-vida-mapa,BTN,2022,72.754
wpp2024-esperanza-de-vida-mapa,BTN,2023,72.9753
wpp2024-esperanza-de-vida-mapa,IND,1950,41.1815
wpp2024-esperanza-de-vida-mapa,IND,1951,41.5954
wpp2024-esperanza-de-vida-mapa,IND,1952,42.0866
wpp2024-esperanza-de-vida-mapa,IND,1953,42.3863
wpp2024-esperanza-de-vida-mapa,IND,1954,43.2483
wpp2024-esperanza-de-vida-mapa,IND,1955,43.7399
wpp2024-esperanza-de-vida-mapa,IND,1956,44.133
wpp2024-esperanza-de-vida-mapa,IND,1957,44.4145
wpp2024-esperanza-de-vida-mapa,IND,1958,44.7776
wpp2024-esperanza-de-vida-mapa,IND,1959,45.2602
wpp2024-esperanza-de-vida-mapa,IND,1960,45.6104
wpp2024-esperanza-de-vida-mapa,IND,1961,45.8244
wpp2024-esperanza-de-vida-mapa,IND,1962,46.1335
wpp2024-esperanza-de-vida-mapa,IND,1963,46.4581
wpp2024-esperanza-de-vida-mapa,IND,1964,46.7418
wpp2024-esperanza-de-vida-mapa,IND,1965,45.5579
wpp2024-esperanza-de-vida-mapa,IND,1966,45.8839
wpp2024-esperanza-de-vida-mapa,IND,1967,46.1835
wpp2024-esperanza-de-vida-mapa,IND,1968,47.9249
wpp2024-esperanza-de-vida-mapa,IND,1969,48.2601
wpp2024-esperanza-de-vida-mapa,IND,1970,48.5852
wpp2024-esperanza-de-vida-mapa,IND,1971,48.9023
wpp2024-esperanza-de-vida-mapa,IND,1972,49.2126
wpp2024-esperanza-de-vida-mapa,IND,1973,49.6418
wpp2024-esperanza-de-vida-mapa,IND,1974,50.2589
wpp2024-esperanza-de-vida-mapa,IND,1975,50.7615
wpp2024-esperanza-de-vida-mapa,IND,1976,51.3019
wpp2024-esperanza-de-vida-mapa,IND,1977,51.8221
wpp2024-esperanza-de-vida-mapa,IND,1978,52.4204
wpp2024-esperanza-de-vida-mapa,IND,1979,53.0143
wpp2024-esperanza-de-vida-mapa,IND,1980,53.5928
wpp2024-esperanza-de-vida-mapa,IND,1981,54.1726
wpp2024-esperanza-de-vida-mapa,IND,1982,54.7354
wpp2024-esperanza-de-vida-mapa,IND,1983,55.2829
wpp2024-esperanza-de-vida-mapa,IND,1984,55.8125
wpp2024-esperanza-de-vida-mapa,IND,1985,56.3239
wpp2024-esperanza-de-vida-mapa,IND,1986,56.8193
wpp2024-esperanza-de-vida-mapa,IND,1987,57.2908
wpp2024-esperanza-de-vida-mapa,IND,1988,57.7443
wpp2024-esperanza-de-vida-mapa,IND,1989,58.1959
wpp2024-esperanza-de-vida-mapa,IND,1990,58.6184
wpp2024-esperanza-de-vida-mapa,IND,1991,59.0324
wpp2024-esperanza-de-vida-mapa,IND,1992,59.445
wpp2024-esperanza-de-vida-mapa,IND,1993,59.823
wpp2024-esperanza-de-vida-mapa,IND,1994,60.2372
wpp2024-esperanza-de-vida-mapa,IND,1995,60.6295
wpp2024-esperanza-de-vida-mapa,IND,1996,61.0269
wpp2024-esperanza-de-vida-mapa,IND,1997,61.4393
wpp2024-esperanza-de-vida-mapa,IND,1998,61.8525
wpp2024-esperanza-de-vida-mapa,IND,1999,62.2837
wpp2024-esperanza-de-vida-mapa,IND,2000,62.7492
wpp2024-esperanza-de-vida-mapa,IND,2001,63.1581
wpp2024-esperanza-de-vida-mapa,IND,2002,63.6486
wpp2024-esperanza-de-vida-mapa,IND,2003,64.0862
wpp2024-esperanza-de-vida-mapa,IND,2004,64.4843
wpp2024-esperanza-de-vida-mapa,IND,2005,64.9385
wpp2024-esperanza-de-vida-mapa,IND,2006,65.3726
wpp2024-esperanza-de-vida-mapa,IND,2007,65.8034
wpp2024-esperanza-de-vida-mapa,IND,2008,66.2471
wpp2024-esperanza-de-vida-mapa,IND,2009,66.7001
wpp2024-esperanza-de-vida-mapa,IND,2010,67.1616
wpp2024-esperanza-de-vida-mapa,IND,2011,67.6228
wpp2024-esperanza-de-vida-mapa,IND,2012,68.0763
wpp2024-esperanza-de-vida-mapa,IND,2013,68.499
wpp2024-esperanza-de-vida-mapa,IND,2014,68.9323
wpp2024-esperanza-de-vida-mapa,IND,2015,69.326
wpp2024-esperanza-de-vida-mapa,IND,2016,69.7091
wpp2024-esperanza-de-vida-mapa,IND,2017,70.0676
wpp2024-esperanza-de-vida-mapa,IND,2018,70.4152
wpp2024-esperanza-de-vida-mapa,IND,2019,70.7463
wpp2024-esperanza-de-vida-mapa,IND,2020,70.1563
wpp2024-esperanza-de-vida-mapa,IND,2021,67.2823
wpp2024-esperanza-de-vida-mapa,IND,2022,71.6984
wpp2024-esperanza-de-vida-mapa,IND,2023,72.0026
wpp2024-esperanza-de-vida-mapa,IRN,1950,38.1932
wpp2024-esperanza-de-vida-mapa,IRN,1951,38.6607
wpp2024-esperanza-de-vida-mapa,IRN,1952,39.1504
wpp2024-esperanza-de-vida-mapa,IRN,1953,39.5111
wpp2024-esperanza-de-vida-mapa,IRN,1954,39.9956
wpp2024-esperanza-de-vida-mapa,IRN,1955,40.6234
wpp2024-esperanza-de-vida-mapa,IRN,1956,41.0547
wpp2024-esperanza-de-vida-mapa,IRN,1957,41.309
wpp2024-esperanza-de-vida-mapa,IRN,1958,42.1962
wpp2024-esperanza-de-vida-mapa,IRN,1959,42.7614
wpp2024-esperanza-de-vida-mapa,IRN,1960,43.2965
wpp2024-esperanza-de-vida-mapa,IRN,1961,43.9003
wpp2024-esperanza-de-vida-mapa,IRN,1962,43.7687
wpp2024-esperanza-de-vida-mapa,IRN,1963,45.1051
wpp2024-esperanza-de-vida-mapa,IRN,1964,45.7351
wpp2024-esperanza-de-vida-mapa,IRN,1965,46.3723
wpp2024-esperanza-de-vida-mapa,IRN,1966,47.0725
wpp2024-esperanza-de-vida-mapa,IRN,1967,47.8033
wpp2024-esperanza-de-vida-mapa,IRN,1968,47.9464
wpp2024-esperanza-de-vida-mapa,IRN,1969,49.3819
wpp2024-esperanza-de-vida-mapa,IRN,1970,50.2223
wpp2024-esperanza-de-vida-mapa,IRN,1971,51.1197
wpp2024-esperanza-de-vida-mapa,IRN,1972,51.7293
wpp2024-esperanza-de-vida-mapa,IRN,1973,52.9438
wpp2024-esperanza-de-vida-mapa,IRN,1974,53.862
wpp2024-esperanza-de-vida-mapa,IRN,1975,54.8194
wpp2024-esperanza-de-vida-mapa,IRN,1976,55.771
wpp2024-esperanza-de-vida-mapa,IRN,1977,56.6598
wpp2024-esperanza-de-vida-mapa,IRN,1978,56.0416
wpp2024-esperanza-de-vida-mapa,IRN,1979,58.4528
wpp2024-esperanza-de-vida-mapa,IRN,1980,58.3689
wpp2024-esperanza-de-vida-mapa,IRN,1981,56.6253
wpp2024-esperanza-de-vida-mapa,IRN,1982,57.6331
wpp2024-esperanza-de-vida-mapa,IRN,1983,58.5184
wpp2024-esperanza-de-vida-mapa,IRN,1984,60.875
wpp2024-esperanza-de-vida-mapa,IRN,1985,61.5366
wpp2024-esperanza-de-vida-mapa,IRN,1986,62.1363
wpp2024-esperanza-de-vida-mapa,IRN,1987,62.6848
wpp2024-esperanza-de-vida-mapa,IRN,1988,63.2552
wpp2024-esperanza-de-vida-mapa,IRN,1989,65.3138
wpp2024-esperanza-de-vida-mapa,IRN,1990,64.0656
wpp2024-esperanza-de-vida-mapa,IRN,1991,66.2325
wpp2024-esperanza-de-vida-mapa,IRN,1992,66.6528
wpp2024-esperanza-de-vida-mapa,IRN,1993,67.0373
wpp2024-esperanza-de-vida-mapa,IRN,1994,67.4901
wpp2024-esperanza-de-vida-mapa,IRN,1995,67.9036
wpp2024-esperanza-de-vida-mapa,IRN,1996,68.328
wpp2024-esperanza-de-vida-mapa,IRN,1997,68.649
wpp2024-esperanza-de-vida-mapa,IRN,1998,69.2136
wpp2024-esperanza-de-vida-mapa,IRN,1999,69.6858
wpp2024-esperanza-de-vida-mapa,IRN,2000,70.1665
wpp2024-esperanza-de-vida-mapa,IRN,2001,70.6188
wpp2024-esperanza-de-vida-mapa,IRN,2002,71.1118
wpp2024-esperanza-de-vida-mapa,IRN,2003,70.4642
wpp2024-esperanza-de-vida-mapa,IRN,2004,72.0401
wpp2024-esperanza-de-vida-mapa,IRN,2005,72.4463
wpp2024-esperanza-de-vida-mapa,IRN,2006,72.8953
wpp2024-esperanza-de-vida-mapa,IRN,2007,73.2992
wpp2024-esperanza-de-vida-mapa,IRN,2008,73.6835
wpp2024-esperanza-de-vida-mapa,IRN,2009,74.0412
wpp2024-esperanza-de-vida-mapa,IRN,2010,74.3896
wpp2024-esperanza-de-vida-mapa,IRN,2011,74.7207
wpp2024-esperanza-de-vida-mapa,IRN,2012,75.039
wpp2024-esperanza-de-vida-mapa,IRN,2013,75.3486
wpp2024-esperanza-de-vida-mapa,IRN,2014,75.6352
wpp2024-esperanza-de-vida-mapa,IRN,2015,75.9073
wpp2024-esperanza-de-vida-mapa,IRN,2016,76.1551
wpp2024-esperanza-de-vida-mapa,IRN,2017,76.3963
wpp2024-esperanza-de-vida-mapa,IRN,2018,76.6205
wpp2024-esperanza-de-vida-mapa,IRN,2019,76.8549
wpp2024-esperanza-de-vida-mapa,IRN,2020,74.1406
wpp2024-esperanza-de-vida-mapa,IRN,2021,73.7521
wpp2024-esperanza-de-vida-mapa,IRN,2022,76.7993
wpp2024-esperanza-de-vida-mapa,IRN,2023,77.6545
wpp2024-esperanza-de-vida-mapa,MDV,1950,36.4929
wpp2024-esperanza-de-vida-mapa,MDV,1951,37.0766
wpp2024-esperanza-de-vida-mapa,MDV,1952,36.9984
wpp2024-esperanza-de-vida-mapa,MDV,1953,36.9461
wpp2024-esperanza-de-vida-mapa,MDV,1954,36.9478
wpp2024-esperanza-de-vida-mapa,MDV,1955,37.0121
wpp2024-esperanza-de-vida-mapa,MDV,1956,37.1457
wpp2024-esperanza-de-vida-mapa,MDV,1957,37.3368
wpp2024-esperanza-de-vida-mapa,MDV,1958,37.585
wpp2024-esperanza-de-vida-mapa,MDV,1959,37.8863
wpp2024-esperanza-de-vida-mapa,MDV,1960,38.2441
wpp2024-esperanza-de-vida-mapa,MDV,1961,38.6455
wpp2024-esperanza-de-vida-mapa,MDV,1962,39.0899
wpp2024-esperanza-de-vida-mapa,MDV,1963,39.5935
wpp2024-esperanza-de-vida-mapa,MDV,1964,40.1519
wpp2024-esperanza-de-vida-mapa,MDV,1965,40.7586
wpp2024-esperanza-de-vida-mapa,MDV,1966,41.4058
wpp2024-esperanza-de-vida-mapa,MDV,1967,42.1064
wpp2024-esperanza-de-vida-mapa,MDV,1968,42.8515
wpp2024-esperanza-de-vida-mapa,MDV,1969,43.654
wpp2024-esperanza-de-vida-mapa,MDV,1970,44.5217
wpp2024-esperanza-de-vida-mapa,MDV,1971,45.4542
wpp2024-esperanza-de-vida-mapa,MDV,1972,46.431
wpp2024-esperanza-de-vida-mapa,MDV,1973,47.4588
wpp2024-esperanza-de-vida-mapa,MDV,1974,48.5347
wpp2024-esperanza-de-vida-mapa,MDV,1975,49.6453
wpp2024-esperanza-de-vida-mapa,MDV,1976,50.7531
wpp2024-esperanza-de-vida-mapa,MDV,1977,51.8352
wpp2024-esperanza-de-vida-mapa,MDV,1978,50.4478
wpp2024-esperanza-de-vida-mapa,MDV,1979,53.8706
wpp2024-esperanza-de-vida-mapa,MDV,1980,54.8186
wpp2024-esperanza-de-vida-mapa,MDV,1981,55.7288
wpp2024-esperanza-de-vida-mapa,MDV,1982,56.6136
wpp2024-esperanza-de-vida-mapa,MDV,1983,57.4845
wpp2024-esperanza-de-vida-mapa,MDV,1984,58.3414
wpp2024-esperanza-de-vida-mapa,MDV,1985,59.1796
wpp2024-esperanza-de-vida-mapa,MDV,1986,59.9927
wpp2024-esperanza-de-vida-mapa,MDV,1987,60.7895
wpp2024-esperanza-de-vida-mapa,MDV,1988,61.5899
wpp2024-esperanza-de-vida-mapa,MDV,1989,62.3753
wpp2024-esperanza-de-vida-mapa,MDV,1990,63.1478
wpp2024-esperanza-de-vida-mapa,MDV,1991,63.9106
wpp2024-esperanza-de-vida-mapa,MDV,1992,64.6643
wpp2024-esperanza-de-vida-mapa,MDV,1993,65.4343
wpp2024-esperanza-de-vida-mapa,MDV,1994,66.1968
wpp2024-esperanza-de-vida-mapa,MDV,1995,66.9619
wpp2024-esperanza-de-vida-mapa,MDV,1996,67.7337
wpp2024-esperanza-de-vida-mapa,MDV,1997,68.5171
wpp2024-esperanza-de-vida-mapa,MDV,1998,69.303
wpp2024-esperanza-de-vida-mapa,MDV,1999,70.1567
wpp2024-esperanza-de-vida-mapa,MDV,2000,70.8919
wpp2024-esperanza-de-vida-mapa,MDV,2001,71.6593
wpp2024-esperanza-de-vida-mapa,MDV,2002,72.3597
wpp2024-esperanza-de-vida-mapa,MDV,2003,73.2634
wpp2024-esperanza-de-vida-mapa,MDV,2004,73.0085
wpp2024-esperanza-de-vida-mapa,MDV,2005,74.7846
wpp2024-esperanza-de-vida-mapa,MDV,2006,75.2558
wpp2024-esperanza-de-vida-mapa,MDV,2007,75.7108
wpp2024-esperanza-de-vida-mapa,MDV,2008,75.9994
wpp2024-esperanza-de-vida-mapa,MDV,2009,76.3714
wpp2024-esperanza-de-vida-mapa,MDV,2010,76.7556
wpp2024-esperanza-de-vida-mapa,MDV,2011,77.1409
wpp2024-esperanza-de-vida-mapa,MDV,2012,77.5123
wpp2024-esperanza-de-vida-mapa,MDV,2013,77.8474
wpp2024-esperanza-de-vida-mapa,MDV,2014,78.1873
wpp2024-esperanza-de-vida-mapa,MDV,2015,78.6073
wpp2024-esperanza-de-vida-mapa,MDV,2016,78.9128
wpp2024-esperanza-de-vida-mapa,MDV,2017,79.2278
wpp2024-esperanza-de-vida-mapa,MDV,2018,79.4331
wpp2024-esperanza-de-vida-mapa,MDV,2019,79.7071
wpp2024-esperanza-de-vida-mapa,MDV,2020,78.713
wpp2024-esperanza-de-vida-mapa,MDV,2021,78.052
wpp2024-esperanza-de-vida-mapa,MDV,2022,80.7595
wpp2024-esperanza-de-vida-mapa,MDV,2023,81.0412
wpp2024-esperanza-de-vida-mapa,NPL,1950,37.5628
wpp2024-esperanza-de-vida-mapa,NPL,1951,37.6076
wpp2024-esperanza-de-vida-mapa,NPL,1952,37.6544
wpp2024-esperanza-de-vida-mapa,NPL,1953,37.6915
wpp2024-esperanza-de-vida-mapa,NPL,1954,37.8074
wpp2024-esperanza-de-vida-mapa,NPL,1955,37.8563
wpp2024-esperanza-de-vida-mapa,NPL,1956,37.8978
wpp2024-esperanza-de-vida-mapa,NPL,1957,38.0078
wpp2024-esperanza-de-vida-mapa,NPL,1958,38.1391
wpp2024-esperanza-de-vida-mapa,NPL,1959,38.413
wpp2024-esperanza-de-vida-mapa,NPL,1960,38.6518
wpp2024-esperanza-de-vida-mapa,NPL,1961,38.9662
wpp2024-esperanza-de-vida-mapa,NPL,1962,39.3328
wpp2024-esperanza-de-vida-mapa,NPL,1963,39.6078
wpp2024-esperanza-de-vida-mapa,NPL,1964,40.2289
wpp2024-esperanza-de-vida-mapa,NPL,1965,40.6884
wpp2024-esperanza-de-vida-mapa,NPL,1966,41.2395
wpp2024-esperanza-de-vida-mapa,NPL,1967,41.7099
wpp2024-esperanza-de-vida-mapa,NPL,1968,42.1728
wpp2024-esperanza-de-vida-mapa,NPL,1969,42.7221
wpp2024-esperanza-de-vida-mapa,NPL,1970,43.1507
wpp2024-esperanza-de-vida-mapa,NPL,1971,43.6161
wpp2024-esperanza-de-vida-mapa,NPL,1972,44.068
wpp2024-esperanza-de-vida-mapa,NPL,1973,44.4854
wpp2024-esperanza-de-vida-mapa,NPL,1974,44.9193
wpp2024-esperanza-de-vida-mapa,NPL,1975,45.4995
wpp2024-esperanza-de-vida-mapa,NPL,1976,45.9912
wpp2024-esperanza-de-vida-mapa,NPL,1977,46.6281
wpp2024-esperanza-de-vida-mapa,NPL,1978,47.2023
wpp2024-esperanza-de-vida-mapa,NPL,1979,47.7664
wpp2024-esperanza-de-vida-mapa,NPL,1980,48.3326
wpp2024-esperanza-de-vida-mapa,NPL,1981,48.6623
wpp2024-esperanza-de-vida-mapa,NPL,1982,49.1811
wpp2024-esperanza-de-vida-mapa,NPL,1983,49.6763
wpp2024-esperanza-de-vida-mapa,NPL,1984,50.2267
wpp2024-esperanza-de-vida-mapa,NPL,1985,50.9216
wpp2024-esperanza-de-vida-mapa,NPL,1986,51.594
wpp2024-esperanza-de-vida-mapa,NPL,1987,52.3819
wpp2024-esperanza-de-vida-mapa,NPL,1988,53.1092
wpp2024-esperanza-de-vida-mapa,NPL,1989,54.0132
wpp2024-esperanza-de-vida-mapa,NPL,1990,54.7708
wpp2024-esperanza-de-vida-mapa,NPL,1991,55.6499
wpp2024-esperanza-de-vida-mapa,NPL,1992,56.6864
wpp2024-esperanza-de-vida-mapa,NPL,1993,57.5974
wpp2024-esperanza-de-vida-mapa,NPL,1994,58.6307
wpp2024-esperanza-de-vida-mapa,NPL,1995,59.3229
wpp2024-esperanza-de-vida-mapa,NPL,1996,60.0437
wpp2024-esperanza-de-vida-mapa,NPL,1997,60.8226
wpp2024-esperanza-de-vida-mapa,NPL,1998,61.5322
wpp2024-esperanza-de-vida-mapa,NPL,1999,62.0353
wpp2024-esperanza-de-vida-mapa,NPL,2000,62.6424
wpp2024-esperanza-de-vida-mapa,NPL,2001,63.2881
wpp2024-esperanza-de-vida-mapa,NPL,2002,63.5071
wpp2024-esperanza-de-vida-mapa,NPL,2003,64.2291
wpp2024-esperanza-de-vida-mapa,NPL,2004,64.7439
wpp2024-esperanza-de-vida-mapa,NPL,2005,65.2755
wpp2024-esperanza-de-vida-mapa,NPL,2006,65.8907
wpp2024-esperanza-de-vida-mapa,NPL,2007,66.1686
wpp2024-esperanza-de-vida-mapa,NPL,2008,66.4425
wpp2024-esperanza-de-vida-mapa,NPL,2009,66.6004
wpp2024-esperanza-de-vida-mapa,NPL,2010,66.7724
wpp2024-esperanza-de-vida-mapa,NPL,2011,67.1234
wpp2024-esperanza-de-vida-mapa,NPL,2012,67.3637
wpp2024-esperanza-de-vida-mapa,NPL,2013,67.5978
wpp2024-esperanza-de-vida-mapa,NPL,2014,67.812
wpp2024-esperanza-de-vida-mapa,NPL,2015,67.3736
wpp2024-esperanza-de-vida-mapa,NPL,2016,68.4436
wpp2024-esperanza-de-vida-mapa,NPL,2017,68.7398
wpp2024-esperanza-de-vida-mapa,NPL,2018,69.036
wpp2024-esperanza-de-vida-mapa,NPL,2019,69.2992
wpp2024-esperanza-de-vida-mapa,NPL,2020,69.1065
wpp2024-esperanza-de-vida-mapa,NPL,2021,68.3846
wpp2024-esperanza-de-vida-mapa,NPL,2022,70.0869
wpp2024-esperanza-de-vida-mapa,NPL,2023,70.3537
wpp2024-esperanza-de-vida-mapa,PAK,1950,34.2475
wpp2024-esperanza-de-vida-mapa,PAK,1951,35.3814
wpp2024-esperanza-de-vida-mapa,PAK,1952,36.4967
wpp2024-esperanza-de-vida-mapa,PAK,1953,37.5958
wpp2024-esperanza-de-vida-mapa,PAK,1954,38.6043
wpp2024-esperanza-de-vida-mapa,PAK,1955,39.6108
wpp2024-esperanza-de-vida-mapa,PAK,1956,40.6171
wpp2024-esperanza-de-vida-mapa,PAK,1957,41.5542
wpp2024-esperanza-de-vida-mapa,PAK,1958,42.465
wpp2024-esperanza-de-vida-mapa,PAK,1959,43.3254
wpp2024-esperanza-de-vida-mapa,PAK,1960,44.1013
wpp2024-esperanza-de-vida-mapa,PAK,1961,44.9558
wpp2024-esperanza-de-vida-mapa,PAK,1962,45.85
wpp2024-esperanza-de-vida-mapa,PAK,1963,46.7605
wpp2024-esperanza-de-vida-mapa,PAK,1964,47.831
wpp2024-esperanza-de-vida-mapa,PAK,1965,48.4954
wpp2024-esperanza-de-vida-mapa,PAK,1966,49.7973
wpp2024-esperanza-de-vida-mapa,PAK,1967,50.7631
wpp2024-esperanza-de-vida-mapa,PAK,1968,51.6235
wpp2024-esperanza-de-vida-mapa,PAK,1969,52.3161
wpp2024-esperanza-de-vida-mapa,PAK,1970,52.9434
wpp2024-esperanza-de-vida-mapa,PAK,1971,49.0016
wpp2024-esperanza-de-vida-mapa,PAK,1972,53.8239
wpp2024-esperanza-de-vida-mapa,PAK,1973,54.0895
wpp2024-esperanza-de-vida-mapa,PAK,1974,54.2663
wpp2024-esperanza-de-vida-mapa,PAK,1975,54.7219
wpp2024-esperanza-de-vida-mapa,PAK,1976,55.0687
wpp2024-esperanza-de-vida-mapa,PAK,1977,55.4821
wpp2024-esperanza-de-vida-mapa,PAK,1978,56.072
wpp2024-esperanza-de-vida-mapa,PAK,1979,56.6142
wpp2024-esperanza-de-vida-mapa,PAK,1980,57.1985
wpp2024-esperanza-de-vida-mapa,PAK,1981,57.7639
wpp2024-esperanza-de-vida-mapa,PAK,1982,58.2913
wpp2024-esperanza-de-vida-mapa,PAK,1983,58.6626
wpp2024-esperanza-de-vida-mapa,PAK,1984,58.9209
wpp2024-esperanza-de-vida-mapa,PAK,1985,59.0752
wpp2024-esperanza-de-vida-mapa,PAK,1986,59.1666
wpp2024-esperanza-de-vida-mapa,PAK,1987,59.222
wpp2024-esperanza-de-vida-mapa,PAK,1988,59.3598
wpp2024-esperanza-de-vida-mapa,PAK,1989,59.5283
wpp2024-esperanza-de-vida-mapa,PAK,1990,59.7282
wpp2024-esperanza-de-vida-mapa,PAK,1991,59.8638
wpp2024-esperanza-de-vida-mapa,PAK,1992,59.9826
wpp2024-esperanza-de-vida-mapa,PAK,1993,60.0829
wpp2024-esperanza-de-vida-mapa,PAK,1994,60.1968
wpp2024-esperanza-de-vida-mapa,PAK,1995,60.2735
wpp2024-esperanza-de-vida-mapa,PAK,1996,60.4659
wpp2024-esperanza-de-vida-mapa,PAK,1997,60.6234
wpp2024-esperanza-de-vida-mapa,PAK,1998,61.1338
wpp2024-esperanza-de-vida-mapa,PAK,1999,61.5396
wpp2024-esperanza-de-vida-mapa,PAK,2000,61.9029
wpp2024-esperanza-de-vida-mapa,PAK,2001,62.2406
wpp2024-esperanza-de-vida-mapa,PAK,2002,62.5561
wpp2024-esperanza-de-vida-mapa,PAK,2003,62.8343
wpp2024-esperanza-de-vida-mapa,PAK,2004,63.0972
wpp2024-esperanza-de-vida-mapa,PAK,2005,62.4163
wpp2024-esperanza-de-vida-mapa,PAK,2006,63.6235
wpp2024-esperanza-de-vida-mapa,PAK,2007,63.8075
wpp2024-esperanza-de-vida-mapa,PAK,2008,64.0021
wpp2024-esperanza-de-vida-mapa,PAK,2009,64.2059
wpp2024-esperanza-de-vida-mapa,PAK,2010,64.3784
wpp2024-esperanza-de-vida-mapa,PAK,2011,64.6588
wpp2024-esperanza-de-vida-mapa,PAK,2012,64.8834
wpp2024-esperanza-de-vida-mapa,PAK,2013,65.1285
wpp2024-esperanza-de-vida-mapa,PAK,2014,65.374
wpp2024-esperanza-de-vida-mapa,PAK,2015,65.6406
wpp2024-esperanza-de-vida-mapa,PAK,2016,65.9434
wpp2024-esperanza-de-vida-mapa,PAK,2017,66.2233
wpp2024-esperanza-de-vida-mapa,PAK,2018,66.4807
wpp2024-esperanza-de-vida-mapa,PAK,2019,66.7288
wpp2024-esperanza-de-vida-mapa,PAK,2020,65.7015
wpp2024-esperanza-de-vida-mapa,PAK,2021,65.7731
wpp2024-esperanza-de-vida-mapa,PAK,2022,67.4167
wpp2024-esperanza-de-vida-mapa,PAK,2023,67.649
wpp2024-esperanza-de-vida-mapa,LKA,1950,53.1686
wpp2024-esperanza-de-vida-mapa,LKA,1951,53.9808
wpp2024-esperanza-de-vida-mapa,LKA,1952,54.859
wpp2024-esperanza-de-vida-mapa,LKA,1953,55.6499
wpp2024-esperanza-de-vida-mapa,LKA,1954,56.4393
wpp2024-esperanza-de-vida-mapa,LKA,1955,57.1783
wpp2024-esperanza-de-vida-mapa,LKA,1956,57.8952
wpp2024-esperanza-de-vida-mapa,LKA,1957,58.5353
wpp2024-esperanza-de-vida-mapa,LKA,1958,59.2796
wpp2024-esperanza-de-vida-mapa,LKA,1959,59.9707
wpp2024-esperanza-de-vida-mapa,LKA,1960,60.6022
wpp2024-esperanza-de-vida-mapa,LKA,1961,61.1582
wpp2024-esperanza-de-vida-mapa,LKA,1962,61.627
wpp2024-esperanza-de-vida-mapa,LKA,1963,62.0307
wpp2024-esperanza-de-vida-mapa,LKA,1964,62.376
wpp2024-esperanza-de-vida-mapa,LKA,1965,62.7926
wpp2024-esperanza-de-vida-mapa,LKA,1966,63.1563
wpp2024-esperanza-de-vida-mapa,LKA,1967,63.5559
wpp2024-esperanza-de-vida-mapa,LKA,1968,63.8694
wpp2024-esperanza-de-vida-mapa,LKA,1969,64.1379
wpp2024-esperanza-de-vida-mapa,LKA,1970,64.3521
wpp2024-esperanza-de-vida-mapa,LKA,1971,64.2402
wpp2024-esperanza-de-vida-mapa,LKA,1972,64.6249
wpp2024-esperanza-de-vida-mapa,LKA,1973,64.7855
wpp2024-esperanza-de-vida-mapa,LKA,1974,64.966
wpp2024-esperanza-de-vida-mapa,LKA,1975,65.3554
wpp2024-esperanza-de-vida-mapa,LKA,1976,65.8399
wpp2024-esperanza-de-vida-mapa,LKA,1977,66.3913
wpp2024-esperanza-de-vida-mapa,LKA,1978,66.8436
wpp2024-esperanza-de-vida-mapa,LKA,1979,67.5141
wpp2024-esperanza-de-vida-mapa,LKA,1980,68.0059
wpp2024-esperanza-de-vida-mapa,LKA,1981,68.3802
wpp2024-esperanza-de-vida-mapa,LKA,1982,68.6649
wpp2024-esperanza-de-vida-mapa,LKA,1983,68.7258
wpp2024-esperanza-de-vida-mapa,LKA,1984,68.7612
wpp2024-esperanza-de-vida-mapa,LKA,1985,68.8812
wpp2024-esperanza-de-vida-mapa,LKA,1986,68.9617
wpp2024-esperanza-de-vida-mapa,LKA,1987,69.0086
wpp2024-esperanza-de-vida-mapa,LKA,1988,68.9952
wpp2024-esperanza-de-vida-mapa,LKA,1989,67.2839
wpp2024-esperanza-de-vida-mapa,LKA,1990,69.2389
wpp2024-esperanza-de-vida-mapa,LKA,1991,69.131
wpp2024-esperanza-de-vida-mapa,LKA,1992,69.6191
wpp2024-esperanza-de-vida-mapa,LKA,1993,70.0485
wpp2024-esperanza-de-vida-mapa,LKA,1994,70.2114
wpp2024-esperanza-de-vida-mapa,LKA,1995,69.7456
wpp2024-esperanza-de-vida-mapa,LKA,1996,69.8405
wpp2024-esperanza-de-vida-mapa,LKA,1997,69.9345
wpp2024-esperanza-de-vida-mapa,LKA,1998,70.1342
wpp2024-esperanza-de-vida-mapa,LKA,1999,70.4265
wpp2024-esperanza-de-vida-mapa,LKA,2000,71.1787
wpp2024-esperanza-de-vida-mapa,LKA,2001,71.8044
wpp2024-esperanza-de-vida-mapa,LKA,2002,72.2711
wpp2024-esperanza-de-vida-mapa,LKA,2003,72.4417
wpp2024-esperanza-de-vida-mapa,LKA,2004,68.0218
wpp2024-esperanza-de-vida-mapa,LKA,2005,73.0733
wpp2024-esperanza-de-vida-mapa,LKA,2006,72.825
wpp2024-esperanza-de-vida-mapa,LKA,2007,72.9831
wpp2024-esperanza-de-vida-mapa,LKA,2008,72.5557
wpp2024-esperanza-de-vida-mapa,LKA,2009,70.2976
wpp2024-esperanza-de-vida-mapa,LKA,2010,74.4626
wpp2024-esperanza-de-vida-mapa,LKA,2011,74.7405
wpp2024-esperanza-de-vida-mapa,LKA,2012,75.1866
wpp2024-esperanza-de-vida-mapa,LKA,2013,75.5461
wpp2024-esperanza-de-vida-mapa,LKA,2014,75.7573
wpp2024-esperanza-de-vida-mapa,LKA,2015,75.9899
wpp2024-esperanza-de-vida-mapa,LKA,2016,76.1361
wpp2024-esperanza-de-vida-mapa,LKA,2017,76.2386
wpp2024-esperanza-de-vida-mapa,LKA,2018,76.4853
wpp2024-esperanza-de-vida-mapa,LKA,2019,76.698
wpp2024-esperanza-de-vida-mapa,LKA,2020,76.9281
wpp2024-esperanza-de-vida-mapa,LKA,2021,76.2779
wpp2024-esperanza-de-vida-mapa,LKA,2022,77.2996
wpp2024-esperanza-de-vida-mapa,LKA,2023,77.4828
wpp2024-esperanza-de-vida-mapa,BRN,1950,50.5645
wpp2024-esperanza-de-vida-mapa,BRN,1951,51.5375
wpp2024-esperanza-de-vida-mapa,BRN,1952,52.4393
wpp2024-esperanza-de-vida-mapa,BRN,1953,53.3217
wpp2024-esperanza-de-vida-mapa,BRN,1954,54.1694
wpp2024-esperanza-de-vida-mapa,BRN,1955,54.9783
wpp2024-esperanza-de-vida-mapa,BRN,1956,55.7401
wpp2024-esperanza-de-vida-mapa,BRN,1957,56.5095
wpp2024-esperanza-de-vida-mapa,BRN,1958,57.2649
wpp2024-esperanza-de-vida-mapa,BRN,1959,58.0201
wpp2024-esperanza-de-vida-mapa,BRN,1960,58.7208
wpp2024-esperanza-de-vida-mapa,BRN,1961,59.3866
wpp2024-esperanza-de-vida-mapa,BRN,1962,58.8244
wpp2024-esperanza-de-vida-mapa,BRN,1963,60.6251
wpp2024-esperanza-de-vida-mapa,BRN,1964,61.2665
wpp2024-esperanza-de-vida-mapa,BRN,1965,61.7211
wpp2024-esperanza-de-vida-mapa,BRN,1966,62.4005
wpp2024-esperanza-de-vida-mapa,BRN,1967,62.9092
wpp2024-esperanza-de-vida-mapa,BRN,1968,63.4702
wpp2024-esperanza-de-vida-mapa,BRN,1969,63.9633
wpp2024-esperanza-de-vida-mapa,BRN,1970,64.4896
wpp2024-esperanza-de-vida-mapa,BRN,1971,64.9748
wpp2024-esperanza-de-vida-mapa,BRN,1972,65.4467
wpp2024-esperanza-de-vida-mapa,BRN,1973,65.9503
wpp2024-esperanza-de-vida-mapa,BRN,1974,66.4416
wpp2024-esperanza-de-vida-mapa,BRN,1975,66.9503
wpp2024-esperanza-de-vida-mapa,BRN,1976,67.4109
wpp2024-esperanza-de-vida-mapa,BRN,1977,67.8328
wpp2024-esperanza-de-vida-mapa,BRN,1978,68.2578
wpp2024-esperanza-de-vida-mapa,BRN,1979,68.6417
wpp2024-esperanza-de-vida-mapa,BRN,1980,69.014
wpp2024-esperanza-de-vida-mapa,BRN,1981,69.3439
wpp2024-esperanza-de-vida-mapa,BRN,1982,69.6691
wpp2024-esperanza-de-vida-mapa,BRN,1983,69.9914
wpp2024-esperanza-de-vida-mapa,BRN,1984,70.2364
wpp2024-esperanza-de-vida-mapa,BRN,1985,70.4987
wpp2024-esperanza-de-vida-mapa,BRN,1986,70.7619
wpp2024-esperanza-de-vida-mapa,BRN,1987,70.9824
wpp2024-esperanza-de-vida-mapa,BRN,1988,71.1834
wpp2024-esperanza-de-vida-mapa,BRN,1989,71.4083
wpp2024-esperanza-de-vida-mapa,BRN,1990,71.6293
wpp2024-esperanza-de-vida-mapa,BRN,1991,71.8583
wpp2024-esperanza-de-vida-mapa,BRN,1992,72.0903
wpp2024-esperanza-de-vida-mapa,BRN,1993,72.3327
wpp2024-esperanza-de-vida-mapa,BRN,1994,72.5706
wpp2024-esperanza-de-vida-mapa,BRN,1995,72.8379
wpp2024-esperanza-de-vida-mapa,BRN,1996,73.0794
wpp2024-esperanza-de-vida-mapa,BRN,1997,73.3262
wpp2024-esperanza-de-vida-mapa,BRN,1998,73.584
wpp2024-esperanza-de-vida-mapa,BRN,1999,73.806
wpp2024-esperanza-de-vida-mapa,BRN,2000,74.0169
wpp2024-esperanza-de-vida-mapa,BRN,2001,74.2089
wpp2024-esperanza-de-vida-mapa,BRN,2002,74.3652
wpp2024-esperanza-de-vida-mapa,BRN,2003,74.5091
wpp2024-esperanza-de-vida-mapa,BRN,2004,74.6033
wpp2024-esperanza-de-vida-mapa,BRN,2005,74.6831
wpp2024-esperanza-de-vida-mapa,BRN,2006,74.7534
wpp2024-esperanza-de-vida-mapa,BRN,2007,74.793
wpp2024-esperanza-de-vida-mapa,BRN,2008,74.8138
wpp2024-esperanza-de-vida-mapa,BRN,2009,74.8144
wpp2024-esperanza-de-vida-mapa,BRN,2010,74.8195
wpp2024-esperanza-de-vida-mapa,BRN,2011,74.8355
wpp2024-esperanza-de-vida-mapa,BRN,2012,74.8428
wpp2024-esperanza-de-vida-mapa,BRN,2013,74.8544
wpp2024-esperanza-de-vida-mapa,BRN,2014,74.862
wpp2024-esperanza-de-vida-mapa,BRN,2015,74.8802
wpp2024-esperanza-de-vida-mapa,BRN,2016,74.9054
wpp2024-esperanza-de-vida-mapa,BRN,2017,74.9429
wpp2024-esperanza-de-vida-mapa,BRN,2018,74.9915
wpp2024-esperanza-de-vida-mapa,BRN,2019,75.049
wpp2024-esperanza-de-vida-mapa,BRN,2020,75.1138
wpp2024-esperanza-de-vida-mapa,BRN,2021,74.8692
wpp2024-esperanza-de-vida-mapa,BRN,2022,72.9171
wpp2024-esperanza-de-vida-mapa,BRN,2023,75.3266
wpp2024-esperanza-de-vida-mapa,KHM,1950,38.8588
wpp2024-esperanza-de-vida-mapa,KHM,1951,39.0371
wpp2024-esperanza-de-vida-mapa,KHM,1952,39.3388
wpp2024-esperanza-de-vida-mapa,KHM,1953,39.6179
wpp2024-esperanza-de-vida-mapa,KHM,1954,39.9046
wpp2024-esperanza-de-vida-mapa,KHM,1955,40.2528
wpp2024-esperanza-de-vida-mapa,KHM,1956,40.5041
wpp2024-esperanza-de-vida-mapa,KHM,1957,40.8713
wpp2024-esperanza-de-vida-mapa,KHM,1958,41.2178
wpp2024-esperanza-de-vida-mapa,KHM,1959,41.6521
wpp2024-esperanza-de-vida-mapa,KHM,1960,42.1339
wpp2024-esperanza-de-vida-mapa,KHM,1961,42.5882
wpp2024-esperanza-de-vida-mapa,KHM,1962,43.0786
wpp2024-esperanza-de-vida-mapa,KHM,1963,43.6125
wpp2024-esperanza-de-vida-mapa,KHM,1964,44.044
wpp2024-esperanza-de-vida-mapa,KHM,1965,44.4969
wpp2024-esperanza-de-vida-mapa,KHM,1966,44.9476
wpp2024-esperanza-de-vida-mapa,KHM,1967,45.1928
wpp2024-esperanza-de-vida-mapa,KHM,1968,45.5859
wpp2024-esperanza-de-vida-mapa,KHM,1969,45.9354
wpp2024-esperanza-de-vida-mapa,KHM,1970,38.6281
wpp2024-esperanza-de-vida-mapa,KHM,1971,38.7005
wpp2024-esperanza-de-vida-mapa,KHM,1972,38.9094
wpp2024-esperanza-de-vida-mapa,KHM,1973,39.078
wpp2024-esperanza-de-vida-mapa,KHM,1974,39.2958
wpp2024-esperanza-de-vida-mapa,KHM,1975,12.7845
wpp2024-esperanza-de-vida-mapa,KHM,1976,11.6323
wpp2024-esperanza-de-vida-mapa,KHM,1977,11.2952
wpp2024-esperanza-de-vida-mapa,KHM,1978,11.5726
wpp2024-esperanza-de-vida-mapa,KHM,1979,41.0717
wpp2024-esperanza-de-vida-mapa,KHM,1980,47.4978
wpp2024-esperanza-de-vida-mapa,KHM,1981,48.0351
wpp2024-esperanza-de-vida-mapa,KHM,1982,48.7555
wpp2024-esperanza-de-vida-mapa,KHM,1983,49.3829
wpp2024-esperanza-de-vida-mapa,KHM,1984,50.0891
wpp2024-esperanza-de-vida-mapa,KHM,1985,50.7986
wpp2024-esperanza-de-vida-mapa,KHM,1986,51.5552
wpp2024-esperanza-de-vida-mapa,KHM,1987,53.6738
wpp2024-esperanza-de-vida-mapa,KHM,1988,54.4333
wpp2024-esperanza-de-vida-mapa,KHM,1989,54.7681
wpp2024-esperanza-de-vida-mapa,KHM,1990,55.205
wpp2024-esperanza-de-vida-mapa,KHM,1991,55.582
wpp2024-esperanza-de-vida-mapa,KHM,1992,55.7473
wpp2024-esperanza-de-vida-mapa,KHM,1993,56.0364
wpp2024-esperanza-de-vida-mapa,KHM,1994,56.2205
wpp2024-esperanza-de-vida-mapa,KHM,1995,56.562
wpp2024-esperanza-de-vida-mapa,KHM,1996,56.832
wpp2024-esperanza-de-vida-mapa,KHM,1997,57.2661
wpp2024-esperanza-de-vida-mapa,KHM,1998,57.8595
wpp2024-esperanza-de-vida-mapa,KHM,1999,58.6108
wpp2024-esperanza-de-vida-mapa,KHM,2000,59.4914
wpp2024-esperanza-de-vida-mapa,KHM,2001,60.4566
wpp2024-esperanza-de-vida-mapa,KHM,2002,61.3945
wpp2024-esperanza-de-vida-mapa,KHM,2003,62.3452
wpp2024-esperanza-de-vida-mapa,KHM,2004,63.2558
wpp2024-esperanza-de-vida-mapa,KHM,2005,64.1128
wpp2024-esperanza-de-vida-mapa,KHM,2006,64.8859
wpp2024-esperanza-de-vida-mapa,KHM,2007,65.5491
wpp2024-esperanza-de-vida-mapa,KHM,2008,66.1469
wpp2024-esperanza-de-vida-mapa,KHM,2009,66.7473
wpp2024-esperanza-de-vida-mapa,KHM,2010,67.3108
wpp2024-esperanza-de-vida-mapa,KHM,2011,67.8691
wpp2024-esperanza-de-vida-mapa,KHM,2012,68.3714
wpp2024-esperanza-de-vida-mapa,KHM,2013,68.7548
wpp2024-esperanza-de-vida-mapa,KHM,2014,69.1174
wpp2024-esperanza-de-vida-mapa,KHM,2015,69.3977
wpp2024-esperanza-de-vida-mapa,KHM,2016,69.6352
wpp2024-esperanza-de-vida-mapa,KHM,2017,69.8424
wpp2024-esperanza-de-vida-mapa,KHM,2018,69.9935
wpp2024-esperanza-de-vida-mapa,KHM,2019,70.1267
wpp2024-esperanza-de-vida-mapa,KHM,2020,70.0594
wpp2024-esperanza-de-vida-mapa,KHM,2021,69.3012
wpp2024-esperanza-de-vida-mapa,KHM,2022,70.528
wpp2024-esperanza-de-vida-mapa,KHM,2023,70.6675
wpp2024-esperanza-de-vida-mapa,IDN,1950,40.2067
wpp2024-esperanza-de-vida-mapa,IDN,1951,40.8337
wpp2024-esperanza-de-vida-mapa,IDN,1952,41.5387
wpp2024-esperanza-de-vida-mapa,IDN,1953,42.2083
wpp2024-esperanza-de-vida-mapa,IDN,1954,42.9093
wpp2024-esperanza-de-vida-mapa,IDN,1955,43.5915
wpp2024-esperanza-de-vida-mapa,IDN,1956,44.3037
wpp2024-esperanza-de-vida-mapa,IDN,1957,44.9915
wpp2024-esperanza-de-vida-mapa,IDN,1958,45.418
wpp2024-esperanza-de-vida-mapa,IDN,1959,46.1998
wpp2024-esperanza-de-vida-mapa,IDN,1960,46.8349
wpp2024-esperanza-de-vida-mapa,IDN,1961,47.3853
wpp2024-esperanza-de-vida-mapa,IDN,1962,48.1412
wpp2024-esperanza-de-vida-mapa,IDN,1963,48.7415
wpp2024-esperanza-de-vida-mapa,IDN,1964,49.4397
wpp2024-esperanza-de-vida-mapa,IDN,1965,42.7619
wpp2024-esperanza-de-vida-mapa,IDN,1966,48.4063
wpp2024-esperanza-de-vida-mapa,IDN,1967,51.3087
wpp2024-esperanza-de-vida-mapa,IDN,1968,51.8882
wpp2024-esperanza-de-vida-mapa,IDN,1969,52.5877
wpp2024-esperanza-de-vida-mapa,IDN,1970,53.2543
wpp2024-esperanza-de-vida-mapa,IDN,1971,53.8233
wpp2024-esperanza-de-vida-mapa,IDN,1972,54.3644
wpp2024-esperanza-de-vida-mapa,IDN,1973,54.9155
wpp2024-esperanza-de-vida-mapa,IDN,1974,55.4431
wpp2024-esperanza-de-vida-mapa,IDN,1975,55.9984
wpp2024-esperanza-de-vida-mapa,IDN,1976,56.445
wpp2024-esperanza-de-vida-mapa,IDN,1977,57.0899
wpp2024-esperanza-de-vida-mapa,IDN,1978,57.6068
wpp2024-esperanza-de-vida-mapa,IDN,1979,58.1798
wpp2024-esperanza-de-vida-mapa,IDN,1980,58.7009
wpp2024-esperanza-de-vida-mapa,IDN,1981,59.0961
wpp2024-esperanza-de-vida-mapa,IDN,1982,59.6997
wpp2024-esperanza-de-vida-mapa,IDN,1983,60.3428
wpp2024-esperanza-de-vida-mapa,IDN,1984,60.8914
wpp2024-esperanza-de-vida-mapa,IDN,1985,61.3867
wpp2024-esperanza-de-vida-mapa,IDN,1986,61.7355
wpp2024-esperanza-de-vida-mapa,IDN,1987,62.0868
wpp2024-esperanza-de-vida-mapa,IDN,1988,62.3861
wpp2024-esperanza-de-vida-mapa,IDN,1989,62.8827
wpp2024-esperanza-de-vida-mapa,IDN,1990,63.2486
wpp2024-esperanza-de-vida-mapa,IDN,1991,63.7031
wpp2024-esperanza-de-vida-mapa,IDN,1992,64.1821
wpp2024-esperanza-de-vida-mapa,IDN,1993,64.8509
wpp2024-esperanza-de-vida-mapa,IDN,1994,65.0413
wpp2024-esperanza-de-vida-mapa,IDN,1995,65.2633
wpp2024-esperanza-de-vida-mapa,IDN,1996,65.4648
wpp2024-esperanza-de-vida-mapa,IDN,1997,65.7737
wpp2024-esperanza-de-vida-mapa,IDN,1998,65.9416
wpp2024-esperanza-de-vida-mapa,IDN,1999,66.0015
wpp2024-esperanza-de-vida-mapa,IDN,2000,66.2919
wpp2024-esperanza-de-vida-mapa,IDN,2001,66.5826
wpp2024-esperanza-de-vida-mapa,IDN,2002,66.9535
wpp2024-esperanza-de-vida-mapa,IDN,2003,67.134
wpp2024-esperanza-de-vida-mapa,IDN,2004,65.5208
wpp2024-esperanza-de-vida-mapa,IDN,2005,67.5308
wpp2024-esperanza-de-vida-mapa,IDN,2006,67.6636
wpp2024-esperanza-de-vida-mapa,IDN,2007,67.9141
wpp2024-esperanza-de-vida-mapa,IDN,2008,68.0846
wpp2024-esperanza-de-vida-mapa,IDN,2009,68.2674
wpp2024-esperanza-de-vida-mapa,IDN,2010,68.3642
wpp2024-esperanza-de-vida-mapa,IDN,2011,68.629
wpp2024-esperanza-de-vida-mapa,IDN,2012,68.8617
wpp2024-esperanza-de-vida-mapa,IDN,2013,69.0635
wpp2024-esperanza-de-vida-mapa,IDN,2014,69.292
wpp2024-esperanza-de-vida-mapa,IDN,2015,69.5196
wpp2024-esperanza-de-vida-mapa,IDN,2016,69.7333
wpp2024-esperanza-de-vida-mapa,IDN,2017,69.9533
wpp2024-esperanza-de-vida-mapa,IDN,2018,70.0797
wpp2024-esperanza-de-vida-mapa,IDN,2019,70.3491
wpp2024-esperanza-de-vida-mapa,IDN,2020,68.8173
wpp2024-esperanza-de-vida-mapa,IDN,2021,67.4516
wpp2024-esperanza-de-vida-mapa,IDN,2022,70.9246
wpp2024-esperanza-de-vida-mapa,IDN,2023,71.1457
wpp2024-esperanza-de-vida-mapa,LAO,1950,38.9399
wpp2024-esperanza-de-vida-mapa,LAO,1951,39.1722
wpp2024-esperanza-de-vida-mapa,LAO,1952,39.4274
wpp2024-esperanza-de-vida-mapa,LAO,1953,39.7294
wpp2024-esperanza-de-vida-mapa,LAO,1954,40.0047
wpp2024-esperanza-de-vida-mapa,LAO,1955,40.3112
wpp2024-esperanza-de-vida-mapa,LAO,1956,40.5633
wpp2024-esperanza-de-vida-mapa,LAO,1957,40.8731
wpp2024-esperanza-de-vida-mapa,LAO,1958,41.1771
wpp2024-esperanza-de-vida-mapa,LAO,1959,40.7462
wpp2024-esperanza-de-vida-mapa,LAO,1960,41.0364
wpp2024-esperanza-de-vida-mapa,LAO,1961,41.3439
wpp2024-esperanza-de-vida-mapa,LAO,1962,42.2719
wpp2024-esperanza-de-vida-mapa,LAO,1963,41.5441
wpp2024-esperanza-de-vida-mapa,LAO,1964,41.8593
wpp2024-esperanza-de-vida-mapa,LAO,1965,42.2222
wpp2024-esperanza-de-vida-mapa,LAO,1966,42.347
wpp2024-esperanza-de-vida-mapa,LAO,1967,42.8692
wpp2024-esperanza-de-vida-mapa,LAO,1968,43.183
wpp2024-esperanza-de-vida-mapa,LAO,1969,43.46
wpp2024-esperanza-de-vida-mapa,LAO,1970,43.7756
wpp2024-esperanza-de-vida-mapa,LAO,1971,44.1224
wpp2024-esperanza-de-vida-mapa,LAO,1972,44.4157
wpp2024-esperanza-de-vida-mapa,LAO,1973,44.7277
wpp2024-esperanza-de-vida-mapa,LAO,1974,45.8864
wpp2024-esperanza-de-vida-mapa,LAO,1975,46.1495
wpp2024-esperanza-de-vida-mapa,LAO,1976,46.0118
wpp2024-esperanza-de-vida-mapa,LAO,1977,46.4083
wpp2024-esperanza-de-vida-mapa,LAO,1978,46.8318
wpp2024-esperanza-de-vida-mapa,LAO,1979,47.4598
wpp2024-esperanza-de-vida-mapa,LAO,1980,48.5601
wpp2024-esperanza-de-vida-mapa,LAO,1981,49.2369
wpp2024-esperanza-de-vida-mapa,LAO,1982,49.9308
wpp2024-esperanza-de-vida-mapa,LAO,1983,50.4851
wpp2024-esperanza-de-vida-mapa,LAO,1984,51.0137
wpp2024-esperanza-de-vida-mapa,LAO,1985,51.5794
wpp2024-esperanza-de-vida-mapa,LAO,1986,52.1436
wpp2024-esperanza-de-vida-mapa,LAO,1987,52.5967
wpp2024-esperanza-de-vida-mapa,LAO,1988,53.0768
wpp2024-esperanza-de-vida-mapa,LAO,1989,53.5885
wpp2024-esperanza-de-vida-mapa,LAO,1990,54.035
wpp2024-esperanza-de-vida-mapa,LAO,1991,54.7
wpp2024-esperanza-de-vida-mapa,LAO,1992,55.0976
wpp2024-esperanza-de-vida-mapa,LAO,1993,55.5833
wpp2024-esperanza-de-vida-mapa,LAO,1994,55.8101
wpp2024-esperanza-de-vida-mapa,LAO,1995,56.3441
wpp2024-esperanza-de-vida-mapa,LAO,1996,56.8214
wpp2024-esperanza-de-vida-mapa,LAO,1997,57.3023
wpp2024-esperanza-de-vida-mapa,LAO,1998,57.5489
wpp2024-esperanza-de-vida-mapa,LAO,1999,57.8658
wpp2024-esperanza-de-vida-mapa,LAO,2000,58.3168
wpp2024-esperanza-de-vida-mapa,LAO,2001,58.8867
wpp2024-esperanza-de-vida-mapa,LAO,2002,59.3024
wpp2024-esperanza-de-vida-mapa,LAO,2003,59.6426
wpp2024-esperanza-de-vida-mapa,LAO,2004,60.0803
wpp2024-esperanza-de-vida-mapa,LAO,2005,60.6881
wpp2024-esperanza-de-vida-mapa,LAO,2006,61.0743
wpp2024-esperanza-de-vida-mapa,LAO,2007,61.694
wpp2024-esperanza-de-vida-mapa,LAO,2008,62.2477
wpp2024-esperanza-de-vida-mapa,LAO,2009,63.023
wpp2024-esperanza-de-vida-mapa,LAO,2010,63.6895
wpp2024-esperanza-de-vida-mapa,LAO,2011,64.505
wpp2024-esperanza-de-vida-mapa,LAO,2012,65.1262
wpp2024-esperanza-de-vida-mapa,LAO,2013,65.7226
wpp2024-esperanza-de-vida-mapa,LAO,2014,66.3497
wpp2024-esperanza-de-vida-mapa,LAO,2015,66.6881
wpp2024-esperanza-de-vida-mapa,LAO,2016,67.0136
wpp2024-esperanza-de-vida-mapa,LAO,2017,67.3452
wpp2024-esperanza-de-vida-mapa,LAO,2018,67.5942
wpp2024-esperanza-de-vida-mapa,LAO,2019,67.9113
wpp2024-esperanza-de-vida-mapa,LAO,2020,68.3386
wpp2024-esperanza-de-vida-mapa,LAO,2021,67.8074
wpp2024-esperanza-de-vida-mapa,LAO,2022,68.7152
wpp2024-esperanza-de-vida-mapa,LAO,2023,68.9637
wpp2024-esperanza-de-vida-mapa,MYS,1950,48.4913
wpp2024-esperanza-de-vida-mapa,MYS,1951,49.2215
wpp2024-esperanza-de-vida-mapa,MYS,1952,50.1479
wpp2024-esperanza-de-vida-mapa,MYS,1953,51.1297
wpp2024-esperanza-de-vida-mapa,MYS,1954,51.9846
wpp2024-esperanza-de-vida-mapa,MYS,1955,52.8412
wpp2024-esperanza-de-vida-mapa,MYS,1956,53.6704
wpp2024-esperanza-de-vida-mapa,MYS,1957,54.5086
wpp2024-esperanza-de-vida-mapa,MYS,1958,55.4082
wpp2024-esperanza-de-vida-mapa,MYS,1959,56.3127
wpp2024-esperanza-de-vida-mapa,MYS,1960,57.1681
wpp2024-esperanza-de-vida-mapa,MYS,1961,58.015
wpp2024-esperanza-de-vida-mapa,MYS,1962,58.8553
wpp2024-esperanza-de-vida-mapa,MYS,1963,59.6674
wpp2024-esperanza-de-vida-mapa,MYS,1964,60.4476
wpp2024-esperanza-de-vida-mapa,MYS,1965,61.1444
wpp2024-esperanza-de-vida-mapa,MYS,1966,61.6788
wpp2024-esperanza-de-vida-mapa,MYS,1967,62.0442
wpp2024-esperanza-de-vida-mapa,MYS,1968,62.4434
wpp2024-esperanza-de-vida-mapa,MYS,1969,62.8683
wpp2024-esperanza-de-vida-mapa,MYS,1970,63.2983
wpp2024-esperanza-de-vida-mapa,MYS,1971,63.7697
wpp2024-esperanza-de-vida-mapa,MYS,1972,64.2323
wpp2024-esperanza-de-vida-mapa,MYS,1973,64.7255
wpp2024-esperanza-de-vida-mapa,MYS,1974,65.2041
wpp2024-esperanza-de-vida-mapa,MYS,1975,65.6974
wpp2024-esperanza-de-vida-mapa,MYS,1976,66.2328
wpp2024-esperanza-de-vida-mapa,MYS,1977,66.7201
wpp2024-esperanza-de-vida-mapa,MYS,1978,67.1704
wpp2024-esperanza-de-vida-mapa,MYS,1979,67.607
wpp2024-esperanza-de-vida-mapa,MYS,1980,68.0609
wpp2024-esperanza-de-vida-mapa,MYS,1981,68.4607
wpp2024-esperanza-de-vida-mapa,MYS,1982,68.8758
wpp2024-esperanza-de-vida-mapa,MYS,1983,69.2054
wpp2024-esperanza-de-vida-mapa,MYS,1984,69.5507
wpp2024-esperanza-de-vida-mapa,MYS,1985,69.8626
wpp2024-esperanza-de-vida-mapa,MYS,1986,70.1328
wpp2024-esperanza-de-vida-mapa,MYS,1987,70.3514
wpp2024-esperanza-de-vida-mapa,MYS,1988,70.5507
wpp2024-esperanza-de-vida-mapa,MYS,1989,70.7589
wpp2024-esperanza-de-vida-mapa,MYS,1990,70.9516
wpp2024-esperanza-de-vida-mapa,MYS,1991,71.2192
wpp2024-esperanza-de-vida-mapa,MYS,1992,71.4832
wpp2024-esperanza-de-vida-mapa,MYS,1993,71.7209
wpp2024-esperanza-de-vida-mapa,MYS,1994,71.8651
wpp2024-esperanza-de-vida-mapa,MYS,1995,71.9792
wpp2024-esperanza-de-vida-mapa,MYS,1996,72.1191
wpp2024-esperanza-de-vida-mapa,MYS,1997,72.2959
wpp2024-esperanza-de-vida-mapa,MYS,1998,72.3854
wpp2024-esperanza-de-vida-mapa,MYS,1999,72.4278
wpp2024-esperanza-de-vida-mapa,MYS,2000,72.7324
wpp2024-esperanza-de-vida-mapa,MYS,2001,73.08
wpp2024-esperanza-de-vida-mapa,MYS,2002,73.4695
wpp2024-esperanza-de-vida-mapa,MYS,2003,73.7273
wpp2024-esperanza-de-vida-mapa,MYS,2004,74.0269
wpp2024-esperanza-de-vida-mapa,MYS,2005,74.3699
wpp2024-esperanza-de-vida-mapa,MYS,2006,74.6969
wpp2024-esperanza-de-vida-mapa,MYS,2007,74.9611
wpp2024-esperanza-de-vida-mapa,MYS,2008,75.1514
wpp2024-esperanza-de-vida-mapa,MYS,2009,75.2694
wpp2024-esperanza-de-vida-mapa,MYS,2010,75.3761
wpp2024-esperanza-de-vida-mapa,MYS,2011,75.4878
wpp2024-esperanza-de-vida-mapa,MYS,2012,75.5524
wpp2024-esperanza-de-vida-mapa,MYS,2013,75.464
wpp2024-esperanza-de-vida-mapa,MYS,2014,75.3451
wpp2024-esperanza-de-vida-mapa,MYS,2015,75.2876
wpp2024-esperanza-de-vida-mapa,MYS,2016,75.3712
wpp2024-esperanza-de-vida-mapa,MYS,2017,75.542
wpp2024-esperanza-de-vida-mapa,MYS,2018,75.7341
wpp2024-esperanza-de-vida-mapa,MYS,2019,75.9005
wpp2024-esperanza-de-vida-mapa,MYS,2020,76.0566
wpp2024-esperanza-de-vida-mapa,MYS,2021,73.9172
wpp2024-esperanza-de-vida-mapa,MYS,2022,75.4442
wpp2024-esperanza-de-vida-mapa,MYS,2023,76.6571
wpp2024-esperanza-de-vida-mapa,MMR,1950,35.6997
wpp2024-esperanza-de-vida-mapa,MMR,1951,36.5134
wpp2024-esperanza-de-vida-mapa,MMR,1952,37.7278
wpp2024-esperanza-de-vida-mapa,MMR,1953,38.6044
wpp2024-esperanza-de-vida-mapa,MMR,1954,39.5724
wpp2024-esperanza-de-vida-mapa,MMR,1955,40.4421
wpp2024-esperanza-de-vida-mapa,MMR,1956,41.1973
wpp2024-esperanza-de-vida-mapa,MMR,1957,42.0212
wpp2024-esperanza-de-vida-mapa,MMR,1958,42.7795
wpp2024-esperanza-de-vida-mapa,MMR,1959,43.4139
wpp2024-esperanza-de-vida-mapa,MMR,1960,44.0861
wpp2024-esperanza-de-vida-mapa,MMR,1961,44.6035
wpp2024-esperanza-de-vida-mapa,MMR,1962,45.2637
wpp2024-esperanza-de-vida-mapa,MMR,1963,45.9512
wpp2024-esperanza-de-vida-mapa,MMR,1964,46.6527
wpp2024-esperanza-de-vida-mapa,MMR,1965,47.4049
wpp2024-esperanza-de-vida-mapa,MMR,1966,48.1814
wpp2024-esperanza-de-vida-mapa,MMR,1967,48.8599
wpp2024-esperanza-de-vida-mapa,MMR,1968,49.3997
wpp2024-esperanza-de-vida-mapa,MMR,1969,50.0204
wpp2024-esperanza-de-vida-mapa,MMR,1970,50.4696
wpp2024-esperanza-de-vida-mapa,MMR,1971,51.0268
wpp2024-esperanza-de-vida-mapa,MMR,1972,51.3974
wpp2024-esperanza-de-vida-mapa,MMR,1973,51.763
wpp2024-esperanza-de-vida-mapa,MMR,1974,52.0915
wpp2024-esperanza-de-vida-mapa,MMR,1975,52.4933
wpp2024-esperanza-de-vida-mapa,MMR,1976,52.9082
wpp2024-esperanza-de-vida-mapa,MMR,1977,53.2664
wpp2024-esperanza-de-vida-mapa,MMR,1978,53.5216
wpp2024-esperanza-de-vida-mapa,MMR,1979,54.0256
wpp2024-esperanza-de-vida-mapa,MMR,1980,54.3744
wpp2024-esperanza-de-vida-mapa,MMR,1981,54.6991
wpp2024-esperanza-de-vida-mapa,MMR,1982,55.0332
wpp2024-esperanza-de-vida-mapa,MMR,1983,55.3081
wpp2024-esperanza-de-vida-mapa,MMR,1984,55.5963
wpp2024-esperanza-de-vida-mapa,MMR,1985,55.8162
wpp2024-esperanza-de-vida-mapa,MMR,1986,56.0835
wpp2024-esperanza-de-vida-mapa,MMR,1987,56.3534
wpp2024-esperanza-de-vida-mapa,MMR,1988,56.5699
wpp2024-esperanza-de-vida-mapa,MMR,1989,56.8887
wpp2024-esperanza-de-vida-mapa,MMR,1990,57.1587
wpp2024-esperanza-de-vida-mapa,MMR,1991,57.3955
wpp2024-esperanza-de-vida-mapa,MMR,1992,57.681
wpp2024-esperanza-de-vida-mapa,MMR,1993,58.0324
wpp2024-esperanza-de-vida-mapa,MMR,1994,58.3256
wpp2024-esperanza-de-vida-mapa,MMR,1995,58.6708
wpp2024-esperanza-de-vida-mapa,MMR,1996,59.1689
wpp2024-esperanza-de-vida-mapa,MMR,1997,59.5226
wpp2024-esperanza-de-vida-mapa,MMR,1998,59.896
wpp2024-esperanza-de-vida-mapa,MMR,1999,60.1066
wpp2024-esperanza-de-vida-mapa,MMR,2000,60.3567
wpp2024-esperanza-de-vida-mapa,MMR,2001,60.6398
wpp2024-esperanza-de-vida-mapa,MMR,2002,60.9245
wpp2024-esperanza-de-vida-mapa,MMR,2003,61.196
wpp2024-esperanza-de-vida-mapa,MMR,2004,61.4425
wpp2024-esperanza-de-vida-mapa,MMR,2005,61.7204
wpp2024-esperanza-de-vida-mapa,MMR,2006,62.0263
wpp2024-esperanza-de-vida-mapa,MMR,2007,62.3667
wpp2024-esperanza-de-vida-mapa,MMR,2008,56.3637
wpp2024-esperanza-de-vida-mapa,MMR,2009,63.0952
wpp2024-esperanza-de-vida-mapa,MMR,2010,63.4791
wpp2024-esperanza-de-vida-mapa,MMR,2011,63.8589
wpp2024-esperanza-de-vida-mapa,MMR,2012,64.2511
wpp2024-esperanza-de-vida-mapa,MMR,2013,64.617
wpp2024-esperanza-de-vida-mapa,MMR,2014,64.9941
wpp2024-esperanza-de-vida-mapa,MMR,2015,65.2877
wpp2024-esperanza-de-vida-mapa,MMR,2016,65.6399
wpp2024-esperanza-de-vida-mapa,MMR,2017,65.9086
wpp2024-esperanza-de-vida-mapa,MMR,2018,66.2322
wpp2024-esperanza-de-vida-mapa,MMR,2019,66.4567
wpp2024-esperanza-de-vida-mapa,MMR,2020,66.6121
wpp2024-esperanza-de-vida-mapa,MMR,2021,65.5535
wpp2024-esperanza-de-vida-mapa,MMR,2022,66.5058
wpp2024-esperanza-de-vida-mapa,MMR,2023,66.889
wpp2024-esperanza-de-vida-mapa,PHL,1950,53.5783
wpp2024-esperanza-de-vida-mapa,PHL,1951,54.0789
wpp2024-esperanza-de-vida-mapa,PHL,1952,54.6973
wpp2024-esperanza-de-vida-mapa,PHL,1953,55.3953
wpp2024-esperanza-de-vida-mapa,PHL,1954,55.9941
wpp2024-esperanza-de-vida-mapa,PHL,1955,56.6004
wpp2024-esperanza-de-vida-mapa,PHL,1956,57.2457
wpp2024-esperanza-de-vida-mapa,PHL,1957,57.7887
wpp2024-esperanza-de-vida-mapa,PHL,1958,58.3099
wpp2024-esperanza-de-vida-mapa,PHL,1959,58.7451
wpp2024-esperanza-de-vida-mapa,PHL,1960,59.1754
wpp2024-esperanza-de-vida-mapa,PHL,1961,59.4689
wpp2024-esperanza-de-vida-mapa,PHL,1962,59.7555
wpp2024-esperanza-de-vida-mapa,PHL,1963,60.0183
wpp2024-esperanza-de-vida-mapa,PHL,1964,60.1298
wpp2024-esperanza-de-vida-mapa,PHL,1965,60.4098
wpp2024-esperanza-de-vida-mapa,PHL,1966,60.6228
wpp2024-esperanza-de-vida-mapa,PHL,1967,60.8036
wpp2024-esperanza-de-vida-mapa,PHL,1968,60.9166
wpp2024-esperanza-de-vida-mapa,PHL,1969,60.9813
wpp2024-esperanza-de-vida-mapa,PHL,1970,60.8273
wpp2024-esperanza-de-vida-mapa,PHL,1971,61.0649
wpp2024-esperanza-de-vida-mapa,PHL,1972,60.9112
wpp2024-esperanza-de-vida-mapa,PHL,1973,60.7413
wpp2024-esperanza-de-vida-mapa,PHL,1974,60.816
wpp2024-esperanza-de-vida-mapa,PHL,1975,60.9044
wpp2024-esperanza-de-vida-mapa,PHL,1976,60.8693
wpp2024-esperanza-de-vida-mapa,PHL,1977,61.4308
wpp2024-esperanza-de-vida-mapa,PHL,1978,61.5312
wpp2024-esperanza-de-vida-mapa,PHL,1979,61.7273
wpp2024-esperanza-de-vida-mapa,PHL,1980,61.8844
wpp2024-esperanza-de-vida-mapa,PHL,1981,61.9424
wpp2024-esperanza-de-vida-mapa,PHL,1982,62.1749
wpp2024-esperanza-de-vida-mapa,PHL,1983,62.3486
wpp2024-esperanza-de-vida-mapa,PHL,1984,62.4256
wpp2024-esperanza-de-vida-mapa,PHL,1985,62.7353
wpp2024-esperanza-de-vida-mapa,PHL,1986,62.8746
wpp2024-esperanza-de-vida-mapa,PHL,1987,63.2987
wpp2024-esperanza-de-vida-mapa,PHL,1988,63.7108
wpp2024-esperanza-de-vida-mapa,PHL,1989,64.1054
wpp2024-esperanza-de-vida-mapa,PHL,1990,64.3825
wpp2024-esperanza-de-vida-mapa,PHL,1991,64.6224
wpp2024-esperanza-de-vida-mapa,PHL,1992,65.353
wpp2024-esperanza-de-vida-mapa,PHL,1993,65.6614
wpp2024-esperanza-de-vida-mapa,PHL,1994,65.9998
wpp2024-esperanza-de-vida-mapa,PHL,1995,66.311
wpp2024-esperanza-de-vida-mapa,PHL,1996,66.691
wpp2024-esperanza-de-vida-mapa,PHL,1997,66.9939
wpp2024-esperanza-de-vida-mapa,PHL,1998,67.2122
wpp2024-esperanza-de-vida-mapa,PHL,1999,67.5027
wpp2024-esperanza-de-vida-mapa,PHL,2000,67.7892
wpp2024-esperanza-de-vida-mapa,PHL,2001,67.8286
wpp2024-esperanza-de-vida-mapa,PHL,2002,67.886
wpp2024-esperanza-de-vida-mapa,PHL,2003,68.0491
wpp2024-esperanza-de-vida-mapa,PHL,2004,68.3007
wpp2024-esperanza-de-vida-mapa,PHL,2005,68.4231
wpp2024-esperanza-de-vida-mapa,PHL,2006,68.1723
wpp2024-esperanza-de-vida-mapa,PHL,2007,68.549
wpp2024-esperanza-de-vida-mapa,PHL,2008,68.6432
wpp2024-esperanza-de-vida-mapa,PHL,2009,68.6311
wpp2024-esperanza-de-vida-mapa,PHL,2010,68.8833
wpp2024-esperanza-de-vida-mapa,PHL,2011,69.0963
wpp2024-esperanza-de-vida-mapa,PHL,2012,69.2375
wpp2024-esperanza-de-vida-mapa,PHL,2013,69.2828
wpp2024-esperanza-de-vida-mapa,PHL,2014,69.3106
wpp2024-esperanza-de-vida-mapa,PHL,2015,69.4501
wpp2024-esperanza-de-vida-mapa,PHL,2016,69.4896
wpp2024-esperanza-de-vida-mapa,PHL,2017,69.9661
wpp2024-esperanza-de-vida-mapa,PHL,2018,69.7615
wpp2024-esperanza-de-vida-mapa,PHL,2019,69.6804
wpp2024-esperanza-de-vida-mapa,PHL,2020,70.0974
wpp2024-esperanza-de-vida-mapa,PHL,2021,66.6755
wpp2024-esperanza-de-vida-mapa,PHL,2022,69.4723
wpp2024-esperanza-de-vida-mapa,PHL,2023,69.8327
wpp2024-esperanza-de-vida-mapa,SGP,1950,54.0923
wpp2024-esperanza-de-vida-mapa,SGP,1951,55.2599
wpp2024-esperanza-de-vida-mapa,SGP,1952,56.4258
wpp2024-esperanza-de-vida-mapa,SGP,1953,57.4671
wpp2024-esperanza-de-vida-mapa,SGP,1954,59.4233
wpp2024-esperanza-de-vida-mapa,SGP,1955,61.2143
wpp2024-esperanza-de-vida-mapa,SGP,1956,62.6169
wpp2024-esperanza-de-vida-mapa,SGP,1957,63.3944
wpp2024-esperanza-de-vida-mapa,SGP,1958,64.0265
wpp2024-esperanza-de-vida-mapa,SGP,1959,64.7941
wpp2024-esperanza-de-vida-mapa,SGP,1960,65.2968
wpp2024-esperanza-de-vida-mapa,SGP,1961,65.6863
wpp2024-esperanza-de-vida-mapa,SGP,1962,66.0904
wpp2024-esperanza-de-vida-mapa,SGP,1963,66.4883
wpp2024-esperanza-de-vida-mapa,SGP,1964,66.7124
wpp2024-esperanza-de-vida-mapa,SGP,1965,66.9432
wpp2024-esperanza-de-vida-mapa,SGP,1966,67.2369
wpp2024-esperanza-de-vida-mapa,SGP,1967,67.3308
wpp2024-esperanza-de-vida-mapa,SGP,1968,67.6627
wpp2024-esperanza-de-vida-mapa,SGP,1969,68.0756
wpp2024-esperanza-de-vida-mapa,SGP,1970,68.4999
wpp2024-esperanza-de-vida-mapa,SGP,1971,68.7955
wpp2024-esperanza-de-vida-mapa,SGP,1972,68.9641
wpp2024-esperanza-de-vida-mapa,SGP,1973,69.3571
wpp2024-esperanza-de-vida-mapa,SGP,1974,69.7088
wpp2024-esperanza-de-vida-mapa,SGP,1975,70.2322
wpp2024-esperanza-de-vida-mapa,SGP,1976,70.5699
wpp2024-esperanza-de-vida-mapa,SGP,1977,70.8837
wpp2024-esperanza-de-vida-mapa,SGP,1978,71.1631
wpp2024-esperanza-de-vida-mapa,SGP,1979,71.3566
wpp2024-esperanza-de-vida-mapa,SGP,1980,71.5285
wpp2024-esperanza-de-vida-mapa,SGP,1981,71.7476
wpp2024-esperanza-de-vida-mapa,SGP,1982,72.0149
wpp2024-esperanza-de-vida-mapa,SGP,1983,72.4147
wpp2024-esperanza-de-vida-mapa,SGP,1984,72.6028
wpp2024-esperanza-de-vida-mapa,SGP,1985,73.1235
wpp2024-esperanza-de-vida-mapa,SGP,1986,73.5641
wpp2024-esperanza-de-vida-mapa,SGP,1987,74.0353
wpp2024-esperanza-de-vida-mapa,SGP,1988,74.0494
wpp2024-esperanza-de-vida-mapa,SGP,1989,74.3325
wpp2024-esperanza-de-vida-mapa,SGP,1990,74.5982
wpp2024-esperanza-de-vida-mapa,SGP,1991,75.0582
wpp2024-esperanza-de-vida-mapa,SGP,1992,75.3265
wpp2024-esperanza-de-vida-mapa,SGP,1993,75.5328
wpp2024-esperanza-de-vida-mapa,SGP,1994,75.6269
wpp2024-esperanza-de-vida-mapa,SGP,1995,75.7249
wpp2024-esperanza-de-vida-mapa,SGP,1996,76.0504
wpp2024-esperanza-de-vida-mapa,SGP,1997,76.3889
wpp2024-esperanza-de-vida-mapa,SGP,1998,76.851
wpp2024-esperanza-de-vida-mapa,SGP,1999,77.2711
wpp2024-esperanza-de-vida-mapa,SGP,2000,77.7525
wpp2024-esperanza-de-vida-mapa,SGP,2001,78.2668
wpp2024-esperanza-de-vida-mapa,SGP,2002,78.7357
wpp2024-esperanza-de-vida-mapa,SGP,2003,79.1777
wpp2024-esperanza-de-vida-mapa,SGP,2004,79.6584
wpp2024-esperanza-de-vida-mapa,SGP,2005,80.2706
wpp2024-esperanza-de-vida-mapa,SGP,2006,80.6404
wpp2024-esperanza-de-vida-mapa,SGP,2007,80.8845
wpp2024-esperanza-de-vida-mapa,SGP,2008,81.0992
wpp2024-esperanza-de-vida-mapa,SGP,2009,81.4282
wpp2024-esperanza-de-vida-mapa,SGP,2010,81.6472
wpp2024-esperanza-de-vida-mapa,SGP,2011,81.9417
wpp2024-esperanza-de-vida-mapa,SGP,2012,82.2089
wpp2024-esperanza-de-vida-mapa,SGP,2013,82.4676
wpp2024-esperanza-de-vida-mapa,SGP,2014,82.6146
wpp2024-esperanza-de-vida-mapa,SGP,2015,82.7479
wpp2024-esperanza-de-vida-mapa,SGP,2016,82.897
wpp2024-esperanza-de-vida-mapa,SGP,2017,83.0947
wpp2024-esperanza-de-vida-mapa,SGP,2018,83.3783
wpp2024-esperanza-de-vida-mapa,SGP,2019,83.6622
wpp2024-esperanza-de-vida-mapa,SGP,2020,83.6607
wpp2024-esperanza-de-vida-mapa,SGP,2021,83.4846
wpp2024-esperanza-de-vida-mapa,SGP,2022,82.9211
wpp2024-esperanza-de-vida-mapa,SGP,2023,83.7362
wpp2024-esperanza-de-vida-mapa,THA,1950,45.1886
wpp2024-esperanza-de-vida-mapa,THA,1951,45.9204
wpp2024-esperanza-de-vida-mapa,THA,1952,46.498
wpp2024-esperanza-de-vida-mapa,THA,1953,47.0656
wpp2024-esperanza-de-vida-mapa,THA,1954,47.6198
wpp2024-esperanza-de-vida-mapa,THA,1955,48.1338
wpp2024-esperanza-de-vida-mapa,THA,1956,48.6388
wpp2024-esperanza-de-vida-mapa,THA,1957,49.1281
wpp2024-esperanza-de-vida-mapa,THA,1958,49.5483
wpp2024-esperanza-de-vida-mapa,THA,1959,50.1261
wpp2024-esperanza-de-vida-mapa,THA,1960,50.6085
wpp2024-esperanza-de-vida-mapa,THA,1961,51.065
wpp2024-esperanza-de-vida-mapa,THA,1962,51.4443
wpp2024-esperanza-de-vida-mapa,THA,1963,51.988
wpp2024-esperanza-de-vida-mapa,THA,1964,52.5386
wpp2024-esperanza-de-vida-mapa,THA,1965,53.131
wpp2024-esperanza-de-vida-mapa,THA,1966,53.7294
wpp2024-esperanza-de-vida-mapa,THA,1967,54.3155
wpp2024-esperanza-de-vida-mapa,THA,1968,54.9772
wpp2024-esperanza-de-vida-mapa,THA,1969,55.7047
wpp2024-esperanza-de-vida-mapa,THA,1970,56.4699
wpp2024-esperanza-de-vida-mapa,THA,1971,57.1004
wpp2024-esperanza-de-vida-mapa,THA,1972,57.7464
wpp2024-esperanza-de-vida-mapa,THA,1973,58.3234
wpp2024-esperanza-de-vida-mapa,THA,1974,59.0306
wpp2024-esperanza-de-vida-mapa,THA,1975,59.7128
wpp2024-esperanza-de-vida-mapa,THA,1976,60.3715
wpp2024-esperanza-de-vida-mapa,THA,1977,60.9061
wpp2024-esperanza-de-vida-mapa,THA,1978,61.2657
wpp2024-esperanza-de-vida-mapa,THA,1979,61.696
wpp2024-esperanza-de-vida-mapa,THA,1980,62.186
wpp2024-esperanza-de-vida-mapa,THA,1981,62.8557
wpp2024-esperanza-de-vida-mapa,THA,1982,63.6026
wpp2024-esperanza-de-vida-mapa,THA,1983,64.4998
wpp2024-esperanza-de-vida-mapa,THA,1984,65.5497
wpp2024-esperanza-de-vida-mapa,THA,1985,66.5429
wpp2024-esperanza-de-vida-mapa,THA,1986,67.3084
wpp2024-esperanza-de-vida-mapa,THA,1987,67.8333
wpp2024-esperanza-de-vida-mapa,THA,1988,68.1937
wpp2024-esperanza-de-vida-mapa,THA,1989,68.5574
wpp2024-esperanza-de-vida-mapa,THA,1990,68.9244
wpp2024-esperanza-de-vida-mapa,THA,1991,69.1322
wpp2024-esperanza-de-vida-mapa,THA,1992,69.353
wpp2024-esperanza-de-vida-mapa,THA,1993,69.5677
wpp2024-esperanza-de-vida-mapa,THA,1994,69.6609
wpp2024-esperanza-de-vida-mapa,THA,1995,69.7565
wpp2024-esperanza-de-vida-mapa,THA,1996,69.94
wpp2024-esperanza-de-vida-mapa,THA,1997,70.3622
wpp2024-esperanza-de-vida-mapa,THA,1998,70.7029
wpp2024-esperanza-de-vida-mapa,THA,1999,70.9787
wpp2024-esperanza-de-vida-mapa,THA,2000,71.2053
wpp2024-esperanza-de-vida-mapa,THA,2001,71.5198
wpp2024-esperanza-de-vida-mapa,THA,2002,71.7747
wpp2024-esperanza-de-vida-mapa,THA,2003,72.1012
wpp2024-esperanza-de-vida-mapa,THA,2004,72.1
wpp2024-esperanza-de-vida-mapa,THA,2005,72.8938
wpp2024-esperanza-de-vida-mapa,THA,2006,73.3413
wpp2024-esperanza-de-vida-mapa,THA,2007,73.7795
wpp2024-esperanza-de-vida-mapa,THA,2008,74.2205
wpp2024-esperanza-de-vida-mapa,THA,2009,74.6691
wpp2024-esperanza-de-vida-mapa,THA,2010,75.0117
wpp2024-esperanza-de-vida-mapa,THA,2011,75.3015
wpp2024-esperanza-de-vida-mapa,THA,2012,75.5899
wpp2024-esperanza-de-vida-mapa,THA,2013,75.9601
wpp2024-esperanza-de-vida-mapa,THA,2014,76.2792
wpp2024-esperanza-de-vida-mapa,THA,2015,76.5631
wpp2024-esperanza-de-vida-mapa,THA,2016,76.7693
wpp2024-esperanza-de-vida-mapa,THA,2017,76.9888
wpp2024-esperanza-de-vida-mapa,THA,2018,77.1903
wpp2024-esperanza-de-vida-mapa,THA,2019,77.1967
wpp2024-esperanza-de-vida-mapa,THA,2020,77.3314
wpp2024-esperanza-de-vida-mapa,THA,2021,77.6065
wpp2024-esperanza-de-vida-mapa,THA,2022,75.2913
wpp2024-esperanza-de-vida-mapa,THA,2023,76.4115
wpp2024-esperanza-de-vida-mapa,TLS,1950,29.1614
wpp2024-esperanza-de-vida-mapa,TLS,1951,29.4614
wpp2024-esperanza-de-vida-mapa,TLS,1952,29.7633
wpp2024-esperanza-de-vida-mapa,TLS,1953,30.0653
wpp2024-esperanza-de-vida-mapa,TLS,1954,30.3683
wpp2024-esperanza-de-vida-mapa,TLS,1955,30.6736
wpp2024-esperanza-de-vida-mapa,TLS,1956,30.9827
wpp2024-esperanza-de-vida-mapa,TLS,1957,31.3052
wpp2024-esperanza-de-vida-mapa,TLS,1958,31.6561
wpp2024-esperanza-de-vida-mapa,TLS,1959,32.0212
wpp2024-esperanza-de-vida-mapa,TLS,1960,32.4018
wpp2024-esperanza-de-vida-mapa,TLS,1961,32.8009
wpp2024-esperanza-de-vida-mapa,TLS,1962,33.221
wpp2024-esperanza-de-vida-mapa,TLS,1963,33.6654
wpp2024-esperanza-de-vida-mapa,TLS,1964,34.1473
wpp2024-esperanza-de-vida-mapa,TLS,1965,34.6532
wpp2024-esperanza-de-vida-mapa,TLS,1966,35.1737
wpp2024-esperanza-de-vida-mapa,TLS,1967,35.7032
wpp2024-esperanza-de-vida-mapa,TLS,1968,36.2408
wpp2024-esperanza-de-vida-mapa,TLS,1969,36.8024
wpp2024-esperanza-de-vida-mapa,TLS,1970,37.3617
wpp2024-esperanza-de-vida-mapa,TLS,1971,37.9094
wpp2024-esperanza-de-vida-mapa,TLS,1972,38.443
wpp2024-esperanza-de-vida-mapa,TLS,1973,38.9664
wpp2024-esperanza-de-vida-mapa,TLS,1974,36.4539
wpp2024-esperanza-de-vida-mapa,TLS,1975,24.3142
wpp2024-esperanza-de-vida-mapa,TLS,1976,25.8634
wpp2024-esperanza-de-vida-mapa,TLS,1977,24.875
wpp2024-esperanza-de-vida-mapa,TLS,1978,22.9333
wpp2024-esperanza-de-vida-mapa,TLS,1979,24.1718
wpp2024-esperanza-de-vida-mapa,TLS,1980,30.1957
wpp2024-esperanza-de-vida-mapa,TLS,1981,31.2475
wpp2024-esperanza-de-vida-mapa,TLS,1982,32.2467
wpp2024-esperanza-de-vida-mapa,TLS,1983,32.6944
wpp2024-esperanza-de-vida-mapa,TLS,1984,34.4685
wpp2024-esperanza-de-vida-mapa,TLS,1985,34.3419
wpp2024-esperanza-de-vida-mapa,TLS,1986,34.7636
wpp2024-esperanza-de-vida-mapa,TLS,1987,35.9743
wpp2024-esperanza-de-vida-mapa,TLS,1988,36.0471
wpp2024-esperanza-de-vida-mapa,TLS,1989,44.7954
wpp2024-esperanza-de-vida-mapa,TLS,1990,45.1849
wpp2024-esperanza-de-vida-mapa,TLS,1991,45.0763
wpp2024-esperanza-de-vida-mapa,TLS,1992,46.1901
wpp2024-esperanza-de-vida-mapa,TLS,1993,47.0075
wpp2024-esperanza-de-vida-mapa,TLS,1994,47.8608
wpp2024-esperanza-de-vida-mapa,TLS,1995,47.5429
wpp2024-esperanza-de-vida-mapa,TLS,1996,48.2602
wpp2024-esperanza-de-vida-mapa,TLS,1997,48.9681
wpp2024-esperanza-de-vida-mapa,TLS,1998,48.5826
wpp2024-esperanza-de-vida-mapa,TLS,1999,45.2456
wpp2024-esperanza-de-vida-mapa,TLS,2000,58.0969
wpp2024-esperanza-de-vida-mapa,TLS,2001,58.7722
wpp2024-esperanza-de-vida-mapa,TLS,2002,59.4766
wpp2024-esperanza-de-vida-mapa,TLS,2003,60.1304
wpp2024-esperanza-de-vida-mapa,TLS,2004,60.7428
wpp2024-esperanza-de-vida-mapa,TLS,2005,61.2717
wpp2024-esperanza-de-vida-mapa,TLS,2006,61.8807
wpp2024-esperanza-de-vida-mapa,TLS,2007,62.3957
wpp2024-esperanza-de-vida-mapa,TLS,2008,62.8575
wpp2024-esperanza-de-vida-mapa,TLS,2009,63.2652
wpp2024-esperanza-de-vida-mapa,TLS,2010,63.6599
wpp2024-esperanza-de-vida-mapa,TLS,2011,64.0223
wpp2024-esperanza-de-vida-mapa,TLS,2012,64.3844
wpp2024-esperanza-de-vida-mapa,TLS,2013,64.7189
wpp2024-esperanza-de-vida-mapa,TLS,2014,65.0268
wpp2024-esperanza-de-vida-mapa,TLS,2015,65.3262
wpp2024-esperanza-de-vida-mapa,TLS,2016,65.6099
wpp2024-esperanza-de-vida-mapa,TLS,2017,65.8982
wpp2024-esperanza-de-vida-mapa,TLS,2018,66.2039
wpp2024-esperanza-de-vida-mapa,TLS,2019,66.4964
wpp2024-esperanza-de-vida-mapa,TLS,2020,66.9191
wpp2024-esperanza-de-vida-mapa,TLS,2021,66.1993
wpp2024-esperanza-de-vida-mapa,TLS,2022,67.3684
wpp2024-esperanza-de-vida-mapa,TLS,2023,67.6894
wpp2024-esperanza-de-vida-mapa,VNM,1950,48.0407
wpp2024-esperanza-de-vida-mapa,VNM,1951,48.6995
wpp2024-esperanza-de-vida-mapa,VNM,1952,49.3766
wpp2024-esperanza-de-vida-mapa,VNM,1953,49.9591
wpp2024-esperanza-de-vida-mapa,VNM,1954,52.0031
wpp2024-esperanza-de-vida-mapa,VNM,1955,54.8256
wpp2024-esperanza-de-vida-mapa,VNM,1956,55.5347
wpp2024-esperanza-de-vida-mapa,VNM,1957,56.1673
wpp2024-esperanza-de-vida-mapa,VNM,1958,56.7983
wpp2024-esperanza-de-vida-mapa,VNM,1959,57.3978
wpp2024-esperanza-de-vida-mapa,VNM,1960,58.0462
wpp2024-esperanza-de-vida-mapa,VNM,1961,58.4612
wpp2024-esperanza-de-vida-mapa,VNM,1962,58.2042
wpp2024-esperanza-de-vida-mapa,VNM,1963,56.8966
wpp2024-esperanza-de-vida-mapa,VNM,1964,57.4733
wpp2024-esperanza-de-vida-mapa,VNM,1965,56.9667
wpp2024-esperanza-de-vida-mapa,VNM,1966,56.9137
wpp2024-esperanza-de-vida-mapa,VNM,1967,56.7445
wpp2024-esperanza-de-vida-mapa,VNM,1968,52.6683
wpp2024-esperanza-de-vida-mapa,VNM,1969,54.7907
wpp2024-esperanza-de-vida-mapa,VNM,1970,54.93
wpp2024-esperanza-de-vida-mapa,VNM,1971,55.5848
wpp2024-esperanza-de-vida-mapa,VNM,1972,51.9133
wpp2024-esperanza-de-vida-mapa,VNM,1973,55.6766
wpp2024-esperanza-de-vida-mapa,VNM,1974,54.7512
wpp2024-esperanza-de-vida-mapa,VNM,1975,61.865
wpp2024-esperanza-de-vida-mapa,VNM,1976,63.6692
wpp2024-esperanza-de-vida-mapa,VNM,1977,64.0697
wpp2024-esperanza-de-vida-mapa,VNM,1978,64.5289
wpp2024-esperanza-de-vida-mapa,VNM,1979,64.9864
wpp2024-esperanza-de-vida-mapa,VNM,1980,65.3381
wpp2024-esperanza-de-vida-mapa,VNM,1981,65.7794
wpp2024-esperanza-de-vida-mapa,VNM,1982,66.2118
wpp2024-esperanza-de-vida-mapa,VNM,1983,66.5447
wpp2024-esperanza-de-vida-mapa,VNM,1984,66.9291
wpp2024-esperanza-de-vida-mapa,VNM,1985,67.1916
wpp2024-esperanza-de-vida-mapa,VNM,1986,67.5502
wpp2024-esperanza-de-vida-mapa,VNM,1987,68.005
wpp2024-esperanza-de-vida-mapa,VNM,1988,68.5848
wpp2024-esperanza-de-vida-mapa,VNM,1989,68.8051
wpp2024-esperanza-de-vida-mapa,VNM,1990,69.0268
wpp2024-esperanza-de-vida-mapa,VNM,1991,69.3035
wpp2024-esperanza-de-vida-mapa,VNM,1992,69.6197
wpp2024-esperanza-de-vida-mapa,VNM,1993,69.9569
wpp2024-esperanza-de-vida-mapa,VNM,1994,70.3789
wpp2024-esperanza-de-vida-mapa,VNM,1995,70.8714
wpp2024-esperanza-de-vida-mapa,VNM,1996,71.2961
wpp2024-esperanza-de-vida-mapa,VNM,1997,71.67
wpp2024-esperanza-de-vida-mapa,VNM,1998,72.2829
wpp2024-esperanza-de-vida-mapa,VNM,1999,72.5754
wpp2024-esperanza-de-vida-mapa,VNM,2000,72.7455
wpp2024-esperanza-de-vida-mapa,VNM,2001,72.9842
wpp2024-esperanza-de-vida-mapa,VNM,2002,73.1384
wpp2024-esperanza-de-vida-mapa,VNM,2003,73.2356
wpp2024-esperanza-de-vida-mapa,VNM,2004,73.0623
wpp2024-esperanza-de-vida-mapa,VNM,2005,73.1983
wpp2024-esperanza-de-vida-mapa,VNM,2006,73.2925
wpp2024-esperanza-de-vida-mapa,VNM,2007,73.385
wpp2024-esperanza-de-vida-mapa,VNM,2008,73.455
wpp2024-esperanza-de-vida-mapa,VNM,2009,73.5253
wpp2024-esperanza-de-vida-mapa,VNM,2010,73.6107
wpp2024-esperanza-de-vida-mapa,VNM,2011,73.7126
wpp2024-esperanza-de-vida-mapa,VNM,2012,73.7619
wpp2024-esperanza-de-vida-mapa,VNM,2013,73.8207
wpp2024-esperanza-de-vida-mapa,VNM,2014,73.8859
wpp2024-esperanza-de-vida-mapa,VNM,2015,73.9554
wpp2024-esperanza-de-vida-mapa,VNM,2016,73.9837
wpp2024-esperanza-de-vida-mapa,VNM,2017,74.0265
wpp2024-esperanza-de-vida-mapa,VNM,2018,74.1004
wpp2024-esperanza-de-vida-mapa,VNM,2019,74.2113
wpp2024-esperanza-de-vida-mapa,VNM,2020,75.3832
wpp2024-esperanza-de-vida-mapa,VNM,2021,74.1448
wpp2024-esperanza-de-vida-mapa,VNM,2022,74.5025
wpp2024-esperanza-de-vida-mapa,VNM,2023,74.5883
wpp2024-esperanza-de-vida-mapa,ARM,1950,54.5541
wpp2024-esperanza-de-vida-mapa,ARM,1951,55.0359
wpp2024-esperanza-de-vida-mapa,ARM,1952,55.5107
wpp2024-esperanza-de-vida-mapa,ARM,1953,55.9801
wpp2024-esperanza-de-vida-mapa,ARM,1954,56.4433
wpp2024-esperanza-de-vida-mapa,ARM,1955,56.9012
wpp2024-esperanza-de-vida-mapa,ARM,1956,57.3546
wpp2024-esperanza-de-vida-mapa,ARM,1957,57.8036
wpp2024-esperanza-de-vida-mapa,ARM,1958,58.2486
wpp2024-esperanza-de-vida-mapa,ARM,1959,58.6909
wpp2024-esperanza-de-vida-mapa,ARM,1960,59.1303
wpp2024-esperanza-de-vida-mapa,ARM,1961,59.5666
wpp2024-esperanza-de-vida-mapa,ARM,1962,59.9953
wpp2024-esperanza-de-vida-mapa,ARM,1963,60.4123
wpp2024-esperanza-de-vida-mapa,ARM,1964,60.8132
wpp2024-esperanza-de-vida-mapa,ARM,1965,61.1945
wpp2024-esperanza-de-vida-mapa,ARM,1966,61.5536
wpp2024-esperanza-de-vida-mapa,ARM,1967,61.8894
wpp2024-esperanza-de-vida-mapa,ARM,1968,62.2021
wpp2024-esperanza-de-vida-mapa,ARM,1969,62.4917
wpp2024-esperanza-de-vida-mapa,ARM,1970,62.7596
wpp2024-esperanza-de-vida-mapa,ARM,1971,63.0061
wpp2024-esperanza-de-vida-mapa,ARM,1972,63.2372
wpp2024-esperanza-de-vida-mapa,ARM,1973,63.4589
wpp2024-esperanza-de-vida-mapa,ARM,1974,63.6808
wpp2024-esperanza-de-vida-mapa,ARM,1975,63.9073
wpp2024-esperanza-de-vida-mapa,ARM,1976,64.1441
wpp2024-esperanza-de-vida-mapa,ARM,1977,64.4226
wpp2024-esperanza-de-vida-mapa,ARM,1978,64.7228
wpp2024-esperanza-de-vida-mapa,ARM,1979,65.043
wpp2024-esperanza-de-vida-mapa,ARM,1980,65.3623
wpp2024-esperanza-de-vida-mapa,ARM,1981,65.7071
wpp2024-esperanza-de-vida-mapa,ARM,1982,66.0755
wpp2024-esperanza-de-vida-mapa,ARM,1983,66.452
wpp2024-esperanza-de-vida-mapa,ARM,1984,66.8119
wpp2024-esperanza-de-vida-mapa,ARM,1985,67.1331
wpp2024-esperanza-de-vida-mapa,ARM,1986,67.3942
wpp2024-esperanza-de-vida-mapa,ARM,1987,67.5713
wpp2024-esperanza-de-vida-mapa,ARM,1988,52.7089
wpp2024-esperanza-de-vida-mapa,ARM,1989,67.7222
wpp2024-esperanza-de-vida-mapa,ARM,1990,67.7332
wpp2024-esperanza-de-vida-mapa,ARM,1991,67.8008
wpp2024-esperanza-de-vida-mapa,ARM,1992,67.8819
wpp2024-esperanza-de-vida-mapa,ARM,1993,68.1432
wpp2024-esperanza-de-vida-mapa,ARM,1994,68.4477
wpp2024-esperanza-de-vida-mapa,ARM,1995,68.8131
wpp2024-esperanza-de-vida-mapa,ARM,1996,69.1975
wpp2024-esperanza-de-vida-mapa,ARM,1997,69.5924
wpp2024-esperanza-de-vida-mapa,ARM,1998,70.0054
wpp2024-esperanza-de-vida-mapa,ARM,1999,70.418
wpp2024-esperanza-de-vida-mapa,ARM,2000,70.8123
wpp2024-esperanza-de-vida-mapa,ARM,2001,71.1744
wpp2024-esperanza-de-vida-mapa,ARM,2002,71.4859
wpp2024-esperanza-de-vida-mapa,ARM,2003,71.7343
wpp2024-esperanza-de-vida-mapa,ARM,2004,71.9262
wpp2024-esperanza-de-vida-mapa,ARM,2005,72.0822
wpp2024-esperanza-de-vida-mapa,ARM,2006,72.2188
wpp2024-esperanza-de-vida-mapa,ARM,2007,72.3589
wpp2024-esperanza-de-vida-mapa,ARM,2008,72.5193
wpp2024-esperanza-de-vida-mapa,ARM,2009,72.7136
wpp2024-esperanza-de-vida-mapa,ARM,2010,72.9381
wpp2024-esperanza-de-vida-mapa,ARM,2011,73.1852
wpp2024-esperanza-de-vida-mapa,ARM,2012,73.4396
wpp2024-esperanza-de-vida-mapa,ARM,2013,73.7131
wpp2024-esperanza-de-vida-mapa,ARM,2014,73.98
wpp2024-esperanza-de-vida-mapa,ARM,2015,74.229
wpp2024-esperanza-de-vida-mapa,ARM,2016,74.4937
wpp2024-esperanza-de-vida-mapa,ARM,2017,74.7441
wpp2024-esperanza-de-vida-mapa,ARM,2018,74.9783
wpp2024-esperanza-de-vida-mapa,ARM,2019,75.1931
wpp2024-esperanza-de-vida-mapa,ARM,2020,68.8898
wpp2024-esperanza-de-vida-mapa,ARM,2021,72.5524
wpp2024-esperanza-de-vida-mapa,ARM,2022,74.6333
wpp2024-esperanza-de-vida-mapa,ARM,2023,75.6827
wpp2024-esperanza-de-vida-mapa,AZE,1950,46.2883
wpp2024-esperanza-de-vida-mapa,AZE,1951,46.64
wpp2024-esperanza-de-vida-mapa,AZE,1952,47.0081
wpp2024-esperanza-de-vida-mapa,AZE,1953,47.435
wpp2024-esperanza-de-vida-mapa,AZE,1954,47.8395
wpp2024-esperanza-de-vida-mapa,AZE,1955,48.3468
wpp2024-esperanza-de-vida-mapa,AZE,1956,48.797
wpp2024-esperanza-de-vida-mapa,AZE,1957,49.195
wpp2024-esperanza-de-vida-mapa,AZE,1958,49.6874
wpp2024-esperanza-de-vida-mapa,AZE,1959,50.2585
wpp2024-esperanza-de-vida-mapa,AZE,1960,50.8616
wpp2024-esperanza-de-vida-mapa,AZE,1961,51.4351
wpp2024-esperanza-de-vida-mapa,AZE,1962,52.0533
wpp2024-esperanza-de-vida-mapa,AZE,1963,52.6964
wpp2024-esperanza-de-vida-mapa,AZE,1964,53.292
wpp2024-esperanza-de-vida-mapa,AZE,1965,53.884
wpp2024-esperanza-de-vida-mapa,AZE,1966,54.4849
wpp2024-esperanza-de-vida-mapa,AZE,1967,55.0316
wpp2024-esperanza-de-vida-mapa,AZE,1968,55.5625
wpp2024-esperanza-de-vida-mapa,AZE,1969,56.0802
wpp2024-esperanza-de-vida-mapa,AZE,1970,56.5859
wpp2024-esperanza-de-vida-mapa,AZE,1971,57.0431
wpp2024-esperanza-de-vida-mapa,AZE,1972,57.5032
wpp2024-esperanza-de-vida-mapa,AZE,1973,57.9261
wpp2024-esperanza-de-vida-mapa,AZE,1974,58.3323
wpp2024-esperanza-de-vida-mapa,AZE,1975,58.6874
wpp2024-esperanza-de-vida-mapa,AZE,1976,59.4769
wpp2024-esperanza-de-vida-mapa,AZE,1977,59.9719
wpp2024-esperanza-de-vida-mapa,AZE,1978,60.494
wpp2024-esperanza-de-vida-mapa,AZE,1979,60.9307
wpp2024-esperanza-de-vida-mapa,AZE,1980,61.4333
wpp2024-esperanza-de-vida-mapa,AZE,1981,61.9083
wpp2024-esperanza-de-vida-mapa,AZE,1982,62.2302
wpp2024-esperanza-de-vida-mapa,AZE,1983,62.4786
wpp2024-esperanza-de-vida-mapa,AZE,1984,62.0838
wpp2024-esperanza-de-vida-mapa,AZE,1985,62.6744
wpp2024-esperanza-de-vida-mapa,AZE,1986,62.6027
wpp2024-esperanza-de-vida-mapa,AZE,1987,62.8241
wpp2024-esperanza-de-vida-mapa,AZE,1988,62.672
wpp2024-esperanza-de-vida-mapa,AZE,1989,62.9447
wpp2024-esperanza-de-vida-mapa,AZE,1990,62.7504
wpp2024-esperanza-de-vida-mapa,AZE,1991,62.5436
wpp2024-esperanza-de-vida-mapa,AZE,1992,60.7729
wpp2024-esperanza-de-vida-mapa,AZE,1993,61.4261
wpp2024-esperanza-de-vida-mapa,AZE,1994,60.277
wpp2024-esperanza-de-vida-mapa,AZE,1995,61.9313
wpp2024-esperanza-de-vida-mapa,AZE,1996,62.6603
wpp2024-esperanza-de-vida-mapa,AZE,1997,62.9533
wpp2024-esperanza-de-vida-mapa,AZE,1998,63.7498
wpp2024-esperanza-de-vida-mapa,AZE,1999,64.7334
wpp2024-esperanza-de-vida-mapa,AZE,2000,65.3772
wpp2024-esperanza-de-vida-mapa,AZE,2001,66.0429
wpp2024-esperanza-de-vida-mapa,AZE,2002,66.769
wpp2024-esperanza-de-vida-mapa,AZE,2003,67.036
wpp2024-esperanza-de-vida-mapa,AZE,2004,67.4882
wpp2024-esperanza-de-vida-mapa,AZE,2005,67.7103
wpp2024-esperanza-de-vida-mapa,AZE,2006,68.489
wpp2024-esperanza-de-vida-mapa,AZE,2007,68.6587
wpp2024-esperanza-de-vida-mapa,AZE,2008,69.355
wpp2024-esperanza-de-vida-mapa,AZE,2009,69.8743
wpp2024-esperanza-de-vida-mapa,AZE,2010,70.3088
wpp2024-esperanza-de-vida-mapa,AZE,2011,70.5651
wpp2024-esperanza-de-vida-mapa,AZE,2012,71.0799
wpp2024-esperanza-de-vida-mapa,AZE,2013,71.4849
wpp2024-esperanza-de-vida-mapa,AZE,2014,71.9304
wpp2024-esperanza-de-vida-mapa,AZE,2015,72.3486
wpp2024-esperanza-de-vida-mapa,AZE,2016,72.5678
wpp2024-esperanza-de-vida-mapa,AZE,2017,72.6943
wpp2024-esperanza-de-vida-mapa,AZE,2018,73.0156
wpp2024-esperanza-de-vida-mapa,AZE,2019,73.29
wpp2024-esperanza-de-vida-mapa,AZE,2020,70.3116
wpp2024-esperanza-de-vida-mapa,AZE,2021,70.9994
wpp2024-esperanza-de-vida-mapa,AZE,2022,74.125
wpp2024-esperanza-de-vida-mapa,AZE,2023,74.4286
wpp2024-esperanza-de-vida-mapa,BHR,1950,38.6019
wpp2024-esperanza-de-vida-mapa,BHR,1951,39.2701
wpp2024-esperanza-de-vida-mapa,BHR,1952,39.934
wpp2024-esperanza-de-vida-mapa,BHR,1953,40.7141
wpp2024-esperanza-de-vida-mapa,BHR,1954,41.6479
wpp2024-esperanza-de-vida-mapa,BHR,1955,42.774
wpp2024-esperanza-de-vida-mapa,BHR,1956,44.1271
wpp2024-esperanza-de-vida-mapa,BHR,1957,45.6523
wpp2024-esperanza-de-vida-mapa,BHR,1958,47.2764
wpp2024-esperanza-de-vida-mapa,BHR,1959,48.9511
wpp2024-esperanza-de-vida-mapa,BHR,1960,50.634
wpp2024-esperanza-de-vida-mapa,BHR,1961,52.2777
wpp2024-esperanza-de-vida-mapa,BHR,1962,53.8932
wpp2024-esperanza-de-vida-mapa,BHR,1963,55.4493
wpp2024-esperanza-de-vida-mapa,BHR,1964,56.9463
wpp2024-esperanza-de-vida-mapa,BHR,1965,58.3791
wpp2024-esperanza-de-vida-mapa,BHR,1966,59.7445
wpp2024-esperanza-de-vida-mapa,BHR,1967,61.0362
wpp2024-esperanza-de-vida-mapa,BHR,1968,62.2534
wpp2024-esperanza-de-vida-mapa,BHR,1969,63.35
wpp2024-esperanza-de-vida-mapa,BHR,1970,64.3585
wpp2024-esperanza-de-vida-mapa,BHR,1971,65.2793
wpp2024-esperanza-de-vida-mapa,BHR,1972,66.0947
wpp2024-esperanza-de-vida-mapa,BHR,1973,66.9218
wpp2024-esperanza-de-vida-mapa,BHR,1974,67.6331
wpp2024-esperanza-de-vida-mapa,BHR,1975,68.2764
wpp2024-esperanza-de-vida-mapa,BHR,1976,68.858
wpp2024-esperanza-de-vida-mapa,BHR,1977,69.3834
wpp2024-esperanza-de-vida-mapa,BHR,1978,69.8504
wpp2024-esperanza-de-vida-mapa,BHR,1979,70.2955
wpp2024-esperanza-de-vida-mapa,BHR,1980,70.6844
wpp2024-esperanza-de-vida-mapa,BHR,1981,71.0371
wpp2024-esperanza-de-vida-mapa,BHR,1982,71.3543
wpp2024-esperanza-de-vida-mapa,BHR,1983,71.6373
wpp2024-esperanza-de-vida-mapa,BHR,1984,71.8843
wpp2024-esperanza-de-vida-mapa,BHR,1985,72.0923
wpp2024-esperanza-de-vida-mapa,BHR,1986,72.2574
wpp2024-esperanza-de-vida-mapa,BHR,1987,72.3774
wpp2024-esperanza-de-vida-mapa,BHR,1988,72.4605
wpp2024-esperanza-de-vida-mapa,BHR,1989,72.5238
wpp2024-esperanza-de-vida-mapa,BHR,1990,72.5867
wpp2024-esperanza-de-vida-mapa,BHR,1991,72.6682
wpp2024-esperanza-de-vida-mapa,BHR,1992,72.7846
wpp2024-esperanza-de-vida-mapa,BHR,1993,72.9393
wpp2024-esperanza-de-vida-mapa,BHR,1994,73.1344
wpp2024-esperanza-de-vida-mapa,BHR,1995,73.3613
wpp2024-esperanza-de-vida-mapa,BHR,1996,73.6103
wpp2024-esperanza-de-vida-mapa,BHR,1997,73.8717
wpp2024-esperanza-de-vida-mapa,BHR,1998,74.1381
wpp2024-esperanza-de-vida-mapa,BHR,1999,74.4053
wpp2024-esperanza-de-vida-mapa,BHR,2000,74.6726
wpp2024-esperanza-de-vida-mapa,BHR,2001,74.9419
wpp2024-esperanza-de-vida-mapa,BHR,2002,75.2086
wpp2024-esperanza-de-vida-mapa,BHR,2003,75.4857
wpp2024-esperanza-de-vida-mapa,BHR,2004,75.7869
wpp2024-esperanza-de-vida-mapa,BHR,2005,76.1249
wpp2024-esperanza-de-vida-mapa,BHR,2006,76.5101
wpp2024-esperanza-de-vida-mapa,BHR,2007,76.9519
wpp2024-esperanza-de-vida-mapa,BHR,2008,77.4565
wpp2024-esperanza-de-vida-mapa,BHR,2009,78.0162
wpp2024-esperanza-de-vida-mapa,BHR,2010,78.5933
wpp2024-esperanza-de-vida-mapa,BHR,2011,79.1409
wpp2024-esperanza-de-vida-mapa,BHR,2012,79.6218
wpp2024-esperanza-de-vida-mapa,BHR,2013,79.9981
wpp2024-esperanza-de-vida-mapa,BHR,2014,80.2139
wpp2024-esperanza-de-vida-mapa,BHR,2015,80.3378
wpp2024-esperanza-de-vida-mapa,BHR,2016,80.407
wpp2024-esperanza-de-vida-mapa,BHR,2017,80.4067
wpp2024-esperanza-de-vida-mapa,BHR,2018,80.4118
wpp2024-esperanza-de-vida-mapa,BHR,2019,80.4706
wpp2024-esperanza-de-vida-mapa,BHR,2020,78.6833
wpp2024-esperanza-de-vida-mapa,BHR,2021,78.0826
wpp2024-esperanza-de-vida-mapa,BHR,2022,80.9921
wpp2024-esperanza-de-vida-mapa,BHR,2023,81.2835
wpp2024-esperanza-de-vida-mapa,CYP,1950,55.8276
wpp2024-esperanza-de-vida-mapa,CYP,1951,56.7619
wpp2024-esperanza-de-vida-mapa,CYP,1952,57.6776
wpp2024-esperanza-de-vida-mapa,CYP,1953,58.3717
wpp2024-esperanza-de-vida-mapa,CYP,1954,59.2756
wpp2024-esperanza-de-vida-mapa,CYP,1955,59.7394
wpp2024-esperanza-de-vida-mapa,CYP,1956,60.3875
wpp2024-esperanza-de-vida-mapa,CYP,1957,60.9861
wpp2024-esperanza-de-vida-mapa,CYP,1958,61.637
wpp2024-esperanza-de-vida-mapa,CYP,1959,62.3103
wpp2024-esperanza-de-vida-mapa,CYP,1960,63.3201
wpp2024-esperanza-de-vida-mapa,CYP,1961,64.0758
wpp2024-esperanza-de-vida-mapa,CYP,1962,64.7202
wpp2024-esperanza-de-vida-mapa,CYP,1963,61.7791
wpp2024-esperanza-de-vida-mapa,CYP,1964,62.2404
wpp2024-esperanza-de-vida-mapa,CYP,1965,66.1243
wpp2024-esperanza-de-vida-mapa,CYP,1966,66.4894
wpp2024-esperanza-de-vida-mapa,CYP,1967,66.9057
wpp2024-esperanza-de-vida-mapa,CYP,1968,67.251
wpp2024-esperanza-de-vida-mapa,CYP,1969,67.5987
wpp2024-esperanza-de-vida-mapa,CYP,1970,68.0502
wpp2024-esperanza-de-vida-mapa,CYP,1971,68.3512
wpp2024-esperanza-de-vida-mapa,CYP,1972,68.6287
wpp2024-esperanza-de-vida-mapa,CYP,1973,69.0052
wpp2024-esperanza-de-vida-mapa,CYP,1974,54.5513
wpp2024-esperanza-de-vida-mapa,CYP,1975,70.3363
wpp2024-esperanza-de-vida-mapa,CYP,1976,70.805
wpp2024-esperanza-de-vida-mapa,CYP,1977,71.2577
wpp2024-esperanza-de-vida-mapa,CYP,1978,71.741
wpp2024-esperanza-de-vida-mapa,CYP,1979,72.1792
wpp2024-esperanza-de-vida-mapa,CYP,1980,72.8436
wpp2024-esperanza-de-vida-mapa,CYP,1981,73.053
wpp2024-esperanza-de-vida-mapa,CYP,1982,73.5183
wpp2024-esperanza-de-vida-mapa,CYP,1983,73.7076
wpp2024-esperanza-de-vida-mapa,CYP,1984,74
wpp2024-esperanza-de-vida-mapa,CYP,1985,74.6401
wpp2024-esperanza-de-vida-mapa,CYP,1986,74.9298
wpp2024-esperanza-de-vida-mapa,CYP,1987,75.2645
wpp2024-esperanza-de-vida-mapa,CYP,1988,75.3903
wpp2024-esperanza-de-vida-mapa,CYP,1989,75.8415
wpp2024-esperanza-de-vida-mapa,CYP,1990,76.0442
wpp2024-esperanza-de-vida-mapa,CYP,1991,76.2464
wpp2024-esperanza-de-vida-mapa,CYP,1992,76.2908
wpp2024-esperanza-de-vida-mapa,CYP,1993,76.2943
wpp2024-esperanza-de-vida-mapa,CYP,1994,76.3831
wpp2024-esperanza-de-vida-mapa,CYP,1995,76.5828
wpp2024-esperanza-de-vida-mapa,CYP,1996,76.8797
wpp2024-esperanza-de-vida-mapa,CYP,1997,77.1187
wpp2024-esperanza-de-vida-mapa,CYP,1998,77.1641
wpp2024-esperanza-de-vida-mapa,CYP,1999,77.5715
wpp2024-esperanza-de-vida-mapa,CYP,2000,77.9
wpp2024-esperanza-de-vida-mapa,CYP,2001,78.1848
wpp2024-esperanza-de-vida-mapa,CYP,2002,78.7582
wpp2024-esperanza-de-vida-mapa,CYP,2003,78.9081
wpp2024-esperanza-de-vida-mapa,CYP,2004,79.0067
wpp2024-esperanza-de-vida-mapa,CYP,2005,79.1975
wpp2024-esperanza-de-vida-mapa,CYP,2006,79.4561
wpp2024-esperanza-de-vida-mapa,CYP,2007,79.7982
wpp2024-esperanza-de-vida-mapa,CYP,2008,79.9063
wpp2024-esperanza-de-vida-mapa,CYP,2009,80.3749
wpp2024-esperanza-de-vida-mapa,CYP,2010,80.6325
wpp2024-esperanza-de-vida-mapa,CYP,2011,80.8546
wpp2024-esperanza-de-vida-mapa,CYP,2012,81.1284
wpp2024-esperanza-de-vida-mapa,CYP,2013,81.3165
wpp2024-esperanza-de-vida-mapa,CYP,2014,81.3373
wpp2024-esperanza-de-vida-mapa,CYP,2015,81.4637
wpp2024-esperanza-de-vida-mapa,CYP,2016,81.5341
wpp2024-esperanza-de-vida-mapa,CYP,2017,81.5431
wpp2024-esperanza-de-vida-mapa,CYP,2018,81.5558
wpp2024-esperanza-de-vida-mapa,CYP,2019,81.4543
wpp2024-esperanza-de-vida-mapa,CYP,2020,81.2302
wpp2024-esperanza-de-vida-mapa,CYP,2021,80.5735
wpp2024-esperanza-de-vida-mapa,CYP,2022,80.4337
wpp2024-esperanza-de-vida-mapa,CYP,2023,81.648
wpp2024-esperanza-de-vida-mapa,GEO,1950,57.7105
wpp2024-esperanza-de-vida-mapa,GEO,1951,58.0493
wpp2024-esperanza-de-vida-mapa,GEO,1952,58.404
wpp2024-esperanza-de-vida-mapa,GEO,1953,58.7675
wpp2024-esperanza-de-vida-mapa,GEO,1954,59.1236
wpp2024-esperanza-de-vida-mapa,GEO,1955,59.4779
wpp2024-esperanza-de-vida-mapa,GEO,1956,59.8504
wpp2024-esperanza-de-vida-mapa,GEO,1957,60.2438
wpp2024-esperanza-de-vida-mapa,GEO,1958,60.6024
wpp2024-esperanza-de-vida-mapa,GEO,1959,60.9936
wpp2024-esperanza-de-vida-mapa,GEO,1960,61.3472
wpp2024-esperanza-de-vida-mapa,GEO,1961,61.7201
wpp2024-esperanza-de-vida-mapa,GEO,1962,62.078
wpp2024-esperanza-de-vida-mapa,GEO,1963,62.4572
wpp2024-esperanza-de-vida-mapa,GEO,1964,62.818
wpp2024-esperanza-de-vida-mapa,GEO,1965,63.0967
wpp2024-esperanza-de-vida-mapa,GEO,1966,63.3969
wpp2024-esperanza-de-vida-mapa,GEO,1967,63.7721
wpp2024-esperanza-de-vida-mapa,GEO,1968,64.1393
wpp2024-esperanza-de-vida-mapa,GEO,1969,64.5088
wpp2024-esperanza-de-vida-mapa,GEO,1970,64.8687
wpp2024-esperanza-de-vida-mapa,GEO,1971,65.1892
wpp2024-esperanza-de-vida-mapa,GEO,1972,65.5156
wpp2024-esperanza-de-vida-mapa,GEO,1973,65.8508
wpp2024-esperanza-de-vida-mapa,GEO,1974,66.1798
wpp2024-esperanza-de-vida-mapa,GEO,1975,66.5116
wpp2024-esperanza-de-vida-mapa,GEO,1976,66.894
wpp2024-esperanza-de-vida-mapa,GEO,1977,67.2462
wpp2024-esperanza-de-vida-mapa,GEO,1978,67.5969
wpp2024-esperanza-de-vida-mapa,GEO,1979,67.9425
wpp2024-esperanza-de-vida-mapa,GEO,1980,68.2726
wpp2024-esperanza-de-vida-mapa,GEO,1981,68.741
wpp2024-esperanza-de-vida-mapa,GEO,1982,69.1093
wpp2024-esperanza-de-vida-mapa,GEO,1983,69.135
wpp2024-esperanza-de-vida-mapa,GEO,1984,68.795
wpp2024-esperanza-de-vida-mapa,GEO,1985,69.0062
wpp2024-esperanza-de-vida-mapa,GEO,1986,69.2247
wpp2024-esperanza-de-vida-mapa,GEO,1987,69.2189
wpp2024-esperanza-de-vida-mapa,GEO,1988,68.8245
wpp2024-esperanza-de-vida-mapa,GEO,1989,68.6351
wpp2024-esperanza-de-vida-mapa,GEO,1990,68.6787
wpp2024-esperanza-de-vida-mapa,GEO,1991,68.2022
wpp2024-esperanza-de-vida-mapa,GEO,1992,67.7801
wpp2024-esperanza-de-vida-mapa,GEO,1993,67.4052
wpp2024-esperanza-de-vida-mapa,GEO,1994,68.6692
wpp2024-esperanza-de-vida-mapa,GEO,1995,69.3982
wpp2024-esperanza-de-vida-mapa,GEO,1996,70.637
wpp2024-esperanza-de-vida-mapa,GEO,1997,69.6832
wpp2024-esperanza-de-vida-mapa,GEO,1998,69.7869
wpp2024-esperanza-de-vida-mapa,GEO,1999,70.0116
wpp2024-esperanza-de-vida-mapa,GEO,2000,70.0909
wpp2024-esperanza-de-vida-mapa,GEO,2001,70.3705
wpp2024-esperanza-de-vida-mapa,GEO,2002,70.438
wpp2024-esperanza-de-vida-mapa,GEO,2003,71.3766
wpp2024-esperanza-de-vida-mapa,GEO,2004,71.0115
wpp2024-esperanza-de-vida-mapa,GEO,2005,70.6895
wpp2024-esperanza-de-vida-mapa,GEO,2006,70.9829
wpp2024-esperanza-de-vida-mapa,GEO,2007,70.9852
wpp2024-esperanza-de-vida-mapa,GEO,2008,70.9494
wpp2024-esperanza-de-vida-mapa,GEO,2009,71.0578
wpp2024-esperanza-de-vida-mapa,GEO,2010,71.7318
wpp2024-esperanza-de-vida-mapa,GEO,2011,72.4846
wpp2024-esperanza-de-vida-mapa,GEO,2012,72.6721
wpp2024-esperanza-de-vida-mapa,GEO,2013,73.0247
wpp2024-esperanza-de-vida-mapa,GEO,2014,73.1051
wpp2024-esperanza-de-vida-mapa,GEO,2015,73.241
wpp2024-esperanza-de-vida-mapa,GEO,2016,73.1358
wpp2024-esperanza-de-vida-mapa,GEO,2017,73.4347
wpp2024-esperanza-de-vida-mapa,GEO,2018,73.9847
wpp2024-esperanza-de-vida-mapa,GEO,2019,74.1649
wpp2024-esperanza-de-vida-mapa,GEO,2020,73.5094
wpp2024-esperanza-de-vida-mapa,GEO,2021,71.6353
wpp2024-esperanza-de-vida-mapa,GEO,2022,74.1409
wpp2024-esperanza-de-vida-mapa,GEO,2023,74.4965
wpp2024-esperanza-de-vida-mapa,IRQ,1950,37.3983
wpp2024-esperanza-de-vida-mapa,IRQ,1951,38.9684
wpp2024-esperanza-de-vida-mapa,IRQ,1952,40.5238
wpp2024-esperanza-de-vida-mapa,IRQ,1953,42.0755
wpp2024-esperanza-de-vida-mapa,IRQ,1954,43.5293
wpp2024-esperanza-de-vida-mapa,IRQ,1955,44.98
wpp2024-esperanza-de-vida-mapa,IRQ,1956,46.3691
wpp2024-esperanza-de-vida-mapa,IRQ,1957,47.7307
wpp2024-esperanza-de-vida-mapa,IRQ,1958,48.9844
wpp2024-esperanza-de-vida-mapa,IRQ,1959,49.7195
wpp2024-esperanza-de-vida-mapa,IRQ,1960,51.4616
wpp2024-esperanza-de-vida-mapa,IRQ,1961,52.3388
wpp2024-esperanza-de-vida-mapa,IRQ,1962,53.4819
wpp2024-esperanza-de-vida-mapa,IRQ,1963,54.3604
wpp2024-esperanza-de-vida-mapa,IRQ,1964,55.2447
wpp2024-esperanza-de-vida-mapa,IRQ,1965,56.3872
wpp2024-esperanza-de-vida-mapa,IRQ,1966,57.3211
wpp2024-esperanza-de-vida-mapa,IRQ,1967,58.4221
wpp2024-esperanza-de-vida-mapa,IRQ,1968,58.9694
wpp2024-esperanza-de-vida-mapa,IRQ,1969,59.64
wpp2024-esperanza-de-vida-mapa,IRQ,1970,60.5323
wpp2024-esperanza-de-vida-mapa,IRQ,1971,61.3334
wpp2024-esperanza-de-vida-mapa,IRQ,1972,61.8158
wpp2024-esperanza-de-vida-mapa,IRQ,1973,62.3443
wpp2024-esperanza-de-vida-mapa,IRQ,1974,60.9951
wpp2024-esperanza-de-vida-mapa,IRQ,1975,61.4345
wpp2024-esperanza-de-vida-mapa,IRQ,1976,63.5689
wpp2024-esperanza-de-vida-mapa,IRQ,1977,63.8958
wpp2024-esperanza-de-vida-mapa,IRQ,1978,64.1747
wpp2024-esperanza-de-vida-mapa,IRQ,1979,64.4166
wpp2024-esperanza-de-vida-mapa,IRQ,1980,60.9159
wpp2024-esperanza-de-vida-mapa,IRQ,1981,58.6521
wpp2024-esperanza-de-vida-mapa,IRQ,1982,58.9768
wpp2024-esperanza-de-vida-mapa,IRQ,1983,59.2869
wpp2024-esperanza-de-vida-mapa,IRQ,1984,59.5437
wpp2024-esperanza-de-vida-mapa,IRQ,1985,59.7998
wpp2024-esperanza-de-vida-mapa,IRQ,1986,60.0314
wpp2024-esperanza-de-vida-mapa,IRQ,1987,60.2587
wpp2024-esperanza-de-vida-mapa,IRQ,1988,56.6922
wpp2024-esperanza-de-vida-mapa,IRQ,1989,57.501
wpp2024-esperanza-de-vida-mapa,IRQ,1990,57.5872
wpp2024-esperanza-de-vida-mapa,IRQ,1991,61.3381
wpp2024-esperanza-de-vida-mapa,IRQ,1992,65.3436
wpp2024-esperanza-de-vida-mapa,IRQ,1993,65.3097
wpp2024-esperanza-de-vida-mapa,IRQ,1994,65.0269
wpp2024-esperanza-de-vida-mapa,IRQ,1995,64.7614
wpp2024-esperanza-de-vida-mapa,IRQ,1996,64.6178
wpp2024-esperanza-de-vida-mapa,IRQ,1997,64.2412
wpp2024-esperanza-de-vida-mapa,IRQ,1998,64.4049
wpp2024-esperanza-de-vida-mapa,IRQ,1999,64.5316
wpp2024-esperanza-de-vida-mapa,IRQ,2000,64.8603
wpp2024-esperanza-de-vida-mapa,IRQ,2001,65.292
wpp2024-esperanza-de-vida-mapa,IRQ,2002,65.724
wpp2024-esperanza-de-vida-mapa,IRQ,2003,64.8339
wpp2024-esperanza-de-vida-mapa,IRQ,2004,64.6342
wpp2024-esperanza-de-vida-mapa,IRQ,2005,64.8989
wpp2024-esperanza-de-vida-mapa,IRQ,2006,64.0288
wpp2024-esperanza-de-vida-mapa,IRQ,2007,64.4278
wpp2024-esperanza-de-vida-mapa,IRQ,2008,66.465
wpp2024-esperanza-de-vida-mapa,IRQ,2009,67.8337
wpp2024-esperanza-de-vida-mapa,IRQ,2010,68.0924
wpp2024-esperanza-de-vida-mapa,IRQ,2011,68.4351
wpp2024-esperanza-de-vida-mapa,IRQ,2012,68.8267
wpp2024-esperanza-de-vida-mapa,IRQ,2013,69.0469
wpp2024-esperanza-de-vida-mapa,IRQ,2014,69.679
wpp2024-esperanza-de-vida-mapa,IRQ,2015,69.9771
wpp2024-esperanza-de-vida-mapa,IRQ,2016,68.6834
wpp2024-esperanza-de-vida-mapa,IRQ,2017,69.7878
wpp2024-esperanza-de-vida-mapa,IRQ,2018,71.1162
wpp2024-esperanza-de-vida-mapa,IRQ,2019,71.2452
wpp2024-esperanza-de-vida-mapa,IRQ,2020,69.6506
wpp2024-esperanza-de-vida-mapa,IRQ,2021,70.7036
wpp2024-esperanza-de-vida-mapa,IRQ,2022,72.0371
wpp2024-esperanza-de-vida-mapa,IRQ,2023,72.3242
wpp2024-esperanza-de-vida-mapa,ISR,1950,69.8613
wpp2024-esperanza-de-vida-mapa,ISR,1951,67.6276
wpp2024-esperanza-de-vida-mapa,ISR,1952,67.2194
wpp2024-esperanza-de-vida-mapa,ISR,1953,66.4153
wpp2024-esperanza-de-vida-mapa,ISR,1954,66.2502
wpp2024-esperanza-de-vida-mapa,ISR,1955,68.0026
wpp2024-esperanza-de-vida-mapa,ISR,1956,66.5921
wpp2024-esperanza-de-vida-mapa,ISR,1957,66.4948
wpp2024-esperanza-de-vida-mapa,ISR,1958,68.3862
wpp2024-esperanza-de-vida-mapa,ISR,1959,68.9186
wpp2024-esperanza-de-vida-mapa,ISR,1960,69.7535
wpp2024-esperanza-de-vida-mapa,ISR,1961,69.8062
wpp2024-esperanza-de-vida-mapa,ISR,1962,69.3285
wpp2024-esperanza-de-vida-mapa,ISR,1963,69.6206
wpp2024-esperanza-de-vida-mapa,ISR,1964,69.6079
wpp2024-esperanza-de-vida-mapa,ISR,1965,70.5022
wpp2024-esperanza-de-vida-mapa,ISR,1966,70.9411
wpp2024-esperanza-de-vida-mapa,ISR,1967,70.8964
wpp2024-esperanza-de-vida-mapa,ISR,1968,70.7503
wpp2024-esperanza-de-vida-mapa,ISR,1969,71.0274
wpp2024-esperanza-de-vida-mapa,ISR,1970,71.1575
wpp2024-esperanza-de-vida-mapa,ISR,1971,71.8316
wpp2024-esperanza-de-vida-mapa,ISR,1972,71.6228
wpp2024-esperanza-de-vida-mapa,ISR,1973,71.6116
wpp2024-esperanza-de-vida-mapa,ISR,1974,71.5618
wpp2024-esperanza-de-vida-mapa,ISR,1975,71.597
wpp2024-esperanza-de-vida-mapa,ISR,1976,72.6728
wpp2024-esperanza-de-vida-mapa,ISR,1977,72.6925
wpp2024-esperanza-de-vida-mapa,ISR,1978,73.0585
wpp2024-esperanza-de-vida-mapa,ISR,1979,73.3862
wpp2024-esperanza-de-vida-mapa,ISR,1980,73.6825
wpp2024-esperanza-de-vida-mapa,ISR,1981,74.1946
wpp2024-esperanza-de-vida-mapa,ISR,1982,74.334
wpp2024-esperanza-de-vida-mapa,ISR,1983,75.0854
wpp2024-esperanza-de-vida-mapa,ISR,1984,75.5015
wpp2024-esperanza-de-vida-mapa,ISR,1985,75.9685
wpp2024-esperanza-de-vida-mapa,ISR,1986,75.9098
wpp2024-esperanza-de-vida-mapa,ISR,1987,76.3764
wpp2024-esperanza-de-vida-mapa,ISR,1988,76.891
wpp2024-esperanza-de-vida-mapa,ISR,1989,77.6378
wpp2024-esperanza-de-vida-mapa,ISR,1990,78.0385
wpp2024-esperanza-de-vida-mapa,ISR,1991,77.5834
wpp2024-esperanza-de-vida-mapa,ISR,1992,77.2727
wpp2024-esperanza-de-vida-mapa,ISR,1993,77.8618
wpp2024-esperanza-de-vida-mapa,ISR,1994,78.0448
wpp2024-esperanza-de-vida-mapa,ISR,1995,78.0516
wpp2024-esperanza-de-vida-mapa,ISR,1996,78.5705
wpp2024-esperanza-de-vida-mapa,ISR,1997,78.5522
wpp2024-esperanza-de-vida-mapa,ISR,1998,78.5881
wpp2024-esperanza-de-vida-mapa,ISR,1999,78.8907
wpp2024-esperanza-de-vida-mapa,ISR,2000,79.1797
wpp2024-esperanza-de-vida-mapa,ISR,2001,79.4787
wpp2024-esperanza-de-vida-mapa,ISR,2002,79.5137
wpp2024-esperanza-de-vida-mapa,ISR,2003,79.8194
wpp2024-esperanza-de-vida-mapa,ISR,2004,80.3052
wpp2024-esperanza-de-vida-mapa,ISR,2005,80.3935
wpp2024-esperanza-de-vida-mapa,ISR,2006,80.7857
wpp2024-esperanza-de-vida-mapa,ISR,2007,80.9532
wpp2024-esperanza-de-vida-mapa,ISR,2008,81.2828
wpp2024-esperanza-de-vida-mapa,ISR,2009,81.8183
wpp2024-esperanza-de-vida-mapa,ISR,2010,81.9742
wpp2024-esperanza-de-vida-mapa,ISR,2011,81.9892
wpp2024-esperanza-de-vida-mapa,ISR,2012,81.9849
wpp2024-esperanza-de-vida-mapa,ISR,2013,82.354
wpp2024-esperanza-de-vida-mapa,ISR,2014,82.3608
wpp2024-esperanza-de-vida-mapa,ISR,2015,82.2538
wpp2024-esperanza-de-vida-mapa,ISR,2016,82.6123
wpp2024-esperanza-de-vida-mapa,ISR,2017,82.6993
wpp2024-esperanza-de-vida-mapa,ISR,2018,82.9184
wpp2024-esperanza-de-vida-mapa,ISR,2019,82.9048
wpp2024-esperanza-de-vida-mapa,ISR,2020,82.6997
wpp2024-esperanza-de-vida-mapa,ISR,2021,82.5169
wpp2024-esperanza-de-vida-mapa,ISR,2022,82.8145
wpp2024-esperanza-de-vida-mapa,ISR,2023,82.408
wpp2024-esperanza-de-vida-mapa,JOR,1950,40.8736
wpp2024-esperanza-de-vida-mapa,JOR,1951,42.0235
wpp2024-esperanza-de-vida-mapa,JOR,1952,43.2198
wpp2024-esperanza-de-vida-mapa,JOR,1953,44.4487
wpp2024-esperanza-de-vida-mapa,JOR,1954,45.6329
wpp2024-esperanza-de-vida-mapa,JOR,1955,46.7548
wpp2024-esperanza-de-vida-mapa,JOR,1956,48.0026
wpp2024-esperanza-de-vida-mapa,JOR,1957,49.2321
wpp2024-esperanza-de-vida-mapa,JOR,1958,50.4485
wpp2024-esperanza-de-vida-mapa,JOR,1959,51.6118
wpp2024-esperanza-de-vida-mapa,JOR,1960,52.678
wpp2024-esperanza-de-vida-mapa,JOR,1961,53.68
wpp2024-esperanza-de-vida-mapa,JOR,1962,54.6331
wpp2024-esperanza-de-vida-mapa,JOR,1963,55.4889
wpp2024-esperanza-de-vida-mapa,JOR,1964,56.4562
wpp2024-esperanza-de-vida-mapa,JOR,1965,57.3168
wpp2024-esperanza-de-vida-mapa,JOR,1966,57.7624
wpp2024-esperanza-de-vida-mapa,JOR,1967,58.9698
wpp2024-esperanza-de-vida-mapa,JOR,1968,59.7674
wpp2024-esperanza-de-vida-mapa,JOR,1969,60.5035
wpp2024-esperanza-de-vida-mapa,JOR,1970,59.8333
wpp2024-esperanza-de-vida-mapa,JOR,1971,61.772
wpp2024-esperanza-de-vida-mapa,JOR,1972,62.4773
wpp2024-esperanza-de-vida-mapa,JOR,1973,63.065
wpp2024-esperanza-de-vida-mapa,JOR,1974,63.6113
wpp2024-esperanza-de-vida-mapa,JOR,1975,64.148
wpp2024-esperanza-de-vida-mapa,JOR,1976,64.6538
wpp2024-esperanza-de-vida-mapa,JOR,1977,65.1268
wpp2024-esperanza-de-vida-mapa,JOR,1978,65.6021
wpp2024-esperanza-de-vida-mapa,JOR,1979,66.049
wpp2024-esperanza-de-vida-mapa,JOR,1980,66.4926
wpp2024-esperanza-de-vida-mapa,JOR,1981,66.9201
wpp2024-esperanza-de-vida-mapa,JOR,1982,67.36
wpp2024-esperanza-de-vida-mapa,JOR,1983,67.7782
wpp2024-esperanza-de-vida-mapa,JOR,1984,68.2064
wpp2024-esperanza-de-vida-mapa,JOR,1985,68.5871
wpp2024-esperanza-de-vida-mapa,JOR,1986,68.9615
wpp2024-esperanza-de-vida-mapa,JOR,1987,69.2968
wpp2024-esperanza-de-vida-mapa,JOR,1988,69.6053
wpp2024-esperanza-de-vida-mapa,JOR,1989,69.8645
wpp2024-esperanza-de-vida-mapa,JOR,1990,70.0935
wpp2024-esperanza-de-vida-mapa,JOR,1991,70.2398
wpp2024-esperanza-de-vida-mapa,JOR,1992,70.3998
wpp2024-esperanza-de-vida-mapa,JOR,1993,70.5678
wpp2024-esperanza-de-vida-mapa,JOR,1994,70.738
wpp2024-esperanza-de-vida-mapa,JOR,1995,70.915
wpp2024-esperanza-de-vida-mapa,JOR,1996,71.1045
wpp2024-esperanza-de-vida-mapa,JOR,1997,71.3236
wpp2024-esperanza-de-vida-mapa,JOR,1998,71.521
wpp2024-esperanza-de-vida-mapa,JOR,1999,71.7373
wpp2024-esperanza-de-vida-mapa,JOR,2000,71.9258
wpp2024-esperanza-de-vida-mapa,JOR,2001,72.1412
wpp2024-esperanza-de-vida-mapa,JOR,2002,72.3587
wpp2024-esperanza-de-vida-mapa,JOR,2003,72.585
wpp2024-esperanza-de-vida-mapa,JOR,2004,72.7877
wpp2024-esperanza-de-vida-mapa,JOR,2005,72.9772
wpp2024-esperanza-de-vida-mapa,JOR,2006,73.2248
wpp2024-esperanza-de-vida-mapa,JOR,2007,73.4074
wpp2024-esperanza-de-vida-mapa,JOR,2008,73.5631
wpp2024-esperanza-de-vida-mapa,JOR,2009,73.7075
wpp2024-esperanza-de-vida-mapa,JOR,2010,73.7973
wpp2024-esperanza-de-vida-mapa,JOR,2011,73.9286
wpp2024-esperanza-de-vida-mapa,JOR,2012,74.0873
wpp2024-esperanza-de-vida-mapa,JOR,2013,74.2816
wpp2024-esperanza-de-vida-mapa,JOR,2014,74.606
wpp2024-esperanza-de-vida-mapa,JOR,2015,75.06
wpp2024-esperanza-de-vida-mapa,JOR,2016,75.5501
wpp2024-esperanza-de-vida-mapa,JOR,2017,76.0708
wpp2024-esperanza-de-vida-mapa,JOR,2018,76.4913
wpp2024-esperanza-de-vida-mapa,JOR,2019,76.8645
wpp2024-esperanza-de-vida-mapa,JOR,2020,75.5831
wpp2024-esperanza-de-vida-mapa,JOR,2021,74.2042
wpp2024-esperanza-de-vida-mapa,JOR,2022,77.088
wpp2024-esperanza-de-vida-mapa,JOR,2023,77.8145
wpp2024-esperanza-de-vida-mapa,KWT,1950,49.7371
wpp2024-esperanza-de-vida-mapa,KWT,1951,50.579
wpp2024-esperanza-de-vida-mapa,KWT,1952,51.4161
wpp2024-esperanza-de-vida-mapa,KWT,1953,52.2637
wpp2024-esperanza-de-vida-mapa,KWT,1954,53.132
wpp2024-esperanza-de-vida-mapa,KWT,1955,54.03
wpp2024-esperanza-de-vida-mapa,KWT,1956,54.9435
wpp2024-esperanza-de-vida-mapa,KWT,1957,55.8932
wpp2024-esperanza-de-vida-mapa,KWT,1958,56.8782
wpp2024-esperanza-de-vida-mapa,KWT,1959,57.8925
wpp2024-esperanza-de-vida-mapa,KWT,1960,58.9212
wpp2024-esperanza-de-vida-mapa,KWT,1961,59.9525
wpp2024-esperanza-de-vida-mapa,KWT,1962,60.9776
wpp2024-esperanza-de-vida-mapa,KWT,1963,61.986
wpp2024-esperanza-de-vida-mapa,KWT,1964,62.9737
wpp2024-esperanza-de-vida-mapa,KWT,1965,63.9393
wpp2024-esperanza-de-vida-mapa,KWT,1966,64.8778
wpp2024-esperanza-de-vida-mapa,KWT,1967,65.7795
wpp2024-esperanza-de-vida-mapa,KWT,1968,66.6088
wpp2024-esperanza-de-vida-mapa,KWT,1969,67.3475
wpp2024-esperanza-de-vida-mapa,KWT,1970,67.9771
wpp2024-esperanza-de-vida-mapa,KWT,1971,68.4818
wpp2024-esperanza-de-vida-mapa,KWT,1972,68.8789
wpp2024-esperanza-de-vida-mapa,KWT,1973,69.191
wpp2024-esperanza-de-vida-mapa,KWT,1974,69.4483
wpp2024-esperanza-de-vida-mapa,KWT,1975,69.6795
wpp2024-esperanza-de-vida-mapa,KWT,1976,69.9242
wpp2024-esperanza-de-vida-mapa,KWT,1977,70.172
wpp2024-esperanza-de-vida-mapa,KWT,1978,70.4552
wpp2024-esperanza-de-vida-mapa,KWT,1979,70.7754
wpp2024-esperanza-de-vida-mapa,KWT,1980,71.1321
wpp2024-esperanza-de-vida-mapa,KWT,1981,71.5222
wpp2024-esperanza-de-vida-mapa,KWT,1982,71.9475
wpp2024-esperanza-de-vida-mapa,KWT,1983,72.3942
wpp2024-esperanza-de-vida-mapa,KWT,1984,72.854
wpp2024-esperanza-de-vida-mapa,KWT,1985,73.3155
wpp2024-esperanza-de-vida-mapa,KWT,1986,73.7797
wpp2024-esperanza-de-vida-mapa,KWT,1987,74.2196
wpp2024-esperanza-de-vida-mapa,KWT,1988,74.6426
wpp2024-esperanza-de-vida-mapa,KWT,1989,75.0266
wpp2024-esperanza-de-vida-mapa,KWT,1990,72.854
wpp2024-esperanza-de-vida-mapa,KWT,1991,73.31
wpp2024-esperanza-de-vida-mapa,KWT,1992,75.7351
wpp2024-esperanza-de-vida-mapa,KWT,1993,75.7718
wpp2024-esperanza-de-vida-mapa,KWT,1994,75.7279
wpp2024-esperanza-de-vida-mapa,KWT,1995,75.6648
wpp2024-esperanza-de-vida-mapa,KWT,1996,75.6015
wpp2024-esperanza-de-vida-mapa,KWT,1997,75.5648
wpp2024-esperanza-de-vida-mapa,KWT,1998,75.612
wpp2024-esperanza-de-vida-mapa,KWT,1999,75.7223
wpp2024-esperanza-de-vida-mapa,KWT,2000,75.8728
wpp2024-esperanza-de-vida-mapa,KWT,2001,76.0366
wpp2024-esperanza-de-vida-mapa,KWT,2002,76.1881
wpp2024-esperanza-de-vida-mapa,KWT,2003,76.3043
wpp2024-esperanza-de-vida-mapa,KWT,2004,76.3876
wpp2024-esperanza-de-vida-mapa,KWT,2005,76.4639
wpp2024-esperanza-de-vida-mapa,KWT,2006,76.5541
wpp2024-esperanza-de-vida-mapa,KWT,2007,76.6875
wpp2024-esperanza-de-vida-mapa,KWT,2008,76.8895
wpp2024-esperanza-de-vida-mapa,KWT,2009,77.1674
wpp2024-esperanza-de-vida-mapa,KWT,2010,77.4995
wpp2024-esperanza-de-vida-mapa,KWT,2011,77.8637
wpp2024-esperanza-de-vida-mapa,KWT,2012,78.227
wpp2024-esperanza-de-vida-mapa,KWT,2013,78.5831
wpp2024-esperanza-de-vida-mapa,KWT,2014,78.927
wpp2024-esperanza-de-vida-mapa,KWT,2015,79.2194
wpp2024-esperanza-de-vida-mapa,KWT,2016,79.5162
wpp2024-esperanza-de-vida-mapa,KWT,2017,79.7314
wpp2024-esperanza-de-vida-mapa,KWT,2018,79.8994
wpp2024-esperanza-de-vida-mapa,KWT,2019,80.0223
wpp2024-esperanza-de-vida-mapa,KWT,2020,78.2483
wpp2024-esperanza-de-vida-mapa,KWT,2021,77.625
wpp2024-esperanza-de-vida-mapa,KWT,2022,78.7881
wpp2024-esperanza-de-vida-mapa,KWT,2023,80.4047
wpp2024-esperanza-de-vida-mapa,LBN,1950,59.8999
wpp2024-esperanza-de-vida-mapa,LBN,1951,60.3297
wpp2024-esperanza-de-vida-mapa,LBN,1952,60.7644
wpp2024-esperanza-de-vida-mapa,LBN,1953,61.1769
wpp2024-esperanza-de-vida-mapa,LBN,1954,61.5877
wpp2024-esperanza-de-vida-mapa,LBN,1955,61.4519
wpp2024-esperanza-de-vida-mapa,LBN,1956,62.2365
wpp2024-esperanza-de-vida-mapa,LBN,1957,62.8133
wpp2024-esperanza-de-vida-mapa,LBN,1958,61.2251
wpp2024-esperanza-de-vida-mapa,LBN,1959,63.5767
wpp2024-esperanza-de-vida-mapa,LBN,1960,63.927
wpp2024-esperanza-de-vida-mapa,LBN,1961,64.267
wpp2024-esperanza-de-vida-mapa,LBN,1962,64.595
wpp2024-esperanza-de-vida-mapa,LBN,1963,64.8787
wpp2024-esperanza-de-vida-mapa,LBN,1964,65.1027
wpp2024-esperanza-de-vida-mapa,LBN,1965,65.3168
wpp2024-esperanza-de-vida-mapa,LBN,1966,65.5038
wpp2024-esperanza-de-vida-mapa,LBN,1967,65.6772
wpp2024-esperanza-de-vida-mapa,LBN,1968,65.8019
wpp2024-esperanza-de-vida-mapa,LBN,1969,65.9177
wpp2024-esperanza-de-vida-mapa,LBN,1970,66.0178
wpp2024-esperanza-de-vida-mapa,LBN,1971,66.1197
wpp2024-esperanza-de-vida-mapa,LBN,1972,66.2005
wpp2024-esperanza-de-vida-mapa,LBN,1973,66.2976
wpp2024-esperanza-de-vida-mapa,LBN,1974,66.41
wpp2024-esperanza-de-vida-mapa,LBN,1975,57.7444
wpp2024-esperanza-de-vida-mapa,LBN,1976,36.4358
wpp2024-esperanza-de-vida-mapa,LBN,1977,60.3312
wpp2024-esperanza-de-vida-mapa,LBN,1978,59.9963
wpp2024-esperanza-de-vida-mapa,LBN,1979,59.5573
wpp2024-esperanza-de-vida-mapa,LBN,1980,59.9089
wpp2024-esperanza-de-vida-mapa,LBN,1981,60.2785
wpp2024-esperanza-de-vida-mapa,LBN,1982,47.1898
wpp2024-esperanza-de-vida-mapa,LBN,1983,60.7517
wpp2024-esperanza-de-vida-mapa,LBN,1984,61.1669
wpp2024-esperanza-de-vida-mapa,LBN,1985,61.5736
wpp2024-esperanza-de-vida-mapa,LBN,1986,62.0105
wpp2024-esperanza-de-vida-mapa,LBN,1987,62.5395
wpp2024-esperanza-de-vida-mapa,LBN,1988,62.9203
wpp2024-esperanza-de-vida-mapa,LBN,1989,65.1135
wpp2024-esperanza-de-vida-mapa,LBN,1990,65.479
wpp2024-esperanza-de-vida-mapa,LBN,1991,70.8648
wpp2024-esperanza-de-vida-mapa,LBN,1992,71.1693
wpp2024-esperanza-de-vida-mapa,LBN,1993,71.5588
wpp2024-esperanza-de-vida-mapa,LBN,1994,72.0301
wpp2024-esperanza-de-vida-mapa,LBN,1995,72.3835
wpp2024-esperanza-de-vida-mapa,LBN,1996,72.6144
wpp2024-esperanza-de-vida-mapa,LBN,1997,72.9402
wpp2024-esperanza-de-vida-mapa,LBN,1998,73.2005
wpp2024-esperanza-de-vida-mapa,LBN,1999,73.5135
wpp2024-esperanza-de-vida-mapa,LBN,2000,73.8949
wpp2024-esperanza-de-vida-mapa,LBN,2001,74.3542
wpp2024-esperanza-de-vida-mapa,LBN,2002,74.8356
wpp2024-esperanza-de-vida-mapa,LBN,2003,75.2753
wpp2024-esperanza-de-vida-mapa,LBN,2004,75.6933
wpp2024-esperanza-de-vida-mapa,LBN,2005,76.0737
wpp2024-esperanza-de-vida-mapa,LBN,2006,75.6766
wpp2024-esperanza-de-vida-mapa,LBN,2007,76.7316
wpp2024-esperanza-de-vida-mapa,LBN,2008,76.9557
wpp2024-esperanza-de-vida-mapa,LBN,2009,77.2618
wpp2024-esperanza-de-vida-mapa,LBN,2010,77.5292
wpp2024-esperanza-de-vida-mapa,LBN,2011,77.7682
wpp2024-esperanza-de-vida-mapa,LBN,2012,77.941
wpp2024-esperanza-de-vida-mapa,LBN,2013,78.0365
wpp2024-esperanza-de-vida-mapa,LBN,2014,78.148
wpp2024-esperanza-de-vida-mapa,LBN,2015,78.2754
wpp2024-esperanza-de-vida-mapa,LBN,2016,78.3063
wpp2024-esperanza-de-vida-mapa,LBN,2017,78.1922
wpp2024-esperanza-de-vida-mapa,LBN,2018,78.2632
wpp2024-esperanza-de-vida-mapa,LBN,2019,78.2079
wpp2024-esperanza-de-vida-mapa,LBN,2020,76.2988
wpp2024-esperanza-de-vida-mapa,LBN,2021,73.6495
wpp2024-esperanza-de-vida-mapa,LBN,2022,78.0029
wpp2024-esperanza-de-vida-mapa,LBN,2023,77.817
wpp2024-esperanza-de-vida-mapa,OMN,1950,29.3002
wpp2024-esperanza-de-vida-mapa,OMN,1951,29.7658
wpp2024-esperanza-de-vida-mapa,OMN,1952,30.2352
wpp2024-esperanza-de-vida-mapa,OMN,1953,30.7203
wpp2024-esperanza-de-vida-mapa,OMN,1954,31.2312
wpp2024-esperanza-de-vida-mapa,OMN,1955,31.7786
wpp2024-esperanza-de-vida-mapa,OMN,1956,32.3739
wpp2024-esperanza-de-vida-mapa,OMN,1957,32.9627
wpp2024-esperanza-de-vida-mapa,OMN,1958,33.7521
wpp2024-esperanza-de-vida-mapa,OMN,1959,34.5507
wpp2024-esperanza-de-vida-mapa,OMN,1960,35.4292
wpp2024-esperanza-de-vida-mapa,OMN,1961,36.386
wpp2024-esperanza-de-vida-mapa,OMN,1962,37.4129
wpp2024-esperanza-de-vida-mapa,OMN,1963,38.4977
wpp2024-esperanza-de-vida-mapa,OMN,1964,39.6282
wpp2024-esperanza-de-vida-mapa,OMN,1965,40.7905
wpp2024-esperanza-de-vida-mapa,OMN,1966,41.975
wpp2024-esperanza-de-vida-mapa,OMN,1967,43.1773
wpp2024-esperanza-de-vida-mapa,OMN,1968,44.3948
wpp2024-esperanza-de-vida-mapa,OMN,1969,45.6245
wpp2024-esperanza-de-vida-mapa,OMN,1970,46.6396
wpp2024-esperanza-de-vida-mapa,OMN,1971,47.8682
wpp2024-esperanza-de-vida-mapa,OMN,1972,48.7172
wpp2024-esperanza-de-vida-mapa,OMN,1973,49.9641
wpp2024-esperanza-de-vida-mapa,OMN,1974,51.2285
wpp2024-esperanza-de-vida-mapa,OMN,1975,52.5105
wpp2024-esperanza-de-vida-mapa,OMN,1976,54.4483
wpp2024-esperanza-de-vida-mapa,OMN,1977,55.5244
wpp2024-esperanza-de-vida-mapa,OMN,1978,57.0372
wpp2024-esperanza-de-vida-mapa,OMN,1979,58.3275
wpp2024-esperanza-de-vida-mapa,OMN,1980,59.6008
wpp2024-esperanza-de-vida-mapa,OMN,1981,60.8023
wpp2024-esperanza-de-vida-mapa,OMN,1982,62.0486
wpp2024-esperanza-de-vida-mapa,OMN,1983,63.192
wpp2024-esperanza-de-vida-mapa,OMN,1984,64.2718
wpp2024-esperanza-de-vida-mapa,OMN,1985,65.2809
wpp2024-esperanza-de-vida-mapa,OMN,1986,66.168
wpp2024-esperanza-de-vida-mapa,OMN,1987,66.9792
wpp2024-esperanza-de-vida-mapa,OMN,1988,67.7177
wpp2024-esperanza-de-vida-mapa,OMN,1989,68.3927
wpp2024-esperanza-de-vida-mapa,OMN,1990,69.012
wpp2024-esperanza-de-vida-mapa,OMN,1991,69.5837
wpp2024-esperanza-de-vida-mapa,OMN,1992,70.1139
wpp2024-esperanza-de-vida-mapa,OMN,1993,70.6076
wpp2024-esperanza-de-vida-mapa,OMN,1994,71.0722
wpp2024-esperanza-de-vida-mapa,OMN,1995,71.5603
wpp2024-esperanza-de-vida-mapa,OMN,1996,72.0231
wpp2024-esperanza-de-vida-mapa,OMN,1997,72.463
wpp2024-esperanza-de-vida-mapa,OMN,1998,72.8817
wpp2024-esperanza-de-vida-mapa,OMN,1999,73.2761
wpp2024-esperanza-de-vida-mapa,OMN,2000,73.6428
wpp2024-esperanza-de-vida-mapa,OMN,2001,73.9788
wpp2024-esperanza-de-vida-mapa,OMN,2002,74.2761
wpp2024-esperanza-de-vida-mapa,OMN,2003,74.5213
wpp2024-esperanza-de-vida-mapa,OMN,2004,74.8204
wpp2024-esperanza-de-vida-mapa,OMN,2005,75.0705
wpp2024-esperanza-de-vida-mapa,OMN,2006,75.3543
wpp2024-esperanza-de-vida-mapa,OMN,2007,75.5959
wpp2024-esperanza-de-vida-mapa,OMN,2008,76.124
wpp2024-esperanza-de-vida-mapa,OMN,2009,76.6309
wpp2024-esperanza-de-vida-mapa,OMN,2010,77.1844
wpp2024-esperanza-de-vida-mapa,OMN,2011,77.7405
wpp2024-esperanza-de-vida-mapa,OMN,2012,78.1874
wpp2024-esperanza-de-vida-mapa,OMN,2013,78.6326
wpp2024-esperanza-de-vida-mapa,OMN,2014,79.03
wpp2024-esperanza-de-vida-mapa,OMN,2015,79.3457
wpp2024-esperanza-de-vida-mapa,OMN,2016,79.5813
wpp2024-esperanza-de-vida-mapa,OMN,2017,79.7483
wpp2024-esperanza-de-vida-mapa,OMN,2018,79.8642
wpp2024-esperanza-de-vida-mapa,OMN,2019,79.9456
wpp2024-esperanza-de-vida-mapa,OMN,2020,77.7634
wpp2024-esperanza-de-vida-mapa,OMN,2021,75.9693
wpp2024-esperanza-de-vida-mapa,OMN,2022,77.9106
wpp2024-esperanza-de-vida-mapa,OMN,2023,80.0305
wpp2024-esperanza-de-vida-mapa,QAT,1950,50.7592
wpp2024-esperanza-de-vida-mapa,QAT,1951,51.4555
wpp2024-esperanza-de-vida-mapa,QAT,1952,52.1425
wpp2024-esperanza-de-vida-mapa,QAT,1953,52.8275
wpp2024-esperanza-de-vida-mapa,QAT,1954,53.5147
wpp2024-esperanza-de-vida-mapa,QAT,1955,54.2071
wpp2024-esperanza-de-vida-mapa,QAT,1956,54.9062
wpp2024-esperanza-de-vida-mapa,QAT,1957,55.6127
wpp2024-esperanza-de-vida-mapa,QAT,1958,56.3266
wpp2024-esperanza-de-vida-mapa,QAT,1959,57.0474
wpp2024-esperanza-de-vida-mapa,QAT,1960,57.7732
wpp2024-esperanza-de-vida-mapa,QAT,1961,58.5019
wpp2024-esperanza-de-vida-mapa,QAT,1962,59.2259
wpp2024-esperanza-de-vida-mapa,QAT,1963,59.9596
wpp2024-esperanza-de-vida-mapa,QAT,1964,60.7003
wpp2024-esperanza-de-vida-mapa,QAT,1965,61.4411
wpp2024-esperanza-de-vida-mapa,QAT,1966,62.1706
wpp2024-esperanza-de-vida-mapa,QAT,1967,62.884
wpp2024-esperanza-de-vida-mapa,QAT,1968,63.5768
wpp2024-esperanza-de-vida-mapa,QAT,1969,64.2462
wpp2024-esperanza-de-vida-mapa,QAT,1970,64.8893
wpp2024-esperanza-de-vida-mapa,QAT,1971,65.4899
wpp2024-esperanza-de-vida-mapa,QAT,1972,66.0704
wpp2024-esperanza-de-vida-mapa,QAT,1973,66.6288
wpp2024-esperanza-de-vida-mapa,QAT,1974,67.165
wpp2024-esperanza-de-vida-mapa,QAT,1975,67.6789
wpp2024-esperanza-de-vida-mapa,QAT,1976,68.1723
wpp2024-esperanza-de-vida-mapa,QAT,1977,68.6395
wpp2024-esperanza-de-vida-mapa,QAT,1978,69.0833
wpp2024-esperanza-de-vida-mapa,QAT,1979,69.5073
wpp2024-esperanza-de-vida-mapa,QAT,1980,69.9151
wpp2024-esperanza-de-vida-mapa,QAT,1981,70.3131
wpp2024-esperanza-de-vida-mapa,QAT,1982,70.7041
wpp2024-esperanza-de-vida-mapa,QAT,1983,71.0888
wpp2024-esperanza-de-vida-mapa,QAT,1984,71.465
wpp2024-esperanza-de-vida-mapa,QAT,1985,71.8311
wpp2024-esperanza-de-vida-mapa,QAT,1986,72.1844
wpp2024-esperanza-de-vida-mapa,QAT,1987,72.5201
wpp2024-esperanza-de-vida-mapa,QAT,1988,72.8356
wpp2024-esperanza-de-vida-mapa,QAT,1989,73.1313
wpp2024-esperanza-de-vida-mapa,QAT,1990,73.4048
wpp2024-esperanza-de-vida-mapa,QAT,1991,73.6537
wpp2024-esperanza-de-vida-mapa,QAT,1992,73.8757
wpp2024-esperanza-de-vida-mapa,QAT,1993,74.0708
wpp2024-esperanza-de-vida-mapa,QAT,1994,74.2445
wpp2024-esperanza-de-vida-mapa,QAT,1995,74.4041
wpp2024-esperanza-de-vida-mapa,QAT,1996,74.5577
wpp2024-esperanza-de-vida-mapa,QAT,1997,74.7128
wpp2024-esperanza-de-vida-mapa,QAT,1998,74.8721
wpp2024-esperanza-de-vida-mapa,QAT,1999,75.0483
wpp2024-esperanza-de-vida-mapa,QAT,2000,75.25
wpp2024-esperanza-de-vida-mapa,QAT,2001,75.4858
wpp2024-esperanza-de-vida-mapa,QAT,2002,75.7655
wpp2024-esperanza-de-vida-mapa,QAT,2003,76.0975
wpp2024-esperanza-de-vida-mapa,QAT,2004,76.4839
wpp2024-esperanza-de-vida-mapa,QAT,2005,76.9088
wpp2024-esperanza-de-vida-mapa,QAT,2006,77.3226
wpp2024-esperanza-de-vida-mapa,QAT,2007,77.7413
wpp2024-esperanza-de-vida-mapa,QAT,2008,78.2618
wpp2024-esperanza-de-vida-mapa,QAT,2009,78.8371
wpp2024-esperanza-de-vida-mapa,QAT,2010,79.4438
wpp2024-esperanza-de-vida-mapa,QAT,2011,79.9943
wpp2024-esperanza-de-vida-mapa,QAT,2012,80.4994
wpp2024-esperanza-de-vida-mapa,QAT,2013,80.9735
wpp2024-esperanza-de-vida-mapa,QAT,2014,81.3955
wpp2024-esperanza-de-vida-mapa,QAT,2015,81.785
wpp2024-esperanza-de-vida-mapa,QAT,2016,82.1472
wpp2024-esperanza-de-vida-mapa,QAT,2017,82.4583
wpp2024-esperanza-de-vida-mapa,QAT,2018,82.7136
wpp2024-esperanza-de-vida-mapa,QAT,2019,82.9454
wpp2024-esperanza-de-vida-mapa,QAT,2020,80.4095
wpp2024-esperanza-de-vida-mapa,QAT,2021,81.083
wpp2024-esperanza-de-vida-mapa,QAT,2022,81.8566
wpp2024-esperanza-de-vida-mapa,QAT,2023,82.368
wpp2024-esperanza-de-vida-mapa,SAU,1950,40.0172
wpp2024-esperanza-de-vida-mapa,SAU,1951,40.5509
wpp2024-esperanza-de-vida-mapa,SAU,1952,41.0691
wpp2024-esperanza-de-vida-mapa,SAU,1953,41.5794
wpp2024-esperanza-de-vida-mapa,SAU,1954,42.0885
wpp2024-esperanza-de-vida-mapa,SAU,1955,42.6033
wpp2024-esperanza-de-vida-mapa,SAU,1956,43.1271
wpp2024-esperanza-de-vida-mapa,SAU,1957,43.6598
wpp2024-esperanza-de-vida-mapa,SAU,1958,44.2012
wpp2024-esperanza-de-vida-mapa,SAU,1959,44.7511
wpp2024-esperanza-de-vida-mapa,SAU,1960,45.31
wpp2024-esperanza-de-vida-mapa,SAU,1961,45.8805
wpp2024-esperanza-de-vida-mapa,SAU,1962,46.4695
wpp2024-esperanza-de-vida-mapa,SAU,1963,47.0858
wpp2024-esperanza-de-vida-mapa,SAU,1964,47.7321
wpp2024-esperanza-de-vida-mapa,SAU,1965,48.4359
wpp2024-esperanza-de-vida-mapa,SAU,1966,49.1866
wpp2024-esperanza-de-vida-mapa,SAU,1967,49.9941
wpp2024-esperanza-de-vida-mapa,SAU,1968,50.8574
wpp2024-esperanza-de-vida-mapa,SAU,1969,51.7727
wpp2024-esperanza-de-vida-mapa,SAU,1970,52.7287
wpp2024-esperanza-de-vida-mapa,SAU,1971,53.7271
wpp2024-esperanza-de-vida-mapa,SAU,1972,54.7422
wpp2024-esperanza-de-vida-mapa,SAU,1973,55.7651
wpp2024-esperanza-de-vida-mapa,SAU,1974,56.7848
wpp2024-esperanza-de-vida-mapa,SAU,1975,57.7804
wpp2024-esperanza-de-vida-mapa,SAU,1976,58.7823
wpp2024-esperanza-de-vida-mapa,SAU,1977,59.7489
wpp2024-esperanza-de-vida-mapa,SAU,1978,60.6851
wpp2024-esperanza-de-vida-mapa,SAU,1979,61.5183
wpp2024-esperanza-de-vida-mapa,SAU,1980,62.4445
wpp2024-esperanza-de-vida-mapa,SAU,1981,63.2516
wpp2024-esperanza-de-vida-mapa,SAU,1982,64.0079
wpp2024-esperanza-de-vida-mapa,SAU,1983,64.7187
wpp2024-esperanza-de-vida-mapa,SAU,1984,65.3914
wpp2024-esperanza-de-vida-mapa,SAU,1985,66.0268
wpp2024-esperanza-de-vida-mapa,SAU,1986,66.6478
wpp2024-esperanza-de-vida-mapa,SAU,1987,67.2419
wpp2024-esperanza-de-vida-mapa,SAU,1988,67.8137
wpp2024-esperanza-de-vida-mapa,SAU,1989,68.3595
wpp2024-esperanza-de-vida-mapa,SAU,1990,68.8744
wpp2024-esperanza-de-vida-mapa,SAU,1991,69.3409
wpp2024-esperanza-de-vida-mapa,SAU,1992,69.7995
wpp2024-esperanza-de-vida-mapa,SAU,1993,70.2076
wpp2024-esperanza-de-vida-mapa,SAU,1994,70.5867
wpp2024-esperanza-de-vida-mapa,SAU,1995,70.9443
wpp2024-esperanza-de-vida-mapa,SAU,1996,71.2878
wpp2024-esperanza-de-vida-mapa,SAU,1997,71.6238
wpp2024-esperanza-de-vida-mapa,SAU,1998,71.9574
wpp2024-esperanza-de-vida-mapa,SAU,1999,72.2903
wpp2024-esperanza-de-vida-mapa,SAU,2000,72.6067
wpp2024-esperanza-de-vida-mapa,SAU,2001,72.9505
wpp2024-esperanza-de-vida-mapa,SAU,2002,73.2959
wpp2024-esperanza-de-vida-mapa,SAU,2003,73.657
wpp2024-esperanza-de-vida-mapa,SAU,2004,74.0273
wpp2024-esperanza-de-vida-mapa,SAU,2005,74.4004
wpp2024-esperanza-de-vida-mapa,SAU,2006,74.7617
wpp2024-esperanza-de-vida-mapa,SAU,2007,75.0662
wpp2024-esperanza-de-vida-mapa,SAU,2008,75.3014
wpp2024-esperanza-de-vida-mapa,SAU,2009,75.4471
wpp2024-esperanza-de-vida-mapa,SAU,2010,75.6161
wpp2024-esperanza-de-vida-mapa,SAU,2011,75.8081
wpp2024-esperanza-de-vida-mapa,SAU,2012,76.0896
wpp2024-esperanza-de-vida-mapa,SAU,2013,76.5169
wpp2024-esperanza-de-vida-mapa,SAU,2014,77.1159
wpp2024-esperanza-de-vida-mapa,SAU,2015,77.7762
wpp2024-esperanza-de-vida-mapa,SAU,2016,78.3537
wpp2024-esperanza-de-vida-mapa,SAU,2017,78.7213
wpp2024-esperanza-de-vida-mapa,SAU,2018,78.7499
wpp2024-esperanza-de-vida-mapa,SAU,2019,78.3132
wpp2024-esperanza-de-vida-mapa,SAU,2020,77.5962
wpp2024-esperanza-de-vida-mapa,SAU,2021,77.0887
wpp2024-esperanza-de-vida-mapa,SAU,2022,77.3098
wpp2024-esperanza-de-vida-mapa,SAU,2023,78.7321
wpp2024-esperanza-de-vida-mapa,PSE,1950,45.748
wpp2024-esperanza-de-vida-mapa,PSE,1951,46.0262
wpp2024-esperanza-de-vida-mapa,PSE,1952,46.3004
wpp2024-esperanza-de-vida-mapa,PSE,1953,46.5837
wpp2024-esperanza-de-vida-mapa,PSE,1954,46.8869
wpp2024-esperanza-de-vida-mapa,PSE,1955,47.2119
wpp2024-esperanza-de-vida-mapa,PSE,1956,47.5679
wpp2024-esperanza-de-vida-mapa,PSE,1957,47.9552
wpp2024-esperanza-de-vida-mapa,PSE,1958,48.3707
wpp2024-esperanza-de-vida-mapa,PSE,1959,48.8127
wpp2024-esperanza-de-vida-mapa,PSE,1960,49.2979
wpp2024-esperanza-de-vida-mapa,PSE,1961,49.8177
wpp2024-esperanza-de-vida-mapa,PSE,1962,50.374
wpp2024-esperanza-de-vida-mapa,PSE,1963,50.9598
wpp2024-esperanza-de-vida-mapa,PSE,1964,51.5523
wpp2024-esperanza-de-vida-mapa,PSE,1965,52.1737
wpp2024-esperanza-de-vida-mapa,PSE,1966,52.8028
wpp2024-esperanza-de-vida-mapa,PSE,1967,50.9362
wpp2024-esperanza-de-vida-mapa,PSE,1968,54.0872
wpp2024-esperanza-de-vida-mapa,PSE,1969,54.7275
wpp2024-esperanza-de-vida-mapa,PSE,1970,55.3588
wpp2024-esperanza-de-vida-mapa,PSE,1971,55.9967
wpp2024-esperanza-de-vida-mapa,PSE,1972,56.6718
wpp2024-esperanza-de-vida-mapa,PSE,1973,57.6245
wpp2024-esperanza-de-vida-mapa,PSE,1974,57.9531
wpp2024-esperanza-de-vida-mapa,PSE,1975,58.6631
wpp2024-esperanza-de-vida-mapa,PSE,1976,59.3865
wpp2024-esperanza-de-vida-mapa,PSE,1977,60.0846
wpp2024-esperanza-de-vida-mapa,PSE,1978,60.772
wpp2024-esperanza-de-vida-mapa,PSE,1979,61.4988
wpp2024-esperanza-de-vida-mapa,PSE,1980,62.1929
wpp2024-esperanza-de-vida-mapa,PSE,1981,62.8361
wpp2024-esperanza-de-vida-mapa,PSE,1982,63.4711
wpp2024-esperanza-de-vida-mapa,PSE,1983,64.1324
wpp2024-esperanza-de-vida-mapa,PSE,1984,64.7298
wpp2024-esperanza-de-vida-mapa,PSE,1985,65.2619
wpp2024-esperanza-de-vida-mapa,PSE,1986,65.7367
wpp2024-esperanza-de-vida-mapa,PSE,1987,66.2931
wpp2024-esperanza-de-vida-mapa,PSE,1988,66.7061
wpp2024-esperanza-de-vida-mapa,PSE,1989,67.1412
wpp2024-esperanza-de-vida-mapa,PSE,1990,67.8035
wpp2024-esperanza-de-vida-mapa,PSE,1991,68.2219
wpp2024-esperanza-de-vida-mapa,PSE,1992,68.4782
wpp2024-esperanza-de-vida-mapa,PSE,1993,68.759
wpp2024-esperanza-de-vida-mapa,PSE,1994,69.3283
wpp2024-esperanza-de-vida-mapa,PSE,1995,69.5829
wpp2024-esperanza-de-vida-mapa,PSE,1996,69.9816
wpp2024-esperanza-de-vida-mapa,PSE,1997,70.3277
wpp2024-esperanza-de-vida-mapa,PSE,1998,70.5642
wpp2024-esperanza-de-vida-mapa,PSE,1999,70.7887
wpp2024-esperanza-de-vida-mapa,PSE,2000,70.2984
wpp2024-esperanza-de-vida-mapa,PSE,2001,69.75
wpp2024-esperanza-de-vida-mapa,PSE,2002,70.8805
wpp2024-esperanza-de-vida-mapa,PSE,2003,70.9672
wpp2024-esperanza-de-vida-mapa,PSE,2004,71.0943
wpp2024-esperanza-de-vida-mapa,PSE,2005,72.0041
wpp2024-esperanza-de-vida-mapa,PSE,2006,71.8306
wpp2024-esperanza-de-vida-mapa,PSE,2007,72.0636
wpp2024-esperanza-de-vida-mapa,PSE,2008,72.2045
wpp2024-esperanza-de-vida-mapa,PSE,2009,72.306
wpp2024-esperanza-de-vida-mapa,PSE,2010,73.3018
wpp2024-esperanza-de-vida-mapa,PSE,2011,73.5572
wpp2024-esperanza-de-vida-mapa,PSE,2012,73.7218
wpp2024-esperanza-de-vida-mapa,PSE,2013,74.1404
wpp2024-esperanza-de-vida-mapa,PSE,2014,72.7814
wpp2024-esperanza-de-vida-mapa,PSE,2015,74.5773
wpp2024-esperanza-de-vida-mapa,PSE,2016,74.9168
wpp2024-esperanza-de-vida-mapa,PSE,2017,75.2159
wpp2024-esperanza-de-vida-mapa,PSE,2018,75.3798
wpp2024-esperanza-de-vida-mapa,PSE,2019,75.8114
wpp2024-esperanza-de-vida-mapa,PSE,2020,74.9978
wpp2024-esperanza-de-vida-mapa,PSE,2021,73.8896
wpp2024-esperanza-de-vida-mapa,PSE,2022,76.6624
wpp2024-esperanza-de-vida-mapa,PSE,2023,65.1703
wpp2024-esperanza-de-vida-mapa,SYR,1950,42.455
wpp2024-esperanza-de-vida-mapa,SYR,1951,43.4491
wpp2024-esperanza-de-vida-mapa,SYR,1952,44.3394
wpp2024-esperanza-de-vida-mapa,SYR,1953,45.3291
wpp2024-esperanza-de-vida-mapa,SYR,1954,46.3514
wpp2024-esperanza-de-vida-mapa,SYR,1955,47.4031
wpp2024-esperanza-de-vida-mapa,SYR,1956,48.4928
wpp2024-esperanza-de-vida-mapa,SYR,1957,49.5751
wpp2024-esperanza-de-vida-mapa,SYR,1958,50.6719
wpp2024-esperanza-de-vida-mapa,SYR,1959,51.7243
wpp2024-esperanza-de-vida-mapa,SYR,1960,52.7232
wpp2024-esperanza-de-vida-mapa,SYR,1961,53.6521
wpp2024-esperanza-de-vida-mapa,SYR,1962,54.5685
wpp2024-esperanza-de-vida-mapa,SYR,1963,55.3935
wpp2024-esperanza-de-vida-mapa,SYR,1964,56.1701
wpp2024-esperanza-de-vida-mapa,SYR,1965,56.901
wpp2024-esperanza-de-vida-mapa,SYR,1966,57.5504
wpp2024-esperanza-de-vida-mapa,SYR,1967,58.0449
wpp2024-esperanza-de-vida-mapa,SYR,1968,59.1177
wpp2024-esperanza-de-vida-mapa,SYR,1969,59.8441
wpp2024-esperanza-de-vida-mapa,SYR,1970,60.6077
wpp2024-esperanza-de-vida-mapa,SYR,1971,61.3339
wpp2024-esperanza-de-vida-mapa,SYR,1972,61.9692
wpp2024-esperanza-de-vida-mapa,SYR,1973,60.8259
wpp2024-esperanza-de-vida-mapa,SYR,1974,63.4411
wpp2024-esperanza-de-vida-mapa,SYR,1975,64.1871
wpp2024-esperanza-de-vida-mapa,SYR,1976,64.844
wpp2024-esperanza-de-vida-mapa,SYR,1977,65.3981
wpp2024-esperanza-de-vida-mapa,SYR,1978,65.9321
wpp2024-esperanza-de-vida-mapa,SYR,1979,66.2441
wpp2024-esperanza-de-vida-mapa,SYR,1980,66.5449
wpp2024-esperanza-de-vida-mapa,SYR,1981,64.5981
wpp2024-esperanza-de-vida-mapa,SYR,1982,60.8391
wpp2024-esperanza-de-vida-mapa,SYR,1983,67.3504
wpp2024-esperanza-de-vida-mapa,SYR,1984,67.7231
wpp2024-esperanza-de-vida-mapa,SYR,1985,68.0481
wpp2024-esperanza-de-vida-mapa,SYR,1986,68.4155
wpp2024-esperanza-de-vida-mapa,SYR,1987,68.7974
wpp2024-esperanza-de-vida-mapa,SYR,1988,69.1717
wpp2024-esperanza-de-vida-mapa,SYR,1989,69.4855
wpp2024-esperanza-de-vida-mapa,SYR,1990,69.8298
wpp2024-esperanza-de-vida-mapa,SYR,1991,70.0752
wpp2024-esperanza-de-vida-mapa,SYR,1992,70.2428
wpp2024-esperanza-de-vida-mapa,SYR,1993,70.3087
wpp2024-esperanza-de-vida-mapa,SYR,1994,70.2958
wpp2024-esperanza-de-vida-mapa,SYR,1995,70.2093
wpp2024-esperanza-de-vida-mapa,SYR,1996,70.1565
wpp2024-esperanza-de-vida-mapa,SYR,1997,70.1582
wpp2024-esperanza-de-vida-mapa,SYR,1998,70.2372
wpp2024-esperanza-de-vida-mapa,SYR,1999,70.5065
wpp2024-esperanza-de-vida-mapa,SYR,2000,70.8563
wpp2024-esperanza-de-vida-mapa,SYR,2001,71.2958
wpp2024-esperanza-de-vida-mapa,SYR,2002,71.7424
wpp2024-esperanza-de-vida-mapa,SYR,2003,72.1875
wpp2024-esperanza-de-vida-mapa,SYR,2004,72.4938
wpp2024-esperanza-de-vida-mapa,SYR,2005,72.7966
wpp2024-esperanza-de-vida-mapa,SYR,2006,73.0396
wpp2024-esperanza-de-vida-mapa,SYR,2007,73.2563
wpp2024-esperanza-de-vida-mapa,SYR,2008,73.3681
wpp2024-esperanza-de-vida-mapa,SYR,2009,73.4959
wpp2024-esperanza-de-vida-mapa,SYR,2010,73.5417
wpp2024-esperanza-de-vida-mapa,SYR,2011,72.2593
wpp2024-esperanza-de-vida-mapa,SYR,2012,66.2064
wpp2024-esperanza-de-vida-mapa,SYR,2013,65.1457
wpp2024-esperanza-de-vida-mapa,SYR,2014,65.4916
wpp2024-esperanza-de-vida-mapa,SYR,2015,63.2651
wpp2024-esperanza-de-vida-mapa,SYR,2016,65.1896
wpp2024-esperanza-de-vida-mapa,SYR,2017,65.6508
wpp2024-esperanza-de-vida-mapa,SYR,2018,67.3711
wpp2024-esperanza-de-vida-mapa,SYR,2019,70.9701
wpp2024-esperanza-de-vida-mapa,SYR,2020,71.944
wpp2024-esperanza-de-vida-mapa,SYR,2021,72.4175
wpp2024-esperanza-de-vida-mapa,SYR,2022,72.7898
wpp2024-esperanza-de-vida-mapa,SYR,2023,72.1201
wpp2024-esperanza-de-vida-mapa,TUR,1950,47.2916
wpp2024-esperanza-de-vida-mapa,TUR,1951,47.6043
wpp2024-esperanza-de-vida-mapa,TUR,1952,48.1208
wpp2024-esperanza-de-vida-mapa,TUR,1953,48.2011
wpp2024-esperanza-de-vida-mapa,TUR,1954,48.8018
wpp2024-esperanza-de-vida-mapa,TUR,1955,49.0621
wpp2024-esperanza-de-vida-mapa,TUR,1956,49.474
wpp2024-esperanza-de-vida-mapa,TUR,1957,49.2247
wpp2024-esperanza-de-vida-mapa,TUR,1958,49.2277
wpp2024-esperanza-de-vida-mapa,TUR,1959,50.1372
wpp2024-esperanza-de-vida-mapa,TUR,1960,50.799
wpp2024-esperanza-de-vida-mapa,TUR,1961,51.5584
wpp2024-esperanza-de-vida-mapa,TUR,1962,52.347
wpp2024-esperanza-de-vida-mapa,TUR,1963,53.1195
wpp2024-esperanza-de-vida-mapa,TUR,1964,53.5996
wpp2024-esperanza-de-vida-mapa,TUR,1965,54.1048
wpp2024-esperanza-de-vida-mapa,TUR,1966,54.5698
wpp2024-esperanza-de-vida-mapa,TUR,1967,55.1828
wpp2024-esperanza-de-vida-mapa,TUR,1968,55.6389
wpp2024-esperanza-de-vida-mapa,TUR,1969,56.1794
wpp2024-esperanza-de-vida-mapa,TUR,1970,56.7016
wpp2024-esperanza-de-vida-mapa,TUR,1971,57.2226
wpp2024-esperanza-de-vida-mapa,TUR,1972,57.9712
wpp2024-esperanza-de-vida-mapa,TUR,1973,58.4549
wpp2024-esperanza-de-vida-mapa,TUR,1974,59.0191
wpp2024-esperanza-de-vida-mapa,TUR,1975,59.513
wpp2024-esperanza-de-vida-mapa,TUR,1976,60.0144
wpp2024-esperanza-de-vida-mapa,TUR,1977,60.8459
wpp2024-esperanza-de-vida-mapa,TUR,1978,61.614
wpp2024-esperanza-de-vida-mapa,TUR,1979,62.1609
wpp2024-esperanza-de-vida-mapa,TUR,1980,62.7391
wpp2024-esperanza-de-vida-mapa,TUR,1981,63.1935
wpp2024-esperanza-de-vida-mapa,TUR,1982,63.7404
wpp2024-esperanza-de-vida-mapa,TUR,1983,64.2687
wpp2024-esperanza-de-vida-mapa,TUR,1984,64.8099
wpp2024-esperanza-de-vida-mapa,TUR,1985,65.3437
wpp2024-esperanza-de-vida-mapa,TUR,1986,65.8699
wpp2024-esperanza-de-vida-mapa,TUR,1987,66.3785
wpp2024-esperanza-de-vida-mapa,TUR,1988,66.902
wpp2024-esperanza-de-vida-mapa,TUR,1989,67.3649
wpp2024-esperanza-de-vida-mapa,TUR,1990,67.8348
wpp2024-esperanza-de-vida-mapa,TUR,1991,68.2867
wpp2024-esperanza-de-vida-mapa,TUR,1992,68.6031
wpp2024-esperanza-de-vida-mapa,TUR,1993,69.0178
wpp2024-esperanza-de-vida-mapa,TUR,1994,69.4024
wpp2024-esperanza-de-vida-mapa,TUR,1995,69.7341
wpp2024-esperanza-de-vida-mapa,TUR,1996,70.2454
wpp2024-esperanza-de-vida-mapa,TUR,1997,70.6681
wpp2024-esperanza-de-vida-mapa,TUR,1998,71.144
wpp2024-esperanza-de-vida-mapa,TUR,1999,70.7523
wpp2024-esperanza-de-vida-mapa,TUR,2000,71.9312
wpp2024-esperanza-de-vida-mapa,TUR,2001,72.2711
wpp2024-esperanza-de-vida-mapa,TUR,2002,72.6047
wpp2024-esperanza-de-vida-mapa,TUR,2003,72.9061
wpp2024-esperanza-de-vida-mapa,TUR,2004,73.2232
wpp2024-esperanza-de-vida-mapa,TUR,2005,73.5098
wpp2024-esperanza-de-vida-mapa,TUR,2006,73.8038
wpp2024-esperanza-de-vida-mapa,TUR,2007,74.1291
wpp2024-esperanza-de-vida-mapa,TUR,2008,74.3802
wpp2024-esperanza-de-vida-mapa,TUR,2009,74.679
wpp2024-esperanza-de-vida-mapa,TUR,2010,74.9642
wpp2024-esperanza-de-vida-mapa,TUR,2011,74.8234
wpp2024-esperanza-de-vida-mapa,TUR,2012,75.5519
wpp2024-esperanza-de-vida-mapa,TUR,2013,76.1705
wpp2024-esperanza-de-vida-mapa,TUR,2014,76.4519
wpp2024-esperanza-de-vida-mapa,TUR,2015,76.5389
wpp2024-esperanza-de-vida-mapa,TUR,2016,76.5948
wpp2024-esperanza-de-vida-mapa,TUR,2017,77.0372
wpp2024-esperanza-de-vida-mapa,TUR,2018,77.4535
wpp2024-esperanza-de-vida-mapa,TUR,2019,77.737
wpp2024-esperanza-de-vida-mapa,TUR,2020,76.5255
wpp2024-esperanza-de-vida-mapa,TUR,2021,75.7222
wpp2024-esperanza-de-vida-mapa,TUR,2022,77.5913
wpp2024-esperanza-de-vida-mapa,TUR,2023,77.1557
wpp2024-esperanza-de-vida-mapa,ARE,1950,42.1482
wpp2024-esperanza-de-vida-mapa,ARE,1951,42.8857
wpp2024-esperanza-de-vida-mapa,ARE,1952,43.6352
wpp2024-esperanza-de-vida-mapa,ARE,1953,44.4072
wpp2024-esperanza-de-vida-mapa,ARE,1954,45.2094
wpp2024-esperanza-de-vida-mapa,ARE,1955,46.048
wpp2024-esperanza-de-vida-mapa,ARE,1956,46.9249
wpp2024-esperanza-de-vida-mapa,ARE,1957,47.8314
wpp2024-esperanza-de-vida-mapa,ARE,1958,48.7591
wpp2024-esperanza-de-vida-mapa,ARE,1959,49.7012
wpp2024-esperanza-de-vida-mapa,ARE,1960,50.6505
wpp2024-esperanza-de-vida-mapa,ARE,1961,51.5963
wpp2024-esperanza-de-vida-mapa,ARE,1962,52.5459
wpp2024-esperanza-de-vida-mapa,ARE,1963,53.5092
wpp2024-esperanza-de-vida-mapa,ARE,1964,54.495
wpp2024-esperanza-de-vida-mapa,ARE,1965,55.5118
wpp2024-esperanza-de-vida-mapa,ARE,1966,56.5717
wpp2024-esperanza-de-vida-mapa,ARE,1967,57.648
wpp2024-esperanza-de-vida-mapa,ARE,1968,58.7268
wpp2024-esperanza-de-vida-mapa,ARE,1969,59.7636
wpp2024-esperanza-de-vida-mapa,ARE,1970,60.7796
wpp2024-esperanza-de-vida-mapa,ARE,1971,61.7529
wpp2024-esperanza-de-vida-mapa,ARE,1972,62.6751
wpp2024-esperanza-de-vida-mapa,ARE,1973,63.5416
wpp2024-esperanza-de-vida-mapa,ARE,1974,64.3511
wpp2024-esperanza-de-vida-mapa,ARE,1975,65.1054
wpp2024-esperanza-de-vida-mapa,ARE,1976,65.8061
wpp2024-esperanza-de-vida-mapa,ARE,1977,66.4714
wpp2024-esperanza-de-vida-mapa,ARE,1978,67.0832
wpp2024-esperanza-de-vida-mapa,ARE,1979,67.6446
wpp2024-esperanza-de-vida-mapa,ARE,1980,68.1567
wpp2024-esperanza-de-vida-mapa,ARE,1981,68.6218
wpp2024-esperanza-de-vida-mapa,ARE,1982,69.0562
wpp2024-esperanza-de-vida-mapa,ARE,1983,69.448
wpp2024-esperanza-de-vida-mapa,ARE,1984,69.802
wpp2024-esperanza-de-vida-mapa,ARE,1985,70.1226
wpp2024-esperanza-de-vida-mapa,ARE,1986,70.4105
wpp2024-esperanza-de-vida-mapa,ARE,1987,70.6226
wpp2024-esperanza-de-vida-mapa,ARE,1988,70.8081
wpp2024-esperanza-de-vida-mapa,ARE,1989,70.9602
wpp2024-esperanza-de-vida-mapa,ARE,1990,71.0737
wpp2024-esperanza-de-vida-mapa,ARE,1991,71.1441
wpp2024-esperanza-de-vida-mapa,ARE,1992,71.1664
wpp2024-esperanza-de-vida-mapa,ARE,1993,71.1594
wpp2024-esperanza-de-vida-mapa,ARE,1994,71.2037
wpp2024-esperanza-de-vida-mapa,ARE,1995,71.3917
wpp2024-esperanza-de-vida-mapa,ARE,1996,71.8203
wpp2024-esperanza-de-vida-mapa,ARE,1997,72.5589
wpp2024-esperanza-de-vida-mapa,ARE,1998,73.66
wpp2024-esperanza-de-vida-mapa,ARE,1999,74.9818
wpp2024-esperanza-de-vida-mapa,ARE,2000,76.347
wpp2024-esperanza-de-vida-mapa,ARE,2001,77.6207
wpp2024-esperanza-de-vida-mapa,ARE,2002,78.7211
wpp2024-esperanza-de-vida-mapa,ARE,2003,79.5995
wpp2024-esperanza-de-vida-mapa,ARE,2004,80.2724
wpp2024-esperanza-de-vida-mapa,ARE,2005,80.779
wpp2024-esperanza-de-vida-mapa,ARE,2006,81.1553
wpp2024-esperanza-de-vida-mapa,ARE,2007,81.4384
wpp2024-esperanza-de-vida-mapa,ARE,2008,81.5915
wpp2024-esperanza-de-vida-mapa,ARE,2009,81.6794
wpp2024-esperanza-de-vida-mapa,ARE,2010,81.886
wpp2024-esperanza-de-vida-mapa,ARE,2011,81.8984
wpp2024-esperanza-de-vida-mapa,ARE,2012,81.9129
wpp2024-esperanza-de-vida-mapa,ARE,2013,81.95
wpp2024-esperanza-de-vida-mapa,ARE,2014,81.9902
wpp2024-esperanza-de-vida-mapa,ARE,2015,82.0759
wpp2024-esperanza-de-vida-mapa,ARE,2016,82.1946
wpp2024-esperanza-de-vida-mapa,ARE,2017,82.3884
wpp2024-esperanza-de-vida-mapa,ARE,2018,82.4493
wpp2024-esperanza-de-vida-mapa,ARE,2019,82.5961
wpp2024-esperanza-de-vida-mapa,ARE,2020,81.9363
wpp2024-esperanza-de-vida-mapa,ARE,2021,79.0831
wpp2024-esperanza-de-vida-mapa,ARE,2022,80.4868
wpp2024-esperanza-de-vida-mapa,ARE,2023,82.9091
wpp2024-esperanza-de-vida-mapa,YEM,1950,28.9343
wpp2024-esperanza-de-vida-mapa,YEM,1951,29.2844
wpp2024-esperanza-de-vida-mapa,YEM,1952,29.6249
wpp2024-esperanza-de-vida-mapa,YEM,1953,30.0261
wpp2024-esperanza-de-vida-mapa,YEM,1954,30.4133
wpp2024-esperanza-de-vida-mapa,YEM,1955,30.8097
wpp2024-esperanza-de-vida-mapa,YEM,1956,31.2965
wpp2024-esperanza-de-vida-mapa,YEM,1957,31.7793
wpp2024-esperanza-de-vida-mapa,YEM,1958,32.359
wpp2024-esperanza-de-vida-mapa,YEM,1959,32.8623
wpp2024-esperanza-de-vida-mapa,YEM,1960,33.4615
wpp2024-esperanza-de-vida-mapa,YEM,1961,34.0579
wpp2024-esperanza-de-vida-mapa,YEM,1962,33.6691
wpp2024-esperanza-de-vida-mapa,YEM,1963,33.4309
wpp2024-esperanza-de-vida-mapa,YEM,1964,34.9073
wpp2024-esperanza-de-vida-mapa,YEM,1965,35.5922
wpp2024-esperanza-de-vida-mapa,YEM,1966,36.264
wpp2024-esperanza-de-vida-mapa,YEM,1967,37.079
wpp2024-esperanza-de-vida-mapa,YEM,1968,37.9896
wpp2024-esperanza-de-vida-mapa,YEM,1969,39.6099
wpp2024-esperanza-de-vida-mapa,YEM,1970,40.5729
wpp2024-esperanza-de-vida-mapa,YEM,1971,41.7571
wpp2024-esperanza-de-vida-mapa,YEM,1972,42.6878
wpp2024-esperanza-de-vida-mapa,YEM,1973,43.6031
wpp2024-esperanza-de-vida-mapa,YEM,1974,44.5409
wpp2024-esperanza-de-vida-mapa,YEM,1975,45.4752
wpp2024-esperanza-de-vida-mapa,YEM,1976,46.4406
wpp2024-esperanza-de-vida-mapa,YEM,1977,47.4417
wpp2024-esperanza-de-vida-mapa,YEM,1978,48.4837
wpp2024-esperanza-de-vida-mapa,YEM,1979,49.5308
wpp2024-esperanza-de-vida-mapa,YEM,1980,50.6081
wpp2024-esperanza-de-vida-mapa,YEM,1981,51.6793
wpp2024-esperanza-de-vida-mapa,YEM,1982,52.3674
wpp2024-esperanza-de-vida-mapa,YEM,1983,53.6185
wpp2024-esperanza-de-vida-mapa,YEM,1984,54.5861
wpp2024-esperanza-de-vida-mapa,YEM,1985,55.4184
wpp2024-esperanza-de-vida-mapa,YEM,1986,54.0021
wpp2024-esperanza-de-vida-mapa,YEM,1987,56.8282
wpp2024-esperanza-de-vida-mapa,YEM,1988,57.4304
wpp2024-esperanza-de-vida-mapa,YEM,1989,58.025
wpp2024-esperanza-de-vida-mapa,YEM,1990,58.5282
wpp2024-esperanza-de-vida-mapa,YEM,1991,58.8053
wpp2024-esperanza-de-vida-mapa,YEM,1992,59.2596
wpp2024-esperanza-de-vida-mapa,YEM,1993,59.6551
wpp2024-esperanza-de-vida-mapa,YEM,1994,59.8279
wpp2024-esperanza-de-vida-mapa,YEM,1995,60.5324
wpp2024-esperanza-de-vida-mapa,YEM,1996,60.8838
wpp2024-esperanza-de-vida-mapa,YEM,1997,61.3404
wpp2024-esperanza-de-vida-mapa,YEM,1998,61.7878
wpp2024-esperanza-de-vida-mapa,YEM,1999,62.2754
wpp2024-esperanza-de-vida-mapa,YEM,2000,62.761
wpp2024-esperanza-de-vida-mapa,YEM,2001,63.2864
wpp2024-esperanza-de-vida-mapa,YEM,2002,63.8066
wpp2024-esperanza-de-vida-mapa,YEM,2003,64.4075
wpp2024-esperanza-de-vida-mapa,YEM,2004,64.881
wpp2024-esperanza-de-vida-mapa,YEM,2005,65.3561
wpp2024-esperanza-de-vida-mapa,YEM,2006,65.7997
wpp2024-esperanza-de-vida-mapa,YEM,2007,66.2304
wpp2024-esperanza-de-vida-mapa,YEM,2008,66.6091
wpp2024-esperanza-de-vida-mapa,YEM,2009,66.9053
wpp2024-esperanza-de-vida-mapa,YEM,2010,67.223
wpp2024-esperanza-de-vida-mapa,YEM,2011,67.4124
wpp2024-esperanza-de-vida-mapa,YEM,2012,67.569
wpp2024-esperanza-de-vida-mapa,YEM,2013,67.961
wpp2024-esperanza-de-vida-mapa,YEM,2014,68.0027
wpp2024-esperanza-de-vida-mapa,YEM,2015,66.7613
wpp2024-esperanza-de-vida-mapa,YEM,2016,67.1054
wpp2024-esperanza-de-vida-mapa,YEM,2017,67.1198
wpp2024-esperanza-de-vida-mapa,YEM,2018,65.9154
wpp2024-esperanza-de-vida-mapa,YEM,2019,66.5673
wpp2024-esperanza-de-vida-mapa,YEM,2020,66.4354
wpp2024-esperanza-de-vida-mapa,YEM,2021,66.0191
wpp2024-esperanza-de-vida-mapa,YEM,2022,67.9517
wpp2024-esperanza-de-vida-mapa,YEM,2023,69.2952
wpp2024-esperanza-de-vida-mapa,BLR,1950,58.6416
wpp2024-esperanza-de-vida-mapa,BLR,1951,59.3877
wpp2024-esperanza-de-vida-mapa,BLR,1952,60.4511
wpp2024-esperanza-de-vida-mapa,BLR,1953,61.4858
wpp2024-esperanza-de-vida-mapa,BLR,1954,62.5112
wpp2024-esperanza-de-vida-mapa,BLR,1955,63.5116
wpp2024-esperanza-de-vida-mapa,BLR,1956,64.5027
wpp2024-esperanza-de-vida-mapa,BLR,1957,65.441
wpp2024-esperanza-de-vida-mapa,BLR,1958,66.6311
wpp2024-esperanza-de-vida-mapa,BLR,1959,67.987
wpp2024-esperanza-de-vida-mapa,BLR,1960,69.3223
wpp2024-esperanza-de-vida-mapa,BLR,1961,70.0217
wpp2024-esperanza-de-vida-mapa,BLR,1962,70.4617
wpp2024-esperanza-de-vida-mapa,BLR,1963,70.7977
wpp2024-esperanza-de-vida-mapa,BLR,1964,71.3025
wpp2024-esperanza-de-vida-mapa,BLR,1965,71.6312
wpp2024-esperanza-de-vida-mapa,BLR,1966,71.7979
wpp2024-esperanza-de-vida-mapa,BLR,1967,71.8661
wpp2024-esperanza-de-vida-mapa,BLR,1968,71.8652
wpp2024-esperanza-de-vida-mapa,BLR,1969,71.7103
wpp2024-esperanza-de-vida-mapa,BLR,1970,71.6772
wpp2024-esperanza-de-vida-mapa,BLR,1971,71.5899
wpp2024-esperanza-de-vida-mapa,BLR,1972,71.7636
wpp2024-esperanza-de-vida-mapa,BLR,1973,71.7422
wpp2024-esperanza-de-vida-mapa,BLR,1974,71.6568
wpp2024-esperanza-de-vida-mapa,BLR,1975,71.4177
wpp2024-esperanza-de-vida-mapa,BLR,1976,71.2208
wpp2024-esperanza-de-vida-mapa,BLR,1977,71.0784
wpp2024-esperanza-de-vida-mapa,BLR,1978,70.9476
wpp2024-esperanza-de-vida-mapa,BLR,1979,70.8118
wpp2024-esperanza-de-vida-mapa,BLR,1980,70.7483
wpp2024-esperanza-de-vida-mapa,BLR,1981,70.7537
wpp2024-esperanza-de-vida-mapa,BLR,1982,70.7837
wpp2024-esperanza-de-vida-mapa,BLR,1983,70.7121
wpp2024-esperanza-de-vida-mapa,BLR,1984,70.791
wpp2024-esperanza-de-vida-mapa,BLR,1985,71.1922
wpp2024-esperanza-de-vida-mapa,BLR,1986,71.6715
wpp2024-esperanza-de-vida-mapa,BLR,1987,71.9488
wpp2024-esperanza-de-vida-mapa,BLR,1988,71.7496
wpp2024-esperanza-de-vida-mapa,BLR,1989,71.5034
wpp2024-esperanza-de-vida-mapa,BLR,1990,71.1446
wpp2024-esperanza-de-vida-mapa,BLR,1991,70.7224
wpp2024-esperanza-de-vida-mapa,BLR,1992,70.119
wpp2024-esperanza-de-vida-mapa,BLR,1993,69.5221
wpp2024-esperanza-de-vida-mapa,BLR,1994,68.9659
wpp2024-esperanza-de-vida-mapa,BLR,1995,68.7521
wpp2024-esperanza-de-vida-mapa,BLR,1996,68.5655
wpp2024-esperanza-de-vida-mapa,BLR,1997,68.5006
wpp2024-esperanza-de-vida-mapa,BLR,1998,68.2715
wpp2024-esperanza-de-vida-mapa,BLR,1999,68.4193
wpp2024-esperanza-de-vida-mapa,BLR,2000,68.4637
wpp2024-esperanza-de-vida-mapa,BLR,2001,68.4351
wpp2024-esperanza-de-vida-mapa,BLR,2002,68.2983
wpp2024-esperanza-de-vida-mapa,BLR,2003,68.4289
wpp2024-esperanza-de-vida-mapa,BLR,2004,68.6879
wpp2024-esperanza-de-vida-mapa,BLR,2005,68.9822
wpp2024-esperanza-de-vida-mapa,BLR,2006,69.436
wpp2024-esperanza-de-vida-mapa,BLR,2007,69.9855
wpp2024-esperanza-de-vida-mapa,BLR,2008,70.3485
wpp2024-esperanza-de-vida-mapa,BLR,2009,70.4088
wpp2024-esperanza-de-vida-mapa,BLR,2010,70.5005
wpp2024-esperanza-de-vida-mapa,BLR,2011,71.0679
wpp2024-esperanza-de-vida-mapa,BLR,2012,71.8
wpp2024-esperanza-de-vida-mapa,BLR,2013,72.6808
wpp2024-esperanza-de-vida-mapa,BLR,2014,73.245
wpp2024-esperanza-de-vida-mapa,BLR,2015,73.7607
wpp2024-esperanza-de-vida-mapa,BLR,2016,74.1532
wpp2024-esperanza-de-vida-mapa,BLR,2017,74.3618
wpp2024-esperanza-de-vida-mapa,BLR,2018,74.3344
wpp2024-esperanza-de-vida-mapa,BLR,2019,74.2555
wpp2024-esperanza-de-vida-mapa,BLR,2020,72.269
wpp2024-esperanza-de-vida-mapa,BLR,2021,72.2206
wpp2024-esperanza-de-vida-mapa,BLR,2022,74.3612
wpp2024-esperanza-de-vida-mapa,BLR,2023,74.4339
wpp2024-esperanza-de-vida-mapa,BGR,1950,61.4691
wpp2024-esperanza-de-vida-mapa,BGR,1951,60.692
wpp2024-esperanza-de-vida-mapa,BGR,1952,59.5744
wpp2024-esperanza-de-vida-mapa,BGR,1953,64.1912
wpp2024-esperanza-de-vida-mapa,BGR,1954,64.3912
wpp2024-esperanza-de-vida-mapa,BGR,1955,64.8294
wpp2024-esperanza-de-vida-mapa,BGR,1956,65.2191
wpp2024-esperanza-de-vida-mapa,BGR,1957,66.5906
wpp2024-esperanza-de-vida-mapa,BGR,1958,68.7143
wpp2024-esperanza-de-vida-mapa,BGR,1959,66.6294
wpp2024-esperanza-de-vida-mapa,BGR,1960,69.1772
wpp2024-esperanza-de-vida-mapa,BGR,1961,70.2257
wpp2024-esperanza-de-vida-mapa,BGR,1962,69.5347
wpp2024-esperanza-de-vida-mapa,BGR,1963,70.339
wpp2024-esperanza-de-vida-mapa,BGR,1964,71.1367
wpp2024-esperanza-de-vida-mapa,BGR,1965,71.3063
wpp2024-esperanza-de-vida-mapa,BGR,1966,71.2179
wpp2024-esperanza-de-vida-mapa,BGR,1967,70.4117
wpp2024-esperanza-de-vida-mapa,BGR,1968,71.2001
wpp2024-esperanza-de-vida-mapa,BGR,1969,70.4684
wpp2024-esperanza-de-vida-mapa,BGR,1970,71.2505
wpp2024-esperanza-de-vida-mapa,BGR,1971,70.8551
wpp2024-esperanza-de-vida-mapa,BGR,1972,70.8589
wpp2024-esperanza-de-vida-mapa,BGR,1973,71.3021
wpp2024-esperanza-de-vida-mapa,BGR,1974,71.2172
wpp2024-esperanza-de-vida-mapa,BGR,1975,71.0056
wpp2024-esperanza-de-vida-mapa,BGR,1976,71.358
wpp2024-esperanza-de-vida-mapa,BGR,1977,70.7678
wpp2024-esperanza-de-vida-mapa,BGR,1978,71.1261
wpp2024-esperanza-de-vida-mapa,BGR,1979,71.2172
wpp2024-esperanza-de-vida-mapa,BGR,1980,71.0809
wpp2024-esperanza-de-vida-mapa,BGR,1981,71.4778
wpp2024-esperanza-de-vida-mapa,BGR,1982,71.0775
wpp2024-esperanza-de-vida-mapa,BGR,1983,71.2393
wpp2024-esperanza-de-vida-mapa,BGR,1984,71.3472
wpp2024-esperanza-de-vida-mapa,BGR,1985,71.0482
wpp2024-esperanza-de-vida-mapa,BGR,1986,71.5502
wpp2024-esperanza-de-vida-mapa,BGR,1987,71.3442
wpp2024-esperanza-de-vida-mapa,BGR,1988,71.4156
wpp2024-esperanza-de-vida-mapa,BGR,1989,71.4801
wpp2024-esperanza-de-vida-mapa,BGR,1990,71.3213
wpp2024-esperanza-de-vida-mapa,BGR,1991,71.1938
wpp2024-esperanza-de-vida-mapa,BGR,1992,71.178
wpp2024-esperanza-de-vida-mapa,BGR,1993,71.1853
wpp2024-esperanza-de-vida-mapa,BGR,1994,70.8608
wpp2024-esperanza-de-vida-mapa,BGR,1995,70.962
wpp2024-esperanza-de-vida-mapa,BGR,1996,70.8357
wpp2024-esperanza-de-vida-mapa,BGR,1997,70.3137
wpp2024-esperanza-de-vida-mapa,BGR,1998,70.8733
wpp2024-esperanza-de-vida-mapa,BGR,1999,71.5607
wpp2024-esperanza-de-vida-mapa,BGR,2000,71.5746
wpp2024-esperanza-de-vida-mapa,BGR,2001,71.8788
wpp2024-esperanza-de-vida-mapa,BGR,2002,72.128
wpp2024-esperanza-de-vida-mapa,BGR,2003,72.3727
wpp2024-esperanza-de-vida-mapa,BGR,2004,72.5754
wpp2024-esperanza-de-vida-mapa,BGR,2005,72.5591
wpp2024-esperanza-de-vida-mapa,BGR,2006,72.6899
wpp2024-esperanza-de-vida-mapa,BGR,2007,73.008
wpp2024-esperanza-de-vida-mapa,BGR,2008,73.3385
wpp2024-esperanza-de-vida-mapa,BGR,2009,73.6808
wpp2024-esperanza-de-vida-mapa,BGR,2010,73.814
wpp2024-esperanza-de-vida-mapa,BGR,2011,74.1693
wpp2024-esperanza-de-vida-mapa,BGR,2012,74.3373
wpp2024-esperanza-de-vida-mapa,BGR,2013,74.8277
wpp2024-esperanza-de-vida-mapa,BGR,2014,74.4664
wpp2024-esperanza-de-vida-mapa,BGR,2015,74.6208
wpp2024-esperanza-de-vida-mapa,BGR,2016,74.8271
wpp2024-esperanza-de-vida-mapa,BGR,2017,74.7977
wpp2024-esperanza-de-vida-mapa,BGR,2018,74.9325
wpp2024-esperanza-de-vida-mapa,BGR,2019,75.0874
wpp2024-esperanza-de-vida-mapa,BGR,2020,73.5992
wpp2024-esperanza-de-vida-mapa,BGR,2021,71.4137
wpp2024-esperanza-de-vida-mapa,BGR,2022,74.0342
wpp2024-esperanza-de-vida-mapa,BGR,2023,75.6363
wpp2024-esperanza-de-vida-mapa,CZE,1950,64.4058
wpp2024-esperanza-de-vida-mapa,CZE,1951,65.2674
wpp2024-esperanza-de-vida-mapa,CZE,1952,66.8633
wpp2024-esperanza-de-vida-mapa,CZE,1953,67.5532
wpp2024-esperanza-de-vida-mapa,CZE,1954,68.0503
wpp2024-esperanza-de-vida-mapa,CZE,1955,68.978
wpp2024-esperanza-de-vida-mapa,CZE,1956,69.3678
wpp2024-esperanza-de-vida-mapa,CZE,1957,69.0329
wpp2024-esperanza-de-vida-mapa,CZE,1958,69.9734
wpp2024-esperanza-de-vida-mapa,CZE,1959,69.8941
wpp2024-esperanza-de-vida-mapa,CZE,1960,70.4521
wpp2024-esperanza-de-vida-mapa,CZE,1961,70.6216
wpp2024-esperanza-de-vida-mapa,CZE,1962,69.8909
wpp2024-esperanza-de-vida-mapa,CZE,1963,70.3905
wpp2024-esperanza-de-vida-mapa,CZE,1964,70.5891
wpp2024-esperanza-de-vida-mapa,CZE,1965,70.2584
wpp2024-esperanza-de-vida-mapa,CZE,1966,70.4543
wpp2024-esperanza-de-vida-mapa,CZE,1967,70.3494
wpp2024-esperanza-de-vida-mapa,CZE,1968,69.9098
wpp2024-esperanza-de-vida-mapa,CZE,1969,69.4175
wpp2024-esperanza-de-vida-mapa,CZE,1970,69.4882
wpp2024-esperanza-de-vida-mapa,CZE,1971,69.7361
wpp2024-esperanza-de-vida-mapa,CZE,1972,70.2302
wpp2024-esperanza-de-vida-mapa,CZE,1973,70.0883
wpp2024-esperanza-de-vida-mapa,CZE,1974,70.174
wpp2024-esperanza-de-vida-mapa,CZE,1975,70.485
wpp2024-esperanza-de-vida-mapa,CZE,1976,70.6014
wpp2024-esperanza-de-vida-mapa,CZE,1977,70.6413
wpp2024-esperanza-de-vida-mapa,CZE,1978,70.7115
wpp2024-esperanza-de-vida-mapa,CZE,1979,70.8228
wpp2024-esperanza-de-vida-mapa,CZE,1980,70.3404
wpp2024-esperanza-de-vida-mapa,CZE,1981,70.7717
wpp2024-esperanza-de-vida-mapa,CZE,1982,70.8766
wpp2024-esperanza-de-vida-mapa,CZE,1983,70.6398
wpp2024-esperanza-de-vida-mapa,CZE,1984,70.8965
wpp2024-esperanza-de-vida-mapa,CZE,1985,71.1021
wpp2024-esperanza-de-vida-mapa,CZE,1986,71.053
wpp2024-esperanza-de-vida-mapa,CZE,1987,71.51
wpp2024-esperanza-de-vida-mapa,CZE,1988,71.714
wpp2024-esperanza-de-vida-mapa,CZE,1989,71.7544
wpp2024-esperanza-de-vida-mapa,CZE,1990,71.4086
wpp2024-esperanza-de-vida-mapa,CZE,1991,71.9699
wpp2024-esperanza-de-vida-mapa,CZE,1992,72.3298
wpp2024-esperanza-de-vida-mapa,CZE,1993,72.8528
wpp2024-esperanza-de-vida-mapa,CZE,1994,73.0817
wpp2024-esperanza-de-vida-mapa,CZE,1995,73.1772
wpp2024-esperanza-de-vida-mapa,CZE,1996,73.8344
wpp2024-esperanza-de-vida-mapa,CZE,1997,73.946
wpp2024-esperanza-de-vida-mapa,CZE,1998,74.5527
wpp2024-esperanza-de-vida-mapa,CZE,1999,74.7414
wpp2024-esperanza-de-vida-mapa,CZE,2000,74.9781
wpp2024-esperanza-de-vida-mapa,CZE,2001,75.3141
wpp2024-esperanza-de-vida-mapa,CZE,2002,75.4424
wpp2024-esperanza-de-vida-mapa,CZE,2003,75.3959
wpp2024-esperanza-de-vida-mapa,CZE,2004,75.9416
wpp2024-esperanza-de-vida-mapa,CZE,2005,76.1561
wpp2024-esperanza-de-vida-mapa,CZE,2006,76.708
wpp2024-esperanza-de-vida-mapa,CZE,2007,76.9189
wpp2024-esperanza-de-vida-mapa,CZE,2008,77.1722
wpp2024-esperanza-de-vida-mapa,CZE,2009,77.2578
wpp2024-esperanza-de-vida-mapa,CZE,2010,77.5677
wpp2024-esperanza-de-vida-mapa,CZE,2011,77.8144
wpp2024-esperanza-de-vida-mapa,CZE,2012,77.9977
wpp2024-esperanza-de-vida-mapa,CZE,2013,78.169
wpp2024-esperanza-de-vida-mapa,CZE,2014,78.7439
wpp2024-esperanza-de-vida-mapa,CZE,2015,78.5609
wpp2024-esperanza-de-vida-mapa,CZE,2016,78.9744
wpp2024-esperanza-de-vida-mapa,CZE,2017,78.926
wpp2024-esperanza-de-vida-mapa,CZE,2018,78.9612
wpp2024-esperanza-de-vida-mapa,CZE,2019,79.1853
wpp2024-esperanza-de-vida-mapa,CZE,2020,78.237
wpp2024-esperanza-de-vida-mapa,CZE,2021,77.2342
wpp2024-esperanza-de-vida-mapa,CZE,2022,79.1648
wpp2024-esperanza-de-vida-mapa,CZE,2023,79.8341
wpp2024-esperanza-de-vida-mapa,HUN,1950,62.1384
wpp2024-esperanza-de-vida-mapa,HUN,1951,62.4732
wpp2024-esperanza-de-vida-mapa,HUN,1952,63.9297
wpp2024-esperanza-de-vida-mapa,HUN,1953,63.8508
wpp2024-esperanza-de-vida-mapa,HUN,1954,65.4296
wpp2024-esperanza-de-vida-mapa,HUN,1955,66.8977
wpp2024-esperanza-de-vida-mapa,HUN,1956,66.0009
wpp2024-esperanza-de-vida-mapa,HUN,1957,66.3468
wpp2024-esperanza-de-vida-mapa,HUN,1958,67.4366
wpp2024-esperanza-de-vida-mapa,HUN,1959,67.3261
wpp2024-esperanza-de-vida-mapa,HUN,1960,68.0871
wpp2024-esperanza-de-vida-mapa,HUN,1961,69.0169
wpp2024-esperanza-de-vida-mapa,HUN,1962,67.9409
wpp2024-esperanza-de-vida-mapa,HUN,1963,68.9436
wpp2024-esperanza-de-vida-mapa,HUN,1964,69.4676
wpp2024-esperanza-de-vida-mapa,HUN,1965,69.1487
wpp2024-esperanza-de-vida-mapa,HUN,1966,69.8965
wpp2024-esperanza-de-vida-mapa,HUN,1967,69.4627
wpp2024-esperanza-de-vida-mapa,HUN,1968,69.3445
wpp2024-esperanza-de-vida-mapa,HUN,1969,69.3797
wpp2024-esperanza-de-vida-mapa,HUN,1970,69.2187
wpp2024-esperanza-de-vida-mapa,HUN,1971,69.0791
wpp2024-esperanza-de-vida-mapa,HUN,1972,69.7199
wpp2024-esperanza-de-vida-mapa,HUN,1973,69.599
wpp2024-esperanza-de-vida-mapa,HUN,1974,69.273
wpp2024-esperanza-de-vida-mapa,HUN,1975,69.4222
wpp2024-esperanza-de-vida-mapa,HUN,1976,69.6571
wpp2024-esperanza-de-vida-mapa,HUN,1977,69.9352
wpp2024-esperanza-de-vida-mapa,HUN,1978,69.4699
wpp2024-esperanza-de-vida-mapa,HUN,1979,69.6697
wpp2024-esperanza-de-vida-mapa,HUN,1980,69.0886
wpp2024-esperanza-de-vida-mapa,HUN,1981,69.1506
wpp2024-esperanza-de-vida-mapa,HUN,1982,69.3529
wpp2024-esperanza-de-vida-mapa,HUN,1983,68.9291
wpp2024-esperanza-de-vida-mapa,HUN,1984,68.9647
wpp2024-esperanza-de-vida-mapa,HUN,1985,68.9019
wpp2024-esperanza-de-vida-mapa,HUN,1986,69.1132
wpp2024-esperanza-de-vida-mapa,HUN,1987,69.564
wpp2024-esperanza-de-vida-mapa,HUN,1988,69.9424
wpp2024-esperanza-de-vida-mapa,HUN,1989,69.3945
wpp2024-esperanza-de-vida-mapa,HUN,1990,69.3718
wpp2024-esperanza-de-vida-mapa,HUN,1991,69.4409
wpp2024-esperanza-de-vida-mapa,HUN,1992,69.1672
wpp2024-esperanza-de-vida-mapa,HUN,1993,69.1803
wpp2024-esperanza-de-vida-mapa,HUN,1994,69.6042
wpp2024-esperanza-de-vida-mapa,HUN,1995,69.9689
wpp2024-esperanza-de-vida-mapa,HUN,1996,70.5972
wpp2024-esperanza-de-vida-mapa,HUN,1997,71.0034
wpp2024-esperanza-de-vida-mapa,HUN,1998,70.9186
wpp2024-esperanza-de-vida-mapa,HUN,1999,71.0402
wpp2024-esperanza-de-vida-mapa,HUN,2000,71.7581
wpp2024-esperanza-de-vida-mapa,HUN,2001,72.3944
wpp2024-esperanza-de-vida-mapa,HUN,2002,72.5072
wpp2024-esperanza-de-vida-mapa,HUN,2003,72.5135
wpp2024-esperanza-de-vida-mapa,HUN,2004,72.906
wpp2024-esperanza-de-vida-mapa,HUN,2005,72.8649
wpp2024-esperanza-de-vida-mapa,HUN,2006,73.3441
wpp2024-esperanza-de-vida-mapa,HUN,2007,73.4314
wpp2024-esperanza-de-vida-mapa,HUN,2008,73.9571
wpp2024-esperanza-de-vida-mapa,HUN,2009,74.179
wpp2024-esperanza-de-vida-mapa,HUN,2010,74.5189
wpp2024-esperanza-de-vida-mapa,HUN,2011,74.9226
wpp2024-esperanza-de-vida-mapa,HUN,2012,75.1826
wpp2024-esperanza-de-vida-mapa,HUN,2013,75.6827
wpp2024-esperanza-de-vida-mapa,HUN,2014,75.8493
wpp2024-esperanza-de-vida-mapa,HUN,2015,75.6536
wpp2024-esperanza-de-vida-mapa,HUN,2016,76.1569
wpp2024-esperanza-de-vida-mapa,HUN,2017,76.007
wpp2024-esperanza-de-vida-mapa,HUN,2018,76.2049
wpp2024-esperanza-de-vida-mapa,HUN,2019,76.4546
wpp2024-esperanza-de-vida-mapa,HUN,2020,75.7302
wpp2024-esperanza-de-vida-mapa,HUN,2021,74.1851
wpp2024-esperanza-de-vida-mapa,HUN,2022,76.2118
wpp2024-esperanza-de-vida-mapa,HUN,2023,77.024
wpp2024-esperanza-de-vida-mapa,POL,1950,58.3331
wpp2024-esperanza-de-vida-mapa,POL,1951,58.8567
wpp2024-esperanza-de-vida-mapa,POL,1952,59.6938
wpp2024-esperanza-de-vida-mapa,POL,1953,61.3137
wpp2024-esperanza-de-vida-mapa,POL,1954,62.2827
wpp2024-esperanza-de-vida-mapa,POL,1955,63.0598
wpp2024-esperanza-de-vida-mapa,POL,1956,63.4261
wpp2024-esperanza-de-vida-mapa,POL,1957,64.4363
wpp2024-esperanza-de-vida-mapa,POL,1958,64.8933
wpp2024-esperanza-de-vida-mapa,POL,1959,66.413
wpp2024-esperanza-de-vida-mapa,POL,1960,67.0803
wpp2024-esperanza-de-vida-mapa,POL,1961,67.7976
wpp2024-esperanza-de-vida-mapa,POL,1962,68.0397
wpp2024-esperanza-de-vida-mapa,POL,1963,68.3219
wpp2024-esperanza-de-vida-mapa,POL,1964,68.9427
wpp2024-esperanza-de-vida-mapa,POL,1965,69.3849
wpp2024-esperanza-de-vida-mapa,POL,1966,69.6559
wpp2024-esperanza-de-vida-mapa,POL,1967,69.902
wpp2024-esperanza-de-vida-mapa,POL,1968,69.8421
wpp2024-esperanza-de-vida-mapa,POL,1969,69.8397
wpp2024-esperanza-de-vida-mapa,POL,1970,69.5572
wpp2024-esperanza-de-vida-mapa,POL,1971,69.8261
wpp2024-esperanza-de-vida-mapa,POL,1972,70.1409
wpp2024-esperanza-de-vida-mapa,POL,1973,70.6986
wpp2024-esperanza-de-vida-mapa,POL,1974,70.6625
wpp2024-esperanza-de-vida-mapa,POL,1975,70.6308
wpp2024-esperanza-de-vida-mapa,POL,1976,70.403
wpp2024-esperanza-de-vida-mapa,POL,1977,70.3284
wpp2024-esperanza-de-vida-mapa,POL,1978,70.3784
wpp2024-esperanza-de-vida-mapa,POL,1979,70.249
wpp2024-esperanza-de-vida-mapa,POL,1980,70.4785
wpp2024-esperanza-de-vida-mapa,POL,1981,70.6086
wpp2024-esperanza-de-vida-mapa,POL,1982,70.9149
wpp2024-esperanza-de-vida-mapa,POL,1983,70.809
wpp2024-esperanza-de-vida-mapa,POL,1984,70.6022
wpp2024-esperanza-de-vida-mapa,POL,1985,70.531
wpp2024-esperanza-de-vida-mapa,POL,1986,70.5536
wpp2024-esperanza-de-vida-mapa,POL,1987,70.7694
wpp2024-esperanza-de-vida-mapa,POL,1988,70.8229
wpp2024-esperanza-de-vida-mapa,POL,1989,70.8161
wpp2024-esperanza-de-vida-mapa,POL,1990,70.606
wpp2024-esperanza-de-vida-mapa,POL,1991,70.653
wpp2024-esperanza-de-vida-mapa,POL,1992,70.8996
wpp2024-esperanza-de-vida-mapa,POL,1993,71.3445
wpp2024-esperanza-de-vida-mapa,POL,1994,71.6825
wpp2024-esperanza-de-vida-mapa,POL,1995,71.9588
wpp2024-esperanza-de-vida-mapa,POL,1996,72.2531
wpp2024-esperanza-de-vida-mapa,POL,1997,72.5915
wpp2024-esperanza-de-vida-mapa,POL,1998,72.8465
wpp2024-esperanza-de-vida-mapa,POL,1999,73.2237
wpp2024-esperanza-de-vida-mapa,POL,2000,73.6453
wpp2024-esperanza-de-vida-mapa,POL,2001,74.1771
wpp2024-esperanza-de-vida-mapa,POL,2002,74.5183
wpp2024-esperanza-de-vida-mapa,POL,2003,74.7716
wpp2024-esperanza-de-vida-mapa,POL,2004,74.9434
wpp2024-esperanza-de-vida-mapa,POL,2005,75.127
wpp2024-esperanza-de-vida-mapa,POL,2006,75.2504
wpp2024-esperanza-de-vida-mapa,POL,2007,75.4143
wpp2024-esperanza-de-vida-mapa,POL,2008,75.5829
wpp2024-esperanza-de-vida-mapa,POL,2009,75.9063
wpp2024-esperanza-de-vida-mapa,POL,2010,76.2823
wpp2024-esperanza-de-vida-mapa,POL,2011,76.5683
wpp2024-esperanza-de-vida-mapa,POL,2012,76.7748
wpp2024-esperanza-de-vida-mapa,POL,2013,77.0758
wpp2024-esperanza-de-vida-mapa,POL,2014,77.312
wpp2024-esperanza-de-vida-mapa,POL,2015,77.5894
wpp2024-esperanza-de-vida-mapa,POL,2016,77.6395
wpp2024-esperanza-de-vida-mapa,POL,2017,77.7155
wpp2024-esperanza-de-vida-mapa,POL,2018,77.6232
wpp2024-esperanza-de-vida-mapa,POL,2019,77.9213
wpp2024-esperanza-de-vida-mapa,POL,2020,76.5951
wpp2024-esperanza-de-vida-mapa,POL,2021,75.6387
wpp2024-esperanza-de-vida-mapa,POL,2022,77.9229
wpp2024-esperanza-de-vida-mapa,POL,2023,78.6329
wpp2024-esperanza-de-vida-mapa,MDA,1950,54.0332
wpp2024-esperanza-de-vida-mapa,MDA,1951,54.5175
wpp2024-esperanza-de-vida-mapa,MDA,1952,55.0837
wpp2024-esperanza-de-vida-mapa,MDA,1953,55.6684
wpp2024-esperanza-de-vida-mapa,MDA,1954,56.2771
wpp2024-esperanza-de-vida-mapa,MDA,1955,56.8526
wpp2024-esperanza-de-vida-mapa,MDA,1956,57.4336
wpp2024-esperanza-de-vida-mapa,MDA,1957,58.0022
wpp2024-esperanza-de-vida-mapa,MDA,1958,58.5327
wpp2024-esperanza-de-vida-mapa,MDA,1959,59.0163
wpp2024-esperanza-de-vida-mapa,MDA,1960,59.44
wpp2024-esperanza-de-vida-mapa,MDA,1961,59.8564
wpp2024-esperanza-de-vida-mapa,MDA,1962,60.2537
wpp2024-esperanza-de-vida-mapa,MDA,1963,60.6159
wpp2024-esperanza-de-vida-mapa,MDA,1964,60.9621
wpp2024-esperanza-de-vida-mapa,MDA,1965,61.2752
wpp2024-esperanza-de-vida-mapa,MDA,1966,61.5522
wpp2024-esperanza-de-vida-mapa,MDA,1967,61.7807
wpp2024-esperanza-de-vida-mapa,MDA,1968,61.9748
wpp2024-esperanza-de-vida-mapa,MDA,1969,62.1841
wpp2024-esperanza-de-vida-mapa,MDA,1970,62.4136
wpp2024-esperanza-de-vida-mapa,MDA,1971,62.6725
wpp2024-esperanza-de-vida-mapa,MDA,1972,62.9324
wpp2024-esperanza-de-vida-mapa,MDA,1973,63.1755
wpp2024-esperanza-de-vida-mapa,MDA,1974,63.4374
wpp2024-esperanza-de-vida-mapa,MDA,1975,63.6997
wpp2024-esperanza-de-vida-mapa,MDA,1976,63.9679
wpp2024-esperanza-de-vida-mapa,MDA,1977,64.2305
wpp2024-esperanza-de-vida-mapa,MDA,1978,64.4889
wpp2024-esperanza-de-vida-mapa,MDA,1979,64.8234
wpp2024-esperanza-de-vida-mapa,MDA,1980,65.1892
wpp2024-esperanza-de-vida-mapa,MDA,1981,65.595
wpp2024-esperanza-de-vida-mapa,MDA,1982,65.8589
wpp2024-esperanza-de-vida-mapa,MDA,1983,66.1488
wpp2024-esperanza-de-vida-mapa,MDA,1984,66.4332
wpp2024-esperanza-de-vida-mapa,MDA,1985,66.882
wpp2024-esperanza-de-vida-mapa,MDA,1986,67.3948
wpp2024-esperanza-de-vida-mapa,MDA,1987,67.9223
wpp2024-esperanza-de-vida-mapa,MDA,1988,68.1909
wpp2024-esperanza-de-vida-mapa,MDA,1989,68.1733
wpp2024-esperanza-de-vida-mapa,MDA,1990,67.9203
wpp2024-esperanza-de-vida-mapa,MDA,1991,67.5537
wpp2024-esperanza-de-vida-mapa,MDA,1992,66.7485
wpp2024-esperanza-de-vida-mapa,MDA,1993,66.66
wpp2024-esperanza-de-vida-mapa,MDA,1994,66.3188
wpp2024-esperanza-de-vida-mapa,MDA,1995,66.2179
wpp2024-esperanza-de-vida-mapa,MDA,1996,66.2481
wpp2024-esperanza-de-vida-mapa,MDA,1997,66.4843
wpp2024-esperanza-de-vida-mapa,MDA,1998,66.8403
wpp2024-esperanza-de-vida-mapa,MDA,1999,67.2047
wpp2024-esperanza-de-vida-mapa,MDA,2000,67.4623
wpp2024-esperanza-de-vida-mapa,MDA,2001,67.6725
wpp2024-esperanza-de-vida-mapa,MDA,2002,67.7926
wpp2024-esperanza-de-vida-mapa,MDA,2003,67.8998
wpp2024-esperanza-de-vida-mapa,MDA,2004,68.0166
wpp2024-esperanza-de-vida-mapa,MDA,2005,68.1969
wpp2024-esperanza-de-vida-mapa,MDA,2006,68.4234
wpp2024-esperanza-de-vida-mapa,MDA,2007,68.6738
wpp2024-esperanza-de-vida-mapa,MDA,2008,69.0001
wpp2024-esperanza-de-vida-mapa,MDA,2009,69.4057
wpp2024-esperanza-de-vida-mapa,MDA,2010,69.8759
wpp2024-esperanza-de-vida-mapa,MDA,2011,70.1732
wpp2024-esperanza-de-vida-mapa,MDA,2012,70.3438
wpp2024-esperanza-de-vida-mapa,MDA,2013,70.2907
wpp2024-esperanza-de-vida-mapa,MDA,2014,70.2407
wpp2024-esperanza-de-vida-mapa,MDA,2015,70.118
wpp2024-esperanza-de-vida-mapa,MDA,2016,70.1792
wpp2024-esperanza-de-vida-mapa,MDA,2017,70.375
wpp2024-esperanza-de-vida-mapa,MDA,2018,70.2355
wpp2024-esperanza-de-vida-mapa,MDA,2019,70.181
wpp2024-esperanza-de-vida-mapa,MDA,2020,69.9144
wpp2024-esperanza-de-vida-mapa,MDA,2021,68.9908
wpp2024-esperanza-de-vida-mapa,MDA,2022,71.5465
wpp2024-esperanza-de-vida-mapa,MDA,2023,71.1985
wpp2024-esperanza-de-vida-mapa,ROU,1950,60.5083
wpp2024-esperanza-de-vida-mapa,ROU,1951,61.1601
wpp2024-esperanza-de-vida-mapa,ROU,1952,61.8284
wpp2024-esperanza-de-vida-mapa,ROU,1953,62.4742
wpp2024-esperanza-de-vida-mapa,ROU,1954,62.9543
wpp2024-esperanza-de-vida-mapa,ROU,1955,63.2508
wpp2024-esperanza-de-vida-mapa,ROU,1956,63.6347
wpp2024-esperanza-de-vida-mapa,ROU,1957,63.9918
wpp2024-esperanza-de-vida-mapa,ROU,1958,64.406
wpp2024-esperanza-de-vida-mapa,ROU,1959,64.9299
wpp2024-esperanza-de-vida-mapa,ROU,1960,65.6057
wpp2024-esperanza-de-vida-mapa,ROU,1961,66.4153
wpp2024-esperanza-de-vida-mapa,ROU,1962,67.2084
wpp2024-esperanza-de-vida-mapa,ROU,1963,67.8101
wpp2024-esperanza-de-vida-mapa,ROU,1964,68.3509
wpp2024-esperanza-de-vida-mapa,ROU,1965,68.3864
wpp2024-esperanza-de-vida-mapa,ROU,1966,68.2341
wpp2024-esperanza-de-vida-mapa,ROU,1967,68.0765
wpp2024-esperanza-de-vida-mapa,ROU,1968,67.9482
wpp2024-esperanza-de-vida-mapa,ROU,1969,67.236
wpp2024-esperanza-de-vida-mapa,ROU,1970,67.9295
wpp2024-esperanza-de-vida-mapa,ROU,1971,68.4097
wpp2024-esperanza-de-vida-mapa,ROU,1972,68.9768
wpp2024-esperanza-de-vida-mapa,ROU,1973,68.7008
wpp2024-esperanza-de-vida-mapa,ROU,1974,69.5175
wpp2024-esperanza-de-vida-mapa,ROU,1975,69.5985
wpp2024-esperanza-de-vida-mapa,ROU,1976,69.8993
wpp2024-esperanza-de-vida-mapa,ROU,1977,69.4673
wpp2024-esperanza-de-vida-mapa,ROU,1978,69.78
wpp2024-esperanza-de-vida-mapa,ROU,1979,69.4605
wpp2024-esperanza-de-vida-mapa,ROU,1980,69.2489
wpp2024-esperanza-de-vida-mapa,ROU,1981,69.5058
wpp2024-esperanza-de-vida-mapa,ROU,1982,69.7992
wpp2024-esperanza-de-vida-mapa,ROU,1983,69.8198
wpp2024-esperanza-de-vida-mapa,ROU,1984,69.9066
wpp2024-esperanza-de-vida-mapa,ROU,1985,69.4069
wpp2024-esperanza-de-vida-mapa,ROU,1986,69.7178
wpp2024-esperanza-de-vida-mapa,ROU,1987,69.0527
wpp2024-esperanza-de-vida-mapa,ROU,1988,69.3887
wpp2024-esperanza-de-vida-mapa,ROU,1989,69.5461
wpp2024-esperanza-de-vida-mapa,ROU,1990,69.8412
wpp2024-esperanza-de-vida-mapa,ROU,1991,70.0455
wpp2024-esperanza-de-vida-mapa,ROU,1992,69.5063
wpp2024-esperanza-de-vida-mapa,ROU,1993,69.512
wpp2024-esperanza-de-vida-mapa,ROU,1994,69.3255
wpp2024-esperanza-de-vida-mapa,ROU,1995,69.323
wpp2024-esperanza-de-vida-mapa,ROU,1996,68.8211
wpp2024-esperanza-de-vida-mapa,ROU,1997,69.0857
wpp2024-esperanza-de-vida-mapa,ROU,1998,69.8918
wpp2024-esperanza-de-vida-mapa,ROU,1999,70.5814
wpp2024-esperanza-de-vida-mapa,ROU,2000,71.1594
wpp2024-esperanza-de-vida-mapa,ROU,2001,71.1223
wpp2024-esperanza-de-vida-mapa,ROU,2002,70.8348
wpp2024-esperanza-de-vida-mapa,ROU,2003,70.8189
wpp2024-esperanza-de-vida-mapa,ROU,2004,71.0957
wpp2024-esperanza-de-vida-mapa,ROU,2005,71.5808
wpp2024-esperanza-de-vida-mapa,ROU,2006,72.1693
wpp2024-esperanza-de-vida-mapa,ROU,2007,72.7922
wpp2024-esperanza-de-vida-mapa,ROU,2008,73.2158
wpp2024-esperanza-de-vida-mapa,ROU,2009,73.457
wpp2024-esperanza-de-vida-mapa,ROU,2010,73.5793
wpp2024-esperanza-de-vida-mapa,ROU,2011,74.2877
wpp2024-esperanza-de-vida-mapa,ROU,2012,74.314
wpp2024-esperanza-de-vida-mapa,ROU,2013,74.9179
wpp2024-esperanza-de-vida-mapa,ROU,2014,74.7654
wpp2024-esperanza-de-vida-mapa,ROU,2015,74.7371
wpp2024-esperanza-de-vida-mapa,ROU,2016,75.0209
wpp2024-esperanza-de-vida-mapa,ROU,2017,75.0236
wpp2024-esperanza-de-vida-mapa,ROU,2018,75.1033
wpp2024-esperanza-de-vida-mapa,ROU,2019,75.3288
wpp2024-esperanza-de-vida-mapa,ROU,2020,74.0464
wpp2024-esperanza-de-vida-mapa,ROU,2021,72.7405
wpp2024-esperanza-de-vida-mapa,ROU,2022,75.2614
wpp2024-esperanza-de-vida-mapa,ROU,2023,75.9381
wpp2024-esperanza-de-vida-mapa,RUS,1950,55.4723
wpp2024-esperanza-de-vida-mapa,RUS,1951,55.2662
wpp2024-esperanza-de-vida-mapa,RUS,1952,57.5908
wpp2024-esperanza-de-vida-mapa,RUS,1953,58.7849
wpp2024-esperanza-de-vida-mapa,RUS,1954,59.9205
wpp2024-esperanza-de-vida-mapa,RUS,1955,62.0593
wpp2024-esperanza-de-vida-mapa,RUS,1956,66.4984
wpp2024-esperanza-de-vida-mapa,RUS,1957,66.0453
wpp2024-esperanza-de-vida-mapa,RUS,1958,67.691
wpp2024-esperanza-de-vida-mapa,RUS,1959,67.3829
wpp2024-esperanza-de-vida-mapa,RUS,1960,68.314
wpp2024-esperanza-de-vida-mapa,RUS,1961,68.5626
wpp2024-esperanza-de-vida-mapa,RUS,1962,68.4792
wpp2024-esperanza-de-vida-mapa,RUS,1963,69.0564
wpp2024-esperanza-de-vida-mapa,RUS,1964,69.497
wpp2024-esperanza-de-vida-mapa,RUS,1965,69.2843
wpp2024-esperanza-de-vida-mapa,RUS,1966,69.3588
wpp2024-esperanza-de-vida-mapa,RUS,1967,69.1841
wpp2024-esperanza-de-vida-mapa,RUS,1968,69.0618
wpp2024-esperanza-de-vida-mapa,RUS,1969,68.6284
wpp2024-esperanza-de-vida-mapa,RUS,1970,68.7083
wpp2024-esperanza-de-vida-mapa,RUS,1971,68.9245
wpp2024-esperanza-de-vida-mapa,RUS,1972,68.8452
wpp2024-esperanza-de-vida-mapa,RUS,1973,68.9489
wpp2024-esperanza-de-vida-mapa,RUS,1974,68.7345
wpp2024-esperanza-de-vida-mapa,RUS,1975,68.2644
wpp2024-esperanza-de-vida-mapa,RUS,1976,68.1018
wpp2024-esperanza-de-vida-mapa,RUS,1977,67.8728
wpp2024-esperanza-de-vida-mapa,RUS,1978,67.8128
wpp2024-esperanza-de-vida-mapa,RUS,1979,67.5675
wpp2024-esperanza-de-vida-mapa,RUS,1980,67.477
wpp2024-esperanza-de-vida-mapa,RUS,1981,67.6156
wpp2024-esperanza-de-vida-mapa,RUS,1982,68.1408
wpp2024-esperanza-de-vida-mapa,RUS,1983,68.0293
wpp2024-esperanza-de-vida-mapa,RUS,1984,67.5724
wpp2024-esperanza-de-vida-mapa,RUS,1985,68.2995
wpp2024-esperanza-de-vida-mapa,RUS,1986,70.024
wpp2024-esperanza-de-vida-mapa,RUS,1987,70.0616
wpp2024-esperanza-de-vida-mapa,RUS,1988,69.8627
wpp2024-esperanza-de-vida-mapa,RUS,1989,69.6868
wpp2024-esperanza-de-vida-mapa,RUS,1990,69.2794
wpp2024-esperanza-de-vida-mapa,RUS,1991,68.997
wpp2024-esperanza-de-vida-mapa,RUS,1992,67.8426
wpp2024-esperanza-de-vida-mapa,RUS,1993,65.0389
wpp2024-esperanza-de-vida-mapa,RUS,1994,63.8225
wpp2024-esperanza-de-vida-mapa,RUS,1995,63.9945
wpp2024-esperanza-de-vida-mapa,RUS,1996,65.4488
wpp2024-esperanza-de-vida-mapa,RUS,1997,66.5938
wpp2024-esperanza-de-vida-mapa,RUS,1998,66.916
wpp2024-esperanza-de-vida-mapa,RUS,1999,65.5954
wpp2024-esperanza-de-vida-mapa,RUS,2000,64.9982
wpp2024-esperanza-de-vida-mapa,RUS,2001,65.0151
wpp2024-esperanza-de-vida-mapa,RUS,2002,64.73
wpp2024-esperanza-de-vida-mapa,RUS,2003,64.715
wpp2024-esperanza-de-vida-mapa,RUS,2004,65.1489
wpp2024-esperanza-de-vida-mapa,RUS,2005,65.2185
wpp2024-esperanza-de-vida-mapa,RUS,2006,66.5458
wpp2024-esperanza-de-vida-mapa,RUS,2007,67.469
wpp2024-esperanza-de-vida-mapa,RUS,2008,67.8621
wpp2024-esperanza-de-vida-mapa,RUS,2009,68.6571
wpp2024-esperanza-de-vida-mapa,RUS,2010,68.1526
wpp2024-esperanza-de-vida-mapa,RUS,2011,69.7255
wpp2024-esperanza-de-vida-mapa,RUS,2012,70.1165
wpp2024-esperanza-de-vida-mapa,RUS,2013,70.6403
wpp2024-esperanza-de-vida-mapa,RUS,2014,70.7978
wpp2024-esperanza-de-vida-mapa,RUS,2015,71.3449
wpp2024-esperanza-de-vida-mapa,RUS,2016,71.9101
wpp2024-esperanza-de-vida-mapa,RUS,2017,72.845
wpp2024-esperanza-de-vida-mapa,RUS,2018,72.9363
wpp2024-esperanza-de-vida-mapa,RUS,2019,73.0658
wpp2024-esperanza-de-vida-mapa,RUS,2020,71.1705
wpp2024-esperanza-de-vida-mapa,RUS,2021,69.8066
wpp2024-esperanza-de-vida-mapa,RUS,2022,72.5174
wpp2024-esperanza-de-vida-mapa,RUS,2023,73.1541
wpp2024-esperanza-de-vida-mapa,SVK,1950,60.7756
wpp2024-esperanza-de-vida-mapa,SVK,1951,61.146
wpp2024-esperanza-de-vida-mapa,SVK,1952,64.3036
wpp2024-esperanza-de-vida-mapa,SVK,1953,65.65
wpp2024-esperanza-de-vida-mapa,SVK,1954,66.6908
wpp2024-esperanza-de-vida-mapa,SVK,1955,67.8456
wpp2024-esperanza-de-vida-mapa,SVK,1956,68.374
wpp2024-esperanza-de-vida-mapa,SVK,1957,67.4629
wpp2024-esperanza-de-vida-mapa,SVK,1958,69.3571
wpp2024-esperanza-de-vida-mapa,SVK,1959,69.0091
wpp2024-esperanza-de-vida-mapa,SVK,1960,70.3364
wpp2024-esperanza-de-vida-mapa,SVK,1961,70.7894
wpp2024-esperanza-de-vida-mapa,SVK,1962,70.3259
wpp2024-esperanza-de-vida-mapa,SVK,1963,70.6883
wpp2024-esperanza-de-vida-mapa,SVK,1964,71.0767
wpp2024-esperanza-de-vida-mapa,SVK,1965,70.2836
wpp2024-esperanza-de-vida-mapa,SVK,1966,70.4187
wpp2024-esperanza-de-vida-mapa,SVK,1967,70.9677
wpp2024-esperanza-de-vida-mapa,SVK,1968,70.464
wpp2024-esperanza-de-vida-mapa,SVK,1969,69.8044
wpp2024-esperanza-de-vida-mapa,SVK,1970,69.7226
wpp2024-esperanza-de-vida-mapa,SVK,1971,69.8642
wpp2024-esperanza-de-vida-mapa,SVK,1972,70.3009
wpp2024-esperanza-de-vida-mapa,SVK,1973,70.0292
wpp2024-esperanza-de-vida-mapa,SVK,1974,70.1773
wpp2024-esperanza-de-vida-mapa,SVK,1975,70.3033
wpp2024-esperanza-de-vida-mapa,SVK,1976,70.4656
wpp2024-esperanza-de-vida-mapa,SVK,1977,70.4074
wpp2024-esperanza-de-vida-mapa,SVK,1978,70.4218
wpp2024-esperanza-de-vida-mapa,SVK,1979,70.7419
wpp2024-esperanza-de-vida-mapa,SVK,1980,70.3802
wpp2024-esperanza-de-vida-mapa,SVK,1981,70.6229
wpp2024-esperanza-de-vida-mapa,SVK,1982,70.7606
wpp2024-esperanza-de-vida-mapa,SVK,1983,70.4753
wpp2024-esperanza-de-vida-mapa,SVK,1984,70.7103
wpp2024-esperanza-de-vida-mapa,SVK,1985,70.7208
wpp2024-esperanza-de-vida-mapa,SVK,1986,70.8861
wpp2024-esperanza-de-vida-mapa,SVK,1987,71.0679
wpp2024-esperanza-de-vida-mapa,SVK,1988,71.1261
wpp2024-esperanza-de-vida-mapa,SVK,1989,70.9375
wpp2024-esperanza-de-vida-mapa,SVK,1990,70.819
wpp2024-esperanza-de-vida-mapa,SVK,1991,70.9212
wpp2024-esperanza-de-vida-mapa,SVK,1992,71.3652
wpp2024-esperanza-de-vida-mapa,SVK,1993,71.8803
wpp2024-esperanza-de-vida-mapa,SVK,1994,72.3295
wpp2024-esperanza-de-vida-mapa,SVK,1995,72.2537
wpp2024-esperanza-de-vida-mapa,SVK,1996,72.7385
wpp2024-esperanza-de-vida-mapa,SVK,1997,72.6887
wpp2024-esperanza-de-vida-mapa,SVK,1998,72.573
wpp2024-esperanza-de-vida-mapa,SVK,1999,72.9625
wpp2024-esperanza-de-vida-mapa,SVK,2000,73.1393
wpp2024-esperanza-de-vida-mapa,SVK,2001,73.5706
wpp2024-esperanza-de-vida-mapa,SVK,2002,73.765
wpp2024-esperanza-de-vida-mapa,SVK,2003,73.8185
wpp2024-esperanza-de-vida-mapa,SVK,2004,74.2172
wpp2024-esperanza-de-vida-mapa,SVK,2005,74.1562
wpp2024-esperanza-de-vida-mapa,SVK,2006,74.4161
wpp2024-esperanza-de-vida-mapa,SVK,2007,74.4947
wpp2024-esperanza-de-vida-mapa,SVK,2008,74.8643
wpp2024-esperanza-de-vida-mapa,SVK,2009,75.2175
wpp2024-esperanza-de-vida-mapa,SVK,2010,75.4963
wpp2024-esperanza-de-vida-mapa,SVK,2011,76.0181
wpp2024-esperanza-de-vida-mapa,SVK,2012,76.1764
wpp2024-esperanza-de-vida-mapa,SVK,2013,76.5139
wpp2024-esperanza-de-vida-mapa,SVK,2014,76.8484
wpp2024-esperanza-de-vida-mapa,SVK,2015,76.6505
wpp2024-esperanza-de-vida-mapa,SVK,2016,77.2156
wpp2024-esperanza-de-vida-mapa,SVK,2017,77.22
wpp2024-esperanza-de-vida-mapa,SVK,2018,77.265
wpp2024-esperanza-de-vida-mapa,SVK,2019,77.6863
wpp2024-esperanza-de-vida-mapa,SVK,2020,76.8643
wpp2024-esperanza-de-vida-mapa,SVK,2021,74.5901
wpp2024-esperanza-de-vida-mapa,SVK,2022,77.0356
wpp2024-esperanza-de-vida-mapa,SVK,2023,78.3414
wpp2024-esperanza-de-vida-mapa,UKR,1950,61.1744
wpp2024-esperanza-de-vida-mapa,UKR,1951,61.3636
wpp2024-esperanza-de-vida-mapa,UKR,1952,62.0659
wpp2024-esperanza-de-vida-mapa,UKR,1953,63.022
wpp2024-esperanza-de-vida-mapa,UKR,1954,64.1259
wpp2024-esperanza-de-vida-mapa,UKR,1955,65.2578
wpp2024-esperanza-de-vida-mapa,UKR,1956,66.2595
wpp2024-esperanza-de-vida-mapa,UKR,1957,67.171
wpp2024-esperanza-de-vida-mapa,UKR,1958,67.7269
wpp2024-esperanza-de-vida-mapa,UKR,1959,68.6922
wpp2024-esperanza-de-vida-mapa,UKR,1960,69.3876
wpp2024-esperanza-de-vida-mapa,UKR,1961,70.0438
wpp2024-esperanza-de-vida-mapa,UKR,1962,70.4009
wpp2024-esperanza-de-vida-mapa,UKR,1963,70.6835
wpp2024-esperanza-de-vida-mapa,UKR,1964,70.9716
wpp2024-esperanza-de-vida-mapa,UKR,1965,71.1431
wpp2024-esperanza-de-vida-mapa,UKR,1966,71.1629
wpp2024-esperanza-de-vida-mapa,UKR,1967,71.1145
wpp2024-esperanza-de-vida-mapa,UKR,1968,70.9677
wpp2024-esperanza-de-vida-mapa,UKR,1969,70.8281
wpp2024-esperanza-de-vida-mapa,UKR,1970,70.8438
wpp2024-esperanza-de-vida-mapa,UKR,1971,70.8722
wpp2024-esperanza-de-vida-mapa,UKR,1972,70.966
wpp2024-esperanza-de-vida-mapa,UKR,1973,70.8222
wpp2024-esperanza-de-vida-mapa,UKR,1974,70.6269
wpp2024-esperanza-de-vida-mapa,UKR,1975,70.3612
wpp2024-esperanza-de-vida-mapa,UKR,1976,70.1441
wpp2024-esperanza-de-vida-mapa,UKR,1977,70.007
wpp2024-esperanza-de-vida-mapa,UKR,1978,69.839
wpp2024-esperanza-de-vida-mapa,UKR,1979,69.775
wpp2024-esperanza-de-vida-mapa,UKR,1980,69.7589
wpp2024-esperanza-de-vida-mapa,UKR,1981,69.8163
wpp2024-esperanza-de-vida-mapa,UKR,1982,69.9024
wpp2024-esperanza-de-vida-mapa,UKR,1983,69.9482
wpp2024-esperanza-de-vida-mapa,UKR,1984,69.9915
wpp2024-esperanza-de-vida-mapa,UKR,1985,70.4094
wpp2024-esperanza-de-vida-mapa,UKR,1986,70.8327
wpp2024-esperanza-de-vida-mapa,UKR,1987,71.1792
wpp2024-esperanza-de-vida-mapa,UKR,1988,71.0399
wpp2024-esperanza-de-vida-mapa,UKR,1989,70.8389
wpp2024-esperanza-de-vida-mapa,UKR,1990,70.3538
wpp2024-esperanza-de-vida-mapa,UKR,1991,69.6881
wpp2024-esperanza-de-vida-mapa,UKR,1992,68.9471
wpp2024-esperanza-de-vida-mapa,UKR,1993,68.2873
wpp2024-esperanza-de-vida-mapa,UKR,1994,67.5337
wpp2024-esperanza-de-vida-mapa,UKR,1995,67.1138
wpp2024-esperanza-de-vida-mapa,UKR,1996,67.0972
wpp2024-esperanza-de-vida-mapa,UKR,1997,67.658
wpp2024-esperanza-de-vida-mapa,UKR,1998,67.9929
wpp2024-esperanza-de-vida-mapa,UKR,1999,68.0037
wpp2024-esperanza-de-vida-mapa,UKR,2000,67.7862
wpp2024-esperanza-de-vida-mapa,UKR,2001,67.6754
wpp2024-esperanza-de-vida-mapa,UKR,2002,67.6986
wpp2024-esperanza-de-vida-mapa,UKR,2003,67.6383
wpp2024-esperanza-de-vida-mapa,UKR,2004,67.4724
wpp2024-esperanza-de-vida-mapa,UKR,2005,67.5168
wpp2024-esperanza-de-vida-mapa,UKR,2006,67.4901
wpp2024-esperanza-de-vida-mapa,UKR,2007,67.7147
wpp2024-esperanza-de-vida-mapa,UKR,2008,68.2618
wpp2024-esperanza-de-vida-mapa,UKR,2009,69.1595
wpp2024-esperanza-de-vida-mapa,UKR,2010,70.1883
wpp2024-esperanza-de-vida-mapa,UKR,2011,70.7106
wpp2024-esperanza-de-vida-mapa,UKR,2012,71.0896
wpp2024-esperanza-de-vida-mapa,UKR,2013,71.4744
wpp2024-esperanza-de-vida-mapa,UKR,2014,71.8034
wpp2024-esperanza-de-vida-mapa,UKR,2015,72.6862
wpp2024-esperanza-de-vida-mapa,UKR,2016,73.3894
wpp2024-esperanza-de-vida-mapa,UKR,2017,73.9935
wpp2024-esperanza-de-vida-mapa,UKR,2018,73.5691
wpp2024-esperanza-de-vida-mapa,UKR,2019,73.9199
wpp2024-esperanza-de-vida-mapa,UKR,2020,73.2833
wpp2024-esperanza-de-vida-mapa,UKR,2021,71.6308
wpp2024-esperanza-de-vida-mapa,UKR,2022,72.6582
wpp2024-esperanza-de-vida-mapa,UKR,2023,73.4225
wpp2024-esperanza-de-vida-mapa,DNK,1950,70.3084
wpp2024-esperanza-de-vida-mapa,DNK,1951,70.9243
wpp2024-esperanza-de-vida-mapa,DNK,1952,70.7599
wpp2024-esperanza-de-vida-mapa,DNK,1953,71.1723
wpp2024-esperanza-de-vida-mapa,DNK,1954,71.3394
wpp2024-esperanza-de-vida-mapa,DNK,1955,71.9139
wpp2024-esperanza-de-vida-mapa,DNK,1956,72.0424
wpp2024-esperanza-de-vida-mapa,DNK,1957,71.8068
wpp2024-esperanza-de-vida-mapa,DNK,1958,72.2381
wpp2024-esperanza-de-vida-mapa,DNK,1959,72.2253
wpp2024-esperanza-de-vida-mapa,DNK,1960,72.196
wpp2024-esperanza-de-vida-mapa,DNK,1961,72.4529
wpp2024-esperanza-de-vida-mapa,DNK,1962,72.3515
wpp2024-esperanza-de-vida-mapa,DNK,1963,72.419
wpp2024-esperanza-de-vida-mapa,DNK,1964,72.5077
wpp2024-esperanza-de-vida-mapa,DNK,1965,72.3884
wpp2024-esperanza-de-vida-mapa,DNK,1966,72.4665
wpp2024-esperanza-de-vida-mapa,DNK,1967,72.9547
wpp2024-esperanza-de-vida-mapa,DNK,1968,73.1469
wpp2024-esperanza-de-vida-mapa,DNK,1969,73.2446
wpp2024-esperanza-de-vida-mapa,DNK,1970,73.364
wpp2024-esperanza-de-vida-mapa,DNK,1971,73.4274
wpp2024-esperanza-de-vida-mapa,DNK,1972,73.4675
wpp2024-esperanza-de-vida-mapa,DNK,1973,73.6944
wpp2024-esperanza-de-vida-mapa,DNK,1974,73.8216
wpp2024-esperanza-de-vida-mapa,DNK,1975,74.1002
wpp2024-esperanza-de-vida-mapa,DNK,1976,73.7697
wpp2024-esperanza-de-vida-mapa,DNK,1977,74.6592
wpp2024-esperanza-de-vida-mapa,DNK,1978,74.4263
wpp2024-esperanza-de-vida-mapa,DNK,1979,74.2409
wpp2024-esperanza-de-vida-mapa,DNK,1980,74.1295
wpp2024-esperanza-de-vida-mapa,DNK,1981,74.2506
wpp2024-esperanza-de-vida-mapa,DNK,1982,74.5967
wpp2024-esperanza-de-vida-mapa,DNK,1983,74.4556
wpp2024-esperanza-de-vida-mapa,DNK,1984,74.6164
wpp2024-esperanza-de-vida-mapa,DNK,1985,74.4801
wpp2024-esperanza-de-vida-mapa,DNK,1986,74.6392
wpp2024-esperanza-de-vida-mapa,DNK,1987,74.7445
wpp2024-esperanza-de-vida-mapa,DNK,1988,74.8395
wpp2024-esperanza-de-vida-mapa,DNK,1989,74.8597
wpp2024-esperanza-de-vida-mapa,DNK,1990,74.8655
wpp2024-esperanza-de-vida-mapa,DNK,1991,75.2271
wpp2024-esperanza-de-vida-mapa,DNK,1992,75.2686
wpp2024-esperanza-de-vida-mapa,DNK,1993,75.1891
wpp2024-esperanza-de-vida-mapa,DNK,1994,75.4408
wpp2024-esperanza-de-vida-mapa,DNK,1995,75.287
wpp2024-esperanza-de-vida-mapa,DNK,1996,75.6636
wpp2024-esperanza-de-vida-mapa,DNK,1997,76.0409
wpp2024-esperanza-de-vida-mapa,DNK,1998,76.4357
wpp2024-esperanza-de-vida-mapa,DNK,1999,76.5777
wpp2024-esperanza-de-vida-mapa,DNK,2000,76.8152
wpp2024-esperanza-de-vida-mapa,DNK,2001,76.9736
wpp2024-esperanza-de-vida-mapa,DNK,2002,77.0989
wpp2024-esperanza-de-vida-mapa,DNK,2003,77.4012
wpp2024-esperanza-de-vida-mapa,DNK,2004,77.7853
wpp2024-esperanza-de-vida-mapa,DNK,2005,78.2259
wpp2024-esperanza-de-vida-mapa,DNK,2006,78.2234
wpp2024-esperanza-de-vida-mapa,DNK,2007,78.3494
wpp2024-esperanza-de-vida-mapa,DNK,2008,78.7144
wpp2024-esperanza-de-vida-mapa,DNK,2009,78.9574
wpp2024-esperanza-de-vida-mapa,DNK,2010,79.2473
wpp2024-esperanza-de-vida-mapa,DNK,2011,79.786
wpp2024-esperanza-de-vida-mapa,DNK,2012,80.0822
wpp2024-esperanza-de-vida-mapa,DNK,2013,80.3063
wpp2024-esperanza-de-vida-mapa,DNK,2014,80.6319
wpp2024-esperanza-de-vida-mapa,DNK,2015,80.7394
wpp2024-esperanza-de-vida-mapa,DNK,2016,80.8814
wpp2024-esperanza-de-vida-mapa,DNK,2017,81.1116
wpp2024-esperanza-de-vida-mapa,DNK,2018,80.9909
wpp2024-esperanza-de-vida-mapa,DNK,2019,81.4343
wpp2024-esperanza-de-vida-mapa,DNK,2020,81.5458
wpp2024-esperanza-de-vida-mapa,DNK,2021,81.4363
wpp2024-esperanza-de-vida-mapa,DNK,2022,81.2906
wpp2024-esperanza-de-vida-mapa,DNK,2023,81.9328
wpp2024-esperanza-de-vida-mapa,EST,1950,66.3621
wpp2024-esperanza-de-vida-mapa,EST,1951,66.75
wpp2024-esperanza-de-vida-mapa,EST,1952,67.1535
wpp2024-esperanza-de-vida-mapa,EST,1953,67.4981
wpp2024-esperanza-de-vida-mapa,EST,1954,67.8315
wpp2024-esperanza-de-vida-mapa,EST,1955,68.1698
wpp2024-esperanza-de-vida-mapa,EST,1956,68.4923
wpp2024-esperanza-de-vida-mapa,EST,1957,68.7746
wpp2024-esperanza-de-vida-mapa,EST,1958,68.7512
wpp2024-esperanza-de-vida-mapa,EST,1959,68.6733
wpp2024-esperanza-de-vida-mapa,EST,1960,69.3354
wpp2024-esperanza-de-vida-mapa,EST,1961,69.641
wpp2024-esperanza-de-vida-mapa,EST,1962,69.8447
wpp2024-esperanza-de-vida-mapa,EST,1963,69.885
wpp2024-esperanza-de-vida-mapa,EST,1964,70.6483
wpp2024-esperanza-de-vida-mapa,EST,1965,70.715
wpp2024-esperanza-de-vida-mapa,EST,1966,70.6646
wpp2024-esperanza-de-vida-mapa,EST,1967,70.9837
wpp2024-esperanza-de-vida-mapa,EST,1968,70.6092
wpp2024-esperanza-de-vida-mapa,EST,1969,70.2727
wpp2024-esperanza-de-vida-mapa,EST,1970,70.3994
wpp2024-esperanza-de-vida-mapa,EST,1971,70.5962
wpp2024-esperanza-de-vida-mapa,EST,1972,70.3819
wpp2024-esperanza-de-vida-mapa,EST,1973,70.6926
wpp2024-esperanza-de-vida-mapa,EST,1974,70.8093
wpp2024-esperanza-de-vida-mapa,EST,1975,70.1215
wpp2024-esperanza-de-vida-mapa,EST,1976,69.7389
wpp2024-esperanza-de-vida-mapa,EST,1977,69.8263
wpp2024-esperanza-de-vida-mapa,EST,1978,69.6581
wpp2024-esperanza-de-vida-mapa,EST,1979,69.4052
wpp2024-esperanza-de-vida-mapa,EST,1980,69.4667
wpp2024-esperanza-de-vida-mapa,EST,1981,69.3358
wpp2024-esperanza-de-vida-mapa,EST,1982,69.8627
wpp2024-esperanza-de-vida-mapa,EST,1983,69.7865
wpp2024-esperanza-de-vida-mapa,EST,1984,69.6384
wpp2024-esperanza-de-vida-mapa,EST,1985,69.7742
wpp2024-esperanza-de-vida-mapa,EST,1986,70.9067
wpp2024-esperanza-de-vida-mapa,EST,1987,70.9219
wpp2024-esperanza-de-vida-mapa,EST,1988,70.9712
wpp2024-esperanza-de-vida-mapa,EST,1989,70.498
wpp2024-esperanza-de-vida-mapa,EST,1990,69.9173
wpp2024-esperanza-de-vida-mapa,EST,1991,69.7947
wpp2024-esperanza-de-vida-mapa,EST,1992,69.1592
wpp2024-esperanza-de-vida-mapa,EST,1993,68.2217
wpp2024-esperanza-de-vida-mapa,EST,1994,66.7441
wpp2024-esperanza-de-vida-mapa,EST,1995,67.8143
wpp2024-esperanza-de-vida-mapa,EST,1996,70.0314
wpp2024-esperanza-de-vida-mapa,EST,1997,70.2438
wpp2024-esperanza-de-vida-mapa,EST,1998,69.8404
wpp2024-esperanza-de-vida-mapa,EST,1999,70.6807
wpp2024-esperanza-de-vida-mapa,EST,2000,71.0142
wpp2024-esperanza-de-vida-mapa,EST,2001,70.8336
wpp2024-esperanza-de-vida-mapa,EST,2002,71.3637
wpp2024-esperanza-de-vida-mapa,EST,2003,71.923
wpp2024-esperanza-de-vida-mapa,EST,2004,72.3751
wpp2024-esperanza-de-vida-mapa,EST,2005,73.0276
wpp2024-esperanza-de-vida-mapa,EST,2006,73.1995
wpp2024-esperanza-de-vida-mapa,EST,2007,73.1534
wpp2024-esperanza-de-vida-mapa,EST,2008,74.2787
wpp2024-esperanza-de-vida-mapa,EST,2009,75.1519
wpp2024-esperanza-de-vida-mapa,EST,2010,75.8816
wpp2024-esperanza-de-vida-mapa,EST,2011,76.3462
wpp2024-esperanza-de-vida-mapa,EST,2012,76.4159
wpp2024-esperanza-de-vida-mapa,EST,2013,77.252
wpp2024-esperanza-de-vida-mapa,EST,2014,77.1104
wpp2024-esperanza-de-vida-mapa,EST,2015,77.665
wpp2024-esperanza-de-vida-mapa,EST,2016,77.7631
wpp2024-esperanza-de-vida-mapa,EST,2017,78.1814
wpp2024-esperanza-de-vida-mapa,EST,2018,78.3339
wpp2024-esperanza-de-vida-mapa,EST,2019,78.7728
wpp2024-esperanza-de-vida-mapa,EST,2020,78.8929
wpp2024-esperanza-de-vida-mapa,EST,2021,77.4095
wpp2024-esperanza-de-vida-mapa,EST,2022,78.1674
wpp2024-esperanza-de-vida-mapa,EST,2023,79.1535
wpp2024-esperanza-de-vida-mapa,FRO,1950,60.5695
wpp2024-esperanza-de-vida-mapa,FRO,1951,61.6664
wpp2024-esperanza-de-vida-mapa,FRO,1952,62.7137
wpp2024-esperanza-de-vida-mapa,FRO,1953,63.9034
wpp2024-esperanza-de-vida-mapa,FRO,1954,65.1779
wpp2024-esperanza-de-vida-mapa,FRO,1955,66.5777
wpp2024-esperanza-de-vida-mapa,FRO,1956,67.9788
wpp2024-esperanza-de-vida-mapa,FRO,1957,69.2822
wpp2024-esperanza-de-vida-mapa,FRO,1958,70.3641
wpp2024-esperanza-de-vida-mapa,FRO,1959,71.2998
wpp2024-esperanza-de-vida-mapa,FRO,1960,72.0184
wpp2024-esperanza-de-vida-mapa,FRO,1961,72.6162
wpp2024-esperanza-de-vida-mapa,FRO,1962,73.067
wpp2024-esperanza-de-vida-mapa,FRO,1963,73.4316
wpp2024-esperanza-de-vida-mapa,FRO,1964,73.7209
wpp2024-esperanza-de-vida-mapa,FRO,1965,73.961
wpp2024-esperanza-de-vida-mapa,FRO,1966,74.1634
wpp2024-esperanza-de-vida-mapa,FRO,1967,74.3505
wpp2024-esperanza-de-vida-mapa,FRO,1968,74.5535
wpp2024-esperanza-de-vida-mapa,FRO,1969,74.7103
wpp2024-esperanza-de-vida-mapa,FRO,1970,74.8493
wpp2024-esperanza-de-vida-mapa,FRO,1971,74.9927
wpp2024-esperanza-de-vida-mapa,FRO,1972,75.0853
wpp2024-esperanza-de-vida-mapa,FRO,1973,75.1976
wpp2024-esperanza-de-vida-mapa,FRO,1974,75.2428
wpp2024-esperanza-de-vida-mapa,FRO,1975,75.3228
wpp2024-esperanza-de-vida-mapa,FRO,1976,75.3987
wpp2024-esperanza-de-vida-mapa,FRO,1977,75.5215
wpp2024-esperanza-de-vida-mapa,FRO,1978,75.6152
wpp2024-esperanza-de-vida-mapa,FRO,1979,75.6673
wpp2024-esperanza-de-vida-mapa,FRO,1980,75.7515
wpp2024-esperanza-de-vida-mapa,FRO,1981,75.8312
wpp2024-esperanza-de-vida-mapa,FRO,1982,75.8839
wpp2024-esperanza-de-vida-mapa,FRO,1983,75.9261
wpp2024-esperanza-de-vida-mapa,FRO,1984,75.9759
wpp2024-esperanza-de-vida-mapa,FRO,1985,76.0495
wpp2024-esperanza-de-vida-mapa,FRO,1986,76.1619
wpp2024-esperanza-de-vida-mapa,FRO,1987,76.3056
wpp2024-esperanza-de-vida-mapa,FRO,1988,76.4861
wpp2024-esperanza-de-vida-mapa,FRO,1989,76.7012
wpp2024-esperanza-de-vida-mapa,FRO,1990,76.8938
wpp2024-esperanza-de-vida-mapa,FRO,1991,77.0876
wpp2024-esperanza-de-vida-mapa,FRO,1992,77.2675
wpp2024-esperanza-de-vida-mapa,FRO,1993,77.4064
wpp2024-esperanza-de-vida-mapa,FRO,1994,77.5418
wpp2024-esperanza-de-vida-mapa,FRO,1995,77.658
wpp2024-esperanza-de-vida-mapa,FRO,1996,77.764
wpp2024-esperanza-de-vida-mapa,FRO,1997,77.8983
wpp2024-esperanza-de-vida-mapa,FRO,1998,78.0235
wpp2024-esperanza-de-vida-mapa,FRO,1999,78.1483
wpp2024-esperanza-de-vida-mapa,FRO,2000,78.2507
wpp2024-esperanza-de-vida-mapa,FRO,2001,78.3251
wpp2024-esperanza-de-vida-mapa,FRO,2002,78.3664
wpp2024-esperanza-de-vida-mapa,FRO,2003,78.386
wpp2024-esperanza-de-vida-mapa,FRO,2004,78.3755
wpp2024-esperanza-de-vida-mapa,FRO,2005,78.365
wpp2024-esperanza-de-vida-mapa,FRO,2006,78.3887
wpp2024-esperanza-de-vida-mapa,FRO,2007,78.4389
wpp2024-esperanza-de-vida-mapa,FRO,2008,78.5182
wpp2024-esperanza-de-vida-mapa,FRO,2009,78.6199
wpp2024-esperanza-de-vida-mapa,FRO,2010,78.7314
wpp2024-esperanza-de-vida-mapa,FRO,2011,78.8897
wpp2024-esperanza-de-vida-mapa,FRO,2012,79.0224
wpp2024-esperanza-de-vida-mapa,FRO,2013,79.1536
wpp2024-esperanza-de-vida-mapa,FRO,2014,79.2999
wpp2024-esperanza-de-vida-mapa,FRO,2015,79.4259
wpp2024-esperanza-de-vida-mapa,FRO,2016,79.5745
wpp2024-esperanza-de-vida-mapa,FRO,2017,79.6943
wpp2024-esperanza-de-vida-mapa,FRO,2018,79.8121
wpp2024-esperanza-de-vida-mapa,FRO,2019,79.9058
wpp2024-esperanza-de-vida-mapa,FRO,2020,79.9822
wpp2024-esperanza-de-vida-mapa,FRO,2021,79.7923
wpp2024-esperanza-de-vida-mapa,FRO,2022,79.2637
wpp2024-esperanza-de-vida-mapa,FRO,2023,80.1792
wpp2024-esperanza-de-vida-mapa,FIN,1950,64.2011
wpp2024-esperanza-de-vida-mapa,FIN,1951,65.6347
wpp2024-esperanza-de-vida-mapa,FIN,1952,66.5243
wpp2024-esperanza-de-vida-mapa,FIN,1953,66.6003
wpp2024-esperanza-de-vida-mapa,FIN,1954,67.5469
wpp2024-esperanza-de-vida-mapa,FIN,1955,67.3411
wpp2024-esperanza-de-vida-mapa,FIN,1956,67.9853
wpp2024-esperanza-de-vida-mapa,FIN,1957,67.4515
wpp2024-esperanza-de-vida-mapa,FIN,1958,68.6142
wpp2024-esperanza-de-vida-mapa,FIN,1959,68.7949
wpp2024-esperanza-de-vida-mapa,FIN,1960,68.9929
wpp2024-esperanza-de-vida-mapa,FIN,1961,69.0109
wpp2024-esperanza-de-vida-mapa,FIN,1962,68.7416
wpp2024-esperanza-de-vida-mapa,FIN,1963,69.1788
wpp2024-esperanza-de-vida-mapa,FIN,1964,69.379
wpp2024-esperanza-de-vida-mapa,FIN,1965,69.1268
wpp2024-esperanza-de-vida-mapa,FIN,1966,69.6445
wpp2024-esperanza-de-vida-mapa,FIN,1967,69.8168
wpp2024-esperanza-de-vida-mapa,FIN,1968,69.7828
wpp2024-esperanza-de-vida-mapa,FIN,1969,69.6478
wpp2024-esperanza-de-vida-mapa,FIN,1970,70.3247
wpp2024-esperanza-de-vida-mapa,FIN,1971,70.1472
wpp2024-esperanza-de-vida-mapa,FIN,1972,70.8674
wpp2024-esperanza-de-vida-mapa,FIN,1973,71.3665
wpp2024-esperanza-de-vida-mapa,FIN,1974,71.2925
wpp2024-esperanza-de-vida-mapa,FIN,1975,71.8377
wpp2024-esperanza-de-vida-mapa,FIN,1976,71.989
wpp2024-esperanza-de-vida-mapa,FIN,1977,72.5135
wpp2024-esperanza-de-vida-mapa,FIN,1978,73.0803
wpp2024-esperanza-de-vida-mapa,FIN,1979,73.36
wpp2024-esperanza-de-vida-mapa,FIN,1980,73.6489
wpp2024-esperanza-de-vida-mapa,FIN,1981,73.9645
wpp2024-esperanza-de-vida-mapa,FIN,1982,74.5299
wpp2024-esperanza-de-vida-mapa,FIN,1983,74.4373
wpp2024-esperanza-de-vida-mapa,FIN,1984,74.7434
wpp2024-esperanza-de-vida-mapa,FIN,1985,74.4235
wpp2024-esperanza-de-vida-mapa,FIN,1986,74.7664
wpp2024-esperanza-de-vida-mapa,FIN,1987,74.7988
wpp2024-esperanza-de-vida-mapa,FIN,1988,74.7646
wpp2024-esperanza-de-vida-mapa,FIN,1989,74.9686
wpp2024-esperanza-de-vida-mapa,FIN,1990,74.9892
wpp2024-esperanza-de-vida-mapa,FIN,1991,75.4069
wpp2024-esperanza-de-vida-mapa,FIN,1992,75.6469
wpp2024-esperanza-de-vida-mapa,FIN,1993,75.8848
wpp2024-esperanza-de-vida-mapa,FIN,1994,76.5747
wpp2024-esperanza-de-vida-mapa,FIN,1995,76.6037
wpp2024-esperanza-de-vida-mapa,FIN,1996,76.8695
wpp2024-esperanza-de-vida-mapa,FIN,1997,77.0641
wpp2024-esperanza-de-vida-mapa,FIN,1998,77.2592
wpp2024-esperanza-de-vida-mapa,FIN,1999,77.4507
wpp2024-esperanza-de-vida-mapa,FIN,2000,77.6713
wpp2024-esperanza-de-vida-mapa,FIN,2001,78.1423
wpp2024-esperanza-de-vida-mapa,FIN,2002,78.27
wpp2024-esperanza-de-vida-mapa,FIN,2003,78.5334
wpp2024-esperanza-de-vida-mapa,FIN,2004,78.8458
wpp2024-esperanza-de-vida-mapa,FIN,2005,78.9711
wpp2024-esperanza-de-vida-mapa,FIN,2006,79.373
wpp2024-esperanza-de-vida-mapa,FIN,2007,79.3911
wpp2024-esperanza-de-vida-mapa,FIN,2008,79.695
wpp2024-esperanza-de-vida-mapa,FIN,2009,79.831
wpp2024-esperanza-de-vida-mapa,FIN,2010,80.0116
wpp2024-esperanza-de-vida-mapa,FIN,2011,80.3916
wpp2024-esperanza-de-vida-mapa,FIN,2012,80.5076
wpp2024-esperanza-de-vida-mapa,FIN,2013,80.869
wpp2024-esperanza-de-vida-mapa,FIN,2014,81.0546
wpp2024-esperanza-de-vida-mapa,FIN,2015,81.3775
wpp2024-esperanza-de-vida-mapa,FIN,2016,81.3029
wpp2024-esperanza-de-vida-mapa,FIN,2017,81.4967
wpp2024-esperanza-de-vida-mapa,FIN,2018,81.6265
wpp2024-esperanza-de-vida-mapa,FIN,2019,81.8643
wpp2024-esperanza-de-vida-mapa,FIN,2020,81.8219
wpp2024-esperanza-de-vida-mapa,FIN,2021,81.8137
wpp2024-esperanza-de-vida-mapa,FIN,2022,81.2435
wpp2024-esperanza-de-vida-mapa,FIN,2023,81.9102
wpp2024-esperanza-de-vida-mapa,GGY,1950,71.2314
wpp2024-esperanza-de-vida-mapa,GGY,1951,71.7147
wpp2024-esperanza-de-vida-mapa,GGY,1952,72.6817
wpp2024-esperanza-de-vida-mapa,GGY,1953,71.4649
wpp2024-esperanza-de-vida-mapa,GGY,1954,73.0696
wpp2024-esperanza-de-vida-mapa,GGY,1955,71.5844
wpp2024-esperanza-de-vida-mapa,GGY,1956,75.8634
wpp2024-esperanza-de-vida-mapa,GGY,1957,72.6143
wpp2024-esperanza-de-vida-mapa,GGY,1958,73.5754
wpp2024-esperanza-de-vida-mapa,GGY,1959,73.9296
wpp2024-esperanza-de-vida-mapa,GGY,1960,75.1942
wpp2024-esperanza-de-vida-mapa,GGY,1961,72.883
wpp2024-esperanza-de-vida-mapa,GGY,1962,73.5752
wpp2024-esperanza-de-vida-mapa,GGY,1963,73.8335
wpp2024-esperanza-de-vida-mapa,GGY,1964,73.1165
wpp2024-esperanza-de-vida-mapa,GGY,1965,72.1575
wpp2024-esperanza-de-vida-mapa,GGY,1966,73.719
wpp2024-esperanza-de-vida-mapa,GGY,1967,73.4297
wpp2024-esperanza-de-vida-mapa,GGY,1968,72.3917
wpp2024-esperanza-de-vida-mapa,GGY,1969,72.3837
wpp2024-esperanza-de-vida-mapa,GGY,1970,72.5782
wpp2024-esperanza-de-vida-mapa,GGY,1971,73.0081
wpp2024-esperanza-de-vida-mapa,GGY,1972,72.8938
wpp2024-esperanza-de-vida-mapa,GGY,1973,74.2181
wpp2024-esperanza-de-vida-mapa,GGY,1974,73.5579
wpp2024-esperanza-de-vida-mapa,GGY,1975,73.5784
wpp2024-esperanza-de-vida-mapa,GGY,1976,73.6434
wpp2024-esperanza-de-vida-mapa,GGY,1977,74.1207
wpp2024-esperanza-de-vida-mapa,GGY,1978,74.4415
wpp2024-esperanza-de-vida-mapa,GGY,1979,74.3146
wpp2024-esperanza-de-vida-mapa,GGY,1980,75.4874
wpp2024-esperanza-de-vida-mapa,GGY,1981,74.6808
wpp2024-esperanza-de-vida-mapa,GGY,1982,72.3651
wpp2024-esperanza-de-vida-mapa,GGY,1983,76.2083
wpp2024-esperanza-de-vida-mapa,GGY,1984,76.2265
wpp2024-esperanza-de-vida-mapa,GGY,1985,76.0329
wpp2024-esperanza-de-vida-mapa,GGY,1986,76.0268
wpp2024-esperanza-de-vida-mapa,GGY,1987,76.4275
wpp2024-esperanza-de-vida-mapa,GGY,1988,76.6987
wpp2024-esperanza-de-vida-mapa,GGY,1989,77.6011
wpp2024-esperanza-de-vida-mapa,GGY,1990,76.6357
wpp2024-esperanza-de-vida-mapa,GGY,1991,76.7928
wpp2024-esperanza-de-vida-mapa,GGY,1992,77.8223
wpp2024-esperanza-de-vida-mapa,GGY,1993,76.7998
wpp2024-esperanza-de-vida-mapa,GGY,1994,77.0163
wpp2024-esperanza-de-vida-mapa,GGY,1995,78.1235
wpp2024-esperanza-de-vida-mapa,GGY,1996,78.0918
wpp2024-esperanza-de-vida-mapa,GGY,1997,78.7018
wpp2024-esperanza-de-vida-mapa,GGY,1998,79.1567
wpp2024-esperanza-de-vida-mapa,GGY,1999,80.2553
wpp2024-esperanza-de-vida-mapa,GGY,2000,79.3867
wpp2024-esperanza-de-vida-mapa,GGY,2001,79.487
wpp2024-esperanza-de-vida-mapa,GGY,2002,79.6117
wpp2024-esperanza-de-vida-mapa,GGY,2003,79.6828
wpp2024-esperanza-de-vida-mapa,GGY,2004,80.4338
wpp2024-esperanza-de-vida-mapa,GGY,2005,80.7315
wpp2024-esperanza-de-vida-mapa,GGY,2006,81.1572
wpp2024-esperanza-de-vida-mapa,GGY,2007,81.3092
wpp2024-esperanza-de-vida-mapa,GGY,2008,81.5586
wpp2024-esperanza-de-vida-mapa,GGY,2009,81.9031
wpp2024-esperanza-de-vida-mapa,GGY,2010,82.3105
wpp2024-esperanza-de-vida-mapa,GGY,2011,82.6412
wpp2024-esperanza-de-vida-mapa,GGY,2012,82.3522
wpp2024-esperanza-de-vida-mapa,GGY,2013,82.8353
wpp2024-esperanza-de-vida-mapa,GGY,2014,83.0091
wpp2024-esperanza-de-vida-mapa,GGY,2015,82.7496
wpp2024-esperanza-de-vida-mapa,GGY,2016,82.5649
wpp2024-esperanza-de-vida-mapa,GGY,2017,82.3206
wpp2024-esperanza-de-vida-mapa,GGY,2018,82.7481
wpp2024-esperanza-de-vida-mapa,GGY,2019,83.2815
wpp2024-esperanza-de-vida-mapa,GGY,2020,83.3459
wpp2024-esperanza-de-vida-mapa,GGY,2021,81.9691
wpp2024-esperanza-de-vida-mapa,GGY,2022,83.108
wpp2024-esperanza-de-vida-mapa,GGY,2023,83.2744
wpp2024-esperanza-de-vida-mapa,ISL,1950,71.0302
wpp2024-esperanza-de-vida-mapa,ISL,1951,71.005
wpp2024-esperanza-de-vida-mapa,ISL,1952,72.4098
wpp2024-esperanza-de-vida-mapa,ISL,1953,72.2826
wpp2024-esperanza-de-vida-mapa,ISL,1954,73.336
wpp2024-esperanza-de-vida-mapa,ISL,1955,73.2763
wpp2024-esperanza-de-vida-mapa,ISL,1956,72.9015
wpp2024-esperanza-de-vida-mapa,ISL,1957,73.3896
wpp2024-esperanza-de-vida-mapa,ISL,1958,73.3493
wpp2024-esperanza-de-vida-mapa,ISL,1959,72.624
wpp2024-esperanza-de-vida-mapa,ISL,1960,74.0493
wpp2024-esperanza-de-vida-mapa,ISL,1961,73.3901
wpp2024-esperanza-de-vida-mapa,ISL,1962,73.6111
wpp2024-esperanza-de-vida-mapa,ISL,1963,72.9425
wpp2024-esperanza-de-vida-mapa,ISL,1964,73.5252
wpp2024-esperanza-de-vida-mapa,ISL,1965,73.7964
wpp2024-esperanza-de-vida-mapa,ISL,1966,73.1407
wpp2024-esperanza-de-vida-mapa,ISL,1967,73.6911
wpp2024-esperanza-de-vida-mapa,ISL,1968,73.8982
wpp2024-esperanza-de-vida-mapa,ISL,1969,73.6572
wpp2024-esperanza-de-vida-mapa,ISL,1970,73.7797
wpp2024-esperanza-de-vida-mapa,ISL,1971,73.4918
wpp2024-esperanza-de-vida-mapa,ISL,1972,74.3954
wpp2024-esperanza-de-vida-mapa,ISL,1973,74.2769
wpp2024-esperanza-de-vida-mapa,ISL,1974,74.1253
wpp2024-esperanza-de-vida-mapa,ISL,1975,75.2687
wpp2024-esperanza-de-vida-mapa,ISL,1976,76.6333
wpp2024-esperanza-de-vida-mapa,ISL,1977,76.0791
wpp2024-esperanza-de-vida-mapa,ISL,1978,76.3776
wpp2024-esperanza-de-vida-mapa,ISL,1979,76.5347
wpp2024-esperanza-de-vida-mapa,ISL,1980,76.5969
wpp2024-esperanza-de-vida-mapa,ISL,1981,76.192
wpp2024-esperanza-de-vida-mapa,ISL,1982,76.7987
wpp2024-esperanza-de-vida-mapa,ISL,1983,76.4252
wpp2024-esperanza-de-vida-mapa,ISL,1984,77.2951
wpp2024-esperanza-de-vida-mapa,ISL,1985,77.3897
wpp2024-esperanza-de-vida-mapa,ISL,1986,77.8702
wpp2024-esperanza-de-vida-mapa,ISL,1987,77.0507
wpp2024-esperanza-de-vida-mapa,ISL,1988,76.8934
wpp2024-esperanza-de-vida-mapa,ISL,1989,77.9323
wpp2024-esperanza-de-vida-mapa,ISL,1990,77.7406
wpp2024-esperanza-de-vida-mapa,ISL,1991,77.7575
wpp2024-esperanza-de-vida-mapa,ISL,1992,78.5865
wpp2024-esperanza-de-vida-mapa,ISL,1993,78.8093
wpp2024-esperanza-de-vida-mapa,ISL,1994,79.0221
wpp2024-esperanza-de-vida-mapa,ISL,1995,77.5426
wpp2024-esperanza-de-vida-mapa,ISL,1996,78.6456
wpp2024-esperanza-de-vida-mapa,ISL,1997,78.6723
wpp2024-esperanza-de-vida-mapa,ISL,1998,79.3963
wpp2024-esperanza-de-vida-mapa,ISL,1999,79.2363
wpp2024-esperanza-de-vida-mapa,ISL,2000,79.5485
wpp2024-esperanza-de-vida-mapa,ISL,2001,80.4209
wpp2024-esperanza-de-vida-mapa,ISL,2002,80.2778
wpp2024-esperanza-de-vida-mapa,ISL,2003,80.7678
wpp2024-esperanza-de-vida-mapa,ISL,2004,80.7209
wpp2024-esperanza-de-vida-mapa,ISL,2005,81.1691
wpp2024-esperanza-de-vida-mapa,ISL,2006,80.9375
wpp2024-esperanza-de-vida-mapa,ISL,2007,81.093
wpp2024-esperanza-de-vida-mapa,ISL,2008,81.244
wpp2024-esperanza-de-vida-mapa,ISL,2009,81.4174
wpp2024-esperanza-de-vida-mapa,ISL,2010,81.5939
wpp2024-esperanza-de-vida-mapa,ISL,2011,81.9725
wpp2024-esperanza-de-vida-mapa,ISL,2012,82.3459
wpp2024-esperanza-de-vida-mapa,ISL,2013,81.7425
wpp2024-esperanza-de-vida-mapa,ISL,2014,82.4298
wpp2024-esperanza-de-vida-mapa,ISL,2015,82.1638
wpp2024-esperanza-de-vida-mapa,ISL,2016,81.8286
wpp2024-esperanza-de-vida-mapa,ISL,2017,82.241
wpp2024-esperanza-de-vida-mapa,ISL,2018,82.4526
wpp2024-esperanza-de-vida-mapa,ISL,2019,82.8474
wpp2024-esperanza-de-vida-mapa,ISL,2020,82.7113
wpp2024-esperanza-de-vida-mapa,ISL,2021,82.8433
wpp2024-esperanza-de-vida-mapa,ISL,2022,81.5877
wpp2024-esperanza-de-vida-mapa,ISL,2023,82.6911
wpp2024-esperanza-de-vida-mapa,IRL,1950,65.5775
wpp2024-esperanza-de-vida-mapa,IRL,1951,64.754
wpp2024-esperanza-de-vida-mapa,IRL,1952,67.167
wpp2024-esperanza-de-vida-mapa,IRL,1953,67.9102
wpp2024-esperanza-de-vida-mapa,IRL,1954,68.0063
wpp2024-esperanza-de-vida-mapa,IRL,1955,67.9959
wpp2024-esperanza-de-vida-mapa,IRL,1956,68.9571
wpp2024-esperanza-de-vida-mapa,IRL,1957,69.0017
wpp2024-esperanza-de-vida-mapa,IRL,1958,69.2746
wpp2024-esperanza-de-vida-mapa,IRL,1959,69.4236
wpp2024-esperanza-de-vida-mapa,IRL,1960,70.1705
wpp2024-esperanza-de-vida-mapa,IRL,1961,69.639
wpp2024-esperanza-de-vida-mapa,IRL,1962,69.9476
wpp2024-esperanza-de-vida-mapa,IRL,1963,70.1898
wpp2024-esperanza-de-vida-mapa,IRL,1964,70.447
wpp2024-esperanza-de-vida-mapa,IRL,1965,70.6439
wpp2024-esperanza-de-vida-mapa,IRL,1966,70.1568
wpp2024-esperanza-de-vida-mapa,IRL,1967,71.2006
wpp2024-esperanza-de-vida-mapa,IRL,1968,70.8842
wpp2024-esperanza-de-vida-mapa,IRL,1969,70.7991
wpp2024-esperanza-de-vida-mapa,IRL,1970,70.8338
wpp2024-esperanza-de-vida-mapa,IRL,1971,71.6213
wpp2024-esperanza-de-vida-mapa,IRL,1972,70.9549
wpp2024-esperanza-de-vida-mapa,IRL,1973,71.1703
wpp2024-esperanza-de-vida-mapa,IRL,1974,71.1123
wpp2024-esperanza-de-vida-mapa,IRL,1975,71.6886
wpp2024-esperanza-de-vida-mapa,IRL,1976,71.797
wpp2024-esperanza-de-vida-mapa,IRL,1977,71.9398
wpp2024-esperanza-de-vida-mapa,IRL,1978,71.9299
wpp2024-esperanza-de-vida-mapa,IRL,1979,72.1786
wpp2024-esperanza-de-vida-mapa,IRL,1980,72.5362
wpp2024-esperanza-de-vida-mapa,IRL,1981,72.8875
wpp2024-esperanza-de-vida-mapa,IRL,1982,73.1548
wpp2024-esperanza-de-vida-mapa,IRL,1983,73.1779
wpp2024-esperanza-de-vida-mapa,IRL,1984,73.6216
wpp2024-esperanza-de-vida-mapa,IRL,1985,73.5605
wpp2024-esperanza-de-vida-mapa,IRL,1986,73.6108
wpp2024-esperanza-de-vida-mapa,IRL,1987,74.4069
wpp2024-esperanza-de-vida-mapa,IRL,1988,74.4252
wpp2024-esperanza-de-vida-mapa,IRL,1989,74.4512
wpp2024-esperanza-de-vida-mapa,IRL,1990,74.8375
wpp2024-esperanza-de-vida-mapa,IRL,1991,75.0268
wpp2024-esperanza-de-vida-mapa,IRL,1992,75.4231
wpp2024-esperanza-de-vida-mapa,IRL,1993,75.289
wpp2024-esperanza-de-vida-mapa,IRL,1994,75.7963
wpp2024-esperanza-de-vida-mapa,IRL,1995,75.4743
wpp2024-esperanza-de-vida-mapa,IRL,1996,75.8263
wpp2024-esperanza-de-vida-mapa,IRL,1997,75.9765
wpp2024-esperanza-de-vida-mapa,IRL,1998,76.1848
wpp2024-esperanza-de-vida-mapa,IRL,1999,76.089
wpp2024-esperanza-de-vida-mapa,IRL,2000,76.535
wpp2024-esperanza-de-vida-mapa,IRL,2001,77.1003
wpp2024-esperanza-de-vida-mapa,IRL,2002,77.5903
wpp2024-esperanza-de-vida-mapa,IRL,2003,78.1003
wpp2024-esperanza-de-vida-mapa,IRL,2004,78.5027
wpp2024-esperanza-de-vida-mapa,IRL,2005,78.9093
wpp2024-esperanza-de-vida-mapa,IRL,2006,79.1504
wpp2024-esperanza-de-vida-mapa,IRL,2007,79.5631
wpp2024-esperanza-de-vida-mapa,IRL,2008,79.7877
wpp2024-esperanza-de-vida-mapa,IRL,2009,80.0954
wpp2024-esperanza-de-vida-mapa,IRL,2010,80.5992
wpp2024-esperanza-de-vida-mapa,IRL,2011,80.7272
wpp2024-esperanza-de-vida-mapa,IRL,2012,80.8524
wpp2024-esperanza-de-vida-mapa,IRL,2013,81.065
wpp2024-esperanza-de-vida-mapa,IRL,2014,81.4063
wpp2024-esperanza-de-vida-mapa,IRL,2015,81.5326
wpp2024-esperanza-de-vida-mapa,IRL,2016,81.6836
wpp2024-esperanza-de-vida-mapa,IRL,2017,82.1032
wpp2024-esperanza-de-vida-mapa,IRL,2018,82.1232
wpp2024-esperanza-de-vida-mapa,IRL,2019,82.4108
wpp2024-esperanza-de-vida-mapa,IRL,2020,82.3897
wpp2024-esperanza-de-vida-mapa,IRL,2021,81.8608
wpp2024-esperanza-de-vida-mapa,IRL,2022,82.0505
wpp2024-esperanza-de-vida-mapa,IRL,2023,82.4118
wpp2024-esperanza-de-vida-mapa,IMN,1950,63.0618
wpp2024-esperanza-de-vida-mapa,IMN,1951,63.3565
wpp2024-esperanza-de-vida-mapa,IMN,1952,63.6399
wpp2024-esperanza-de-vida-mapa,IMN,1953,64.113
wpp2024-esperanza-de-vida-mapa,IMN,1954,64.4711
wpp2024-esperanza-de-vida-mapa,IMN,1955,64.8091
wpp2024-esperanza-de-vida-mapa,IMN,1956,64.9527
wpp2024-esperanza-de-vida-mapa,IMN,1957,64.948
wpp2024-esperanza-de-vida-mapa,IMN,1958,64.8754
wpp2024-esperanza-de-vida-mapa,IMN,1959,64.7459
wpp2024-esperanza-de-vida-mapa,IMN,1960,64.5569
wpp2024-esperanza-de-vida-mapa,IMN,1961,64.425
wpp2024-esperanza-de-vida-mapa,IMN,1962,64.3965
wpp2024-esperanza-de-vida-mapa,IMN,1963,64.4577
wpp2024-esperanza-de-vida-mapa,IMN,1964,64.6657
wpp2024-esperanza-de-vida-mapa,IMN,1965,64.9225
wpp2024-esperanza-de-vida-mapa,IMN,1966,65.1803
wpp2024-esperanza-de-vida-mapa,IMN,1967,65.4091
wpp2024-esperanza-de-vida-mapa,IMN,1968,65.5422
wpp2024-esperanza-de-vida-mapa,IMN,1969,65.6257
wpp2024-esperanza-de-vida-mapa,IMN,1970,65.7235
wpp2024-esperanza-de-vida-mapa,IMN,1971,65.8406
wpp2024-esperanza-de-vida-mapa,IMN,1972,65.9913
wpp2024-esperanza-de-vida-mapa,IMN,1973,66.2376
wpp2024-esperanza-de-vida-mapa,IMN,1974,66.4784
wpp2024-esperanza-de-vida-mapa,IMN,1975,66.7601
wpp2024-esperanza-de-vida-mapa,IMN,1976,67.0508
wpp2024-esperanza-de-vida-mapa,IMN,1977,67.3571
wpp2024-esperanza-de-vida-mapa,IMN,1978,67.6886
wpp2024-esperanza-de-vida-mapa,IMN,1979,68.0709
wpp2024-esperanza-de-vida-mapa,IMN,1980,68.4463
wpp2024-esperanza-de-vida-mapa,IMN,1981,68.8115
wpp2024-esperanza-de-vida-mapa,IMN,1982,69.1418
wpp2024-esperanza-de-vida-mapa,IMN,1983,69.4575
wpp2024-esperanza-de-vida-mapa,IMN,1984,69.7538
wpp2024-esperanza-de-vida-mapa,IMN,1985,70.0205
wpp2024-esperanza-de-vida-mapa,IMN,1986,70.3404
wpp2024-esperanza-de-vida-mapa,IMN,1987,70.685
wpp2024-esperanza-de-vida-mapa,IMN,1988,71.0572
wpp2024-esperanza-de-vida-mapa,IMN,1989,71.4058
wpp2024-esperanza-de-vida-mapa,IMN,1990,71.8002
wpp2024-esperanza-de-vida-mapa,IMN,1991,72.1827
wpp2024-esperanza-de-vida-mapa,IMN,1992,72.5439
wpp2024-esperanza-de-vida-mapa,IMN,1993,72.8223
wpp2024-esperanza-de-vida-mapa,IMN,1994,73.1403
wpp2024-esperanza-de-vida-mapa,IMN,1995,73.3711
wpp2024-esperanza-de-vida-mapa,IMN,1996,73.6342
wpp2024-esperanza-de-vida-mapa,IMN,1997,73.9
wpp2024-esperanza-de-vida-mapa,IMN,1998,74.2043
wpp2024-esperanza-de-vida-mapa,IMN,1999,74.4686
wpp2024-esperanza-de-vida-mapa,IMN,2000,74.8419
wpp2024-esperanza-de-vida-mapa,IMN,2001,75.2893
wpp2024-esperanza-de-vida-mapa,IMN,2002,75.785
wpp2024-esperanza-de-vida-mapa,IMN,2003,76.319
wpp2024-esperanza-de-vida-mapa,IMN,2004,76.8763
wpp2024-esperanza-de-vida-mapa,IMN,2005,77.4528
wpp2024-esperanza-de-vida-mapa,IMN,2006,77.9713
wpp2024-esperanza-de-vida-mapa,IMN,2007,78.4507
wpp2024-esperanza-de-vida-mapa,IMN,2008,78.8989
wpp2024-esperanza-de-vida-mapa,IMN,2009,79.3026
wpp2024-esperanza-de-vida-mapa,IMN,2010,79.6132
wpp2024-esperanza-de-vida-mapa,IMN,2011,79.8363
wpp2024-esperanza-de-vida-mapa,IMN,2012,80.007
wpp2024-esperanza-de-vida-mapa,IMN,2013,80.1199
wpp2024-esperanza-de-vida-mapa,IMN,2014,80.1994
wpp2024-esperanza-de-vida-mapa,IMN,2015,80.2666
wpp2024-esperanza-de-vida-mapa,IMN,2016,80.3913
wpp2024-esperanza-de-vida-mapa,IMN,2017,80.5064
wpp2024-esperanza-de-vida-mapa,IMN,2018,80.6139
wpp2024-esperanza-de-vida-mapa,IMN,2019,80.7399
wpp2024-esperanza-de-vida-mapa,IMN,2020,80.5909
wpp2024-esperanza-de-vida-mapa,IMN,2021,80.4197
wpp2024-esperanza-de-vida-mapa,IMN,2022,80.9561
wpp2024-esperanza-de-vida-mapa,IMN,2023,80.999
wpp2024-esperanza-de-vida-mapa,JEY,1950,69.4202
wpp2024-esperanza-de-vida-mapa,JEY,1951,69.5731
wpp2024-esperanza-de-vida-mapa,JEY,1952,69.7941
wpp2024-esperanza-de-vida-mapa,JEY,1953,69.9704
wpp2024-esperanza-de-vida-mapa,JEY,1954,70.1198
wpp2024-esperanza-de-vida-mapa,JEY,1955,70.2868
wpp2024-esperanza-de-vida-mapa,JEY,1956,70.3962
wpp2024-esperanza-de-vida-mapa,JEY,1957,70.4026
wpp2024-esperanza-de-vida-mapa,JEY,1958,70.4769
wpp2024-esperanza-de-vida-mapa,JEY,1959,70.5137
wpp2024-esperanza-de-vida-mapa,JEY,1960,70.4896
wpp2024-esperanza-de-vida-mapa,JEY,1961,70.5696
wpp2024-esperanza-de-vida-mapa,JEY,1962,70.8128
wpp2024-esperanza-de-vida-mapa,JEY,1963,70.9569
wpp2024-esperanza-de-vida-mapa,JEY,1964,71.085
wpp2024-esperanza-de-vida-mapa,JEY,1965,71.2469
wpp2024-esperanza-de-vida-mapa,JEY,1966,71.3223
wpp2024-esperanza-de-vida-mapa,JEY,1967,71.2181
wpp2024-esperanza-de-vida-mapa,JEY,1968,71.1258
wpp2024-esperanza-de-vida-mapa,JEY,1969,71.1518
wpp2024-esperanza-de-vida-mapa,JEY,1970,71.1177
wpp2024-esperanza-de-vida-mapa,JEY,1971,71.1699
wpp2024-esperanza-de-vida-mapa,JEY,1972,71.3422
wpp2024-esperanza-de-vida-mapa,JEY,1973,71.611
wpp2024-esperanza-de-vida-mapa,JEY,1974,71.7394
wpp2024-esperanza-de-vida-mapa,JEY,1975,71.8782
wpp2024-esperanza-de-vida-mapa,JEY,1976,71.9769
wpp2024-esperanza-de-vida-mapa,JEY,1977,72.028
wpp2024-esperanza-de-vida-mapa,JEY,1978,72.1254
wpp2024-esperanza-de-vida-mapa,JEY,1979,72.3394
wpp2024-esperanza-de-vida-mapa,JEY,1980,72.7315
wpp2024-esperanza-de-vida-mapa,JEY,1981,73.151
wpp2024-esperanza-de-vida-mapa,JEY,1982,73.6258
wpp2024-esperanza-de-vida-mapa,JEY,1983,74.0439
wpp2024-esperanza-de-vida-mapa,JEY,1984,74.4728
wpp2024-esperanza-de-vida-mapa,JEY,1985,74.7323
wpp2024-esperanza-de-vida-mapa,JEY,1986,75.0057
wpp2024-esperanza-de-vida-mapa,JEY,1987,75.2533
wpp2024-esperanza-de-vida-mapa,JEY,1988,75.5633
wpp2024-esperanza-de-vida-mapa,JEY,1989,75.8026
wpp2024-esperanza-de-vida-mapa,JEY,1990,76.0873
wpp2024-esperanza-de-vida-mapa,JEY,1991,76.3152
wpp2024-esperanza-de-vida-mapa,JEY,1992,76.5593
wpp2024-esperanza-de-vida-mapa,JEY,1993,76.766
wpp2024-esperanza-de-vida-mapa,JEY,1994,77.0621
wpp2024-esperanza-de-vida-mapa,JEY,1995,77.3274
wpp2024-esperanza-de-vida-mapa,JEY,1996,77.5831
wpp2024-esperanza-de-vida-mapa,JEY,1997,77.8404
wpp2024-esperanza-de-vida-mapa,JEY,1998,78.064
wpp2024-esperanza-de-vida-mapa,JEY,1999,78.2262
wpp2024-esperanza-de-vida-mapa,JEY,2000,78.4235
wpp2024-esperanza-de-vida-mapa,JEY,2001,78.6317
wpp2024-esperanza-de-vida-mapa,JEY,2002,78.8352
wpp2024-esperanza-de-vida-mapa,JEY,2003,79.1306
wpp2024-esperanza-de-vida-mapa,JEY,2004,79.4277
wpp2024-esperanza-de-vida-mapa,JEY,2005,79.684
wpp2024-esperanza-de-vida-mapa,JEY,2006,79.9093
wpp2024-esperanza-de-vida-mapa,JEY,2007,80.1442
wpp2024-esperanza-de-vida-mapa,JEY,2008,80.2809
wpp2024-esperanza-de-vida-mapa,JEY,2009,80.4001
wpp2024-esperanza-de-vida-mapa,JEY,2010,80.54
wpp2024-esperanza-de-vida-mapa,JEY,2011,80.6654
wpp2024-esperanza-de-vida-mapa,JEY,2012,80.7011
wpp2024-esperanza-de-vida-mapa,JEY,2013,80.7151
wpp2024-esperanza-de-vida-mapa,JEY,2014,80.6733
wpp2024-esperanza-de-vida-mapa,JEY,2015,80.5257
wpp2024-esperanza-de-vida-mapa,JEY,2016,80.3466
wpp2024-esperanza-de-vida-mapa,JEY,2017,80.1828
wpp2024-esperanza-de-vida-mapa,JEY,2018,80.0258
wpp2024-esperanza-de-vida-mapa,JEY,2019,79.8931
wpp2024-esperanza-de-vida-mapa,JEY,2020,79.4471
wpp2024-esperanza-de-vida-mapa,JEY,2021,79.3232
wpp2024-esperanza-de-vida-mapa,JEY,2022,79.7257
wpp2024-esperanza-de-vida-mapa,JEY,2023,79.7071
wpp2024-esperanza-de-vida-mapa,LVA,1950,64.5724
wpp2024-esperanza-de-vida-mapa,LVA,1951,65.1838
wpp2024-esperanza-de-vida-mapa,LVA,1952,65.7055
wpp2024-esperanza-de-vida-mapa,LVA,1953,66.226
wpp2024-esperanza-de-vida-mapa,LVA,1954,66.6996
wpp2024-esperanza-de-vida-mapa,LVA,1955,67.1487
wpp2024-esperanza-de-vida-mapa,LVA,1956,67.6085
wpp2024-esperanza-de-vida-mapa,LVA,1957,68.2624
wpp2024-esperanza-de-vida-mapa,LVA,1958,68.899
wpp2024-esperanza-de-vida-mapa,LVA,1959,69.5231
wpp2024-esperanza-de-vida-mapa,LVA,1960,70.3316
wpp2024-esperanza-de-vida-mapa,LVA,1961,70.5397
wpp2024-esperanza-de-vida-mapa,LVA,1962,69.8996
wpp2024-esperanza-de-vida-mapa,LVA,1963,70.3372
wpp2024-esperanza-de-vida-mapa,LVA,1964,71.532
wpp2024-esperanza-de-vida-mapa,LVA,1965,71.2237
wpp2024-esperanza-de-vida-mapa,LVA,1966,71.1798
wpp2024-esperanza-de-vida-mapa,LVA,1967,70.8669
wpp2024-esperanza-de-vida-mapa,LVA,1968,70.4815
wpp2024-esperanza-de-vida-mapa,LVA,1969,70.2172
wpp2024-esperanza-de-vida-mapa,LVA,1970,70.2372
wpp2024-esperanza-de-vida-mapa,LVA,1971,70.5737
wpp2024-esperanza-de-vida-mapa,LVA,1972,70.2649
wpp2024-esperanza-de-vida-mapa,LVA,1973,70.189
wpp2024-esperanza-de-vida-mapa,LVA,1974,70.12
wpp2024-esperanza-de-vida-mapa,LVA,1975,69.2578
wpp2024-esperanza-de-vida-mapa,LVA,1976,69.3877
wpp2024-esperanza-de-vida-mapa,LVA,1977,69.4496
wpp2024-esperanza-de-vida-mapa,LVA,1978,69.3299
wpp2024-esperanza-de-vida-mapa,LVA,1979,68.824
wpp2024-esperanza-de-vida-mapa,LVA,1980,69.1171
wpp2024-esperanza-de-vida-mapa,LVA,1981,69.0787
wpp2024-esperanza-de-vida-mapa,LVA,1982,69.6274
wpp2024-esperanza-de-vida-mapa,LVA,1983,69.3968
wpp2024-esperanza-de-vida-mapa,LVA,1984,69.4338
wpp2024-esperanza-de-vida-mapa,LVA,1985,69.5955
wpp2024-esperanza-de-vida-mapa,LVA,1986,70.9628
wpp2024-esperanza-de-vida-mapa,LVA,1987,71.0125
wpp2024-esperanza-de-vida-mapa,LVA,1988,70.9144
wpp2024-esperanza-de-vida-mapa,LVA,1989,70.4035
wpp2024-esperanza-de-vida-mapa,LVA,1990,69.4572
wpp2024-esperanza-de-vida-mapa,LVA,1991,69.1819
wpp2024-esperanza-de-vida-mapa,LVA,1992,68.4514
wpp2024-esperanza-de-vida-mapa,LVA,1993,66.6288
wpp2024-esperanza-de-vida-mapa,LVA,1994,65.1828
wpp2024-esperanza-de-vida-mapa,LVA,1995,65.9954
wpp2024-esperanza-de-vida-mapa,LVA,1996,68.5859
wpp2024-esperanza-de-vida-mapa,LVA,1997,69.2247
wpp2024-esperanza-de-vida-mapa,LVA,1998,68.8508
wpp2024-esperanza-de-vida-mapa,LVA,1999,69.6483
wpp2024-esperanza-de-vida-mapa,LVA,2000,70.1755
wpp2024-esperanza-de-vida-mapa,LVA,2001,69.9058
wpp2024-esperanza-de-vida-mapa,LVA,2002,70.1755
wpp2024-esperanza-de-vida-mapa,LVA,2003,70.6361
wpp2024-esperanza-de-vida-mapa,LVA,2004,70.9395
wpp2024-esperanza-de-vida-mapa,LVA,2005,70.6324
wpp2024-esperanza-de-vida-mapa,LVA,2006,70.5501
wpp2024-esperanza-de-vida-mapa,LVA,2007,70.7894
wpp2024-esperanza-de-vida-mapa,LVA,2008,71.999
wpp2024-esperanza-de-vida-mapa,LVA,2009,72.6966
wpp2024-esperanza-de-vida-mapa,LVA,2010,73.0285
wpp2024-esperanza-de-vida-mapa,LVA,2011,73.7176
wpp2024-esperanza-de-vida-mapa,LVA,2012,73.9387
wpp2024-esperanza-de-vida-mapa,LVA,2013,74.1873
wpp2024-esperanza-de-vida-mapa,LVA,2014,74.306
wpp2024-esperanza-de-vida-mapa,LVA,2015,74.6646
wpp2024-esperanza-de-vida-mapa,LVA,2016,74.7568
wpp2024-esperanza-de-vida-mapa,LVA,2017,74.8005
wpp2024-esperanza-de-vida-mapa,LVA,2018,74.9793
wpp2024-esperanza-de-vida-mapa,LVA,2019,75.6278
wpp2024-esperanza-de-vida-mapa,LVA,2020,75.4781
wpp2024-esperanza-de-vida-mapa,LVA,2021,73.1809
wpp2024-esperanza-de-vida-mapa,LVA,2022,74.8706
wpp2024-esperanza-de-vida-mapa,LVA,2023,76.1898
wpp2024-esperanza-de-vida-mapa,LTU,1950,66.0682
wpp2024-esperanza-de-vida-mapa,LTU,1951,66.1478
wpp2024-esperanza-de-vida-mapa,LTU,1952,66.231
wpp2024-esperanza-de-vida-mapa,LTU,1953,66.3405
wpp2024-esperanza-de-vida-mapa,LTU,1954,66.4642
wpp2024-esperanza-de-vida-mapa,LTU,1955,66.6379
wpp2024-esperanza-de-vida-mapa,LTU,1956,66.8469
wpp2024-esperanza-de-vida-mapa,LTU,1957,67.707
wpp2024-esperanza-de-vida-mapa,LTU,1958,68.5558
wpp2024-esperanza-de-vida-mapa,LTU,1959,69.404
wpp2024-esperanza-de-vida-mapa,LTU,1960,70.289
wpp2024-esperanza-de-vida-mapa,LTU,1961,70.4642
wpp2024-esperanza-de-vida-mapa,LTU,1962,69.4382
wpp2024-esperanza-de-vida-mapa,LTU,1963,70.5679
wpp2024-esperanza-de-vida-mapa,LTU,1964,71.9352
wpp2024-esperanza-de-vida-mapa,LTU,1965,71.6943
wpp2024-esperanza-de-vida-mapa,LTU,1966,71.8729
wpp2024-esperanza-de-vida-mapa,LTU,1967,71.9572
wpp2024-esperanza-de-vida-mapa,LTU,1968,71.6307
wpp2024-esperanza-de-vida-mapa,LTU,1969,71.2263
wpp2024-esperanza-de-vida-mapa,LTU,1970,71.103
wpp2024-esperanza-de-vida-mapa,LTU,1971,72.0393
wpp2024-esperanza-de-vida-mapa,LTU,1972,71.3114
wpp2024-esperanza-de-vida-mapa,LTU,1973,71.6181
wpp2024-esperanza-de-vida-mapa,LTU,1974,71.5366
wpp2024-esperanza-de-vida-mapa,LTU,1975,71.1081
wpp2024-esperanza-de-vida-mapa,LTU,1976,71.2207
wpp2024-esperanza-de-vida-mapa,LTU,1977,71.0587
wpp2024-esperanza-de-vida-mapa,LTU,1978,70.854
wpp2024-esperanza-de-vida-mapa,LTU,1979,70.7146
wpp2024-esperanza-de-vida-mapa,LTU,1980,70.7006
wpp2024-esperanza-de-vida-mapa,LTU,1981,70.6866
wpp2024-esperanza-de-vida-mapa,LTU,1982,71.0645
wpp2024-esperanza-de-vida-mapa,LTU,1983,71.0154
wpp2024-esperanza-de-vida-mapa,LTU,1984,70.542
wpp2024-esperanza-de-vida-mapa,LTU,1985,70.7399
wpp2024-esperanza-de-vida-mapa,LTU,1986,72.3885
wpp2024-esperanza-de-vida-mapa,LTU,1987,72.2283
wpp2024-esperanza-de-vida-mapa,LTU,1988,72.0291
wpp2024-esperanza-de-vida-mapa,LTU,1989,71.6371
wpp2024-esperanza-de-vida-mapa,LTU,1990,71.3694
wpp2024-esperanza-de-vida-mapa,LTU,1991,70.5095
wpp2024-esperanza-de-vida-mapa,LTU,1992,70.3368
wpp2024-esperanza-de-vida-mapa,LTU,1993,68.9336
wpp2024-esperanza-de-vida-mapa,LTU,1994,68.5026
wpp2024-esperanza-de-vida-mapa,LTU,1995,69.0184
wpp2024-esperanza-de-vida-mapa,LTU,1996,70.1931
wpp2024-esperanza-de-vida-mapa,LTU,1997,71.0289
wpp2024-esperanza-de-vida-mapa,LTU,1998,71.3303
wpp2024-esperanza-de-vida-mapa,LTU,1999,71.7172
wpp2024-esperanza-de-vida-mapa,LTU,2000,72.1387
wpp2024-esperanza-de-vida-mapa,LTU,2001,71.7123
wpp2024-esperanza-de-vida-mapa,LTU,2002,71.8389
wpp2024-esperanza-de-vida-mapa,LTU,2003,72.0883
wpp2024-esperanza-de-vida-mapa,LTU,2004,72.0009
wpp2024-esperanza-de-vida-mapa,LTU,2005,71.2464
wpp2024-esperanza-de-vida-mapa,LTU,2006,70.9639
wpp2024-esperanza-de-vida-mapa,LTU,2007,70.6982
wpp2024-esperanza-de-vida-mapa,LTU,2008,71.6959
wpp2024-esperanza-de-vida-mapa,LTU,2009,72.8496
wpp2024-esperanza-de-vida-mapa,LTU,2010,73.1962
wpp2024-esperanza-de-vida-mapa,LTU,2011,73.608
wpp2024-esperanza-de-vida-mapa,LTU,2012,73.9644
wpp2024-esperanza-de-vida-mapa,LTU,2013,74.0268
wpp2024-esperanza-de-vida-mapa,LTU,2014,74.596
wpp2024-esperanza-de-vida-mapa,LTU,2015,74.4737
wpp2024-esperanza-de-vida-mapa,LTU,2016,74.8195
wpp2024-esperanza-de-vida-mapa,LTU,2017,75.7015
wpp2024-esperanza-de-vida-mapa,LTU,2018,75.9091
wpp2024-esperanza-de-vida-mapa,LTU,2019,76.4245
wpp2024-esperanza-de-vida-mapa,LTU,2020,75.105
wpp2024-esperanza-de-vida-mapa,LTU,2021,74.2967
wpp2024-esperanza-de-vida-mapa,LTU,2022,74.696
wpp2024-esperanza-de-vida-mapa,LTU,2023,76.025
wpp2024-esperanza-de-vida-mapa,NOR,1950,71.5878
wpp2024-esperanza-de-vida-mapa,NOR,1951,72.5258
wpp2024-esperanza-de-vida-mapa,NOR,1952,72.6501
wpp2024-esperanza-de-vida-mapa,NOR,1953,73.1485
wpp2024-esperanza-de-vida-mapa,NOR,1954,73.2085
wpp2024-esperanza-de-vida-mapa,NOR,1955,73.4314
wpp2024-esperanza-de-vida-mapa,NOR,1956,73.4861
wpp2024-esperanza-de-vida-mapa,NOR,1957,73.4341
wpp2024-esperanza-de-vida-mapa,NOR,1958,73.4246
wpp2024-esperanza-de-vida-mapa,NOR,1959,73.5503
wpp2024-esperanza-de-vida-mapa,NOR,1960,73.5639
wpp2024-esperanza-de-vida-mapa,NOR,1961,73.5644
wpp2024-esperanza-de-vida-mapa,NOR,1962,73.4591
wpp2024-esperanza-de-vida-mapa,NOR,1963,73.0967
wpp2024-esperanza-de-vida-mapa,NOR,1964,73.6079
wpp2024-esperanza-de-vida-mapa,NOR,1965,73.726
wpp2024-esperanza-de-vida-mapa,NOR,1966,74.0066
wpp2024-esperanza-de-vida-mapa,NOR,1967,74.0725
wpp2024-esperanza-de-vida-mapa,NOR,1968,73.9448
wpp2024-esperanza-de-vida-mapa,NOR,1969,73.6659
wpp2024-esperanza-de-vida-mapa,NOR,1970,74.0705
wpp2024-esperanza-de-vida-mapa,NOR,1971,74.1747
wpp2024-esperanza-de-vida-mapa,NOR,1972,74.3493
wpp2024-esperanza-de-vida-mapa,NOR,1973,74.4403
wpp2024-esperanza-de-vida-mapa,NOR,1974,74.7635
wpp2024-esperanza-de-vida-mapa,NOR,1975,74.8165
wpp2024-esperanza-de-vida-mapa,NOR,1976,75.0479
wpp2024-esperanza-de-vida-mapa,NOR,1977,75.3976
wpp2024-esperanza-de-vida-mapa,NOR,1978,75.4258
wpp2024-esperanza-de-vida-mapa,NOR,1979,75.4155
wpp2024-esperanza-de-vida-mapa,NOR,1980,75.6726
wpp2024-esperanza-de-vida-mapa,NOR,1981,75.8817
wpp2024-esperanza-de-vida-mapa,NOR,1982,76.0188
wpp2024-esperanza-de-vida-mapa,NOR,1983,76.0787
wpp2024-esperanza-de-vida-mapa,NOR,1984,76.2468
wpp2024-esperanza-de-vida-mapa,NOR,1985,75.9327
wpp2024-esperanza-de-vida-mapa,NOR,1986,76.2533
wpp2024-esperanza-de-vida-mapa,NOR,1987,76.102
wpp2024-esperanza-de-vida-mapa,NOR,1988,76.2709
wpp2024-esperanza-de-vida-mapa,NOR,1989,76.5435
wpp2024-esperanza-de-vida-mapa,NOR,1990,76.5864
wpp2024-esperanza-de-vida-mapa,NOR,1991,77.0382
wpp2024-esperanza-de-vida-mapa,NOR,1992,77.2461
wpp2024-esperanza-de-vida-mapa,NOR,1993,77.2207
wpp2024-esperanza-de-vida-mapa,NOR,1994,77.7728
wpp2024-esperanza-de-vida-mapa,NOR,1995,77.7966
wpp2024-esperanza-de-vida-mapa,NOR,1996,78.2326
wpp2024-esperanza-de-vida-mapa,NOR,1997,78.2382
wpp2024-esperanza-de-vida-mapa,NOR,1998,78.4081
wpp2024-esperanza-de-vida-mapa,NOR,1999,78.3864
wpp2024-esperanza-de-vida-mapa,NOR,2000,78.6916
wpp2024-esperanza-de-vida-mapa,NOR,2001,78.8958
wpp2024-esperanza-de-vida-mapa,NOR,2002,78.9602
wpp2024-esperanza-de-vida-mapa,NOR,2003,79.5291
wpp2024-esperanza-de-vida-mapa,NOR,2004,79.9645
wpp2024-esperanza-de-vida-mapa,NOR,2005,80.1695
wpp2024-esperanza-de-vida-mapa,NOR,2006,80.4404
wpp2024-esperanza-de-vida-mapa,NOR,2007,80.5024
wpp2024-esperanza-de-vida-mapa,NOR,2008,80.6772
wpp2024-esperanza-de-vida-mapa,NOR,2009,80.8655
wpp2024-esperanza-de-vida-mapa,NOR,2010,81.0392
wpp2024-esperanza-de-vida-mapa,NOR,2011,81.2454
wpp2024-esperanza-de-vida-mapa,NOR,2012,81.4458
wpp2024-esperanza-de-vida-mapa,NOR,2013,81.6683
wpp2024-esperanza-de-vida-mapa,NOR,2014,82.0869
wpp2024-esperanza-de-vida-mapa,NOR,2015,82.2728
wpp2024-esperanza-de-vida-mapa,NOR,2016,82.4151
wpp2024-esperanza-de-vida-mapa,NOR,2017,82.6242
wpp2024-esperanza-de-vida-mapa,NOR,2018,82.7599
wpp2024-esperanza-de-vida-mapa,NOR,2019,82.9553
wpp2024-esperanza-de-vida-mapa,NOR,2020,83.1953
wpp2024-esperanza-de-vida-mapa,NOR,2021,83.1656
wpp2024-esperanza-de-vida-mapa,NOR,2022,82.6309
wpp2024-esperanza-de-vida-mapa,NOR,2023,83.3078
wpp2024-esperanza-de-vida-mapa,SWE,1950,71.1394
wpp2024-esperanza-de-vida-mapa,SWE,1951,71.3638
wpp2024-esperanza-de-vida-mapa,SWE,1952,71.8453
wpp2024-esperanza-de-vida-mapa,SWE,1953,71.9037
wpp2024-esperanza-de-vida-mapa,SWE,1954,72.3527
wpp2024-esperanza-de-vida-mapa,SWE,1955,72.5862
wpp2024-esperanza-de-vida-mapa,SWE,1956,72.6602
wpp2024-esperanza-de-vida-mapa,SWE,1957,72.4909
wpp2024-esperanza-de-vida-mapa,SWE,1958,73.1526
wpp2024-esperanza-de-vida-mapa,SWE,1959,73.3708
wpp2024-esperanza-de-vida-mapa,SWE,1960,73.0365
wpp2024-esperanza-de-vida-mapa,SWE,1961,73.4885
wpp2024-esperanza-de-vida-mapa,SWE,1962,73.3506
wpp2024-esperanza-de-vida-mapa,SWE,1963,73.5328
wpp2024-esperanza-de-vida-mapa,SWE,1964,73.7054
wpp2024-esperanza-de-vida-mapa,SWE,1965,73.8726
wpp2024-esperanza-de-vida-mapa,SWE,1966,74.101
wpp2024-esperanza-de-vida-mapa,SWE,1967,74.1466
wpp2024-esperanza-de-vida-mapa,SWE,1968,74.0005
wpp2024-esperanza-de-vida-mapa,SWE,1969,74.1135
wpp2024-esperanza-de-vida-mapa,SWE,1970,74.6641
wpp2024-esperanza-de-vida-mapa,SWE,1971,74.6006
wpp2024-esperanza-de-vida-mapa,SWE,1972,74.7048
wpp2024-esperanza-de-vida-mapa,SWE,1973,74.8655
wpp2024-esperanza-de-vida-mapa,SWE,1974,74.9693
wpp2024-esperanza-de-vida-mapa,SWE,1975,74.9778
wpp2024-esperanza-de-vida-mapa,SWE,1976,74.9728
wpp2024-esperanza-de-vida-mapa,SWE,1977,75.3933
wpp2024-esperanza-de-vida-mapa,SWE,1978,75.4837
wpp2024-esperanza-de-vida-mapa,SWE,1979,75.523
wpp2024-esperanza-de-vida-mapa,SWE,1980,75.7431
wpp2024-esperanza-de-vida-mapa,SWE,1981,76.0405
wpp2024-esperanza-de-vida-mapa,SWE,1982,76.3498
wpp2024-esperanza-de-vida-mapa,SWE,1983,76.5802
wpp2024-esperanza-de-vida-mapa,SWE,1984,76.8407
wpp2024-esperanza-de-vida-mapa,SWE,1985,76.6911
wpp2024-esperanza-de-vida-mapa,SWE,1986,76.9546
wpp2024-esperanza-de-vida-mapa,SWE,1987,77.1087
wpp2024-esperanza-de-vida-mapa,SWE,1988,76.9978
wpp2024-esperanza-de-vida-mapa,SWE,1989,77.654
wpp2024-esperanza-de-vida-mapa,SWE,1990,77.5886
wpp2024-esperanza-de-vida-mapa,SWE,1991,77.7285
wpp2024-esperanza-de-vida-mapa,SWE,1992,78.0712
wpp2024-esperanza-de-vida-mapa,SWE,1993,78.1356
wpp2024-esperanza-de-vida-mapa,SWE,1994,78.7471
wpp2024-esperanza-de-vida-mapa,SWE,1995,78.8222
wpp2024-esperanza-de-vida-mapa,SWE,1996,79.0447
wpp2024-esperanza-de-vida-mapa,SWE,1997,79.2724
wpp2024-esperanza-de-vida-mapa,SWE,1998,79.4163
wpp2024-esperanza-de-vida-mapa,SWE,1999,79.5085
wpp2024-esperanza-de-vida-mapa,SWE,2000,79.7387
wpp2024-esperanza-de-vida-mapa,SWE,2001,79.8363
wpp2024-esperanza-de-vida-mapa,SWE,2002,79.9349
wpp2024-esperanza-de-vida-mapa,SWE,2003,80.1951
wpp2024-esperanza-de-vida-mapa,SWE,2004,80.5465
wpp2024-esperanza-de-vida-mapa,SWE,2005,80.6213
wpp2024-esperanza-de-vida-mapa,SWE,2006,80.8318
wpp2024-esperanza-de-vida-mapa,SWE,2007,80.97
wpp2024-esperanza-de-vida-mapa,SWE,2008,81.1373
wpp2024-esperanza-de-vida-mapa,SWE,2009,81.3633
wpp2024-esperanza-de-vida-mapa,SWE,2010,81.519
wpp2024-esperanza-de-vida-mapa,SWE,2011,81.7584
wpp2024-esperanza-de-vida-mapa,SWE,2012,81.7299
wpp2024-esperanza-de-vida-mapa,SWE,2013,81.9354
wpp2024-esperanza-de-vida-mapa,SWE,2014,82.2241
wpp2024-esperanza-de-vida-mapa,SWE,2015,82.1844
wpp2024-esperanza-de-vida-mapa,SWE,2016,82.3391
wpp2024-esperanza-de-vida-mapa,SWE,2017,82.4377
wpp2024-esperanza-de-vida-mapa,SWE,2018,82.5321
wpp2024-esperanza-de-vida-mapa,SWE,2019,83.0518
wpp2024-esperanza-de-vida-mapa,SWE,2020,82.4271
wpp2024-esperanza-de-vida-mapa,SWE,2021,83.0196
wpp2024-esperanza-de-vida-mapa,SWE,2022,83.046
wpp2024-esperanza-de-vida-mapa,SWE,2023,83.2624
wpp2024-esperanza-de-vida-mapa,GBR,1950,68.631
wpp2024-esperanza-de-vida-mapa,GBR,1951,68.2386
wpp2024-esperanza-de-vida-mapa,GBR,1952,69.5267
wpp2024-esperanza-de-vida-mapa,GBR,1953,69.8047
wpp2024-esperanza-de-vida-mapa,GBR,1954,70.1715
wpp2024-esperanza-de-vida-mapa,GBR,1955,70.1344
wpp2024-esperanza-de-vida-mapa,GBR,1956,70.4055
wpp2024-esperanza-de-vida-mapa,GBR,1957,70.5245
wpp2024-esperanza-de-vida-mapa,GBR,1958,70.7048
wpp2024-esperanza-de-vida-mapa,GBR,1959,70.8276
wpp2024-esperanza-de-vida-mapa,GBR,1960,71.0251
wpp2024-esperanza-de-vida-mapa,GBR,1961,70.7895
wpp2024-esperanza-de-vida-mapa,GBR,1962,70.8576
wpp2024-esperanza-de-vida-mapa,GBR,1963,70.7609
wpp2024-esperanza-de-vida-mapa,GBR,1964,71.5407
wpp2024-esperanza-de-vida-mapa,GBR,1965,71.5157
wpp2024-esperanza-de-vida-mapa,GBR,1966,71.4329
wpp2024-esperanza-de-vida-mapa,GBR,1967,72.0706
wpp2024-esperanza-de-vida-mapa,GBR,1968,71.6842
wpp2024-esperanza-de-vida-mapa,GBR,1969,71.6625
wpp2024-esperanza-de-vida-mapa,GBR,1970,71.8819
wpp2024-esperanza-de-vida-mapa,GBR,1971,72.234
wpp2024-esperanza-de-vida-mapa,GBR,1972,71.9882
wpp2024-esperanza-de-vida-mapa,GBR,1973,72.1846
wpp2024-esperanza-de-vida-mapa,GBR,1974,72.376
wpp2024-esperanza-de-vida-mapa,GBR,1975,72.65
wpp2024-esperanza-de-vida-mapa,GBR,1976,72.6341
wpp2024-esperanza-de-vida-mapa,GBR,1977,73.1111
wpp2024-esperanza-de-vida-mapa,GBR,1978,73.0429
wpp2024-esperanza-de-vida-mapa,GBR,1979,73.1607
wpp2024-esperanza-de-vida-mapa,GBR,1980,73.5906
wpp2024-esperanza-de-vida-mapa,GBR,1981,73.9162
wpp2024-esperanza-de-vida-mapa,GBR,1982,74.0388
wpp2024-esperanza-de-vida-mapa,GBR,1983,74.2927
wpp2024-esperanza-de-vida-mapa,GBR,1984,74.6741
wpp2024-esperanza-de-vida-mapa,GBR,1985,74.5362
wpp2024-esperanza-de-vida-mapa,GBR,1986,74.7948
wpp2024-esperanza-de-vida-mapa,GBR,1987,75.147
wpp2024-esperanza-de-vida-mapa,GBR,1988,75.2593
wpp2024-esperanza-de-vida-mapa,GBR,1989,75.3971
wpp2024-esperanza-de-vida-mapa,GBR,1990,75.7377
wpp2024-esperanza-de-vida-mapa,GBR,1991,75.9108
wpp2024-esperanza-de-vida-mapa,GBR,1992,76.3074
wpp2024-esperanza-de-vida-mapa,GBR,1993,76.1602
wpp2024-esperanza-de-vida-mapa,GBR,1994,76.7198
wpp2024-esperanza-de-vida-mapa,GBR,1995,76.614
wpp2024-esperanza-de-vida-mapa,GBR,1996,76.8719
wpp2024-esperanza-de-vida-mapa,GBR,1997,77.1389
wpp2024-esperanza-de-vida-mapa,GBR,1998,77.2745
wpp2024-esperanza-de-vida-mapa,GBR,1999,77.3728
wpp2024-esperanza-de-vida-mapa,GBR,2000,77.8491
wpp2024-esperanza-de-vida-mapa,GBR,2001,78.1208
wpp2024-esperanza-de-vida-mapa,GBR,2002,78.237
wpp2024-esperanza-de-vida-mapa,GBR,2003,78.3302
wpp2024-esperanza-de-vida-mapa,GBR,2004,78.8998
wpp2024-esperanza-de-vida-mapa,GBR,2005,79.1061
wpp2024-esperanza-de-vida-mapa,GBR,2006,79.3474
wpp2024-esperanza-de-vida-mapa,GBR,2007,79.5337
wpp2024-esperanza-de-vida-mapa,GBR,2008,79.6554
wpp2024-esperanza-de-vida-mapa,GBR,2009,80.1556
wpp2024-esperanza-de-vida-mapa,GBR,2010,80.3908
wpp2024-esperanza-de-vida-mapa,GBR,2011,80.7961
wpp2024-esperanza-de-vida-mapa,GBR,2012,80.8594
wpp2024-esperanza-de-vida-mapa,GBR,2013,80.9232
wpp2024-esperanza-de-vida-mapa,GBR,2014,81.1529
wpp2024-esperanza-de-vida-mapa,GBR,2015,80.919
wpp2024-esperanza-de-vida-mapa,GBR,2016,81.0675
wpp2024-esperanza-de-vida-mapa,GBR,2017,81.164
wpp2024-esperanza-de-vida-mapa,GBR,2018,81.1229
wpp2024-esperanza-de-vida-mapa,GBR,2019,81.4426
wpp2024-esperanza-de-vida-mapa,GBR,2020,80.3854
wpp2024-esperanza-de-vida-mapa,GBR,2021,80.708
wpp2024-esperanza-de-vida-mapa,GBR,2022,81.0744
wpp2024-esperanza-de-vida-mapa,GBR,2023,81.3015
wpp2024-esperanza-de-vida-mapa,ALB,1950,44.5214
wpp2024-esperanza-de-vida-mapa,ALB,1951,45.2742
wpp2024-esperanza-de-vida-mapa,ALB,1952,46.281
wpp2024-esperanza-de-vida-mapa,ALB,1953,47.3686
wpp2024-esperanza-de-vida-mapa,ALB,1954,48.4165
wpp2024-esperanza-de-vida-mapa,ALB,1955,49.5754
wpp2024-esperanza-de-vida-mapa,ALB,1956,50.8468
wpp2024-esperanza-de-vida-mapa,ALB,1957,52.257
wpp2024-esperanza-de-vida-mapa,ALB,1958,53.7357
wpp2024-esperanza-de-vida-mapa,ALB,1959,55.13
wpp2024-esperanza-de-vida-mapa,ALB,1960,56.4132
wpp2024-esperanza-de-vida-mapa,ALB,1961,57.488
wpp2024-esperanza-de-vida-mapa,ALB,1962,58.4944
wpp2024-esperanza-de-vida-mapa,ALB,1963,59.4792
wpp2024-esperanza-de-vida-mapa,ALB,1964,60.4035
wpp2024-esperanza-de-vida-mapa,ALB,1965,61.2735
wpp2024-esperanza-de-vida-mapa,ALB,1966,62.149
wpp2024-esperanza-de-vida-mapa,ALB,1967,62.976
wpp2024-esperanza-de-vida-mapa,ALB,1968,63.7876
wpp2024-esperanza-de-vida-mapa,ALB,1969,64.5384
wpp2024-esperanza-de-vida-mapa,ALB,1970,65.2343
wpp2024-esperanza-de-vida-mapa,ALB,1971,65.8959
wpp2024-esperanza-de-vida-mapa,ALB,1972,66.5263
wpp2024-esperanza-de-vida-mapa,ALB,1973,67.1066
wpp2024-esperanza-de-vida-mapa,ALB,1974,67.6334
wpp2024-esperanza-de-vida-mapa,ALB,1975,68.1198
wpp2024-esperanza-de-vida-mapa,ALB,1976,68.5695
wpp2024-esperanza-de-vida-mapa,ALB,1977,68.9918
wpp2024-esperanza-de-vida-mapa,ALB,1978,69.3665
wpp2024-esperanza-de-vida-mapa,ALB,1979,69.6169
wpp2024-esperanza-de-vida-mapa,ALB,1980,69.903
wpp2024-esperanza-de-vida-mapa,ALB,1981,70.1446
wpp2024-esperanza-de-vida-mapa,ALB,1982,70.4249
wpp2024-esperanza-de-vida-mapa,ALB,1983,70.7051
wpp2024-esperanza-de-vida-mapa,ALB,1984,70.9838
wpp2024-esperanza-de-vida-mapa,ALB,1985,71.2816
wpp2024-esperanza-de-vida-mapa,ALB,1986,71.6651
wpp2024-esperanza-de-vida-mapa,ALB,1987,71.9814
wpp2024-esperanza-de-vida-mapa,ALB,1988,72.2167
wpp2024-esperanza-de-vida-mapa,ALB,1989,72.4573
wpp2024-esperanza-de-vida-mapa,ALB,1990,72.7096
wpp2024-esperanza-de-vida-mapa,ALB,1991,73.0011
wpp2024-esperanza-de-vida-mapa,ALB,1992,73.303
wpp2024-esperanza-de-vida-mapa,ALB,1993,73.6377
wpp2024-esperanza-de-vida-mapa,ALB,1994,73.8367
wpp2024-esperanza-de-vida-mapa,ALB,1995,74.0218
wpp2024-esperanza-de-vida-mapa,ALB,1996,74.1134
wpp2024-esperanza-de-vida-mapa,ALB,1997,73.3832
wpp2024-esperanza-de-vida-mapa,ALB,1998,74.3572
wpp2024-esperanza-de-vida-mapa,ALB,1999,74.5684
wpp2024-esperanza-de-vida-mapa,ALB,2000,74.8262
wpp2024-esperanza-de-vida-mapa,ALB,2001,75.083
wpp2024-esperanza-de-vida-mapa,ALB,2002,75.2987
wpp2024-esperanza-de-vida-mapa,ALB,2003,75.5566
wpp2024-esperanza-de-vida-mapa,ALB,2004,75.9515
wpp2024-esperanza-de-vida-mapa,ALB,2005,76.4266
wpp2024-esperanza-de-vida-mapa,ALB,2006,76.9943
wpp2024-esperanza-de-vida-mapa,ALB,2007,77.6907
wpp2024-esperanza-de-vida-mapa,ALB,2008,78.2484
wpp2024-esperanza-de-vida-mapa,ALB,2009,78.5088
wpp2024-esperanza-de-vida-mapa,ALB,2010,78.4141
wpp2024-esperanza-de-vida-mapa,ALB,2011,78.3029
wpp2024-esperanza-de-vida-mapa,ALB,2012,78.0836
wpp2024-esperanza-de-vida-mapa,ALB,2013,77.9951
wpp2024-esperanza-de-vida-mapa,ALB,2014,78.0291
wpp2024-esperanza-de-vida-mapa,ALB,2015,78.358
wpp2024-esperanza-de-vida-mapa,ALB,2016,78.6433
wpp2024-esperanza-de-vida-mapa,ALB,2017,78.9003
wpp2024-esperanza-de-vida-mapa,ALB,2018,79.2377
wpp2024-esperanza-de-vida-mapa,ALB,2019,79.4669
wpp2024-esperanza-de-vida-mapa,ALB,2020,77.8241
wpp2024-esperanza-de-vida-mapa,ALB,2021,76.8442
wpp2024-esperanza-de-vida-mapa,ALB,2022,78.7688
wpp2024-esperanza-de-vida-mapa,ALB,2023,79.6019
wpp2024-esperanza-de-vida-mapa,AND,1950,67.1591
wpp2024-esperanza-de-vida-mapa,AND,1951,67.5312
wpp2024-esperanza-de-vida-mapa,AND,1952,67.9474
wpp2024-esperanza-de-vida-mapa,AND,1953,68.607
wpp2024-esperanza-de-vida-mapa,AND,1954,69.2632
wpp2024-esperanza-de-vida-mapa,AND,1955,69.7772
wpp2024-esperanza-de-vida-mapa,AND,1956,70.2326
wpp2024-esperanza-de-vida-mapa,AND,1957,70.6423
wpp2024-esperanza-de-vida-mapa,AND,1958,71.1759
wpp2024-esperanza-de-vida-mapa,AND,1959,71.6151
wpp2024-esperanza-de-vida-mapa,AND,1960,72.0941
wpp2024-esperanza-de-vida-mapa,AND,1961,72.5725
wpp2024-esperanza-de-vida-mapa,AND,1962,72.9929
wpp2024-esperanza-de-vida-mapa,AND,1963,73.2981
wpp2024-esperanza-de-vida-mapa,AND,1964,73.6241
wpp2024-esperanza-de-vida-mapa,AND,1965,73.8557
wpp2024-esperanza-de-vida-mapa,AND,1966,74.0199
wpp2024-esperanza-de-vida-mapa,AND,1967,74.1189
wpp2024-esperanza-de-vida-mapa,AND,1968,74.2199
wpp2024-esperanza-de-vida-mapa,AND,1969,74.2962
wpp2024-esperanza-de-vida-mapa,AND,1970,74.452
wpp2024-esperanza-de-vida-mapa,AND,1971,74.6146
wpp2024-esperanza-de-vida-mapa,AND,1972,74.8635
wpp2024-esperanza-de-vida-mapa,AND,1973,75.0961
wpp2024-esperanza-de-vida-mapa,AND,1974,75.3398
wpp2024-esperanza-de-vida-mapa,AND,1975,75.5675
wpp2024-esperanza-de-vida-mapa,AND,1976,75.8689
wpp2024-esperanza-de-vida-mapa,AND,1977,76.1538
wpp2024-esperanza-de-vida-mapa,AND,1978,76.4879
wpp2024-esperanza-de-vida-mapa,AND,1979,76.8187
wpp2024-esperanza-de-vida-mapa,AND,1980,77.1371
wpp2024-esperanza-de-vida-mapa,AND,1981,77.3915
wpp2024-esperanza-de-vida-mapa,AND,1982,77.6174
wpp2024-esperanza-de-vida-mapa,AND,1983,77.7865
wpp2024-esperanza-de-vida-mapa,AND,1984,77.9159
wpp2024-esperanza-de-vida-mapa,AND,1985,78.006
wpp2024-esperanza-de-vida-mapa,AND,1986,78.1066
wpp2024-esperanza-de-vida-mapa,AND,1987,78.1885
wpp2024-esperanza-de-vida-mapa,AND,1988,78.3641
wpp2024-esperanza-de-vida-mapa,AND,1989,78.5571
wpp2024-esperanza-de-vida-mapa,AND,1990,78.9608
wpp2024-esperanza-de-vida-mapa,AND,1991,79.3458
wpp2024-esperanza-de-vida-mapa,AND,1992,79.7941
wpp2024-esperanza-de-vida-mapa,AND,1993,80.186
wpp2024-esperanza-de-vida-mapa,AND,1994,80.5868
wpp2024-esperanza-de-vida-mapa,AND,1995,80.8037
wpp2024-esperanza-de-vida-mapa,AND,1996,81.009
wpp2024-esperanza-de-vida-mapa,AND,1997,81.1446
wpp2024-esperanza-de-vida-mapa,AND,1998,81.2803
wpp2024-esperanza-de-vida-mapa,AND,1999,81.5505
wpp2024-esperanza-de-vida-mapa,AND,2000,81.8633
wpp2024-esperanza-de-vida-mapa,AND,2001,82.1618
wpp2024-esperanza-de-vida-mapa,AND,2002,82.4485
wpp2024-esperanza-de-vida-mapa,AND,2003,82.7183
wpp2024-esperanza-de-vida-mapa,AND,2004,82.8153
wpp2024-esperanza-de-vida-mapa,AND,2005,83.086
wpp2024-esperanza-de-vida-mapa,AND,2006,83.3745
wpp2024-esperanza-de-vida-mapa,AND,2007,83.6324
wpp2024-esperanza-de-vida-mapa,AND,2008,83.8546
wpp2024-esperanza-de-vida-mapa,AND,2009,84.0997
wpp2024-esperanza-de-vida-mapa,AND,2010,84.1974
wpp2024-esperanza-de-vida-mapa,AND,2011,84.2965
wpp2024-esperanza-de-vida-mapa,AND,2012,84.3339
wpp2024-esperanza-de-vida-mapa,AND,2013,84.4065
wpp2024-esperanza-de-vida-mapa,AND,2014,84.4853
wpp2024-esperanza-de-vida-mapa,AND,2015,84.5316
wpp2024-esperanza-de-vida-mapa,AND,2016,84.4885
wpp2024-esperanza-de-vida-mapa,AND,2017,84.3595
wpp2024-esperanza-de-vida-mapa,AND,2018,84.2416
wpp2024-esperanza-de-vida-mapa,AND,2019,84.098
wpp2024-esperanza-de-vida-mapa,AND,2020,79.4177
wpp2024-esperanza-de-vida-mapa,AND,2021,82.3311
wpp2024-esperanza-de-vida-mapa,AND,2022,84.0164
wpp2024-esperanza-de-vida-mapa,AND,2023,84.0406
wpp2024-esperanza-de-vida-mapa,BIH,1950,47.3318
wpp2024-esperanza-de-vida-mapa,BIH,1951,48.3693
wpp2024-esperanza-de-vida-mapa,BIH,1952,49.4351
wpp2024-esperanza-de-vida-mapa,BIH,1953,51.0856
wpp2024-esperanza-de-vida-mapa,BIH,1954,51.909
wpp2024-esperanza-de-vida-mapa,BIH,1955,53.0394
wpp2024-esperanza-de-vida-mapa,BIH,1956,53.9236
wpp2024-esperanza-de-vida-mapa,BIH,1957,55.0889
wpp2024-esperanza-de-vida-mapa,BIH,1958,56.1637
wpp2024-esperanza-de-vida-mapa,BIH,1959,57.605
wpp2024-esperanza-de-vida-mapa,BIH,1960,58.5297
wpp2024-esperanza-de-vida-mapa,BIH,1961,59.2846
wpp2024-esperanza-de-vida-mapa,BIH,1962,60.1223
wpp2024-esperanza-de-vida-mapa,BIH,1963,60.5107
wpp2024-esperanza-de-vida-mapa,BIH,1964,61.5115
wpp2024-esperanza-de-vida-mapa,BIH,1965,62.213
wpp2024-esperanza-de-vida-mapa,BIH,1966,63.1293
wpp2024-esperanza-de-vida-mapa,BIH,1967,63.7341
wpp2024-esperanza-de-vida-mapa,BIH,1968,64.0061
wpp2024-esperanza-de-vida-mapa,BIH,1969,64.4478
wpp2024-esperanza-de-vida-mapa,BIH,1970,64.8442
wpp2024-esperanza-de-vida-mapa,BIH,1971,65.1806
wpp2024-esperanza-de-vida-mapa,BIH,1972,65.6816
wpp2024-esperanza-de-vida-mapa,BIH,1973,66.5858
wpp2024-esperanza-de-vida-mapa,BIH,1974,67.6346
wpp2024-esperanza-de-vida-mapa,BIH,1975,68.3287
wpp2024-esperanza-de-vida-mapa,BIH,1976,68.574
wpp2024-esperanza-de-vida-mapa,BIH,1977,68.7792
wpp2024-esperanza-de-vida-mapa,BIH,1978,68.8438
wpp2024-esperanza-de-vida-mapa,BIH,1979,69.0833
wpp2024-esperanza-de-vida-mapa,BIH,1980,69.6033
wpp2024-esperanza-de-vida-mapa,BIH,1981,70.0554
wpp2024-esperanza-de-vida-mapa,BIH,1982,70.0763
wpp2024-esperanza-de-vida-mapa,BIH,1983,70.0971
wpp2024-esperanza-de-vida-mapa,BIH,1984,70.2287
wpp2024-esperanza-de-vida-mapa,BIH,1985,70.5815
wpp2024-esperanza-de-vida-mapa,BIH,1986,70.7506
wpp2024-esperanza-de-vida-mapa,BIH,1987,70.8756
wpp2024-esperanza-de-vida-mapa,BIH,1988,70.9702
wpp2024-esperanza-de-vida-mapa,BIH,1989,71.4447
wpp2024-esperanza-de-vida-mapa,BIH,1990,71.5093
wpp2024-esperanza-de-vida-mapa,BIH,1991,71.8134
wpp2024-esperanza-de-vida-mapa,BIH,1992,51.9671
wpp2024-esperanza-de-vida-mapa,BIH,1993,50.8941
wpp2024-esperanza-de-vida-mapa,BIH,1994,66.6025
wpp2024-esperanza-de-vida-mapa,BIH,1995,70.1882
wpp2024-esperanza-de-vida-mapa,BIH,1996,73.4537
wpp2024-esperanza-de-vida-mapa,BIH,1997,73.8955
wpp2024-esperanza-de-vida-mapa,BIH,1998,74.4725
wpp2024-esperanza-de-vida-mapa,BIH,1999,74.9464
wpp2024-esperanza-de-vida-mapa,BIH,2000,75.292
wpp2024-esperanza-de-vida-mapa,BIH,2001,75.5725
wpp2024-esperanza-de-vida-mapa,BIH,2002,75.9938
wpp2024-esperanza-de-vida-mapa,BIH,2003,76.4487
wpp2024-esperanza-de-vida-mapa,BIH,2004,76.4891
wpp2024-esperanza-de-vida-mapa,BIH,2005,76.4243
wpp2024-esperanza-de-vida-mapa,BIH,2006,76.0275
wpp2024-esperanza-de-vida-mapa,BIH,2007,76.1618
wpp2024-esperanza-de-vida-mapa,BIH,2008,76.3005
wpp2024-esperanza-de-vida-mapa,BIH,2009,76.7013
wpp2024-esperanza-de-vida-mapa,BIH,2010,76.827
wpp2024-esperanza-de-vida-mapa,BIH,2011,76.9632
wpp2024-esperanza-de-vida-mapa,BIH,2012,77.0365
wpp2024-esperanza-de-vida-mapa,BIH,2013,77.1292
wpp2024-esperanza-de-vida-mapa,BIH,2014,77.089
wpp2024-esperanza-de-vida-mapa,BIH,2015,77.0733
wpp2024-esperanza-de-vida-mapa,BIH,2016,77.1241
wpp2024-esperanza-de-vida-mapa,BIH,2017,77.3855
wpp2024-esperanza-de-vida-mapa,BIH,2018,77.9425
wpp2024-esperanza-de-vida-mapa,BIH,2019,77.3939
wpp2024-esperanza-de-vida-mapa,BIH,2020,76.0395
wpp2024-esperanza-de-vida-mapa,BIH,2021,74.5673
wpp2024-esperanza-de-vida-mapa,BIH,2022,76.7772
wpp2024-esperanza-de-vida-mapa,BIH,2023,77.8504
wpp2024-esperanza-de-vida-mapa,HRV,1950,58.4528
wpp2024-esperanza-de-vida-mapa,HRV,1951,59.0304
wpp2024-esperanza-de-vida-mapa,HRV,1952,59.8436
wpp2024-esperanza-de-vida-mapa,HRV,1953,61.4886
wpp2024-esperanza-de-vida-mapa,HRV,1954,62.231
wpp2024-esperanza-de-vida-mapa,HRV,1955,63.101
wpp2024-esperanza-de-vida-mapa,HRV,1956,63.5591
wpp2024-esperanza-de-vida-mapa,HRV,1957,64.4122
wpp2024-esperanza-de-vida-mapa,HRV,1958,65.0314
wpp2024-esperanza-de-vida-mapa,HRV,1959,65.5485
wpp2024-esperanza-de-vida-mapa,HRV,1960,65.9462
wpp2024-esperanza-de-vida-mapa,HRV,1961,66.549
wpp2024-esperanza-de-vida-mapa,HRV,1962,67.2665
wpp2024-esperanza-de-vida-mapa,HRV,1963,67.6194
wpp2024-esperanza-de-vida-mapa,HRV,1964,68.044
wpp2024-esperanza-de-vida-mapa,HRV,1965,68.4751
wpp2024-esperanza-de-vida-mapa,HRV,1966,68.9137
wpp2024-esperanza-de-vida-mapa,HRV,1967,69.0432
wpp2024-esperanza-de-vida-mapa,HRV,1968,68.8924
wpp2024-esperanza-de-vida-mapa,HRV,1969,68.9562
wpp2024-esperanza-de-vida-mapa,HRV,1970,69.1747
wpp2024-esperanza-de-vida-mapa,HRV,1971,69.446
wpp2024-esperanza-de-vida-mapa,HRV,1972,69.7534
wpp2024-esperanza-de-vida-mapa,HRV,1973,70.106
wpp2024-esperanza-de-vida-mapa,HRV,1974,70.6122
wpp2024-esperanza-de-vida-mapa,HRV,1975,71.0405
wpp2024-esperanza-de-vida-mapa,HRV,1976,71.3659
wpp2024-esperanza-de-vida-mapa,HRV,1977,71.3716
wpp2024-esperanza-de-vida-mapa,HRV,1978,71.265
wpp2024-esperanza-de-vida-mapa,HRV,1979,71.0947
wpp2024-esperanza-de-vida-mapa,HRV,1980,70.969
wpp2024-esperanza-de-vida-mapa,HRV,1981,70.8764
wpp2024-esperanza-de-vida-mapa,HRV,1982,70.6625
wpp2024-esperanza-de-vida-mapa,HRV,1983,70.7456
wpp2024-esperanza-de-vida-mapa,HRV,1984,70.9782
wpp2024-esperanza-de-vida-mapa,HRV,1985,71.5285
wpp2024-esperanza-de-vida-mapa,HRV,1986,71.7882
wpp2024-esperanza-de-vida-mapa,HRV,1987,71.9377
wpp2024-esperanza-de-vida-mapa,HRV,1988,72.1502
wpp2024-esperanza-de-vida-mapa,HRV,1989,72.4968
wpp2024-esperanza-de-vida-mapa,HRV,1990,72.2429
wpp2024-esperanza-de-vida-mapa,HRV,1991,70.5745
wpp2024-esperanza-de-vida-mapa,HRV,1992,71.7206
wpp2024-esperanza-de-vida-mapa,HRV,1993,72.3053
wpp2024-esperanza-de-vida-mapa,HRV,1994,72.6142
wpp2024-esperanza-de-vida-mapa,HRV,1995,72.5612
wpp2024-esperanza-de-vida-mapa,HRV,1996,72.9752
wpp2024-esperanza-de-vida-mapa,HRV,1997,72.9898
wpp2024-esperanza-de-vida-mapa,HRV,1998,73.1929
wpp2024-esperanza-de-vida-mapa,HRV,1999,73.6092
wpp2024-esperanza-de-vida-mapa,HRV,2000,74.0014
wpp2024-esperanza-de-vida-mapa,HRV,2001,74.3547
wpp2024-esperanza-de-vida-mapa,HRV,2002,74.6461
wpp2024-esperanza-de-vida-mapa,HRV,2003,74.7093
wpp2024-esperanza-de-vida-mapa,HRV,2004,75.2665
wpp2024-esperanza-de-vida-mapa,HRV,2005,75.5705
wpp2024-esperanza-de-vida-mapa,HRV,2006,75.6767
wpp2024-esperanza-de-vida-mapa,HRV,2007,75.886
wpp2024-esperanza-de-vida-mapa,HRV,2008,76.0009
wpp2024-esperanza-de-vida-mapa,HRV,2009,76.3127
wpp2024-esperanza-de-vida-mapa,HRV,2010,76.6761
wpp2024-esperanza-de-vida-mapa,HRV,2011,76.9926
wpp2024-esperanza-de-vida-mapa,HRV,2012,77.2841
wpp2024-esperanza-de-vida-mapa,HRV,2013,77.51
wpp2024-esperanza-de-vida-mapa,HRV,2014,77.5144
wpp2024-esperanza-de-vida-mapa,HRV,2015,77.6329
wpp2024-esperanza-de-vida-mapa,HRV,2016,77.6294
wpp2024-esperanza-de-vida-mapa,HRV,2017,77.7264
wpp2024-esperanza-de-vida-mapa,HRV,2018,77.8654
wpp2024-esperanza-de-vida-mapa,HRV,2019,78.197
wpp2024-esperanza-de-vida-mapa,HRV,2020,77.4972
wpp2024-esperanza-de-vida-mapa,HRV,2021,77.1412
wpp2024-esperanza-de-vida-mapa,HRV,2022,78.2779
wpp2024-esperanza-de-vida-mapa,HRV,2023,78.5803
wpp2024-esperanza-de-vida-mapa,GIB,1950,65.104
wpp2024-esperanza-de-vida-mapa,GIB,1951,65.2862
wpp2024-esperanza-de-vida-mapa,GIB,1952,65.6365
wpp2024-esperanza-de-vida-mapa,GIB,1953,66.18
wpp2024-esperanza-de-vida-mapa,GIB,1954,66.8386
wpp2024-esperanza-de-vida-mapa,GIB,1955,67.6917
wpp2024-esperanza-de-vida-mapa,GIB,1956,68.5145
wpp2024-esperanza-de-vida-mapa,GIB,1957,69.1144
wpp2024-esperanza-de-vida-mapa,GIB,1958,69.7109
wpp2024-esperanza-de-vida-mapa,GIB,1959,70.1092
wpp2024-esperanza-de-vida-mapa,GIB,1960,70.2091
wpp2024-esperanza-de-vida-mapa,GIB,1961,70.1648
wpp2024-esperanza-de-vida-mapa,GIB,1962,70.1735
wpp2024-esperanza-de-vida-mapa,GIB,1963,70.2493
wpp2024-esperanza-de-vida-mapa,GIB,1964,70.4382
wpp2024-esperanza-de-vida-mapa,GIB,1965,70.755
wpp2024-esperanza-de-vida-mapa,GIB,1966,71.178
wpp2024-esperanza-de-vida-mapa,GIB,1967,71.5404
wpp2024-esperanza-de-vida-mapa,GIB,1968,71.7092
wpp2024-esperanza-de-vida-mapa,GIB,1969,71.8119
wpp2024-esperanza-de-vida-mapa,GIB,1970,71.8882
wpp2024-esperanza-de-vida-mapa,GIB,1971,72.1031
wpp2024-esperanza-de-vida-mapa,GIB,1972,72.356
wpp2024-esperanza-de-vida-mapa,GIB,1973,72.707
wpp2024-esperanza-de-vida-mapa,GIB,1974,73.0526
wpp2024-esperanza-de-vida-mapa,GIB,1975,73.3215
wpp2024-esperanza-de-vida-mapa,GIB,1976,73.4429
wpp2024-esperanza-de-vida-mapa,GIB,1977,73.479
wpp2024-esperanza-de-vida-mapa,GIB,1978,73.5124
wpp2024-esperanza-de-vida-mapa,GIB,1979,73.5853
wpp2024-esperanza-de-vida-mapa,GIB,1980,73.7548
wpp2024-esperanza-de-vida-mapa,GIB,1981,73.9989
wpp2024-esperanza-de-vida-mapa,GIB,1982,74.325
wpp2024-esperanza-de-vida-mapa,GIB,1983,74.613
wpp2024-esperanza-de-vida-mapa,GIB,1984,74.9349
wpp2024-esperanza-de-vida-mapa,GIB,1985,75.2316
wpp2024-esperanza-de-vida-mapa,GIB,1986,75.5571
wpp2024-esperanza-de-vida-mapa,GIB,1987,75.8713
wpp2024-esperanza-de-vida-mapa,GIB,1988,76.1795
wpp2024-esperanza-de-vida-mapa,GIB,1989,76.4744
wpp2024-esperanza-de-vida-mapa,GIB,1990,76.8143
wpp2024-esperanza-de-vida-mapa,GIB,1991,77.1177
wpp2024-esperanza-de-vida-mapa,GIB,1992,77.412
wpp2024-esperanza-de-vida-mapa,GIB,1993,77.7223
wpp2024-esperanza-de-vida-mapa,GIB,1994,78.0515
wpp2024-esperanza-de-vida-mapa,GIB,1995,78.345
wpp2024-esperanza-de-vida-mapa,GIB,1996,78.6957
wpp2024-esperanza-de-vida-mapa,GIB,1997,79.0973
wpp2024-esperanza-de-vida-mapa,GIB,1998,79.4765
wpp2024-esperanza-de-vida-mapa,GIB,1999,79.8124
wpp2024-esperanza-de-vida-mapa,GIB,2000,80.1446
wpp2024-esperanza-de-vida-mapa,GIB,2001,80.4187
wpp2024-esperanza-de-vida-mapa,GIB,2002,80.5898
wpp2024-esperanza-de-vida-mapa,GIB,2003,80.7126
wpp2024-esperanza-de-vida-mapa,GIB,2004,80.8559
wpp2024-esperanza-de-vida-mapa,GIB,2005,80.9906
wpp2024-esperanza-de-vida-mapa,GIB,2006,81.1033
wpp2024-esperanza-de-vida-mapa,GIB,2007,81.2695
wpp2024-esperanza-de-vida-mapa,GIB,2008,81.5414
wpp2024-esperanza-de-vida-mapa,GIB,2009,81.8073
wpp2024-esperanza-de-vida-mapa,GIB,2010,82.0797
wpp2024-esperanza-de-vida-mapa,GIB,2011,82.3334
wpp2024-esperanza-de-vida-mapa,GIB,2012,82.5267
wpp2024-esperanza-de-vida-mapa,GIB,2013,82.5861
wpp2024-esperanza-de-vida-mapa,GIB,2014,82.6444
wpp2024-esperanza-de-vida-mapa,GIB,2015,82.6682
wpp2024-esperanza-de-vida-mapa,GIB,2016,82.741
wpp2024-esperanza-de-vida-mapa,GIB,2017,82.8576
wpp2024-esperanza-de-vida-mapa,GIB,2018,83.0279
wpp2024-esperanza-de-vida-mapa,GIB,2019,83.1834
wpp2024-esperanza-de-vida-mapa,GIB,2020,83.0698
wpp2024-esperanza-de-vida-mapa,GIB,2021,80.2743
wpp2024-esperanza-de-vida-mapa,GIB,2022,83.5167
wpp2024-esperanza-de-vida-mapa,GIB,2023,83.553
wpp2024-esperanza-de-vida-mapa,GRC,1950,66.213
wpp2024-esperanza-de-vida-mapa,GRC,1951,66.7349
wpp2024-esperanza-de-vida-mapa,GRC,1952,67.3232
wpp2024-esperanza-de-vida-mapa,GRC,1953,67.4679
wpp2024-esperanza-de-vida-mapa,GRC,1954,68.0463
wpp2024-esperanza-de-vida-mapa,GRC,1955,68.5927
wpp2024-esperanza-de-vida-mapa,GRC,1956,68.1218
wpp2024-esperanza-de-vida-mapa,GRC,1957,68.3968
wpp2024-esperanza-de-vida-mapa,GRC,1958,69.7066
wpp2024-esperanza-de-vida-mapa,GRC,1959,69.5782
wpp2024-esperanza-de-vida-mapa,GRC,1960,70.5236
wpp2024-esperanza-de-vida-mapa,GRC,1961,70.3855
wpp2024-esperanza-de-vida-mapa,GRC,1962,70.3143
wpp2024-esperanza-de-vida-mapa,GRC,1963,70.6473
wpp2024-esperanza-de-vida-mapa,GRC,1964,70.5313
wpp2024-esperanza-de-vida-mapa,GRC,1965,71.4608
wpp2024-esperanza-de-vida-mapa,GRC,1966,71.8588
wpp2024-esperanza-de-vida-mapa,GRC,1967,71.3891
wpp2024-esperanza-de-vida-mapa,GRC,1968,71.4658
wpp2024-esperanza-de-vida-mapa,GRC,1969,72.0603
wpp2024-esperanza-de-vida-mapa,GRC,1970,72.7479
wpp2024-esperanza-de-vida-mapa,GRC,1971,72.939
wpp2024-esperanza-de-vida-mapa,GRC,1972,72.7238
wpp2024-esperanza-de-vida-mapa,GRC,1973,72.9757
wpp2024-esperanza-de-vida-mapa,GRC,1974,73.4724
wpp2024-esperanza-de-vida-mapa,GRC,1975,73.4734
wpp2024-esperanza-de-vida-mapa,GRC,1976,73.7477
wpp2024-esperanza-de-vida-mapa,GRC,1977,73.7515
wpp2024-esperanza-de-vida-mapa,GRC,1978,74.4411
wpp2024-esperanza-de-vida-mapa,GRC,1979,74.6714
wpp2024-esperanza-de-vida-mapa,GRC,1980,74.4811
wpp2024-esperanza-de-vida-mapa,GRC,1981,74.9087
wpp2024-esperanza-de-vida-mapa,GRC,1982,75.2082
wpp2024-esperanza-de-vida-mapa,GRC,1983,75.4972
wpp2024-esperanza-de-vida-mapa,GRC,1984,75.7849
wpp2024-esperanza-de-vida-mapa,GRC,1985,76.14
wpp2024-esperanza-de-vida-mapa,GRC,1986,76.5361
wpp2024-esperanza-de-vida-mapa,GRC,1987,76.1047
wpp2024-esperanza-de-vida-mapa,GRC,1988,77.0015
wpp2024-esperanza-de-vida-mapa,GRC,1989,77.1329
wpp2024-esperanza-de-vida-mapa,GRC,1990,77.2986
wpp2024-esperanza-de-vida-mapa,GRC,1991,77.386
wpp2024-esperanza-de-vida-mapa,GRC,1992,77.3061
wpp2024-esperanza-de-vida-mapa,GRC,1993,77.691
wpp2024-esperanza-de-vida-mapa,GRC,1994,77.8579
wpp2024-esperanza-de-vida-mapa,GRC,1995,77.893
wpp2024-esperanza-de-vida-mapa,GRC,1996,78.0364
wpp2024-esperanza-de-vida-mapa,GRC,1997,78.3991
wpp2024-esperanza-de-vida-mapa,GRC,1998,78.3027
wpp2024-esperanza-de-vida-mapa,GRC,1999,78.4233
wpp2024-esperanza-de-vida-mapa,GRC,2000,78.442
wpp2024-esperanza-de-vida-mapa,GRC,2001,78.9087
wpp2024-esperanza-de-vida-mapa,GRC,2002,79.0305
wpp2024-esperanza-de-vida-mapa,GRC,2003,79.0848
wpp2024-esperanza-de-vida-mapa,GRC,2004,79.3503
wpp2024-esperanza-de-vida-mapa,GRC,2005,79.6505
wpp2024-esperanza-de-vida-mapa,GRC,2006,79.7605
wpp2024-esperanza-de-vida-mapa,GRC,2007,79.6615
wpp2024-esperanza-de-vida-mapa,GRC,2008,80.1047
wpp2024-esperanza-de-vida-mapa,GRC,2009,80.3677
wpp2024-esperanza-de-vida-mapa,GRC,2010,80.5727
wpp2024-esperanza-de-vida-mapa,GRC,2011,80.6248
wpp2024-esperanza-de-vida-mapa,GRC,2012,80.4221
wpp2024-esperanza-de-vida-mapa,GRC,2013,81.067
wpp2024-esperanza-de-vida-mapa,GRC,2014,81.1203
wpp2024-esperanza-de-vida-mapa,GRC,2015,80.7894
wpp2024-esperanza-de-vida-mapa,GRC,2016,81.2692
wpp2024-esperanza-de-vida-mapa,GRC,2017,80.9614
wpp2024-esperanza-de-vida-mapa,GRC,2018,81.4954
wpp2024-esperanza-de-vida-mapa,GRC,2019,81.3487
wpp2024-esperanza-de-vida-mapa,GRC,2020,81.5361
wpp2024-esperanza-de-vida-mapa,GRC,2021,80.5312
wpp2024-esperanza-de-vida-mapa,GRC,2022,79.9441
wpp2024-esperanza-de-vida-mapa,GRC,2023,81.8568
wpp2024-esperanza-de-vida-mapa,VAT,1950,65.8539
wpp2024-esperanza-de-vida-mapa,VAT,1951,65.2538
wpp2024-esperanza-de-vida-mapa,VAT,1952,65.7055
wpp2024-esperanza-de-vida-mapa,VAT,1953,66.2586
wpp2024-esperanza-de-vida-mapa,VAT,1954,67.4853
wpp2024-esperanza-de-vida-mapa,VAT,1955,67.8099
wpp2024-esperanza-de-vida-mapa,VAT,1956,67.3064
wpp2024-esperanza-de-vida-mapa,VAT,1957,67.5429
wpp2024-esperanza-de-vida-mapa,VAT,1958,68.73
wpp2024-esperanza-de-vida-mapa,VAT,1959,69.2409
wpp2024-esperanza-de-vida-mapa,VAT,1960,69.1891
wpp2024-esperanza-de-vida-mapa,VAT,1961,69.8022
wpp2024-esperanza-de-vida-mapa,VAT,1962,69.2227
wpp2024-esperanza-de-vida-mapa,VAT,1963,69.3031
wpp2024-esperanza-de-vida-mapa,VAT,1964,70.2688
wpp2024-esperanza-de-vida-mapa,VAT,1965,70.135
wpp2024-esperanza-de-vida-mapa,VAT,1966,70.8835
wpp2024-esperanza-de-vida-mapa,VAT,1967,70.895
wpp2024-esperanza-de-vida-mapa,VAT,1968,70.7025
wpp2024-esperanza-de-vida-mapa,VAT,1969,70.6645
wpp2024-esperanza-de-vida-mapa,VAT,1970,71.4792
wpp2024-esperanza-de-vida-mapa,VAT,1971,71.7431
wpp2024-esperanza-de-vida-mapa,VAT,1972,71.9717
wpp2024-esperanza-de-vida-mapa,VAT,1973,71.9431
wpp2024-esperanza-de-vida-mapa,VAT,1974,72.6509
wpp2024-esperanza-de-vida-mapa,VAT,1975,72.5904
wpp2024-esperanza-de-vida-mapa,VAT,1976,72.9288
wpp2024-esperanza-de-vida-mapa,VAT,1977,73.2952
wpp2024-esperanza-de-vida-mapa,VAT,1978,73.7387
wpp2024-esperanza-de-vida-mapa,VAT,1979,73.9911
wpp2024-esperanza-de-vida-mapa,VAT,1980,74.1287
wpp2024-esperanza-de-vida-mapa,VAT,1981,74.3178
wpp2024-esperanza-de-vida-mapa,VAT,1982,74.7821
wpp2024-esperanza-de-vida-mapa,VAT,1983,74.6546
wpp2024-esperanza-de-vida-mapa,VAT,1984,75.0625
wpp2024-esperanza-de-vida-mapa,VAT,1985,75.4564
wpp2024-esperanza-de-vida-mapa,VAT,1986,75.749
wpp2024-esperanza-de-vida-mapa,VAT,1987,76.1969
wpp2024-esperanza-de-vida-mapa,VAT,1988,76.3708
wpp2024-esperanza-de-vida-mapa,VAT,1989,76.7935
wpp2024-esperanza-de-vida-mapa,VAT,1990,76.9016
wpp2024-esperanza-de-vida-mapa,VAT,1991,76.9221
wpp2024-esperanza-de-vida-mapa,VAT,1992,77.316
wpp2024-esperanza-de-vida-mapa,VAT,1993,77.0195
wpp2024-esperanza-de-vida-mapa,VAT,1994,77.6575
wpp2024-esperanza-de-vida-mapa,VAT,1995,77.8022
wpp2024-esperanza-de-vida-mapa,VAT,1996,78.5087
wpp2024-esperanza-de-vida-mapa,VAT,1997,78.1935
wpp2024-esperanza-de-vida-mapa,VAT,1998,78.34
wpp2024-esperanza-de-vida-mapa,VAT,1999,78.668
wpp2024-esperanza-de-vida-mapa,VAT,2000,79.3373
wpp2024-esperanza-de-vida-mapa,VAT,2001,79.8502
wpp2024-esperanza-de-vida-mapa,VAT,2002,79.9531
wpp2024-esperanza-de-vida-mapa,VAT,2003,79.8455
wpp2024-esperanza-de-vida-mapa,VAT,2004,80.1907
wpp2024-esperanza-de-vida-mapa,VAT,2005,80.6475
wpp2024-esperanza-de-vida-mapa,VAT,2006,81.2237
wpp2024-esperanza-de-vida-mapa,VAT,2007,81.2977
wpp2024-esperanza-de-vida-mapa,VAT,2008,81.3727
wpp2024-esperanza-de-vida-mapa,VAT,2009,81.3006
wpp2024-esperanza-de-vida-mapa,VAT,2010,81.5413
wpp2024-esperanza-de-vida-mapa,VAT,2011,81.7071
wpp2024-esperanza-de-vida-mapa,VAT,2012,81.9805
wpp2024-esperanza-de-vida-mapa,VAT,2013,82.4736
wpp2024-esperanza-de-vida-mapa,VAT,2014,82.6278
wpp2024-esperanza-de-vida-mapa,VAT,2015,82.4639
wpp2024-esperanza-de-vida-mapa,VAT,2016,82.8758
wpp2024-esperanza-de-vida-mapa,VAT,2017,82.7189
wpp2024-esperanza-de-vida-mapa,VAT,2018,83.3126
wpp2024-esperanza-de-vida-mapa,VAT,2019,83.6243
wpp2024-esperanza-de-vida-mapa,VAT,2020,82.986
wpp2024-esperanza-de-vida-mapa,VAT,2021,82.946
wpp2024-esperanza-de-vida-mapa,VAT,2022,83.3354
wpp2024-esperanza-de-vida-mapa,VAT,2023,82.9848
wpp2024-esperanza-de-vida-mapa,ITA,1950,65.7249
wpp2024-esperanza-de-vida-mapa,ITA,1951,65.322
wpp2024-esperanza-de-vida-mapa,ITA,1952,65.914
wpp2024-esperanza-de-vida-mapa,ITA,1953,66.5789
wpp2024-esperanza-de-vida-mapa,ITA,1954,67.8593
wpp2024-esperanza-de-vida-mapa,ITA,1955,68.2514
wpp2024-esperanza-de-vida-mapa,ITA,1956,67.6395
wpp2024-esperanza-de-vida-mapa,ITA,1957,67.7777
wpp2024-esperanza-de-vida-mapa,ITA,1958,68.8543
wpp2024-esperanza-de-vida-mapa,ITA,1959,69.3067
wpp2024-esperanza-de-vida-mapa,ITA,1960,69.2074
wpp2024-esperanza-de-vida-mapa,ITA,1961,69.8205
wpp2024-esperanza-de-vida-mapa,ITA,1962,69.2196
wpp2024-esperanza-de-vida-mapa,ITA,1963,69.3165
wpp2024-esperanza-de-vida-mapa,ITA,1964,70.3842
wpp2024-esperanza-de-vida-mapa,ITA,1965,70.2601
wpp2024-esperanza-de-vida-mapa,ITA,1966,70.9989
wpp2024-esperanza-de-vida-mapa,ITA,1967,71.0343
wpp2024-esperanza-de-vida-mapa,ITA,1968,70.8687
wpp2024-esperanza-de-vida-mapa,ITA,1969,70.8639
wpp2024-esperanza-de-vida-mapa,ITA,1970,71.6296
wpp2024-esperanza-de-vida-mapa,ITA,1971,71.8827
wpp2024-esperanza-de-vida-mapa,ITA,1972,72.1451
wpp2024-esperanza-de-vida-mapa,ITA,1973,72.1053
wpp2024-esperanza-de-vida-mapa,ITA,1974,72.8037
wpp2024-esperanza-de-vida-mapa,ITA,1975,72.7281
wpp2024-esperanza-de-vida-mapa,ITA,1976,73.0698
wpp2024-esperanza-de-vida-mapa,ITA,1977,73.4398
wpp2024-esperanza-de-vida-mapa,ITA,1978,73.7759
wpp2024-esperanza-de-vida-mapa,ITA,1979,74.106
wpp2024-esperanza-de-vida-mapa,ITA,1980,74.0518
wpp2024-esperanza-de-vida-mapa,ITA,1981,74.4385
wpp2024-esperanza-de-vida-mapa,ITA,1982,74.9126
wpp2024-esperanza-de-vida-mapa,ITA,1983,74.7351
wpp2024-esperanza-de-vida-mapa,ITA,1984,75.4991
wpp2024-esperanza-de-vida-mapa,ITA,1985,75.6068
wpp2024-esperanza-de-vida-mapa,ITA,1986,75.9188
wpp2024-esperanza-de-vida-mapa,ITA,1987,76.3436
wpp2024-esperanza-de-vida-mapa,ITA,1988,76.5324
wpp2024-esperanza-de-vida-mapa,ITA,1989,76.9269
wpp2024-esperanza-de-vida-mapa,ITA,1990,76.9936
wpp2024-esperanza-de-vida-mapa,ITA,1991,76.9898
wpp2024-esperanza-de-vida-mapa,ITA,1992,77.3647
wpp2024-esperanza-de-vida-mapa,ITA,1993,77.6529
wpp2024-esperanza-de-vida-mapa,ITA,1994,77.8725
wpp2024-esperanza-de-vida-mapa,ITA,1995,78.1253
wpp2024-esperanza-de-vida-mapa,ITA,1996,78.4381
wpp2024-esperanza-de-vida-mapa,ITA,1997,78.7346
wpp2024-esperanza-de-vida-mapa,ITA,1998,78.8068
wpp2024-esperanza-de-vida-mapa,ITA,1999,79.205
wpp2024-esperanza-de-vida-mapa,ITA,2000,79.607
wpp2024-esperanza-de-vida-mapa,ITA,2001,79.8849
wpp2024-esperanza-de-vida-mapa,ITA,2002,80.112
wpp2024-esperanza-de-vida-mapa,ITA,2003,80.191
wpp2024-esperanza-de-vida-mapa,ITA,2004,81.0175
wpp2024-esperanza-de-vida-mapa,ITA,2005,81.0201
wpp2024-esperanza-de-vida-mapa,ITA,2006,81.4137
wpp2024-esperanza-de-vida-mapa,ITA,2007,81.5002
wpp2024-esperanza-de-vida-mapa,ITA,2008,81.6454
wpp2024-esperanza-de-vida-mapa,ITA,2009,81.7619
wpp2024-esperanza-de-vida-mapa,ITA,2010,82.1319
wpp2024-esperanza-de-vida-mapa,ITA,2011,82.2282
wpp2024-esperanza-de-vida-mapa,ITA,2012,82.252
wpp2024-esperanza-de-vida-mapa,ITA,2013,82.6522
wpp2024-esperanza-de-vida-mapa,ITA,2014,82.9008
wpp2024-esperanza-de-vida-mapa,ITA,2015,82.5211
wpp2024-esperanza-de-vida-mapa,ITA,2016,83.0459
wpp2024-esperanza-de-vida-mapa,ITA,2017,82.7263
wpp2024-esperanza-de-vida-mapa,ITA,2018,83.1844
wpp2024-esperanza-de-vida-mapa,ITA,2019,83.3423
wpp2024-esperanza-de-vida-mapa,ITA,2020,82.1814
wpp2024-esperanza-de-vida-mapa,ITA,2021,82.8652
wpp2024-esperanza-de-vida-mapa,ITA,2022,82.052
wpp2024-esperanza-de-vida-mapa,ITA,2023,83.7157
wpp2024-esperanza-de-vida-mapa,XKX,1950,43.4968
wpp2024-esperanza-de-vida-mapa,XKX,1951,42.1512
wpp2024-esperanza-de-vida-mapa,XKX,1952,43.9478
wpp2024-esperanza-de-vida-mapa,XKX,1953,43.4744
wpp2024-esperanza-de-vida-mapa,XKX,1954,46.4965
wpp2024-esperanza-de-vida-mapa,XKX,1955,45.7896
wpp2024-esperanza-de-vida-mapa,XKX,1956,46.253
wpp2024-esperanza-de-vida-mapa,XKX,1957,46.3295
wpp2024-esperanza-de-vida-mapa,XKX,1958,48.3212
wpp2024-esperanza-de-vida-mapa,XKX,1959,48.1127
wpp2024-esperanza-de-vida-mapa,XKX,1960,48.7022
wpp2024-esperanza-de-vida-mapa,XKX,1961,49.883
wpp2024-esperanza-de-vida-mapa,XKX,1962,48.3782
wpp2024-esperanza-de-vida-mapa,XKX,1963,50.0979
wpp2024-esperanza-de-vida-mapa,XKX,1964,51.1188
wpp2024-esperanza-de-vida-mapa,XKX,1965,52.0028
wpp2024-esperanza-de-vida-mapa,XKX,1966,52.4723
wpp2024-esperanza-de-vida-mapa,XKX,1967,53.0511
wpp2024-esperanza-de-vida-mapa,XKX,1968,53.6065
wpp2024-esperanza-de-vida-mapa,XKX,1969,53.3918
wpp2024-esperanza-de-vida-mapa,XKX,1970,54.0023
wpp2024-esperanza-de-vida-mapa,XKX,1971,55.1283
wpp2024-esperanza-de-vida-mapa,XKX,1972,55.122
wpp2024-esperanza-de-vida-mapa,XKX,1973,55.9139
wpp2024-esperanza-de-vida-mapa,XKX,1974,56.3762
wpp2024-esperanza-de-vida-mapa,XKX,1975,57.3109
wpp2024-esperanza-de-vida-mapa,XKX,1976,57.5399
wpp2024-esperanza-de-vida-mapa,XKX,1977,58.4034
wpp2024-esperanza-de-vida-mapa,XKX,1978,58.828
wpp2024-esperanza-de-vida-mapa,XKX,1979,59.0949
wpp2024-esperanza-de-vida-mapa,XKX,1980,60.2971
wpp2024-esperanza-de-vida-mapa,XKX,1981,60.3717
wpp2024-esperanza-de-vida-mapa,XKX,1982,60.0744
wpp2024-esperanza-de-vida-mapa,XKX,1983,61.0022
wpp2024-esperanza-de-vida-mapa,XKX,1984,61.4592
wpp2024-esperanza-de-vida-mapa,XKX,1985,61.2163
wpp2024-esperanza-de-vida-mapa,XKX,1986,62.5373
wpp2024-esperanza-de-vida-mapa,XKX,1987,63.5679
wpp2024-esperanza-de-vida-mapa,XKX,1988,64.2142
wpp2024-esperanza-de-vida-mapa,XKX,1989,65.2342
wpp2024-esperanza-de-vida-mapa,XKX,1990,66.5083
wpp2024-esperanza-de-vida-mapa,XKX,1991,66.4562
wpp2024-esperanza-de-vida-mapa,XKX,1992,67.3807
wpp2024-esperanza-de-vida-mapa,XKX,1993,67.9451
wpp2024-esperanza-de-vida-mapa,XKX,1994,68.5949
wpp2024-esperanza-de-vida-mapa,XKX,1995,68.7816
wpp2024-esperanza-de-vida-mapa,XKX,1996,69.3586
wpp2024-esperanza-de-vida-mapa,XKX,1997,69.8621
wpp2024-esperanza-de-vida-mapa,XKX,1998,68.5798
wpp2024-esperanza-de-vida-mapa,XKX,1999,58.2652
wpp2024-esperanza-de-vida-mapa,XKX,2000,71.3212
wpp2024-esperanza-de-vida-mapa,XKX,2001,71.7825
wpp2024-esperanza-de-vida-mapa,XKX,2002,72.2266
wpp2024-esperanza-de-vida-mapa,XKX,2003,72.6781
wpp2024-esperanza-de-vida-mapa,XKX,2004,73.1321
wpp2024-esperanza-de-vida-mapa,XKX,2005,73.4374
wpp2024-esperanza-de-vida-mapa,XKX,2006,73.63
wpp2024-esperanza-de-vida-mapa,XKX,2007,74.4216
wpp2024-esperanza-de-vida-mapa,XKX,2008,74.7112
wpp2024-esperanza-de-vida-mapa,XKX,2009,74.79
wpp2024-esperanza-de-vida-mapa,XKX,2010,74.6086
wpp2024-esperanza-de-vida-mapa,XKX,2011,75.3234
wpp2024-esperanza-de-vida-mapa,XKX,2012,75.7504
wpp2024-esperanza-de-vida-mapa,XKX,2013,76.3358
wpp2024-esperanza-de-vida-mapa,XKX,2014,76.1788
wpp2024-esperanza-de-vida-mapa,XKX,2015,76.0241
wpp2024-esperanza-de-vida-mapa,XKX,2016,76.7482
wpp2024-esperanza-de-vida-mapa,XKX,2017,77.1052
wpp2024-esperanza-de-vida-mapa,XKX,2018,77.1165
wpp2024-esperanza-de-vida-mapa,XKX,2019,77.2489
wpp2024-esperanza-de-vida-mapa,XKX,2020,74.2118
wpp2024-esperanza-de-vida-mapa,XKX,2021,74.9812
wpp2024-esperanza-de-vida-mapa,XKX,2022,77.6233
wpp2024-esperanza-de-vida-mapa,XKX,2023,78.0326
wpp2024-esperanza-de-vida-mapa,MLT,1950,63.4738
wpp2024-esperanza-de-vida-mapa,MLT,1951,63.9128
wpp2024-esperanza-de-vida-mapa,MLT,1952,64.0584
wpp2024-esperanza-de-vida-mapa,MLT,1953,64.2976
wpp2024-esperanza-de-vida-mapa,MLT,1954,65.0581
wpp2024-esperanza-de-vida-mapa,MLT,1955,66.2871
wpp2024-esperanza-de-vida-mapa,MLT,1956,66.7607
wpp2024-esperanza-de-vida-mapa,MLT,1957,67.4676
wpp2024-esperanza-de-vida-mapa,MLT,1958,67.8339
wpp2024-esperanza-de-vida-mapa,MLT,1959,68.3727
wpp2024-esperanza-de-vida-mapa,MLT,1960,68.4415
wpp2024-esperanza-de-vida-mapa,MLT,1961,68.4193
wpp2024-esperanza-de-vida-mapa,MLT,1962,69.1717
wpp2024-esperanza-de-vida-mapa,MLT,1963,69.249
wpp2024-esperanza-de-vida-mapa,MLT,1964,69.3405
wpp2024-esperanza-de-vida-mapa,MLT,1965,69.4531
wpp2024-esperanza-de-vida-mapa,MLT,1966,69.7385
wpp2024-esperanza-de-vida-mapa,MLT,1967,69.7908
wpp2024-esperanza-de-vida-mapa,MLT,1968,69.905
wpp2024-esperanza-de-vida-mapa,MLT,1969,70.0616
wpp2024-esperanza-de-vida-mapa,MLT,1970,70.3711
wpp2024-esperanza-de-vida-mapa,MLT,1971,70.1435
wpp2024-esperanza-de-vida-mapa,MLT,1972,70.6803
wpp2024-esperanza-de-vida-mapa,MLT,1973,71.3222
wpp2024-esperanza-de-vida-mapa,MLT,1974,71.9465
wpp2024-esperanza-de-vida-mapa,MLT,1975,72.0669
wpp2024-esperanza-de-vida-mapa,MLT,1976,72.2084
wpp2024-esperanza-de-vida-mapa,MLT,1977,72.3291
wpp2024-esperanza-de-vida-mapa,MLT,1978,72.3377
wpp2024-esperanza-de-vida-mapa,MLT,1979,72.4952
wpp2024-esperanza-de-vida-mapa,MLT,1980,72.3212
wpp2024-esperanza-de-vida-mapa,MLT,1981,72.3673
wpp2024-esperanza-de-vida-mapa,MLT,1982,72.8299
wpp2024-esperanza-de-vida-mapa,MLT,1983,73.1006
wpp2024-esperanza-de-vida-mapa,MLT,1984,73.3093
wpp2024-esperanza-de-vida-mapa,MLT,1985,73.85
wpp2024-esperanza-de-vida-mapa,MLT,1986,74.4818
wpp2024-esperanza-de-vida-mapa,MLT,1987,75.3019
wpp2024-esperanza-de-vida-mapa,MLT,1988,75.8669
wpp2024-esperanza-de-vida-mapa,MLT,1989,76.168
wpp2024-esperanza-de-vida-mapa,MLT,1990,76.1597
wpp2024-esperanza-de-vida-mapa,MLT,1991,76.4884
wpp2024-esperanza-de-vida-mapa,MLT,1992,76.68
wpp2024-esperanza-de-vida-mapa,MLT,1993,76.8337
wpp2024-esperanza-de-vida-mapa,MLT,1994,76.9457
wpp2024-esperanza-de-vida-mapa,MLT,1995,76.9817
wpp2024-esperanza-de-vida-mapa,MLT,1996,76.3211
wpp2024-esperanza-de-vida-mapa,MLT,1997,77.3158
wpp2024-esperanza-de-vida-mapa,MLT,1998,77.7987
wpp2024-esperanza-de-vida-mapa,MLT,1999,77.7525
wpp2024-esperanza-de-vida-mapa,MLT,2000,77.9031
wpp2024-esperanza-de-vida-mapa,MLT,2001,78.9023
wpp2024-esperanza-de-vida-mapa,MLT,2002,78.4668
wpp2024-esperanza-de-vida-mapa,MLT,2003,78.6961
wpp2024-esperanza-de-vida-mapa,MLT,2004,79.1661
wpp2024-esperanza-de-vida-mapa,MLT,2005,79.4894
wpp2024-esperanza-de-vida-mapa,MLT,2006,79.5611
wpp2024-esperanza-de-vida-mapa,MLT,2007,79.7375
wpp2024-esperanza-de-vida-mapa,MLT,2008,79.6904
wpp2024-esperanza-de-vida-mapa,MLT,2009,80.4155
wpp2024-esperanza-de-vida-mapa,MLT,2010,81.3977
wpp2024-esperanza-de-vida-mapa,MLT,2011,80.8038
wpp2024-esperanza-de-vida-mapa,MLT,2012,81.0638
wpp2024-esperanza-de-vida-mapa,MLT,2013,81.8181
wpp2024-esperanza-de-vida-mapa,MLT,2014,82.3176
wpp2024-esperanza-de-vida-mapa,MLT,2015,82.5914
wpp2024-esperanza-de-vida-mapa,MLT,2016,82.6567
wpp2024-esperanza-de-vida-mapa,MLT,2017,83.0891
wpp2024-esperanza-de-vida-mapa,MLT,2018,82.9083
wpp2024-esperanza-de-vida-mapa,MLT,2019,82.8387
wpp2024-esperanza-de-vida-mapa,MLT,2020,82.3358
wpp2024-esperanza-de-vida-mapa,MLT,2021,82.3161
wpp2024-esperanza-de-vida-mapa,MLT,2022,82.2496
wpp2024-esperanza-de-vida-mapa,MLT,2023,83.2989
wpp2024-esperanza-de-vida-mapa,MNE,1950,58.0261
wpp2024-esperanza-de-vida-mapa,MNE,1951,58.5473
wpp2024-esperanza-de-vida-mapa,MNE,1952,59.0558
wpp2024-esperanza-de-vida-mapa,MNE,1953,59.6883
wpp2024-esperanza-de-vida-mapa,MNE,1954,60.7751
wpp2024-esperanza-de-vida-mapa,MNE,1955,60.9027
wpp2024-esperanza-de-vida-mapa,MNE,1956,62.0081
wpp2024-esperanza-de-vida-mapa,MNE,1957,63.0007
wpp2024-esperanza-de-vida-mapa,MNE,1958,63.8164
wpp2024-esperanza-de-vida-mapa,MNE,1959,64.7149
wpp2024-esperanza-de-vida-mapa,MNE,1960,65.6777
wpp2024-esperanza-de-vida-mapa,MNE,1961,66.1027
wpp2024-esperanza-de-vida-mapa,MNE,1962,66.3954
wpp2024-esperanza-de-vida-mapa,MNE,1963,66.7834
wpp2024-esperanza-de-vida-mapa,MNE,1964,67.3866
wpp2024-esperanza-de-vida-mapa,MNE,1965,68.08
wpp2024-esperanza-de-vida-mapa,MNE,1966,68.6164
wpp2024-esperanza-de-vida-mapa,MNE,1967,69.2593
wpp2024-esperanza-de-vida-mapa,MNE,1968,69.8257
wpp2024-esperanza-de-vida-mapa,MNE,1969,70.1543
wpp2024-esperanza-de-vida-mapa,MNE,1970,70.4035
wpp2024-esperanza-de-vida-mapa,MNE,1971,70.818
wpp2024-esperanza-de-vida-mapa,MNE,1972,71.2464
wpp2024-esperanza-de-vida-mapa,MNE,1973,71.5909
wpp2024-esperanza-de-vida-mapa,MNE,1974,71.6272
wpp2024-esperanza-de-vida-mapa,MNE,1975,71.9195
wpp2024-esperanza-de-vida-mapa,MNE,1976,72.0587
wpp2024-esperanza-de-vida-mapa,MNE,1977,71.829
wpp2024-esperanza-de-vida-mapa,MNE,1978,71.9191
wpp2024-esperanza-de-vida-mapa,MNE,1979,71.4901
wpp2024-esperanza-de-vida-mapa,MNE,1980,72.2447
wpp2024-esperanza-de-vida-mapa,MNE,1981,72.126
wpp2024-esperanza-de-vida-mapa,MNE,1982,72.3044
wpp2024-esperanza-de-vida-mapa,MNE,1983,72.3045
wpp2024-esperanza-de-vida-mapa,MNE,1984,72.2892
wpp2024-esperanza-de-vida-mapa,MNE,1985,72.4302
wpp2024-esperanza-de-vida-mapa,MNE,1986,72.7793
wpp2024-esperanza-de-vida-mapa,MNE,1987,73.1791
wpp2024-esperanza-de-vida-mapa,MNE,1988,73.4096
wpp2024-esperanza-de-vida-mapa,MNE,1989,73.8142
wpp2024-esperanza-de-vida-mapa,MNE,1990,73.8768
wpp2024-esperanza-de-vida-mapa,MNE,1991,73.9509
wpp2024-esperanza-de-vida-mapa,MNE,1992,73.7998
wpp2024-esperanza-de-vida-mapa,MNE,1993,73.8689
wpp2024-esperanza-de-vida-mapa,MNE,1994,73.7639
wpp2024-esperanza-de-vida-mapa,MNE,1995,73.7395
wpp2024-esperanza-de-vida-mapa,MNE,1996,73.6108
wpp2024-esperanza-de-vida-mapa,MNE,1997,73.5036
wpp2024-esperanza-de-vida-mapa,MNE,1998,73.4418
wpp2024-esperanza-de-vida-mapa,MNE,1999,73.2935
wpp2024-esperanza-de-vida-mapa,MNE,2000,73.5522
wpp2024-esperanza-de-vida-mapa,MNE,2001,73.739
wpp2024-esperanza-de-vida-mapa,MNE,2002,74.1306
wpp2024-esperanza-de-vida-mapa,MNE,2003,74.226
wpp2024-esperanza-de-vida-mapa,MNE,2004,74.3789
wpp2024-esperanza-de-vida-mapa,MNE,2005,74.4252
wpp2024-esperanza-de-vida-mapa,MNE,2006,74.6713
wpp2024-esperanza-de-vida-mapa,MNE,2007,74.6739
wpp2024-esperanza-de-vida-mapa,MNE,2008,75.0006
wpp2024-esperanza-de-vida-mapa,MNE,2009,75.3973
wpp2024-esperanza-de-vida-mapa,MNE,2010,75.7125
wpp2024-esperanza-de-vida-mapa,MNE,2011,75.9607
wpp2024-esperanza-de-vida-mapa,MNE,2012,76.2367
wpp2024-esperanza-de-vida-mapa,MNE,2013,76.3539
wpp2024-esperanza-de-vida-mapa,MNE,2014,76.4679
wpp2024-esperanza-de-vida-mapa,MNE,2015,76.5939
wpp2024-esperanza-de-vida-mapa,MNE,2016,76.5647
wpp2024-esperanza-de-vida-mapa,MNE,2017,76.5929
wpp2024-esperanza-de-vida-mapa,MNE,2018,76.9215
wpp2024-esperanza-de-vida-mapa,MNE,2019,76.6392
wpp2024-esperanza-de-vida-mapa,MNE,2020,75.8503
wpp2024-esperanza-de-vida-mapa,MNE,2021,73.7893
wpp2024-esperanza-de-vida-mapa,MNE,2022,75.9214
wpp2024-esperanza-de-vida-mapa,MNE,2023,77.0869
wpp2024-esperanza-de-vida-mapa,MKD,1950,50.6065
wpp2024-esperanza-de-vida-mapa,MKD,1951,48.5177
wpp2024-esperanza-de-vida-mapa,MKD,1952,52.5116
wpp2024-esperanza-de-vida-mapa,MKD,1953,53.1549
wpp2024-esperanza-de-vida-mapa,MKD,1954,55.6768
wpp2024-esperanza-de-vida-mapa,MKD,1955,55.369
wpp2024-esperanza-de-vida-mapa,MKD,1956,58.4716
wpp2024-esperanza-de-vida-mapa,MKD,1957,55.7449
wpp2024-esperanza-de-vida-mapa,MKD,1958,60.309
wpp2024-esperanza-de-vida-mapa,MKD,1959,59.5416
wpp2024-esperanza-de-vida-mapa,MKD,1960,60.5044
wpp2024-esperanza-de-vida-mapa,MKD,1961,61.7922
wpp2024-esperanza-de-vida-mapa,MKD,1962,59.2989
wpp2024-esperanza-de-vida-mapa,MKD,1963,61.3912
wpp2024-esperanza-de-vida-mapa,MKD,1964,61.5375
wpp2024-esperanza-de-vida-mapa,MKD,1965,62.6086
wpp2024-esperanza-de-vida-mapa,MKD,1966,63.5201
wpp2024-esperanza-de-vida-mapa,MKD,1967,63.758
wpp2024-esperanza-de-vida-mapa,MKD,1968,64.574
wpp2024-esperanza-de-vida-mapa,MKD,1969,63.9863
wpp2024-esperanza-de-vida-mapa,MKD,1970,64.9722
wpp2024-esperanza-de-vida-mapa,MKD,1971,65.208
wpp2024-esperanza-de-vida-mapa,MKD,1972,65.6387
wpp2024-esperanza-de-vida-mapa,MKD,1973,67.063
wpp2024-esperanza-de-vida-mapa,MKD,1974,67.1146
wpp2024-esperanza-de-vida-mapa,MKD,1975,67.2528
wpp2024-esperanza-de-vida-mapa,MKD,1976,67.8661
wpp2024-esperanza-de-vida-mapa,MKD,1977,68.2355
wpp2024-esperanza-de-vida-mapa,MKD,1978,69.051
wpp2024-esperanza-de-vida-mapa,MKD,1979,69.1596
wpp2024-esperanza-de-vida-mapa,MKD,1980,69.0545
wpp2024-esperanza-de-vida-mapa,MKD,1981,69.4327
wpp2024-esperanza-de-vida-mapa,MKD,1982,69.8441
wpp2024-esperanza-de-vida-mapa,MKD,1983,69.7271
wpp2024-esperanza-de-vida-mapa,MKD,1984,70.1947
wpp2024-esperanza-de-vida-mapa,MKD,1985,70.2247
wpp2024-esperanza-de-vida-mapa,MKD,1986,70.2932
wpp2024-esperanza-de-vida-mapa,MKD,1987,70.4194
wpp2024-esperanza-de-vida-mapa,MKD,1988,70.4712
wpp2024-esperanza-de-vida-mapa,MKD,1989,71.1183
wpp2024-esperanza-de-vida-mapa,MKD,1990,71.3392
wpp2024-esperanza-de-vida-mapa,MKD,1991,71.7519
wpp2024-esperanza-de-vida-mapa,MKD,1992,71.3018
wpp2024-esperanza-de-vida-mapa,MKD,1993,71.7311
wpp2024-esperanza-de-vida-mapa,MKD,1994,71.487
wpp2024-esperanza-de-vida-mapa,MKD,1995,71.9651
wpp2024-esperanza-de-vida-mapa,MKD,1996,71.8537
wpp2024-esperanza-de-vida-mapa,MKD,1997,71.8806
wpp2024-esperanza-de-vida-mapa,MKD,1998,71.8025
wpp2024-esperanza-de-vida-mapa,MKD,1999,72.3084
wpp2024-esperanza-de-vida-mapa,MKD,2000,72.569
wpp2024-esperanza-de-vida-mapa,MKD,2001,73.0061
wpp2024-esperanza-de-vida-mapa,MKD,2002,72.709
wpp2024-esperanza-de-vida-mapa,MKD,2003,73.0466
wpp2024-esperanza-de-vida-mapa,MKD,2004,73.4475
wpp2024-esperanza-de-vida-mapa,MKD,2005,73.6075
wpp2024-esperanza-de-vida-mapa,MKD,2006,73.7907
wpp2024-esperanza-de-vida-mapa,MKD,2007,73.7418
wpp2024-esperanza-de-vida-mapa,MKD,2008,74.4363
wpp2024-esperanza-de-vida-mapa,MKD,2009,74.4689
wpp2024-esperanza-de-vida-mapa,MKD,2010,75.0374
wpp2024-esperanza-de-vida-mapa,MKD,2011,75.1424
wpp2024-esperanza-de-vida-mapa,MKD,2012,75.043
wpp2024-esperanza-de-vida-mapa,MKD,2013,75.5832
wpp2024-esperanza-de-vida-mapa,MKD,2014,75.6327
wpp2024-esperanza-de-vida-mapa,MKD,2015,75.6289
wpp2024-esperanza-de-vida-mapa,MKD,2016,75.571
wpp2024-esperanza-de-vida-mapa,MKD,2017,76.1524
wpp2024-esperanza-de-vida-mapa,MKD,2018,76.8835
wpp2024-esperanza-de-vida-mapa,MKD,2019,76.8346
wpp2024-esperanza-de-vida-mapa,MKD,2020,74.4687
wpp2024-esperanza-de-vida-mapa,MKD,2021,73.2918
wpp2024-esperanza-de-vida-mapa,MKD,2022,76.6455
wpp2024-esperanza-de-vida-mapa,MKD,2023,77.3947
wpp2024-esperanza-de-vida-mapa,PRT,1950,58.4793
wpp2024-esperanza-de-vida-mapa,PRT,1951,58.7495
wpp2024-esperanza-de-vida-mapa,PRT,1952,59.7605
wpp2024-esperanza-de-vida-mapa,PRT,1953,61.0752
wpp2024-esperanza-de-vida-mapa,PRT,1954,62.197
wpp2024-esperanza-de-vida-mapa,PRT,1955,61.4054
wpp2024-esperanza-de-vida-mapa,PRT,1956,61.1668
wpp2024-esperanza-de-vida-mapa,PRT,1957,61.3913
wpp2024-esperanza-de-vida-mapa,PRT,1958,63.7239
wpp2024-esperanza-de-vida-mapa,PRT,1959,62.9171
wpp2024-esperanza-de-vida-mapa,PRT,1960,64.148
wpp2024-esperanza-de-vida-mapa,PRT,1961,62.8049
wpp2024-esperanza-de-vida-mapa,PRT,1962,64.3158
wpp2024-esperanza-de-vida-mapa,PRT,1963,64.9267
wpp2024-esperanza-de-vida-mapa,PRT,1964,65.1252
wpp2024-esperanza-de-vida-mapa,PRT,1965,66.0946
wpp2024-esperanza-de-vida-mapa,PRT,1966,65.609
wpp2024-esperanza-de-vida-mapa,PRT,1967,66.4635
wpp2024-esperanza-de-vida-mapa,PRT,1968,66.8153
wpp2024-esperanza-de-vida-mapa,PRT,1969,66.3943
wpp2024-esperanza-de-vida-mapa,PRT,1970,67.0549
wpp2024-esperanza-de-vida-mapa,PRT,1971,66.8477
wpp2024-esperanza-de-vida-mapa,PRT,1972,69.1574
wpp2024-esperanza-de-vida-mapa,PRT,1973,68.6011
wpp2024-esperanza-de-vida-mapa,PRT,1974,69.1206
wpp2024-esperanza-de-vida-mapa,PRT,1975,68.843
wpp2024-esperanza-de-vida-mapa,PRT,1976,69.1006
wpp2024-esperanza-de-vida-mapa,PRT,1977,70.3425
wpp2024-esperanza-de-vida-mapa,PRT,1978,70.7953
wpp2024-esperanza-de-vida-mapa,PRT,1979,71.6056
wpp2024-esperanza-de-vida-mapa,PRT,1980,71.6633
wpp2024-esperanza-de-vida-mapa,PRT,1981,71.89
wpp2024-esperanza-de-vida-mapa,PRT,1982,72.6984
wpp2024-esperanza-de-vida-mapa,PRT,1983,72.6539
wpp2024-esperanza-de-vida-mapa,PRT,1984,72.9342
wpp2024-esperanza-de-vida-mapa,PRT,1985,73.2157
wpp2024-esperanza-de-vida-mapa,PRT,1986,73.6474
wpp2024-esperanza-de-vida-mapa,PRT,1987,74.0634
wpp2024-esperanza-de-vida-mapa,PRT,1988,74.0861
wpp2024-esperanza-de-vida-mapa,PRT,1989,74.6653
wpp2024-esperanza-de-vida-mapa,PRT,1990,74.3043
wpp2024-esperanza-de-vida-mapa,PRT,1991,74.2406
wpp2024-esperanza-de-vida-mapa,PRT,1992,74.8705
wpp2024-esperanza-de-vida-mapa,PRT,1993,74.7615
wpp2024-esperanza-de-vida-mapa,PRT,1994,75.7296
wpp2024-esperanza-de-vida-mapa,PRT,1995,75.5498
wpp2024-esperanza-de-vida-mapa,PRT,1996,75.4758
wpp2024-esperanza-de-vida-mapa,PRT,1997,75.9221
wpp2024-esperanza-de-vida-mapa,PRT,1998,76.1161
wpp2024-esperanza-de-vida-mapa,PRT,1999,76.3218
wpp2024-esperanza-de-vida-mapa,PRT,2000,76.8301
wpp2024-esperanza-de-vida-mapa,PRT,2001,77.1517
wpp2024-esperanza-de-vida-mapa,PRT,2002,77.3698
wpp2024-esperanza-de-vida-mapa,PRT,2003,77.5828
wpp2024-esperanza-de-vida-mapa,PRT,2004,78.4274
wpp2024-esperanza-de-vida-mapa,PRT,2005,78.3169
wpp2024-esperanza-de-vida-mapa,PRT,2006,79.0894
wpp2024-esperanza-de-vida-mapa,PRT,2007,79.3087
wpp2024-esperanza-de-vida-mapa,PRT,2008,79.6026
wpp2024-esperanza-de-vida-mapa,PRT,2009,79.8295
wpp2024-esperanza-de-vida-mapa,PRT,2010,80.1149
wpp2024-esperanza-de-vida-mapa,PRT,2011,80.5822
wpp2024-esperanza-de-vida-mapa,PRT,2012,80.5549
wpp2024-esperanza-de-vida-mapa,PRT,2013,80.9029
wpp2024-esperanza-de-vida-mapa,PRT,2014,81.3135
wpp2024-esperanza-de-vida-mapa,PRT,2015,81.3213
wpp2024-esperanza-de-vida-mapa,PRT,2016,81.3636
wpp2024-esperanza-de-vida-mapa,PRT,2017,81.6605
wpp2024-esperanza-de-vida-mapa,PRT,2018,81.5915
wpp2024-esperanza-de-vida-mapa,PRT,2019,81.9587
wpp2024-esperanza-de-vida-mapa,PRT,2020,81.3664
wpp2024-esperanza-de-vida-mapa,PRT,2021,81.3978
wpp2024-esperanza-de-vida-mapa,PRT,2022,81.1936
wpp2024-esperanza-de-vida-mapa,PRT,2023,82.3599
wpp2024-esperanza-de-vida-mapa,SMR,1950,71.5897
wpp2024-esperanza-de-vida-mapa,SMR,1951,71.7136
wpp2024-esperanza-de-vida-mapa,SMR,1952,71.8922
wpp2024-esperanza-de-vida-mapa,SMR,1953,72.0392
wpp2024-esperanza-de-vida-mapa,SMR,1954,72.1901
wpp2024-esperanza-de-vida-mapa,SMR,1955,72.3542
wpp2024-esperanza-de-vida-mapa,SMR,1956,72.5208
wpp2024-esperanza-de-vida-mapa,SMR,1957,72.6799
wpp2024-esperanza-de-vida-mapa,SMR,1958,72.845
wpp2024-esperanza-de-vida-mapa,SMR,1959,73.0158
wpp2024-esperanza-de-vida-mapa,SMR,1960,73.1971
wpp2024-esperanza-de-vida-mapa,SMR,1961,73.3749
wpp2024-esperanza-de-vida-mapa,SMR,1962,73.5309
wpp2024-esperanza-de-vida-mapa,SMR,1963,73.5859
wpp2024-esperanza-de-vida-mapa,SMR,1964,73.6578
wpp2024-esperanza-de-vida-mapa,SMR,1965,73.7227
wpp2024-esperanza-de-vida-mapa,SMR,1966,73.8391
wpp2024-esperanza-de-vida-mapa,SMR,1967,73.9461
wpp2024-esperanza-de-vida-mapa,SMR,1968,74.0622
wpp2024-esperanza-de-vida-mapa,SMR,1969,74.1715
wpp2024-esperanza-de-vida-mapa,SMR,1970,74.2691
wpp2024-esperanza-de-vida-mapa,SMR,1971,74.4036
wpp2024-esperanza-de-vida-mapa,SMR,1972,74.5921
wpp2024-esperanza-de-vida-mapa,SMR,1973,74.7865
wpp2024-esperanza-de-vida-mapa,SMR,1974,75.0525
wpp2024-esperanza-de-vida-mapa,SMR,1975,75.251
wpp2024-esperanza-de-vida-mapa,SMR,1976,75.4309
wpp2024-esperanza-de-vida-mapa,SMR,1977,75.6426
wpp2024-esperanza-de-vida-mapa,SMR,1978,75.8893
wpp2024-esperanza-de-vida-mapa,SMR,1979,76.1223
wpp2024-esperanza-de-vida-mapa,SMR,1980,76.3709
wpp2024-esperanza-de-vida-mapa,SMR,1981,76.5838
wpp2024-esperanza-de-vida-mapa,SMR,1982,76.8083
wpp2024-esperanza-de-vida-mapa,SMR,1983,77.011
wpp2024-esperanza-de-vida-mapa,SMR,1984,77.162
wpp2024-esperanza-de-vida-mapa,SMR,1985,77.2696
wpp2024-esperanza-de-vida-mapa,SMR,1986,77.3769
wpp2024-esperanza-de-vida-mapa,SMR,1987,77.4528
wpp2024-esperanza-de-vida-mapa,SMR,1988,77.5444
wpp2024-esperanza-de-vida-mapa,SMR,1989,77.6471
wpp2024-esperanza-de-vida-mapa,SMR,1990,77.7826
wpp2024-esperanza-de-vida-mapa,SMR,1991,77.9435
wpp2024-esperanza-de-vida-mapa,SMR,1992,78.1335
wpp2024-esperanza-de-vida-mapa,SMR,1993,78.3731
wpp2024-esperanza-de-vida-mapa,SMR,1994,78.67
wpp2024-esperanza-de-vida-mapa,SMR,1995,79.0308
wpp2024-esperanza-de-vida-mapa,SMR,1996,79.3324
wpp2024-esperanza-de-vida-mapa,SMR,1997,79.6773
wpp2024-esperanza-de-vida-mapa,SMR,1998,79.9176
wpp2024-esperanza-de-vida-mapa,SMR,1999,80.1998
wpp2024-esperanza-de-vida-mapa,SMR,2000,80.5036
wpp2024-esperanza-de-vida-mapa,SMR,2001,80.8028
wpp2024-esperanza-de-vida-mapa,SMR,2002,81.0608
wpp2024-esperanza-de-vida-mapa,SMR,2003,81.3303
wpp2024-esperanza-de-vida-mapa,SMR,2004,81.5921
wpp2024-esperanza-de-vida-mapa,SMR,2005,81.9256
wpp2024-esperanza-de-vida-mapa,SMR,2006,82.2577
wpp2024-esperanza-de-vida-mapa,SMR,2007,82.6049
wpp2024-esperanza-de-vida-mapa,SMR,2008,82.8936
wpp2024-esperanza-de-vida-mapa,SMR,2009,83.2239
wpp2024-esperanza-de-vida-mapa,SMR,2010,83.4638
wpp2024-esperanza-de-vida-mapa,SMR,2011,83.7132
wpp2024-esperanza-de-vida-mapa,SMR,2012,83.9427
wpp2024-esperanza-de-vida-mapa,SMR,2013,84.1749
wpp2024-esperanza-de-vida-mapa,SMR,2014,84.3941
wpp2024-esperanza-de-vida-mapa,SMR,2015,84.5959
wpp2024-esperanza-de-vida-mapa,SMR,2016,84.7751
wpp2024-esperanza-de-vida-mapa,SMR,2017,84.9326
wpp2024-esperanza-de-vida-mapa,SMR,2018,85.0947
wpp2024-esperanza-de-vida-mapa,SMR,2019,85.2565
wpp2024-esperanza-de-vida-mapa,SMR,2020,82.6495
wpp2024-esperanza-de-vida-mapa,SMR,2021,83.5389
wpp2024-esperanza-de-vida-mapa,SMR,2022,85.7082
wpp2024-esperanza-de-vida-mapa,SMR,2023,85.7062
wpp2024-esperanza-de-vida-mapa,SRB,1950,55.0875
wpp2024-esperanza-de-vida-mapa,SRB,1951,55.6122
wpp2024-esperanza-de-vida-mapa,SRB,1952,57.4065
wpp2024-esperanza-de-vida-mapa,SRB,1953,59.7739
wpp2024-esperanza-de-vida-mapa,SRB,1954,60.6912
wpp2024-esperanza-de-vida-mapa,SRB,1955,61.349
wpp2024-esperanza-de-vida-mapa,SRB,1956,61.8586
wpp2024-esperanza-de-vida-mapa,SRB,1957,63.2439
wpp2024-esperanza-de-vida-mapa,SRB,1958,64.283
wpp2024-esperanza-de-vida-mapa,SRB,1959,65.238
wpp2024-esperanza-de-vida-mapa,SRB,1960,65.7051
wpp2024-esperanza-de-vida-mapa,SRB,1961,66.3032
wpp2024-esperanza-de-vida-mapa,SRB,1962,67.0446
wpp2024-esperanza-de-vida-mapa,SRB,1963,67.3511
wpp2024-esperanza-de-vida-mapa,SRB,1964,67.9978
wpp2024-esperanza-de-vida-mapa,SRB,1965,68.7171
wpp2024-esperanza-de-vida-mapa,SRB,1966,69.4271
wpp2024-esperanza-de-vida-mapa,SRB,1967,70.0894
wpp2024-esperanza-de-vida-mapa,SRB,1968,70.0761
wpp2024-esperanza-de-vida-mapa,SRB,1969,70.0259
wpp2024-esperanza-de-vida-mapa,SRB,1970,69.7347
wpp2024-esperanza-de-vida-mapa,SRB,1971,69.7171
wpp2024-esperanza-de-vida-mapa,SRB,1972,69.9821
wpp2024-esperanza-de-vida-mapa,SRB,1973,70.497
wpp2024-esperanza-de-vida-mapa,SRB,1974,71.1241
wpp2024-esperanza-de-vida-mapa,SRB,1975,71.6126
wpp2024-esperanza-de-vida-mapa,SRB,1976,71.8626
wpp2024-esperanza-de-vida-mapa,SRB,1977,71.7708
wpp2024-esperanza-de-vida-mapa,SRB,1978,71.442
wpp2024-esperanza-de-vida-mapa,SRB,1979,71.173
wpp2024-esperanza-de-vida-mapa,SRB,1980,71.0805
wpp2024-esperanza-de-vida-mapa,SRB,1981,71.111
wpp2024-esperanza-de-vida-mapa,SRB,1982,71.0352
wpp2024-esperanza-de-vida-mapa,SRB,1983,71.0888
wpp2024-esperanza-de-vida-mapa,SRB,1984,71.1564
wpp2024-esperanza-de-vida-mapa,SRB,1985,71.4408
wpp2024-esperanza-de-vida-mapa,SRB,1986,71.6423
wpp2024-esperanza-de-vida-mapa,SRB,1987,71.8508
wpp2024-esperanza-de-vida-mapa,SRB,1988,72.0392
wpp2024-esperanza-de-vida-mapa,SRB,1989,72.3396
wpp2024-esperanza-de-vida-mapa,SRB,1990,72.2251
wpp2024-esperanza-de-vida-mapa,SRB,1991,71.9376
wpp2024-esperanza-de-vida-mapa,SRB,1992,71.6279
wpp2024-esperanza-de-vida-mapa,SRB,1993,71.8756
wpp2024-esperanza-de-vida-mapa,SRB,1994,72.3036
wpp2024-esperanza-de-vida-mapa,SRB,1995,72.7264
wpp2024-esperanza-de-vida-mapa,SRB,1996,72.916
wpp2024-esperanza-de-vida-mapa,SRB,1997,72.9467
wpp2024-esperanza-de-vida-mapa,SRB,1998,72.2993
wpp2024-esperanza-de-vida-mapa,SRB,1999,69.9939
wpp2024-esperanza-de-vida-mapa,SRB,2000,72.3344
wpp2024-esperanza-de-vida-mapa,SRB,2001,72.2745
wpp2024-esperanza-de-vida-mapa,SRB,2002,72.5994
wpp2024-esperanza-de-vida-mapa,SRB,2003,72.7222
wpp2024-esperanza-de-vida-mapa,SRB,2004,72.8667
wpp2024-esperanza-de-vida-mapa,SRB,2005,73.1151
wpp2024-esperanza-de-vida-mapa,SRB,2006,73.3951
wpp2024-esperanza-de-vida-mapa,SRB,2007,73.724
wpp2024-esperanza-de-vida-mapa,SRB,2008,73.9041
wpp2024-esperanza-de-vida-mapa,SRB,2009,74.106
wpp2024-esperanza-de-vida-mapa,SRB,2010,74.3762
wpp2024-esperanza-de-vida-mapa,SRB,2011,74.7194
wpp2024-esperanza-de-vida-mapa,SRB,2012,75.0888
wpp2024-esperanza-de-vida-mapa,SRB,2013,75.3461
wpp2024-esperanza-de-vida-mapa,SRB,2014,75.4778
wpp2024-esperanza-de-vida-mapa,SRB,2015,75.653
wpp2024-esperanza-de-vida-mapa,SRB,2016,75.7375
wpp2024-esperanza-de-vida-mapa,SRB,2017,75.7921
wpp2024-esperanza-de-vida-mapa,SRB,2018,76.0356
wpp2024-esperanza-de-vida-mapa,SRB,2019,76.0585
wpp2024-esperanza-de-vida-mapa,SRB,2020,74.5065
wpp2024-esperanza-de-vida-mapa,SRB,2021,72.853
wpp2024-esperanza-de-vida-mapa,SRB,2022,75.4778
wpp2024-esperanza-de-vida-mapa,SRB,2023,76.7693
wpp2024-esperanza-de-vida-mapa,SVN,1950,61.8152
wpp2024-esperanza-de-vida-mapa,SVN,1951,62.3464
wpp2024-esperanza-de-vida-mapa,SVN,1952,63.8311
wpp2024-esperanza-de-vida-mapa,SVN,1953,65.3235
wpp2024-esperanza-de-vida-mapa,SVN,1954,66.0659
wpp2024-esperanza-de-vida-mapa,SVN,1955,66.0674
wpp2024-esperanza-de-vida-mapa,SVN,1956,66.5023
wpp2024-esperanza-de-vida-mapa,SVN,1957,67.0387
wpp2024-esperanza-de-vida-mapa,SVN,1958,67.6677
wpp2024-esperanza-de-vida-mapa,SVN,1959,68.1529
wpp2024-esperanza-de-vida-mapa,SVN,1960,68.5344
wpp2024-esperanza-de-vida-mapa,SVN,1961,68.8851
wpp2024-esperanza-de-vida-mapa,SVN,1962,68.851
wpp2024-esperanza-de-vida-mapa,SVN,1963,68.6072
wpp2024-esperanza-de-vida-mapa,SVN,1964,68.4869
wpp2024-esperanza-de-vida-mapa,SVN,1965,68.7006
wpp2024-esperanza-de-vida-mapa,SVN,1966,68.8814
wpp2024-esperanza-de-vida-mapa,SVN,1967,68.9725
wpp2024-esperanza-de-vida-mapa,SVN,1968,68.6083
wpp2024-esperanza-de-vida-mapa,SVN,1969,68.5912
wpp2024-esperanza-de-vida-mapa,SVN,1970,69.0488
wpp2024-esperanza-de-vida-mapa,SVN,1971,69.715
wpp2024-esperanza-de-vida-mapa,SVN,1972,70.33
wpp2024-esperanza-de-vida-mapa,SVN,1973,70.7523
wpp2024-esperanza-de-vida-mapa,SVN,1974,71.0388
wpp2024-esperanza-de-vida-mapa,SVN,1975,71.0825
wpp2024-esperanza-de-vida-mapa,SVN,1976,71.1377
wpp2024-esperanza-de-vida-mapa,SVN,1977,71.2652
wpp2024-esperanza-de-vida-mapa,SVN,1978,71.5871
wpp2024-esperanza-de-vida-mapa,SVN,1979,71.6255
wpp2024-esperanza-de-vida-mapa,SVN,1980,71.8172
wpp2024-esperanza-de-vida-mapa,SVN,1981,71.6474
wpp2024-esperanza-de-vida-mapa,SVN,1982,71.3683
wpp2024-esperanza-de-vida-mapa,SVN,1983,71.1885
wpp2024-esperanza-de-vida-mapa,SVN,1984,71.3331
wpp2024-esperanza-de-vida-mapa,SVN,1985,71.8019
wpp2024-esperanza-de-vida-mapa,SVN,1986,72.0879
wpp2024-esperanza-de-vida-mapa,SVN,1987,72.4437
wpp2024-esperanza-de-vida-mapa,SVN,1988,72.7634
wpp2024-esperanza-de-vida-mapa,SVN,1989,73.2901
wpp2024-esperanza-de-vida-mapa,SVN,1990,73.4654
wpp2024-esperanza-de-vida-mapa,SVN,1991,73.4746
wpp2024-esperanza-de-vida-mapa,SVN,1992,73.4192
wpp2024-esperanza-de-vida-mapa,SVN,1993,73.584
wpp2024-esperanza-de-vida-mapa,SVN,1994,73.9062
wpp2024-esperanza-de-vida-mapa,SVN,1995,74.4188
wpp2024-esperanza-de-vida-mapa,SVN,1996,74.7968
wpp2024-esperanza-de-vida-mapa,SVN,1997,74.9886
wpp2024-esperanza-de-vida-mapa,SVN,1998,75.1392
wpp2024-esperanza-de-vida-mapa,SVN,1999,75.4538
wpp2024-esperanza-de-vida-mapa,SVN,2000,75.8302
wpp2024-esperanza-de-vida-mapa,SVN,2001,76.1809
wpp2024-esperanza-de-vida-mapa,SVN,2002,76.3155
wpp2024-esperanza-de-vida-mapa,SVN,2003,76.3172
wpp2024-esperanza-de-vida-mapa,SVN,2004,76.9319
wpp2024-esperanza-de-vida-mapa,SVN,2005,77.5029
wpp2024-esperanza-de-vida-mapa,SVN,2006,77.8204
wpp2024-esperanza-de-vida-mapa,SVN,2007,78.2855
wpp2024-esperanza-de-vida-mapa,SVN,2008,78.595
wpp2024-esperanza-de-vida-mapa,SVN,2009,79.027
wpp2024-esperanza-de-vida-mapa,SVN,2010,79.3008
wpp2024-esperanza-de-vida-mapa,SVN,2011,79.5884
wpp2024-esperanza-de-vida-mapa,SVN,2012,79.7652
wpp2024-esperanza-de-vida-mapa,SVN,2013,80.0884
wpp2024-esperanza-de-vida-mapa,SVN,2014,80.2517
wpp2024-esperanza-de-vida-mapa,SVN,2015,80.4994
wpp2024-esperanza-de-vida-mapa,SVN,2016,80.512
wpp2024-esperanza-de-vida-mapa,SVN,2017,80.6163
wpp2024-esperanza-de-vida-mapa,SVN,2018,80.861
wpp2024-esperanza-de-vida-mapa,SVN,2019,81.007
wpp2024-esperanza-de-vida-mapa,SVN,2020,80.3641
wpp2024-esperanza-de-vida-mapa,SVN,2021,80.434
wpp2024-esperanza-de-vida-mapa,SVN,2022,80.7933
wpp2024-esperanza-de-vida-mapa,SVN,2023,81.6034
wpp2024-esperanza-de-vida-mapa,ESP,1950,61.7542
wpp2024-esperanza-de-vida-mapa,ESP,1951,61.4821
wpp2024-esperanza-de-vida-mapa,ESP,1952,64.8283
wpp2024-esperanza-de-vida-mapa,ESP,1953,65.7308
wpp2024-esperanza-de-vida-mapa,ESP,1954,66.9111
wpp2024-esperanza-de-vida-mapa,ESP,1955,66.6811
wpp2024-esperanza-de-vida-mapa,ESP,1956,66.7509
wpp2024-esperanza-de-vida-mapa,ESP,1957,66.5702
wpp2024-esperanza-de-vida-mapa,ESP,1958,68.7834
wpp2024-esperanza-de-vida-mapa,ESP,1959,68.6908
wpp2024-esperanza-de-vida-mapa,ESP,1960,69.2066
wpp2024-esperanza-de-vida-mapa,ESP,1961,69.5682
wpp2024-esperanza-de-vida-mapa,ESP,1962,69.6292
wpp2024-esperanza-de-vida-mapa,ESP,1963,69.7665
wpp2024-esperanza-de-vida-mapa,ESP,1964,70.4937
wpp2024-esperanza-de-vida-mapa,ESP,1965,70.9
wpp2024-esperanza-de-vida-mapa,ESP,1966,71.1603
wpp2024-esperanza-de-vida-mapa,ESP,1967,71.3491
wpp2024-esperanza-de-vida-mapa,ESP,1968,71.6743
wpp2024-esperanza-de-vida-mapa,ESP,1969,71.1386
wpp2024-esperanza-de-vida-mapa,ESP,1970,72.1491
wpp2024-esperanza-de-vida-mapa,ESP,1971,71.7353
wpp2024-esperanza-de-vida-mapa,ESP,1972,72.9533
wpp2024-esperanza-de-vida-mapa,ESP,1973,72.7324
wpp2024-esperanza-de-vida-mapa,ESP,1974,73.0928
wpp2024-esperanza-de-vida-mapa,ESP,1975,73.4918
wpp2024-esperanza-de-vida-mapa,ESP,1976,73.8069
wpp2024-esperanza-de-vida-mapa,ESP,1977,74.3066
wpp2024-esperanza-de-vida-mapa,ESP,1978,74.496
wpp2024-esperanza-de-vida-mapa,ESP,1979,74.9895
wpp2024-esperanza-de-vida-mapa,ESP,1980,75.5259
wpp2024-esperanza-de-vida-mapa,ESP,1981,75.7061
wpp2024-esperanza-de-vida-mapa,ESP,1982,76.3188
wpp2024-esperanza-de-vida-mapa,ESP,1983,76.0966
wpp2024-esperanza-de-vida-mapa,ESP,1984,76.4822
wpp2024-esperanza-de-vida-mapa,ESP,1985,76.4105
wpp2024-esperanza-de-vida-mapa,ESP,1986,76.7034
wpp2024-esperanza-de-vida-mapa,ESP,1987,76.9564
wpp2024-esperanza-de-vida-mapa,ESP,1988,76.9491
wpp2024-esperanza-de-vida-mapa,ESP,1989,76.998
wpp2024-esperanza-de-vida-mapa,ESP,1990,77.0004
wpp2024-esperanza-de-vida-mapa,ESP,1991,77.1285
wpp2024-esperanza-de-vida-mapa,ESP,1992,77.5888
wpp2024-esperanza-de-vida-mapa,ESP,1993,77.728
wpp2024-esperanza-de-vida-mapa,ESP,1994,78.1141
wpp2024-esperanza-de-vida-mapa,ESP,1995,78.2002
wpp2024-esperanza-de-vida-mapa,ESP,1996,78.3389
wpp2024-esperanza-de-vida-mapa,ESP,1997,78.8504
wpp2024-esperanza-de-vida-mapa,ESP,1998,78.9395
wpp2024-esperanza-de-vida-mapa,ESP,1999,78.9437
wpp2024-esperanza-de-vida-mapa,ESP,2000,79.4123
wpp2024-esperanza-de-vida-mapa,ESP,2001,79.7387
wpp2024-esperanza-de-vida-mapa,ESP,2002,79.8177
wpp2024-esperanza-de-vida-mapa,ESP,2003,79.7482
wpp2024-esperanza-de-vida-mapa,ESP,2004,80.3283
wpp2024-esperanza-de-vida-mapa,ESP,2005,80.3196
wpp2024-esperanza-de-vida-mapa,ESP,2006,80.9627
wpp2024-esperanza-de-vida-mapa,ESP,2007,80.9696
wpp2024-esperanza-de-vida-mapa,ESP,2008,81.2782
wpp2024-esperanza-de-vida-mapa,ESP,2009,81.627
wpp2024-esperanza-de-vida-mapa,ESP,2010,82.0063
wpp2024-esperanza-de-vida-mapa,ESP,2011,82.1804
wpp2024-esperanza-de-vida-mapa,ESP,2012,82.1905
wpp2024-esperanza-de-vida-mapa,ESP,2013,82.6943
wpp2024-esperanza-de-vida-mapa,ESP,2014,82.8283
wpp2024-esperanza-de-vida-mapa,ESP,2015,82.6109
wpp2024-esperanza-de-vida-mapa,ESP,2016,82.9999
wpp2024-esperanza-de-vida-mapa,ESP,2017,82.9862
wpp2024-esperanza-de-vida-mapa,ESP,2018,83.0956
wpp2024-esperanza-de-vida-mapa,ESP,2019,83.4794
wpp2024-esperanza-de-vida-mapa,ESP,2020,82.2413
wpp2024-esperanza-de-vida-mapa,ESP,2021,82.9508
wpp2024-esperanza-de-vida-mapa,ESP,2022,82.3661
wpp2024-esperanza-de-vida-mapa,ESP,2023,83.6703
wpp2024-esperanza-de-vida-mapa,AUT,1950,64.8131
wpp2024-esperanza-de-vida-mapa,AUT,1951,65.2225
wpp2024-esperanza-de-vida-mapa,AUT,1952,66.7483
wpp2024-esperanza-de-vida-mapa,AUT,1953,67.2543
wpp2024-esperanza-de-vida-mapa,AUT,1954,67.2867
wpp2024-esperanza-de-vida-mapa,AUT,1955,67.5509
wpp2024-esperanza-de-vida-mapa,AUT,1956,67.681
wpp2024-esperanza-de-vida-mapa,AUT,1957,67.4448
wpp2024-esperanza-de-vida-mapa,AUT,1958,68.4551
wpp2024-esperanza-de-vida-mapa,AUT,1959,68.3921
wpp2024-esperanza-de-vida-mapa,AUT,1960,68.7468
wpp2024-esperanza-de-vida-mapa,AUT,1961,69.7129
wpp2024-esperanza-de-vida-mapa,AUT,1962,69.4991
wpp2024-esperanza-de-vida-mapa,AUT,1963,69.6529
wpp2024-esperanza-de-vida-mapa,AUT,1964,70.1194
wpp2024-esperanza-de-vida-mapa,AUT,1965,69.9316
wpp2024-esperanza-de-vida-mapa,AUT,1966,70.2228
wpp2024-esperanza-de-vida-mapa,AUT,1967,70.1157
wpp2024-esperanza-de-vida-mapa,AUT,1968,70.2678
wpp2024-esperanza-de-vida-mapa,AUT,1969,70.0414
wpp2024-esperanza-de-vida-mapa,AUT,1970,70.086
wpp2024-esperanza-de-vida-mapa,AUT,1971,70.2905
wpp2024-esperanza-de-vida-mapa,AUT,1972,70.6196
wpp2024-esperanza-de-vida-mapa,AUT,1973,71.1953
wpp2024-esperanza-de-vida-mapa,AUT,1974,71.1741
wpp2024-esperanza-de-vida-mapa,AUT,1975,71.3264
wpp2024-esperanza-de-vida-mapa,AUT,1976,71.7881
wpp2024-esperanza-de-vida-mapa,AUT,1977,72.135
wpp2024-esperanza-de-vida-mapa,AUT,1978,72.2031
wpp2024-esperanza-de-vida-mapa,AUT,1979,72.5428
wpp2024-esperanza-de-vida-mapa,AUT,1980,72.6676
wpp2024-esperanza-de-vida-mapa,AUT,1981,72.9901
wpp2024-esperanza-de-vida-mapa,AUT,1982,73.1434
wpp2024-esperanza-de-vida-mapa,AUT,1983,73.2168
wpp2024-esperanza-de-vida-mapa,AUT,1984,73.7658
wpp2024-esperanza-de-vida-mapa,AUT,1985,73.9861
wpp2024-esperanza-de-vida-mapa,AUT,1986,74.4574
wpp2024-esperanza-de-vida-mapa,AUT,1987,74.9001
wpp2024-esperanza-de-vida-mapa,AUT,1988,75.3743
wpp2024-esperanza-de-vida-mapa,AUT,1989,75.4635
wpp2024-esperanza-de-vida-mapa,AUT,1990,75.7385
wpp2024-esperanza-de-vida-mapa,AUT,1991,75.7921
wpp2024-esperanza-de-vida-mapa,AUT,1992,75.992
wpp2024-esperanza-de-vida-mapa,AUT,1993,76.2247
wpp2024-esperanza-de-vida-mapa,AUT,1994,76.5414
wpp2024-esperanza-de-vida-mapa,AUT,1995,76.7753
wpp2024-esperanza-de-vida-mapa,AUT,1996,77.0256
wpp2024-esperanza-de-vida-mapa,AUT,1997,77.4279
wpp2024-esperanza-de-vida-mapa,AUT,1998,77.7823
wpp2024-esperanza-de-vida-mapa,AUT,1999,77.9554
wpp2024-esperanza-de-vida-mapa,AUT,2000,78.235
wpp2024-esperanza-de-vida-mapa,AUT,2001,78.7184
wpp2024-esperanza-de-vida-mapa,AUT,2002,78.8464
wpp2024-esperanza-de-vida-mapa,AUT,2003,78.8491
wpp2024-esperanza-de-vida-mapa,AUT,2004,79.3624
wpp2024-esperanza-de-vida-mapa,AUT,2005,79.5202
wpp2024-esperanza-de-vida-mapa,AUT,2006,79.9648
wpp2024-esperanza-de-vida-mapa,AUT,2007,80.1664
wpp2024-esperanza-de-vida-mapa,AUT,2008,80.3633
wpp2024-esperanza-de-vida-mapa,AUT,2009,80.2064
wpp2024-esperanza-de-vida-mapa,AUT,2010,80.4634
wpp2024-esperanza-de-vida-mapa,AUT,2011,80.8281
wpp2024-esperanza-de-vida-mapa,AUT,2012,80.8407
wpp2024-esperanza-de-vida-mapa,AUT,2013,81.078
wpp2024-esperanza-de-vida-mapa,AUT,2014,81.39
wpp2024-esperanza-de-vida-mapa,AUT,2015,81.1592
wpp2024-esperanza-de-vida-mapa,AUT,2016,81.5922
wpp2024-esperanza-de-vida-mapa,AUT,2017,81.6387
wpp2024-esperanza-de-vida-mapa,AUT,2018,81.6859
wpp2024-esperanza-de-vida-mapa,AUT,2019,81.9072
wpp2024-esperanza-de-vida-mapa,AUT,2020,81.8037
wpp2024-esperanza-de-vida-mapa,AUT,2021,81.8204
wpp2024-esperanza-de-vida-mapa,AUT,2022,81.2959
wpp2024-esperanza-de-vida-mapa,AUT,2023,81.9559
wpp2024-esperanza-de-vida-mapa,BEL,1950,66.3066
wpp2024-esperanza-de-vida-mapa,BEL,1951,66.7477
wpp2024-esperanza-de-vida-mapa,BEL,1952,67.9672
wpp2024-esperanza-de-vida-mapa,BEL,1953,68.3562
wpp2024-esperanza-de-vida-mapa,BEL,1954,68.5934
wpp2024-esperanza-de-vida-mapa,BEL,1955,68.5455
wpp2024-esperanza-de-vida-mapa,BEL,1956,68.8383
wpp2024-esperanza-de-vida-mapa,BEL,1957,69.1981
wpp2024-esperanza-de-vida-mapa,BEL,1958,69.9086
wpp2024-esperanza-de-vida-mapa,BEL,1959,70.3138
wpp2024-esperanza-de-vida-mapa,BEL,1960,69.6237
wpp2024-esperanza-de-vida-mapa,BEL,1961,70.498
wpp2024-esperanza-de-vida-mapa,BEL,1962,70.2272
wpp2024-esperanza-de-vida-mapa,BEL,1963,70.0424
wpp2024-esperanza-de-vida-mapa,BEL,1964,70.7055
wpp2024-esperanza-de-vida-mapa,BEL,1965,70.5551
wpp2024-esperanza-de-vida-mapa,BEL,1966,70.6308
wpp2024-esperanza-de-vida-mapa,BEL,1967,70.9133
wpp2024-esperanza-de-vida-mapa,BEL,1968,70.609
wpp2024-esperanza-de-vida-mapa,BEL,1969,70.6749
wpp2024-esperanza-de-vida-mapa,BEL,1970,70.9368
wpp2024-esperanza-de-vida-mapa,BEL,1971,71.0861
wpp2024-esperanza-de-vida-mapa,BEL,1972,71.412
wpp2024-esperanza-de-vida-mapa,BEL,1973,71.6353
wpp2024-esperanza-de-vida-mapa,BEL,1974,71.9713
wpp2024-esperanza-de-vida-mapa,BEL,1975,71.9646
wpp2024-esperanza-de-vida-mapa,BEL,1976,72.1041
wpp2024-esperanza-de-vida-mapa,BEL,1977,72.7584
wpp2024-esperanza-de-vida-mapa,BEL,1978,72.7057
wpp2024-esperanza-de-vida-mapa,BEL,1979,73.1993
wpp2024-esperanza-de-vida-mapa,BEL,1980,73.2416
wpp2024-esperanza-de-vida-mapa,BEL,1981,73.6517
wpp2024-esperanza-de-vida-mapa,BEL,1982,73.8793
wpp2024-esperanza-de-vida-mapa,BEL,1983,73.88
wpp2024-esperanza-de-vida-mapa,BEL,1984,74.3691
wpp2024-esperanza-de-vida-mapa,BEL,1985,74.4685
wpp2024-esperanza-de-vida-mapa,BEL,1986,74.6685
wpp2024-esperanza-de-vida-mapa,BEL,1987,75.2903
wpp2024-esperanza-de-vida-mapa,BEL,1988,75.5907
wpp2024-esperanza-de-vida-mapa,BEL,1989,75.6465
wpp2024-esperanza-de-vida-mapa,BEL,1990,76.0586
wpp2024-esperanza-de-vida-mapa,BEL,1991,76.1992
wpp2024-esperanza-de-vida-mapa,BEL,1992,76.3582
wpp2024-esperanza-de-vida-mapa,BEL,1993,76.3632
wpp2024-esperanza-de-vida-mapa,BEL,1994,76.7159
wpp2024-esperanza-de-vida-mapa,BEL,1995,76.8403
wpp2024-esperanza-de-vida-mapa,BEL,1996,77.1847
wpp2024-esperanza-de-vida-mapa,BEL,1997,77.4025
wpp2024-esperanza-de-vida-mapa,BEL,1998,77.4763
wpp2024-esperanza-de-vida-mapa,BEL,1999,77.6479
wpp2024-esperanza-de-vida-mapa,BEL,2000,77.7684
wpp2024-esperanza-de-vida-mapa,BEL,2001,78.0824
wpp2024-esperanza-de-vida-mapa,BEL,2002,78.1678
wpp2024-esperanza-de-vida-mapa,BEL,2003,78.3203
wpp2024-esperanza-de-vida-mapa,BEL,2004,78.9605
wpp2024-esperanza-de-vida-mapa,BEL,2005,79.0532
wpp2024-esperanza-de-vida-mapa,BEL,2006,79.3894
wpp2024-esperanza-de-vida-mapa,BEL,2007,79.5284
wpp2024-esperanza-de-vida-mapa,BEL,2008,79.5793
wpp2024-esperanza-de-vida-mapa,BEL,2009,79.8489
wpp2024-esperanza-de-vida-mapa,BEL,2010,80.04
wpp2024-esperanza-de-vida-mapa,BEL,2011,80.3664
wpp2024-esperanza-de-vida-mapa,BEL,2012,80.2604
wpp2024-esperanza-de-vida-mapa,BEL,2013,80.4668
wpp2024-esperanza-de-vida-mapa,BEL,2014,81.0802
wpp2024-esperanza-de-vida-mapa,BEL,2015,80.8889
wpp2024-esperanza-de-vida-mapa,BEL,2016,81.2647
wpp2024-esperanza-de-vida-mapa,BEL,2017,81.3624
wpp2024-esperanza-de-vida-mapa,BEL,2018,81.4805
wpp2024-esperanza-de-vida-mapa,BEL,2019,81.8353
wpp2024-esperanza-de-vida-mapa,BEL,2020,80.7977
wpp2024-esperanza-de-vida-mapa,BEL,2021,81.6591
wpp2024-esperanza-de-vida-mapa,BEL,2022,81.1589
wpp2024-esperanza-de-vida-mapa,BEL,2023,82.115
wpp2024-esperanza-de-vida-mapa,FRA,1950,66.3819
wpp2024-esperanza-de-vida-mapa,FRA,1951,66.0968
wpp2024-esperanza-de-vida-mapa,FRA,1952,67.3912
wpp2024-esperanza-de-vida-mapa,FRA,1953,67.3191
wpp2024-esperanza-de-vida-mapa,FRA,1954,68.1882
wpp2024-esperanza-de-vida-mapa,FRA,1955,68.4442
wpp2024-esperanza-de-vida-mapa,FRA,1956,68.4647
wpp2024-esperanza-de-vida-mapa,FRA,1957,68.8972
wpp2024-esperanza-de-vida-mapa,FRA,1958,70.1071
wpp2024-esperanza-de-vida-mapa,FRA,1959,70.1683
wpp2024-esperanza-de-vida-mapa,FRA,1960,70.3675
wpp2024-esperanza-de-vida-mapa,FRA,1961,70.9582
wpp2024-esperanza-de-vida-mapa,FRA,1962,70.4704
wpp2024-esperanza-de-vida-mapa,FRA,1963,70.3204
wpp2024-esperanza-de-vida-mapa,FRA,1964,71.2802
wpp2024-esperanza-de-vida-mapa,FRA,1965,71.1067
wpp2024-esperanza-de-vida-mapa,FRA,1966,71.5138
wpp2024-esperanza-de-vida-mapa,FRA,1967,71.4983
wpp2024-esperanza-de-vida-mapa,FRA,1968,71.4857
wpp2024-esperanza-de-vida-mapa,FRA,1969,71.2063
wpp2024-esperanza-de-vida-mapa,FRA,1970,72.0915
wpp2024-esperanza-de-vida-mapa,FRA,1971,72.0735
wpp2024-esperanza-de-vida-mapa,FRA,1972,72.3134
wpp2024-esperanza-de-vida-mapa,FRA,1973,72.4756
wpp2024-esperanza-de-vida-mapa,FRA,1974,72.8037
wpp2024-esperanza-de-vida-mapa,FRA,1975,72.9001
wpp2024-esperanza-de-vida-mapa,FRA,1976,73.122
wpp2024-esperanza-de-vida-mapa,FRA,1977,73.7282
wpp2024-esperanza-de-vida-mapa,FRA,1978,73.8445
wpp2024-esperanza-de-vida-mapa,FRA,1979,74.125
wpp2024-esperanza-de-vida-mapa,FRA,1980,74.2335
wpp2024-esperanza-de-vida-mapa,FRA,1981,74.3965
wpp2024-esperanza-de-vida-mapa,FRA,1982,74.7657
wpp2024-esperanza-de-vida-mapa,FRA,1983,74.7344
wpp2024-esperanza-de-vida-mapa,FRA,1984,75.2175
wpp2024-esperanza-de-vida-mapa,FRA,1985,75.309
wpp2024-esperanza-de-vida-mapa,FRA,1986,75.5776
wpp2024-esperanza-de-vida-mapa,FRA,1987,76.1465
wpp2024-esperanza-de-vida-mapa,FRA,1988,76.398
wpp2024-esperanza-de-vida-mapa,FRA,1989,76.5432
wpp2024-esperanza-de-vida-mapa,FRA,1990,76.8351
wpp2024-esperanza-de-vida-mapa,FRA,1991,77.0162
wpp2024-esperanza-de-vida-mapa,FRA,1992,77.2973
wpp2024-esperanza-de-vida-mapa,FRA,1993,77.3488
wpp2024-esperanza-de-vida-mapa,FRA,1994,77.7681
wpp2024-esperanza-de-vida-mapa,FRA,1995,77.8715
wpp2024-esperanza-de-vida-mapa,FRA,1996,78.0613
wpp2024-esperanza-de-vida-mapa,FRA,1997,78.4246
wpp2024-esperanza-de-vida-mapa,FRA,1998,78.5879
wpp2024-esperanza-de-vida-mapa,FRA,1999,78.7457
wpp2024-esperanza-de-vida-mapa,FRA,2000,79.0438
wpp2024-esperanza-de-vida-mapa,FRA,2001,79.2208
wpp2024-esperanza-de-vida-mapa,FRA,2002,79.4109
wpp2024-esperanza-de-vida-mapa,FRA,2003,79.419
wpp2024-esperanza-de-vida-mapa,FRA,2004,80.3363
wpp2024-esperanza-de-vida-mapa,FRA,2005,80.3367
wpp2024-esperanza-de-vida-mapa,FRA,2006,80.7449
wpp2024-esperanza-de-vida-mapa,FRA,2007,80.9602
wpp2024-esperanza-de-vida-mapa,FRA,2008,81.0392
wpp2024-esperanza-de-vida-mapa,FRA,2009,81.1635
wpp2024-esperanza-de-vida-mapa,FRA,2010,81.4047
wpp2024-esperanza-de-vida-mapa,FRA,2011,81.781
wpp2024-esperanza-de-vida-mapa,FRA,2012,81.739
wpp2024-esperanza-de-vida-mapa,FRA,2013,81.9786
wpp2024-esperanza-de-vida-mapa,FRA,2014,82.4366
wpp2024-esperanza-de-vida-mapa,FRA,2015,82.1487
wpp2024-esperanza-de-vida-mapa,FRA,2016,82.4008
wpp2024-esperanza-de-vida-mapa,FRA,2017,82.4385
wpp2024-esperanza-de-vida-mapa,FRA,2018,82.5682
wpp2024-esperanza-de-vida-mapa,FRA,2019,82.7304
wpp2024-esperanza-de-vida-mapa,FRA,2020,82.1993
wpp2024-esperanza-de-vida-mapa,FRA,2021,82.3216
wpp2024-esperanza-de-vida-mapa,FRA,2022,82.4753
wpp2024-esperanza-de-vida-mapa,FRA,2023,83.3253
wpp2024-esperanza-de-vida-mapa,DEU,1950,66.8112
wpp2024-esperanza-de-vida-mapa,DEU,1951,67.1418
wpp2024-esperanza-de-vida-mapa,DEU,1952,67.4591
wpp2024-esperanza-de-vida-mapa,DEU,1953,67.7647
wpp2024-esperanza-de-vida-mapa,DEU,1954,68.0585
wpp2024-esperanza-de-vida-mapa,DEU,1955,68.3412
wpp2024-esperanza-de-vida-mapa,DEU,1956,68.5853
wpp2024-esperanza-de-vida-mapa,DEU,1957,68.4992
wpp2024-esperanza-de-vida-mapa,DEU,1958,69.2328
wpp2024-esperanza-de-vida-mapa,DEU,1959,69.3345
wpp2024-esperanza-de-vida-mapa,DEU,1960,69.2509
wpp2024-esperanza-de-vida-mapa,DEU,1961,69.837
wpp2024-esperanza-de-vida-mapa,DEU,1962,69.9991
wpp2024-esperanza-de-vida-mapa,DEU,1963,70.1167
wpp2024-esperanza-de-vida-mapa,DEU,1964,70.6493
wpp2024-esperanza-de-vida-mapa,DEU,1965,70.6251
wpp2024-esperanza-de-vida-mapa,DEU,1966,70.7413
wpp2024-esperanza-de-vida-mapa,DEU,1967,70.9581
wpp2024-esperanza-de-vida-mapa,DEU,1968,70.6078
wpp2024-esperanza-de-vida-mapa,DEU,1969,70.4581
wpp2024-esperanza-de-vida-mapa,DEU,1970,70.6782
wpp2024-esperanza-de-vida-mapa,DEU,1971,70.9119
wpp2024-esperanza-de-vida-mapa,DEU,1972,71.1482
wpp2024-esperanza-de-vida-mapa,DEU,1973,71.362
wpp2024-esperanza-de-vida-mapa,DEU,1974,71.6776
wpp2024-esperanza-de-vida-mapa,DEU,1975,71.5162
wpp2024-esperanza-de-vida-mapa,DEU,1976,71.9791
wpp2024-esperanza-de-vida-mapa,DEU,1977,72.5901
wpp2024-esperanza-de-vida-mapa,DEU,1978,72.5703
wpp2024-esperanza-de-vida-mapa,DEU,1979,72.9181
wpp2024-esperanza-de-vida-mapa,DEU,1980,73.0883
wpp2024-esperanza-de-vida-mapa,DEU,1981,73.331
wpp2024-esperanza-de-vida-mapa,DEU,1982,73.6277
wpp2024-esperanza-de-vida-mapa,DEU,1983,73.9176
wpp2024-esperanza-de-vida-mapa,DEU,1984,74.3796
wpp2024-esperanza-de-vida-mapa,DEU,1985,74.4919
wpp2024-esperanza-de-vida-mapa,DEU,1986,74.6953
wpp2024-esperanza-de-vida-mapa,DEU,1987,75.1073
wpp2024-esperanza-de-vida-mapa,DEU,1988,75.2806
wpp2024-esperanza-de-vida-mapa,DEU,1989,75.467
wpp2024-esperanza-de-vida-mapa,DEU,1990,75.3414
wpp2024-esperanza-de-vida-mapa,DEU,1991,75.5597
wpp2024-esperanza-de-vida-mapa,DEU,1992,76.0035
wpp2024-esperanza-de-vida-mapa,DEU,1993,76.0803
wpp2024-esperanza-de-vida-mapa,DEU,1994,76.3799
wpp2024-esperanza-de-vida-mapa,DEU,1995,76.5515
wpp2024-esperanza-de-vida-mapa,DEU,1996,76.7833
wpp2024-esperanza-de-vida-mapa,DEU,1997,77.2182
wpp2024-esperanza-de-vida-mapa,DEU,1998,77.5759
wpp2024-esperanza-de-vida-mapa,DEU,1999,77.7977
wpp2024-esperanza-de-vida-mapa,DEU,2000,78.0563
wpp2024-esperanza-de-vida-mapa,DEU,2001,78.4023
wpp2024-esperanza-de-vida-mapa,DEU,2002,78.4749
wpp2024-esperanza-de-vida-mapa,DEU,2003,78.5361
wpp2024-esperanza-de-vida-mapa,DEU,2004,79.1186
wpp2024-esperanza-de-vida-mapa,DEU,2005,79.254
wpp2024-esperanza-de-vida-mapa,DEU,2006,79.5862
wpp2024-esperanza-de-vida-mapa,DEU,2007,79.7306
wpp2024-esperanza-de-vida-mapa,DEU,2008,79.8161
wpp2024-esperanza-de-vida-mapa,DEU,2009,79.9151
wpp2024-esperanza-de-vida-mapa,DEU,2010,80.0814
wpp2024-esperanza-de-vida-mapa,DEU,2011,80.3549
wpp2024-esperanza-de-vida-mapa,DEU,2012,80.5017
wpp2024-esperanza-de-vida-mapa,DEU,2013,80.454
wpp2024-esperanza-de-vida-mapa,DEU,2014,80.9056
wpp2024-esperanza-de-vida-mapa,DEU,2015,80.5658
wpp2024-esperanza-de-vida-mapa,DEU,2016,80.8371
wpp2024-esperanza-de-vida-mapa,DEU,2017,80.9371
wpp2024-esperanza-de-vida-mapa,DEU,2018,80.8747
wpp2024-esperanza-de-vida-mapa,DEU,2019,81.1893
wpp2024-esperanza-de-vida-mapa,DEU,2020,81.0036
wpp2024-esperanza-de-vida-mapa,DEU,2021,81.1059
wpp2024-esperanza-de-vida-mapa,DEU,2022,80.5796
wpp2024-esperanza-de-vida-mapa,DEU,2023,81.3777
wpp2024-esperanza-de-vida-mapa,LIE,1950,65.3378
wpp2024-esperanza-de-vida-mapa,LIE,1951,65.8488
wpp2024-esperanza-de-vida-mapa,LIE,1952,66.2266
wpp2024-esperanza-de-vida-mapa,LIE,1953,66.887
wpp2024-esperanza-de-vida-mapa,LIE,1954,67.5483
wpp2024-esperanza-de-vida-mapa,LIE,1955,68.3079
wpp2024-esperanza-de-vida-mapa,LIE,1956,68.8896
wpp2024-esperanza-de-vida-mapa,LIE,1957,69.5825
wpp2024-esperanza-de-vida-mapa,LIE,1958,70.1143
wpp2024-esperanza-de-vida-mapa,LIE,1959,70.6007
wpp2024-esperanza-de-vida-mapa,LIE,1960,70.8957
wpp2024-esperanza-de-vida-mapa,LIE,1961,70.9701
wpp2024-esperanza-de-vida-mapa,LIE,1962,70.8757
wpp2024-esperanza-de-vida-mapa,LIE,1963,70.9323
wpp2024-esperanza-de-vida-mapa,LIE,1964,71.0747
wpp2024-esperanza-de-vida-mapa,LIE,1965,71.2406
wpp2024-esperanza-de-vida-mapa,LIE,1966,71.6387
wpp2024-esperanza-de-vida-mapa,LIE,1967,72.0218
wpp2024-esperanza-de-vida-mapa,LIE,1968,72.3471
wpp2024-esperanza-de-vida-mapa,LIE,1969,72.5542
wpp2024-esperanza-de-vida-mapa,LIE,1970,72.82
wpp2024-esperanza-de-vida-mapa,LIE,1971,73.0312
wpp2024-esperanza-de-vida-mapa,LIE,1972,73.3725
wpp2024-esperanza-de-vida-mapa,LIE,1973,73.6525
wpp2024-esperanza-de-vida-mapa,LIE,1974,74.0246
wpp2024-esperanza-de-vida-mapa,LIE,1975,74.3304
wpp2024-esperanza-de-vida-mapa,LIE,1976,74.5722
wpp2024-esperanza-de-vida-mapa,LIE,1977,74.7716
wpp2024-esperanza-de-vida-mapa,LIE,1978,74.7133
wpp2024-esperanza-de-vida-mapa,LIE,1979,74.7396
wpp2024-esperanza-de-vida-mapa,LIE,1980,74.7834
wpp2024-esperanza-de-vida-mapa,LIE,1981,74.9478
wpp2024-esperanza-de-vida-mapa,LIE,1982,75.0603
wpp2024-esperanza-de-vida-mapa,LIE,1983,75.7126
wpp2024-esperanza-de-vida-mapa,LIE,1984,76.1879
wpp2024-esperanza-de-vida-mapa,LIE,1985,76.7347
wpp2024-esperanza-de-vida-mapa,LIE,1986,77.2302
wpp2024-esperanza-de-vida-mapa,LIE,1987,77.753
wpp2024-esperanza-de-vida-mapa,LIE,1988,77.9933
wpp2024-esperanza-de-vida-mapa,LIE,1989,78.2839
wpp2024-esperanza-de-vida-mapa,LIE,1990,78.5098
wpp2024-esperanza-de-vida-mapa,LIE,1991,78.6597
wpp2024-esperanza-de-vida-mapa,LIE,1992,78.654
wpp2024-esperanza-de-vida-mapa,LIE,1993,78.4518
wpp2024-esperanza-de-vida-mapa,LIE,1994,78.1798
wpp2024-esperanza-de-vida-mapa,LIE,1995,77.9183
wpp2024-esperanza-de-vida-mapa,LIE,1996,77.6657
wpp2024-esperanza-de-vida-mapa,LIE,1997,77.596
wpp2024-esperanza-de-vida-mapa,LIE,1998,77.8058
wpp2024-esperanza-de-vida-mapa,LIE,1999,78.1507
wpp2024-esperanza-de-vida-mapa,LIE,2000,78.5757
wpp2024-esperanza-de-vida-mapa,LIE,2001,79.1936
wpp2024-esperanza-de-vida-mapa,LIE,2002,79.7588
wpp2024-esperanza-de-vida-mapa,LIE,2003,80.2377
wpp2024-esperanza-de-vida-mapa,LIE,2004,80.7331
wpp2024-esperanza-de-vida-mapa,LIE,2005,81.1169
wpp2024-esperanza-de-vida-mapa,LIE,2006,81.4029
wpp2024-esperanza-de-vida-mapa,LIE,2007,81.6389
wpp2024-esperanza-de-vida-mapa,LIE,2008,81.8552
wpp2024-esperanza-de-vida-mapa,LIE,2009,81.9374
wpp2024-esperanza-de-vida-mapa,LIE,2010,82.0538
wpp2024-esperanza-de-vida-mapa,LIE,2011,82.1571
wpp2024-esperanza-de-vida-mapa,LIE,2012,82.2544
wpp2024-esperanza-de-vida-mapa,LIE,2013,82.3739
wpp2024-esperanza-de-vida-mapa,LIE,2014,82.5465
wpp2024-esperanza-de-vida-mapa,LIE,2015,82.7618
wpp2024-esperanza-de-vida-mapa,LIE,2016,82.8949
wpp2024-esperanza-de-vida-mapa,LIE,2017,83.111
wpp2024-esperanza-de-vida-mapa,LIE,2018,83.269
wpp2024-esperanza-de-vida-mapa,LIE,2019,83.4047
wpp2024-esperanza-de-vida-mapa,LIE,2020,82.037
wpp2024-esperanza-de-vida-mapa,LIE,2021,82.7877
wpp2024-esperanza-de-vida-mapa,LIE,2022,83.4054
wpp2024-esperanza-de-vida-mapa,LIE,2023,83.6298
wpp2024-esperanza-de-vida-mapa,LUX,1950,65.5467
wpp2024-esperanza-de-vida-mapa,LUX,1951,65.8563
wpp2024-esperanza-de-vida-mapa,LUX,1952,66.1218
wpp2024-esperanza-de-vida-mapa,LUX,1953,66.3945
wpp2024-esperanza-de-vida-mapa,LUX,1954,66.6653
wpp2024-esperanza-de-vida-mapa,LUX,1955,67.3705
wpp2024-esperanza-de-vida-mapa,LUX,1956,67.1388
wpp2024-esperanza-de-vida-mapa,LUX,1957,66.8896
wpp2024-esperanza-de-vida-mapa,LUX,1958,68.4131
wpp2024-esperanza-de-vida-mapa,LUX,1959,68.3726
wpp2024-esperanza-de-vida-mapa,LUX,1960,68.7831
wpp2024-esperanza-de-vida-mapa,LUX,1961,69.1498
wpp2024-esperanza-de-vida-mapa,LUX,1962,68.4002
wpp2024-esperanza-de-vida-mapa,LUX,1963,68.6693
wpp2024-esperanza-de-vida-mapa,LUX,1964,68.8282
wpp2024-esperanza-de-vida-mapa,LUX,1965,69.2087
wpp2024-esperanza-de-vida-mapa,LUX,1966,68.9074
wpp2024-esperanza-de-vida-mapa,LUX,1967,69.4744
wpp2024-esperanza-de-vida-mapa,LUX,1968,69.994
wpp2024-esperanza-de-vida-mapa,LUX,1969,69.7169
wpp2024-esperanza-de-vida-mapa,LUX,1970,69.2259
wpp2024-esperanza-de-vida-mapa,LUX,1971,69.2462
wpp2024-esperanza-de-vida-mapa,LUX,1972,70.469
wpp2024-esperanza-de-vida-mapa,LUX,1973,70.3158
wpp2024-esperanza-de-vida-mapa,LUX,1974,70.2216
wpp2024-esperanza-de-vida-mapa,LUX,1975,70.3385
wpp2024-esperanza-de-vida-mapa,LUX,1976,70.2437
wpp2024-esperanza-de-vida-mapa,LUX,1977,71.4585
wpp2024-esperanza-de-vida-mapa,LUX,1978,71.4712
wpp2024-esperanza-de-vida-mapa,LUX,1979,72.2532
wpp2024-esperanza-de-vida-mapa,LUX,1980,72.3869
wpp2024-esperanza-de-vida-mapa,LUX,1981,72.0768
wpp2024-esperanza-de-vida-mapa,LUX,1982,72.1571
wpp2024-esperanza-de-vida-mapa,LUX,1983,72.9783
wpp2024-esperanza-de-vida-mapa,LUX,1984,72.7176
wpp2024-esperanza-de-vida-mapa,LUX,1985,73.2839
wpp2024-esperanza-de-vida-mapa,LUX,1986,74.0853
wpp2024-esperanza-de-vida-mapa,LUX,1987,73.867
wpp2024-esperanza-de-vida-mapa,LUX,1988,74.2769
wpp2024-esperanza-de-vida-mapa,LUX,1989,74.2857
wpp2024-esperanza-de-vida-mapa,LUX,1990,74.9674
wpp2024-esperanza-de-vida-mapa,LUX,1991,74.9643
wpp2024-esperanza-de-vida-mapa,LUX,1992,74.7464
wpp2024-esperanza-de-vida-mapa,LUX,1993,75.4257
wpp2024-esperanza-de-vida-mapa,LUX,1994,75.9312
wpp2024-esperanza-de-vida-mapa,LUX,1995,75.8777
wpp2024-esperanza-de-vida-mapa,LUX,1996,76.1684
wpp2024-esperanza-de-vida-mapa,LUX,1997,76.3903
wpp2024-esperanza-de-vida-mapa,LUX,1998,76.5712
wpp2024-esperanza-de-vida-mapa,LUX,1999,76.9864
wpp2024-esperanza-de-vida-mapa,LUX,2000,77.2635
wpp2024-esperanza-de-vida-mapa,LUX,2001,77.5298
wpp2024-esperanza-de-vida-mapa,LUX,2002,77.5518
wpp2024-esperanza-de-vida-mapa,LUX,2003,77.2624
wpp2024-esperanza-de-vida-mapa,LUX,2004,78.6583
wpp2024-esperanza-de-vida-mapa,LUX,2005,78.8786
wpp2024-esperanza-de-vida-mapa,LUX,2006,78.8384
wpp2024-esperanza-de-vida-mapa,LUX,2007,79.1157
wpp2024-esperanza-de-vida-mapa,LUX,2008,80.1066
wpp2024-esperanza-de-vida-mapa,LUX,2009,79.9074
wpp2024-esperanza-de-vida-mapa,LUX,2010,80.0987
wpp2024-esperanza-de-vida-mapa,LUX,2011,80.2848
wpp2024-esperanza-de-vida-mapa,LUX,2012,80.4383
wpp2024-esperanza-de-vida-mapa,LUX,2013,80.8544
wpp2024-esperanza-de-vida-mapa,LUX,2014,81.2359
wpp2024-esperanza-de-vida-mapa,LUX,2015,81.2561
wpp2024-esperanza-de-vida-mapa,LUX,2016,81.6199
wpp2024-esperanza-de-vida-mapa,LUX,2017,81.0892
wpp2024-esperanza-de-vida-mapa,LUX,2018,81.5187
wpp2024-esperanza-de-vida-mapa,LUX,2019,81.5879
wpp2024-esperanza-de-vida-mapa,LUX,2020,81.4108
wpp2024-esperanza-de-vida-mapa,LUX,2021,81.8392
wpp2024-esperanza-de-vida-mapa,LUX,2022,82.2007
wpp2024-esperanza-de-vida-mapa,LUX,2023,82.2294
wpp2024-esperanza-de-vida-mapa,MCO,1950,68.0003
wpp2024-esperanza-de-vida-mapa,MCO,1951,68.3578
wpp2024-esperanza-de-vida-mapa,MCO,1952,68.9097
wpp2024-esperanza-de-vida-mapa,MCO,1953,69.5604
wpp2024-esperanza-de-vida-mapa,MCO,1954,70.0291
wpp2024-esperanza-de-vida-mapa,MCO,1955,70.4102
wpp2024-esperanza-de-vida-mapa,MCO,1956,70.7233
wpp2024-esperanza-de-vida-mapa,MCO,1957,70.8671
wpp2024-esperanza-de-vida-mapa,MCO,1958,71.0988
wpp2024-esperanza-de-vida-mapa,MCO,1959,71.3547
wpp2024-esperanza-de-vida-mapa,MCO,1960,71.8614
wpp2024-esperanza-de-vida-mapa,MCO,1961,72.1773
wpp2024-esperanza-de-vida-mapa,MCO,1962,72.4374
wpp2024-esperanza-de-vida-mapa,MCO,1963,72.4764
wpp2024-esperanza-de-vida-mapa,MCO,1964,72.7064
wpp2024-esperanza-de-vida-mapa,MCO,1965,72.8663
wpp2024-esperanza-de-vida-mapa,MCO,1966,73.03
wpp2024-esperanza-de-vida-mapa,MCO,1967,73.0579
wpp2024-esperanza-de-vida-mapa,MCO,1968,73.1696
wpp2024-esperanza-de-vida-mapa,MCO,1969,73.2493
wpp2024-esperanza-de-vida-mapa,MCO,1970,73.3485
wpp2024-esperanza-de-vida-mapa,MCO,1971,73.365
wpp2024-esperanza-de-vida-mapa,MCO,1972,73.3806
wpp2024-esperanza-de-vida-mapa,MCO,1973,73.374
wpp2024-esperanza-de-vida-mapa,MCO,1974,73.4215
wpp2024-esperanza-de-vida-mapa,MCO,1975,73.5226
wpp2024-esperanza-de-vida-mapa,MCO,1976,73.7974
wpp2024-esperanza-de-vida-mapa,MCO,1977,74.1934
wpp2024-esperanza-de-vida-mapa,MCO,1978,74.6563
wpp2024-esperanza-de-vida-mapa,MCO,1979,74.87
wpp2024-esperanza-de-vida-mapa,MCO,1980,74.9484
wpp2024-esperanza-de-vida-mapa,MCO,1981,74.9528
wpp2024-esperanza-de-vida-mapa,MCO,1982,75.2555
wpp2024-esperanza-de-vida-mapa,MCO,1983,75.6974
wpp2024-esperanza-de-vida-mapa,MCO,1984,76.3935
wpp2024-esperanza-de-vida-mapa,MCO,1985,77.3626
wpp2024-esperanza-de-vida-mapa,MCO,1986,78.3999
wpp2024-esperanza-de-vida-mapa,MCO,1987,79.2571
wpp2024-esperanza-de-vida-mapa,MCO,1988,79.4083
wpp2024-esperanza-de-vida-mapa,MCO,1989,79.4156
wpp2024-esperanza-de-vida-mapa,MCO,1990,79.4356
wpp2024-esperanza-de-vida-mapa,MCO,1991,79.7494
wpp2024-esperanza-de-vida-mapa,MCO,1992,80.0654
wpp2024-esperanza-de-vida-mapa,MCO,1993,80.3646
wpp2024-esperanza-de-vida-mapa,MCO,1994,80.6543
wpp2024-esperanza-de-vida-mapa,MCO,1995,80.9021
wpp2024-esperanza-de-vida-mapa,MCO,1996,81.1335
wpp2024-esperanza-de-vida-mapa,MCO,1997,81.358
wpp2024-esperanza-de-vida-mapa,MCO,1998,81.6054
wpp2024-esperanza-de-vida-mapa,MCO,1999,81.8264
wpp2024-esperanza-de-vida-mapa,MCO,2000,82.1207
wpp2024-esperanza-de-vida-mapa,MCO,2001,82.485
wpp2024-esperanza-de-vida-mapa,MCO,2002,83.0547
wpp2024-esperanza-de-vida-mapa,MCO,2003,83.6128
wpp2024-esperanza-de-vida-mapa,MCO,2004,84.1511
wpp2024-esperanza-de-vida-mapa,MCO,2005,84.3396
wpp2024-esperanza-de-vida-mapa,MCO,2006,84.1944
wpp2024-esperanza-de-vida-mapa,MCO,2007,83.9034
wpp2024-esperanza-de-vida-mapa,MCO,2008,83.8271
wpp2024-esperanza-de-vida-mapa,MCO,2009,84.1871
wpp2024-esperanza-de-vida-mapa,MCO,2010,84.6441
wpp2024-esperanza-de-vida-mapa,MCO,2011,85.0099
wpp2024-esperanza-de-vida-mapa,MCO,2012,85.0451
wpp2024-esperanza-de-vida-mapa,MCO,2013,85.0557
wpp2024-esperanza-de-vida-mapa,MCO,2014,85.0925
wpp2024-esperanza-de-vida-mapa,MCO,2015,85.3231
wpp2024-esperanza-de-vida-mapa,MCO,2016,85.6302
wpp2024-esperanza-de-vida-mapa,MCO,2017,85.8784
wpp2024-esperanza-de-vida-mapa,MCO,2018,86.0843
wpp2024-esperanza-de-vida-mapa,MCO,2019,86.1507
wpp2024-esperanza-de-vida-mapa,MCO,2020,86.0893
wpp2024-esperanza-de-vida-mapa,MCO,2021,85.1126
wpp2024-esperanza-de-vida-mapa,MCO,2022,85.7464
wpp2024-esperanza-de-vida-mapa,MCO,2023,86.3724
wpp2024-esperanza-de-vida-mapa,NLD,1950,71.4403
wpp2024-esperanza-de-vida-mapa,NLD,1951,71.4982
wpp2024-esperanza-de-vida-mapa,NLD,1952,72.1175
wpp2024-esperanza-de-vida-mapa,NLD,1953,71.6981
wpp2024-esperanza-de-vida-mapa,NLD,1954,72.3856
wpp2024-esperanza-de-vida-mapa,NLD,1955,72.4989
wpp2024-esperanza-de-vida-mapa,NLD,1956,72.525
wpp2024-esperanza-de-vida-mapa,NLD,1957,72.9716
wpp2024-esperanza-de-vida-mapa,NLD,1958,73.1365
wpp2024-esperanza-de-vida-mapa,NLD,1959,73.1863
wpp2024-esperanza-de-vida-mapa,NLD,1960,73.3538
wpp2024-esperanza-de-vida-mapa,NLD,1961,73.5503
wpp2024-esperanza-de-vida-mapa,NLD,1962,73.2232
wpp2024-esperanza-de-vida-mapa,NLD,1963,73.3506
wpp2024-esperanza-de-vida-mapa,NLD,1964,73.7356
wpp2024-esperanza-de-vida-mapa,NLD,1965,73.6055
wpp2024-esperanza-de-vida-mapa,NLD,1966,73.5541
wpp2024-esperanza-de-vida-mapa,NLD,1967,73.8313
wpp2024-esperanza-de-vida-mapa,NLD,1968,73.6374
wpp2024-esperanza-de-vida-mapa,NLD,1969,73.5603
wpp2024-esperanza-de-vida-mapa,NLD,1970,73.6279
wpp2024-esperanza-de-vida-mapa,NLD,1971,73.8712
wpp2024-esperanza-de-vida-mapa,NLD,1972,73.7829
wpp2024-esperanza-de-vida-mapa,NLD,1973,74.23
wpp2024-esperanza-de-vida-mapa,NLD,1974,74.6073
wpp2024-esperanza-de-vida-mapa,NLD,1975,74.5546
wpp2024-esperanza-de-vida-mapa,NLD,1976,74.6717
wpp2024-esperanza-de-vida-mapa,NLD,1977,75.2652
wpp2024-esperanza-de-vida-mapa,NLD,1978,75.174
wpp2024-esperanza-de-vida-mapa,NLD,1979,75.6466
wpp2024-esperanza-de-vida-mapa,NLD,1980,75.7719
wpp2024-esperanza-de-vida-mapa,NLD,1981,75.9906
wpp2024-esperanza-de-vida-mapa,NLD,1982,76.0614
wpp2024-esperanza-de-vida-mapa,NLD,1983,76.2551
wpp2024-esperanza-de-vida-mapa,NLD,1984,76.3272
wpp2024-esperanza-de-vida-mapa,NLD,1985,76.3758
wpp2024-esperanza-de-vida-mapa,NLD,1986,76.3549
wpp2024-esperanza-de-vida-mapa,NLD,1987,76.8133
wpp2024-esperanza-de-vida-mapa,NLD,1988,77.0001
wpp2024-esperanza-de-vida-mapa,NLD,1989,76.8363
wpp2024-esperanza-de-vida-mapa,NLD,1990,77.0122
wpp2024-esperanza-de-vida-mapa,NLD,1991,77.1617
wpp2024-esperanza-de-vida-mapa,NLD,1992,77.3648
wpp2024-esperanza-de-vida-mapa,NLD,1993,77.0408
wpp2024-esperanza-de-vida-mapa,NLD,1994,77.5183
wpp2024-esperanza-de-vida-mapa,NLD,1995,77.5512
wpp2024-esperanza-de-vida-mapa,NLD,1996,77.5561
wpp2024-esperanza-de-vida-mapa,NLD,1997,77.9311
wpp2024-esperanza-de-vida-mapa,NLD,1998,78.0044
wpp2024-esperanza-de-vida-mapa,NLD,1999,77.9678
wpp2024-esperanza-de-vida-mapa,NLD,2000,78.13
wpp2024-esperanza-de-vida-mapa,NLD,2001,78.3379
wpp2024-esperanza-de-vida-mapa,NLD,2002,78.4119
wpp2024-esperanza-de-vida-mapa,NLD,2003,78.6649
wpp2024-esperanza-de-vida-mapa,NLD,2004,79.2389
wpp2024-esperanza-de-vida-mapa,NLD,2005,79.488
wpp2024-esperanza-de-vida-mapa,NLD,2006,79.8466
wpp2024-esperanza-de-vida-mapa,NLD,2007,80.255
wpp2024-esperanza-de-vida-mapa,NLD,2008,80.3866
wpp2024-esperanza-de-vida-mapa,NLD,2009,80.6712
wpp2024-esperanza-de-vida-mapa,NLD,2010,80.8293
wpp2024-esperanza-de-vida-mapa,NLD,2011,81.1096
wpp2024-esperanza-de-vida-mapa,NLD,2012,81.059
wpp2024-esperanza-de-vida-mapa,NLD,2013,81.3011
wpp2024-esperanza-de-vida-mapa,NLD,2014,81.6503
wpp2024-esperanza-de-vida-mapa,NLD,2015,81.49
wpp2024-esperanza-de-vida-mapa,NLD,2016,81.5549
wpp2024-esperanza-de-vida-mapa,NLD,2017,81.7366
wpp2024-esperanza-de-vida-mapa,NLD,2018,81.7813
wpp2024-esperanza-de-vida-mapa,NLD,2019,82.053
wpp2024-esperanza-de-vida-mapa,NLD,2020,81.3931
wpp2024-esperanza-de-vida-mapa,NLD,2021,81.356
wpp2024-esperanza-de-vida-mapa,NLD,2022,81.9121
wpp2024-esperanza-de-vida-mapa,NLD,2023,82.1576
wpp2024-esperanza-de-vida-mapa,CHE,1950,68.9133
wpp2024-esperanza-de-vida-mapa,CHE,1951,68.6939
wpp2024-esperanza-de-vida-mapa,CHE,1952,69.5876
wpp2024-esperanza-de-vida-mapa,CHE,1953,69.5183
wpp2024-esperanza-de-vida-mapa,CHE,1954,69.9846
wpp2024-esperanza-de-vida-mapa,CHE,1955,70.0701
wpp2024-esperanza-de-vida-mapa,CHE,1956,70.1987
wpp2024-esperanza-de-vida-mapa,CHE,1957,70.5385
wpp2024-esperanza-de-vida-mapa,CHE,1958,71.2912
wpp2024-esperanza-de-vida-mapa,CHE,1959,71.4531
wpp2024-esperanza-de-vida-mapa,CHE,1960,71.4137
wpp2024-esperanza-de-vida-mapa,CHE,1961,71.7428
wpp2024-esperanza-de-vida-mapa,CHE,1962,71.3027
wpp2024-esperanza-de-vida-mapa,CHE,1963,71.2924
wpp2024-esperanza-de-vida-mapa,CHE,1964,72.1791
wpp2024-esperanza-de-vida-mapa,CHE,1965,72.318
wpp2024-esperanza-de-vida-mapa,CHE,1966,72.4497
wpp2024-esperanza-de-vida-mapa,CHE,1967,72.7412
wpp2024-esperanza-de-vida-mapa,CHE,1968,72.7054
wpp2024-esperanza-de-vida-mapa,CHE,1969,72.7176
wpp2024-esperanza-de-vida-mapa,CHE,1970,73.1238
wpp2024-esperanza-de-vida-mapa,CHE,1971,73.2406
wpp2024-esperanza-de-vida-mapa,CHE,1972,73.7591
wpp2024-esperanza-de-vida-mapa,CHE,1973,74.0598
wpp2024-esperanza-de-vida-mapa,CHE,1974,74.4013
wpp2024-esperanza-de-vida-mapa,CHE,1975,74.7913
wpp2024-esperanza-de-vida-mapa,CHE,1976,74.9059
wpp2024-esperanza-de-vida-mapa,CHE,1977,75.3673
wpp2024-esperanza-de-vida-mapa,CHE,1978,75.3079
wpp2024-esperanza-de-vida-mapa,CHE,1979,75.6078
wpp2024-esperanza-de-vida-mapa,CHE,1980,75.5898
wpp2024-esperanza-de-vida-mapa,CHE,1981,75.8183
wpp2024-esperanza-de-vida-mapa,CHE,1982,76.1624
wpp2024-esperanza-de-vida-mapa,CHE,1983,76.1574
wpp2024-esperanza-de-vida-mapa,CHE,1984,76.756
wpp2024-esperanza-de-vida-mapa,CHE,1985,76.882
wpp2024-esperanza-de-vida-mapa,CHE,1986,77.0403
wpp2024-esperanza-de-vida-mapa,CHE,1987,77.3317
wpp2024-esperanza-de-vida-mapa,CHE,1988,77.3646
wpp2024-esperanza-de-vida-mapa,CHE,1989,77.5573
wpp2024-esperanza-de-vida-mapa,CHE,1990,77.3851
wpp2024-esperanza-de-vida-mapa,CHE,1991,77.6485
wpp2024-esperanza-de-vida-mapa,CHE,1992,77.9441
wpp2024-esperanza-de-vida-mapa,CHE,1993,78.2335
wpp2024-esperanza-de-vida-mapa,CHE,1994,78.4946
wpp2024-esperanza-de-vida-mapa,CHE,1995,78.565
wpp2024-esperanza-de-vida-mapa,CHE,1996,79.0494
wpp2024-esperanza-de-vida-mapa,CHE,1997,79.2329
wpp2024-esperanza-de-vida-mapa,CHE,1998,79.4752
wpp2024-esperanza-de-vida-mapa,CHE,1999,79.7235
wpp2024-esperanza-de-vida-mapa,CHE,2000,79.834
wpp2024-esperanza-de-vida-mapa,CHE,2001,80.2511
wpp2024-esperanza-de-vida-mapa,CHE,2002,80.4438
wpp2024-esperanza-de-vida-mapa,CHE,2003,80.5325
wpp2024-esperanza-de-vida-mapa,CHE,2004,81.0549
wpp2024-esperanza-de-vida-mapa,CHE,2005,81.2362
wpp2024-esperanza-de-vida-mapa,CHE,2006,81.5495
wpp2024-esperanza-de-vida-mapa,CHE,2007,81.7028
wpp2024-esperanza-de-vida-mapa,CHE,2008,81.9709
wpp2024-esperanza-de-vida-mapa,CHE,2009,81.9891
wpp2024-esperanza-de-vida-mapa,CHE,2010,82.2873
wpp2024-esperanza-de-vida-mapa,CHE,2011,82.5738
wpp2024-esperanza-de-vida-mapa,CHE,2012,82.6167
wpp2024-esperanza-de-vida-mapa,CHE,2013,82.6892
wpp2024-esperanza-de-vida-mapa,CHE,2014,83.0841
wpp2024-esperanza-de-vida-mapa,CHE,2015,82.8461
wpp2024-esperanza-de-vida-mapa,CHE,2016,83.4457
wpp2024-esperanza-de-vida-mapa,CHE,2017,83.414
wpp2024-esperanza-de-vida-mapa,CHE,2018,83.5639
wpp2024-esperanza-de-vida-mapa,CHE,2019,83.7804
wpp2024-esperanza-de-vida-mapa,CHE,2020,83.0626
wpp2024-esperanza-de-vida-mapa,CHE,2021,83.6477
wpp2024-esperanza-de-vida-mapa,CHE,2022,83.2003
wpp2024-esperanza-de-vida-mapa,CHE,2023,83.9536
wpp2024-esperanza-de-vida-mapa,AIA,1950,55.0563
wpp2024-esperanza-de-vida-mapa,AIA,1951,55.5932
wpp2024-esperanza-de-vida-mapa,AIA,1952,56.0813
wpp2024-esperanza-de-vida-mapa,AIA,1953,56.5817
wpp2024-esperanza-de-vida-mapa,AIA,1954,57.0804
wpp2024-esperanza-de-vida-mapa,AIA,1955,57.608
wpp2024-esperanza-de-vida-mapa,AIA,1956,58.17
wpp2024-esperanza-de-vida-mapa,AIA,1957,58.7162
wpp2024-esperanza-de-vida-mapa,AIA,1958,59.2601
wpp2024-esperanza-de-vida-mapa,AIA,1959,59.8471
wpp2024-esperanza-de-vida-mapa,AIA,1960,58.8326
wpp2024-esperanza-de-vida-mapa,AIA,1961,60.9241
wpp2024-esperanza-de-vida-mapa,AIA,1962,61.4229
wpp2024-esperanza-de-vida-mapa,AIA,1963,61.9086
wpp2024-esperanza-de-vida-mapa,AIA,1964,62.3898
wpp2024-esperanza-de-vida-mapa,AIA,1965,62.8846
wpp2024-esperanza-de-vida-mapa,AIA,1966,63.3496
wpp2024-esperanza-de-vida-mapa,AIA,1967,63.7414
wpp2024-esperanza-de-vida-mapa,AIA,1968,64.1432
wpp2024-esperanza-de-vida-mapa,AIA,1969,64.5294
wpp2024-esperanza-de-vida-mapa,AIA,1970,65.0005
wpp2024-esperanza-de-vida-mapa,AIA,1971,65.4591
wpp2024-esperanza-de-vida-mapa,AIA,1972,65.8726
wpp2024-esperanza-de-vida-mapa,AIA,1973,66.2469
wpp2024-esperanza-de-vida-mapa,AIA,1974,66.6363
wpp2024-esperanza-de-vida-mapa,AIA,1975,67.0556
wpp2024-esperanza-de-vida-mapa,AIA,1976,67.4381
wpp2024-esperanza-de-vida-mapa,AIA,1977,67.8226
wpp2024-esperanza-de-vida-mapa,AIA,1978,68.2252
wpp2024-esperanza-de-vida-mapa,AIA,1979,68.6017
wpp2024-esperanza-de-vida-mapa,AIA,1980,68.919
wpp2024-esperanza-de-vida-mapa,AIA,1981,69.2531
wpp2024-esperanza-de-vida-mapa,AIA,1982,69.5705
wpp2024-esperanza-de-vida-mapa,AIA,1983,69.8947
wpp2024-esperanza-de-vida-mapa,AIA,1984,70.1622
wpp2024-esperanza-de-vida-mapa,AIA,1985,70.4311
wpp2024-esperanza-de-vida-mapa,AIA,1986,70.7542
wpp2024-esperanza-de-vida-mapa,AIA,1987,71.0717
wpp2024-esperanza-de-vida-mapa,AIA,1988,71.3964
wpp2024-esperanza-de-vida-mapa,AIA,1989,71.7765
wpp2024-esperanza-de-vida-mapa,AIA,1990,72.0868
wpp2024-esperanza-de-vida-mapa,AIA,1991,72.4463
wpp2024-esperanza-de-vida-mapa,AIA,1992,72.7807
wpp2024-esperanza-de-vida-mapa,AIA,1993,73.12
wpp2024-esperanza-de-vida-mapa,AIA,1994,73.4412
wpp2024-esperanza-de-vida-mapa,AIA,1995,73.7432
wpp2024-esperanza-de-vida-mapa,AIA,1996,74.0452
wpp2024-esperanza-de-vida-mapa,AIA,1997,74.3392
wpp2024-esperanza-de-vida-mapa,AIA,1998,74.6097
wpp2024-esperanza-de-vida-mapa,AIA,1999,74.8918
wpp2024-esperanza-de-vida-mapa,AIA,2000,75.1471
wpp2024-esperanza-de-vida-mapa,AIA,2001,75.3965
wpp2024-esperanza-de-vida-mapa,AIA,2002,75.6564
wpp2024-esperanza-de-vida-mapa,AIA,2003,75.8948
wpp2024-esperanza-de-vida-mapa,AIA,2004,76.1355
wpp2024-esperanza-de-vida-mapa,AIA,2005,76.3362
wpp2024-esperanza-de-vida-mapa,AIA,2006,76.5687
wpp2024-esperanza-de-vida-mapa,AIA,2007,76.7519
wpp2024-esperanza-de-vida-mapa,AIA,2008,76.9019
wpp2024-esperanza-de-vida-mapa,AIA,2009,77.0431
wpp2024-esperanza-de-vida-mapa,AIA,2010,77.2078
wpp2024-esperanza-de-vida-mapa,AIA,2011,77.3048
wpp2024-esperanza-de-vida-mapa,AIA,2012,77.4058
wpp2024-esperanza-de-vida-mapa,AIA,2013,77.6236
wpp2024-esperanza-de-vida-mapa,AIA,2014,77.6962
wpp2024-esperanza-de-vida-mapa,AIA,2015,77.7411
wpp2024-esperanza-de-vida-mapa,AIA,2016,77.8764
wpp2024-esperanza-de-vida-mapa,AIA,2017,77.1738
wpp2024-esperanza-de-vida-mapa,AIA,2018,78.2359
wpp2024-esperanza-de-vida-mapa,AIA,2019,78.4253
wpp2024-esperanza-de-vida-mapa,AIA,2020,78.6562
wpp2024-esperanza-de-vida-mapa,AIA,2021,78.4144
wpp2024-esperanza-de-vida-mapa,AIA,2022,79.1194
wpp2024-esperanza-de-vida-mapa,AIA,2023,79.3115
wpp2024-esperanza-de-vida-mapa,ATG,1950,58.0996
wpp2024-esperanza-de-vida-mapa,ATG,1951,58.6041
wpp2024-esperanza-de-vida-mapa,ATG,1952,59.0191
wpp2024-esperanza-de-vida-mapa,ATG,1953,59.4337
wpp2024-esperanza-de-vida-mapa,ATG,1954,59.8337
wpp2024-esperanza-de-vida-mapa,ATG,1955,60.2496
wpp2024-esperanza-de-vida-mapa,ATG,1956,60.6663
wpp2024-esperanza-de-vida-mapa,ATG,1957,61.1069
wpp2024-esperanza-de-vida-mapa,ATG,1958,61.594
wpp2024-esperanza-de-vida-mapa,ATG,1959,62.129
wpp2024-esperanza-de-vida-mapa,ATG,1960,62.6351
wpp2024-esperanza-de-vida-mapa,ATG,1961,63.3352
wpp2024-esperanza-de-vida-mapa,ATG,1962,63.9955
wpp2024-esperanza-de-vida-mapa,ATG,1963,64.6969
wpp2024-esperanza-de-vida-mapa,ATG,1964,65.4281
wpp2024-esperanza-de-vida-mapa,ATG,1965,66.1711
wpp2024-esperanza-de-vida-mapa,ATG,1966,66.9018
wpp2024-esperanza-de-vida-mapa,ATG,1967,67.5864
wpp2024-esperanza-de-vida-mapa,ATG,1968,68.2297
wpp2024-esperanza-de-vida-mapa,ATG,1969,68.8274
wpp2024-esperanza-de-vida-mapa,ATG,1970,69.3709
wpp2024-esperanza-de-vida-mapa,ATG,1971,69.8607
wpp2024-esperanza-de-vida-mapa,ATG,1972,70.3044
wpp2024-esperanza-de-vida-mapa,ATG,1973,70.7102
wpp2024-esperanza-de-vida-mapa,ATG,1974,71.095
wpp2024-esperanza-de-vida-mapa,ATG,1975,71.4474
wpp2024-esperanza-de-vida-mapa,ATG,1976,71.7944
wpp2024-esperanza-de-vida-mapa,ATG,1977,72.1487
wpp2024-esperanza-de-vida-mapa,ATG,1978,72.4997
wpp2024-esperanza-de-vida-mapa,ATG,1979,72.8235
wpp2024-esperanza-de-vida-mapa,ATG,1980,73.0936
wpp2024-esperanza-de-vida-mapa,ATG,1981,73.3205
wpp2024-esperanza-de-vida-mapa,ATG,1982,73.5245
wpp2024-esperanza-de-vida-mapa,ATG,1983,73.6838
wpp2024-esperanza-de-vida-mapa,ATG,1984,73.8077
wpp2024-esperanza-de-vida-mapa,ATG,1985,73.8727
wpp2024-esperanza-de-vida-mapa,ATG,1986,73.8927
wpp2024-esperanza-de-vida-mapa,ATG,1987,73.8734
wpp2024-esperanza-de-vida-mapa,ATG,1988,73.8107
wpp2024-esperanza-de-vida-mapa,ATG,1989,73.6281
wpp2024-esperanza-de-vida-mapa,ATG,1990,73.6024
wpp2024-esperanza-de-vida-mapa,ATG,1991,73.4716
wpp2024-esperanza-de-vida-mapa,ATG,1992,73.3864
wpp2024-esperanza-de-vida-mapa,ATG,1993,73.3902
wpp2024-esperanza-de-vida-mapa,ATG,1994,73.4934
wpp2024-esperanza-de-vida-mapa,ATG,1995,73.5759
wpp2024-esperanza-de-vida-mapa,ATG,1996,73.8389
wpp2024-esperanza-de-vida-mapa,ATG,1997,74.0454
wpp2024-esperanza-de-vida-mapa,ATG,1998,74.1873
wpp2024-esperanza-de-vida-mapa,ATG,1999,74.456
wpp2024-esperanza-de-vida-mapa,ATG,2000,74.8191
wpp2024-esperanza-de-vida-mapa,ATG,2001,75.1082
wpp2024-esperanza-de-vida-mapa,ATG,2002,75.237
wpp2024-esperanza-de-vida-mapa,ATG,2003,75.3125
wpp2024-esperanza-de-vida-mapa,ATG,2004,75.3295
wpp2024-esperanza-de-vida-mapa,ATG,2005,75.3638
wpp2024-esperanza-de-vida-mapa,ATG,2006,75.5059
wpp2024-esperanza-de-vida-mapa,ATG,2007,75.72
wpp2024-esperanza-de-vida-mapa,ATG,2008,76.0753
wpp2024-esperanza-de-vida-mapa,ATG,2009,76.3856
wpp2024-esperanza-de-vida-mapa,ATG,2010,76.7013
wpp2024-esperanza-de-vida-mapa,ATG,2011,77.0227
wpp2024-esperanza-de-vida-mapa,ATG,2012,77.1
wpp2024-esperanza-de-vida-mapa,ATG,2013,77.0496
wpp2024-esperanza-de-vida-mapa,ATG,2014,76.9122
wpp2024-esperanza-de-vida-mapa,ATG,2015,76.8924
wpp2024-esperanza-de-vida-mapa,ATG,2016,76.9684
wpp2024-esperanza-de-vida-mapa,ATG,2017,77.0296
wpp2024-esperanza-de-vida-mapa,ATG,2018,77.1325
wpp2024-esperanza-de-vida-mapa,ATG,2019,77.1681
wpp2024-esperanza-de-vida-mapa,ATG,2020,77.1613
wpp2024-esperanza-de-vida-mapa,ATG,2021,77.197
wpp2024-esperanza-de-vida-mapa,ATG,2022,77.4833
wpp2024-esperanza-de-vida-mapa,ATG,2023,77.5976
wpp2024-esperanza-de-vida-mapa,ABW,1950,57.9872
wpp2024-esperanza-de-vida-mapa,ABW,1951,58.7287
wpp2024-esperanza-de-vida-mapa,ABW,1952,59.4455
wpp2024-esperanza-de-vida-mapa,ABW,1953,60.1194
wpp2024-esperanza-de-vida-mapa,ABW,1954,60.8166
wpp2024-esperanza-de-vida-mapa,ABW,1955,61.4522
wpp2024-esperanza-de-vida-mapa,ABW,1956,62.0445
wpp2024-esperanza-de-vida-mapa,ABW,1957,62.6002
wpp2024-esperanza-de-vida-mapa,ABW,1958,63.1536
wpp2024-esperanza-de-vida-mapa,ABW,1959,63.6106
wpp2024-esperanza-de-vida-mapa,ABW,1960,64.0488
wpp2024-esperanza-de-vida-mapa,ABW,1961,64.2147
wpp2024-esperanza-de-vida-mapa,ABW,1962,64.602
wpp2024-esperanza-de-vida-mapa,ABW,1963,64.9444
wpp2024-esperanza-de-vida-mapa,ABW,1964,65.3026
wpp2024-esperanza-de-vida-mapa,ABW,1965,65.6151
wpp2024-esperanza-de-vida-mapa,ABW,1966,66.1264
wpp2024-esperanza-de-vida-mapa,ABW,1967,66.3849
wpp2024-esperanza-de-vida-mapa,ABW,1968,66.7436
wpp2024-esperanza-de-vida-mapa,ABW,1969,67.0981
wpp2024-esperanza-de-vida-mapa,ABW,1970,67.4402
wpp2024-esperanza-de-vida-mapa,ABW,1971,67.7826
wpp2024-esperanza-de-vida-mapa,ABW,1972,68.3349
wpp2024-esperanza-de-vida-mapa,ABW,1973,68.8617
wpp2024-esperanza-de-vida-mapa,ABW,1974,69.2782
wpp2024-esperanza-de-vida-mapa,ABW,1975,69.5637
wpp2024-esperanza-de-vida-mapa,ABW,1976,69.8083
wpp2024-esperanza-de-vida-mapa,ABW,1977,70.0538
wpp2024-esperanza-de-vida-mapa,ABW,1978,70.2709
wpp2024-esperanza-de-vida-mapa,ABW,1979,70.5072
wpp2024-esperanza-de-vida-mapa,ABW,1980,70.7712
wpp2024-esperanza-de-vida-mapa,ABW,1981,71.3443
wpp2024-esperanza-de-vida-mapa,ABW,1982,71.4848
wpp2024-esperanza-de-vida-mapa,ABW,1983,71.606
wpp2024-esperanza-de-vida-mapa,ABW,1984,71.7107
wpp2024-esperanza-de-vida-mapa,ABW,1985,71.7918
wpp2024-esperanza-de-vida-mapa,ABW,1986,71.8306
wpp2024-esperanza-de-vida-mapa,ABW,1987,72.4476
wpp2024-esperanza-de-vida-mapa,ABW,1988,72.5187
wpp2024-esperanza-de-vida-mapa,ABW,1989,72.5308
wpp2024-esperanza-de-vida-mapa,ABW,1990,72.546
wpp2024-esperanza-de-vida-mapa,ABW,1991,72.5921
wpp2024-esperanza-de-vida-mapa,ABW,1992,72.7174
wpp2024-esperanza-de-vida-mapa,ABW,1993,72.7767
wpp2024-esperanza-de-vida-mapa,ABW,1994,72.796
wpp2024-esperanza-de-vida-mapa,ABW,1995,72.8322
wpp2024-esperanza-de-vida-mapa,ABW,1996,72.8561
wpp2024-esperanza-de-vida-mapa,ABW,1997,72.904
wpp2024-esperanza-de-vida-mapa,ABW,1998,72.9397
wpp2024-esperanza-de-vida-mapa,ABW,1999,72.8568
wpp2024-esperanza-de-vida-mapa,ABW,2000,72.9393
wpp2024-esperanza-de-vida-mapa,ABW,2001,73.0437
wpp2024-esperanza-de-vida-mapa,ABW,2002,73.1355
wpp2024-esperanza-de-vida-mapa,ABW,2003,73.2362
wpp2024-esperanza-de-vida-mapa,ABW,2004,73.223
wpp2024-esperanza-de-vida-mapa,ABW,2005,73.4152
wpp2024-esperanza-de-vida-mapa,ABW,2006,73.4984
wpp2024-esperanza-de-vida-mapa,ABW,2007,73.6421
wpp2024-esperanza-de-vida-mapa,ABW,2008,73.7833
wpp2024-esperanza-de-vida-mapa,ABW,2009,73.9738
wpp2024-esperanza-de-vida-mapa,ABW,2010,74.2973
wpp2024-esperanza-de-vida-mapa,ABW,2011,74.5776
wpp2024-esperanza-de-vida-mapa,ABW,2012,74.8415
wpp2024-esperanza-de-vida-mapa,ABW,2013,75.0718
wpp2024-esperanza-de-vida-mapa,ABW,2014,75.261
wpp2024-esperanza-de-vida-mapa,ABW,2015,75.4054
wpp2024-esperanza-de-vida-mapa,ABW,2016,75.5398
wpp2024-esperanza-de-vida-mapa,ABW,2017,75.6203
wpp2024-esperanza-de-vida-mapa,ABW,2018,75.8797
wpp2024-esperanza-de-vida-mapa,ABW,2019,76.0193
wpp2024-esperanza-de-vida-mapa,ABW,2020,75.4061
wpp2024-esperanza-de-vida-mapa,ABW,2021,73.655
wpp2024-esperanza-de-vida-mapa,ABW,2022,76.2258
wpp2024-esperanza-de-vida-mapa,ABW,2023,76.353
wpp2024-esperanza-de-vida-mapa,BHS,1950,58.8933
wpp2024-esperanza-de-vida-mapa,BHS,1951,59.2012
wpp2024-esperanza-de-vida-mapa,BHS,1952,59.5782
wpp2024-esperanza-de-vida-mapa,BHS,1953,59.9504
wpp2024-esperanza-de-vida-mapa,BHS,1954,60.3145
wpp2024-esperanza-de-vida-mapa,BHS,1955,60.6517
wpp2024-esperanza-de-vida-mapa,BHS,1956,61.0134
wpp2024-esperanza-de-vida-mapa,BHS,1957,61.3714
wpp2024-esperanza-de-vida-mapa,BHS,1958,61.7374
wpp2024-esperanza-de-vida-mapa,BHS,1959,62.0846
wpp2024-esperanza-de-vida-mapa,BHS,1960,62.4539
wpp2024-esperanza-de-vida-mapa,BHS,1961,62.8134
wpp2024-esperanza-de-vida-mapa,BHS,1962,63.1868
wpp2024-esperanza-de-vida-mapa,BHS,1963,63.532
wpp2024-esperanza-de-vida-mapa,BHS,1964,63.8965
wpp2024-esperanza-de-vida-mapa,BHS,1965,64.2723
wpp2024-esperanza-de-vida-mapa,BHS,1966,64.5887
wpp2024-esperanza-de-vida-mapa,BHS,1967,65.0297
wpp2024-esperanza-de-vida-mapa,BHS,1968,65.3994
wpp2024-esperanza-de-vida-mapa,BHS,1969,65.7731
wpp2024-esperanza-de-vida-mapa,BHS,1970,66.1634
wpp2024-esperanza-de-vida-mapa,BHS,1971,66.5265
wpp2024-esperanza-de-vida-mapa,BHS,1972,66.781
wpp2024-esperanza-de-vida-mapa,BHS,1973,67.1471
wpp2024-esperanza-de-vida-mapa,BHS,1974,67.5849
wpp2024-esperanza-de-vida-mapa,BHS,1975,68.1404
wpp2024-esperanza-de-vida-mapa,BHS,1976,68.5293
wpp2024-esperanza-de-vida-mapa,BHS,1977,68.762
wpp2024-esperanza-de-vida-mapa,BHS,1978,68.873
wpp2024-esperanza-de-vida-mapa,BHS,1979,68.9596
wpp2024-esperanza-de-vida-mapa,BHS,1980,69.0905
wpp2024-esperanza-de-vida-mapa,BHS,1981,69.3678
wpp2024-esperanza-de-vida-mapa,BHS,1982,69.6818
wpp2024-esperanza-de-vida-mapa,BHS,1983,70.0033
wpp2024-esperanza-de-vida-mapa,BHS,1984,70.1918
wpp2024-esperanza-de-vida-mapa,BHS,1985,70.2892
wpp2024-esperanza-de-vida-mapa,BHS,1986,70.3156
wpp2024-esperanza-de-vida-mapa,BHS,1987,70.3829
wpp2024-esperanza-de-vida-mapa,BHS,1988,70.5079
wpp2024-esperanza-de-vida-mapa,BHS,1989,70.7188
wpp2024-esperanza-de-vida-mapa,BHS,1990,70.9449
wpp2024-esperanza-de-vida-mapa,BHS,1991,71.1826
wpp2024-esperanza-de-vida-mapa,BHS,1992,71.2981
wpp2024-esperanza-de-vida-mapa,BHS,1993,71.4202
wpp2024-esperanza-de-vida-mapa,BHS,1994,71.4292
wpp2024-esperanza-de-vida-mapa,BHS,1995,71.4225
wpp2024-esperanza-de-vida-mapa,BHS,1996,71.4638
wpp2024-esperanza-de-vida-mapa,BHS,1997,71.5975
wpp2024-esperanza-de-vida-mapa,BHS,1998,71.8399
wpp2024-esperanza-de-vida-mapa,BHS,1999,72.1465
wpp2024-esperanza-de-vida-mapa,BHS,2000,72.4812
wpp2024-esperanza-de-vida-mapa,BHS,2001,72.7654
wpp2024-esperanza-de-vida-mapa,BHS,2002,73.0234
wpp2024-esperanza-de-vida-mapa,BHS,2003,73.2126
wpp2024-esperanza-de-vida-mapa,BHS,2004,73.235
wpp2024-esperanza-de-vida-mapa,BHS,2005,73.4132
wpp2024-esperanza-de-vida-mapa,BHS,2006,73.4558
wpp2024-esperanza-de-vida-mapa,BHS,2007,73.4628
wpp2024-esperanza-de-vida-mapa,BHS,2008,73.4454
wpp2024-esperanza-de-vida-mapa,BHS,2009,73.4551
wpp2024-esperanza-de-vida-mapa,BHS,2010,73.4487
wpp2024-esperanza-de-vida-mapa,BHS,2011,73.5712
wpp2024-esperanza-de-vida-mapa,BHS,2012,73.7069
wpp2024-esperanza-de-vida-mapa,BHS,2013,73.9304
wpp2024-esperanza-de-vida-mapa,BHS,2014,74.0286
wpp2024-esperanza-de-vida-mapa,BHS,2015,73.8047
wpp2024-esperanza-de-vida-mapa,BHS,2016,74.0421
wpp2024-esperanza-de-vida-mapa,BHS,2017,74.0314
wpp2024-esperanza-de-vida-mapa,BHS,2018,74.062
wpp2024-esperanza-de-vida-mapa,BHS,2019,71.4084
wpp2024-esperanza-de-vida-mapa,BHS,2020,72.9936
wpp2024-esperanza-de-vida-mapa,BHS,2021,70.752
wpp2024-esperanza-de-vida-mapa,BHS,2022,74.4911
wpp2024-esperanza-de-vida-mapa,BHS,2023,74.5518
wpp2024-esperanza-de-vida-mapa,BRB,1950,53.5923
wpp2024-esperanza-de-vida-mapa,BRB,1951,54.7061
wpp2024-esperanza-de-vida-mapa,BRB,1952,55.9316
wpp2024-esperanza-de-vida-mapa,BRB,1953,56.9651
wpp2024-esperanza-de-vida-mapa,BRB,1954,58.3155
wpp2024-esperanza-de-vida-mapa,BRB,1955,59.0043
wpp2024-esperanza-de-vida-mapa,BRB,1956,60.5421
wpp2024-esperanza-de-vida-mapa,BRB,1957,61.6557
wpp2024-esperanza-de-vida-mapa,BRB,1958,62.4496
wpp2024-esperanza-de-vida-mapa,BRB,1959,63.3071
wpp2024-esperanza-de-vida-mapa,BRB,1960,64.1488
wpp2024-esperanza-de-vida-mapa,BRB,1961,65.0326
wpp2024-esperanza-de-vida-mapa,BRB,1962,65.7154
wpp2024-esperanza-de-vida-mapa,BRB,1963,66.2045
wpp2024-esperanza-de-vida-mapa,BRB,1964,66.6783
wpp2024-esperanza-de-vida-mapa,BRB,1965,67.2358
wpp2024-esperanza-de-vida-mapa,BRB,1966,67.7099
wpp2024-esperanza-de-vida-mapa,BRB,1967,67.9196
wpp2024-esperanza-de-vida-mapa,BRB,1968,68.1997
wpp2024-esperanza-de-vida-mapa,BRB,1969,68.5038
wpp2024-esperanza-de-vida-mapa,BRB,1970,68.5182
wpp2024-esperanza-de-vida-mapa,BRB,1971,68.7865
wpp2024-esperanza-de-vida-mapa,BRB,1972,69.1321
wpp2024-esperanza-de-vida-mapa,BRB,1973,69.1082
wpp2024-esperanza-de-vida-mapa,BRB,1974,69.3795
wpp2024-esperanza-de-vida-mapa,BRB,1975,69.7897
wpp2024-esperanza-de-vida-mapa,BRB,1976,70.114
wpp2024-esperanza-de-vida-mapa,BRB,1977,70.6397
wpp2024-esperanza-de-vida-mapa,BRB,1978,71.1428
wpp2024-esperanza-de-vida-mapa,BRB,1979,71.5491
wpp2024-esperanza-de-vida-mapa,BRB,1980,72.1289
wpp2024-esperanza-de-vida-mapa,BRB,1981,72.6299
wpp2024-esperanza-de-vida-mapa,BRB,1982,72.9027
wpp2024-esperanza-de-vida-mapa,BRB,1983,73.1557
wpp2024-esperanza-de-vida-mapa,BRB,1984,73.3018
wpp2024-esperanza-de-vida-mapa,BRB,1985,73.3155
wpp2024-esperanza-de-vida-mapa,BRB,1986,73.4165
wpp2024-esperanza-de-vida-mapa,BRB,1987,73.4625
wpp2024-esperanza-de-vida-mapa,BRB,1988,73.4306
wpp2024-esperanza-de-vida-mapa,BRB,1989,73.3746
wpp2024-esperanza-de-vida-mapa,BRB,1990,73.4625
wpp2024-esperanza-de-vida-mapa,BRB,1991,73.5431
wpp2024-esperanza-de-vida-mapa,BRB,1992,73.6101
wpp2024-esperanza-de-vida-mapa,BRB,1993,73.7394
wpp2024-esperanza-de-vida-mapa,BRB,1994,73.7551
wpp2024-esperanza-de-vida-mapa,BRB,1995,73.8796
wpp2024-esperanza-de-vida-mapa,BRB,1996,74.0647
wpp2024-esperanza-de-vida-mapa,BRB,1997,73.9884
wpp2024-esperanza-de-vida-mapa,BRB,1998,74.4652
wpp2024-esperanza-de-vida-mapa,BRB,1999,74.5868
wpp2024-esperanza-de-vida-mapa,BRB,2000,74.5803
wpp2024-esperanza-de-vida-mapa,BRB,2001,74.7065
wpp2024-esperanza-de-vida-mapa,BRB,2002,74.8203
wpp2024-esperanza-de-vida-mapa,BRB,2003,74.8653
wpp2024-esperanza-de-vida-mapa,BRB,2004,75.1499
wpp2024-esperanza-de-vida-mapa,BRB,2005,74.9602
wpp2024-esperanza-de-vida-mapa,BRB,2006,75.0485
wpp2024-esperanza-de-vida-mapa,BRB,2007,75.2625
wpp2024-esperanza-de-vida-mapa,BRB,2008,75.3002
wpp2024-esperanza-de-vida-mapa,BRB,2009,75.4582
wpp2024-esperanza-de-vida-mapa,BRB,2010,75.4882
wpp2024-esperanza-de-vida-mapa,BRB,2011,75.5985
wpp2024-esperanza-de-vida-mapa,BRB,2012,75.7373
wpp2024-esperanza-de-vida-mapa,BRB,2013,75.816
wpp2024-esperanza-de-vida-mapa,BRB,2014,75.9263
wpp2024-esperanza-de-vida-mapa,BRB,2015,76.0546
wpp2024-esperanza-de-vida-mapa,BRB,2016,76.1681
wpp2024-esperanza-de-vida-mapa,BRB,2017,76.2365
wpp2024-esperanza-de-vida-mapa,BRB,2018,76.3784
wpp2024-esperanza-de-vida-mapa,BRB,2019,76.4951
wpp2024-esperanza-de-vida-mapa,BRB,2020,76.6465
wpp2024-esperanza-de-vida-mapa,BRB,2021,76.5797
wpp2024-esperanza-de-vida-mapa,BRB,2022,75.6761
wpp2024-esperanza-de-vida-mapa,BRB,2023,76.1782
wpp2024-esperanza-de-vida-mapa,VGB,1950,53.3495
wpp2024-esperanza-de-vida-mapa,VGB,1951,54.2581
wpp2024-esperanza-de-vida-mapa,VGB,1952,55.2191
wpp2024-esperanza-de-vida-mapa,VGB,1953,56.2327
wpp2024-esperanza-de-vida-mapa,VGB,1954,57.3683
wpp2024-esperanza-de-vida-mapa,VGB,1955,58.4246
wpp2024-esperanza-de-vida-mapa,VGB,1956,59.5029
wpp2024-esperanza-de-vida-mapa,VGB,1957,60.5182
wpp2024-esperanza-de-vida-mapa,VGB,1958,61.3889
wpp2024-esperanza-de-vida-mapa,VGB,1959,62.1708
wpp2024-esperanza-de-vida-mapa,VGB,1960,62.7089
wpp2024-esperanza-de-vida-mapa,VGB,1961,63.2738
wpp2024-esperanza-de-vida-mapa,VGB,1962,63.8276
wpp2024-esperanza-de-vida-mapa,VGB,1963,64.3129
wpp2024-esperanza-de-vida-mapa,VGB,1964,64.7568
wpp2024-esperanza-de-vida-mapa,VGB,1965,65.1493
wpp2024-esperanza-de-vida-mapa,VGB,1966,65.4964
wpp2024-esperanza-de-vida-mapa,VGB,1967,65.8571
wpp2024-esperanza-de-vida-mapa,VGB,1968,66.0225
wpp2024-esperanza-de-vida-mapa,VGB,1969,66.2445
wpp2024-esperanza-de-vida-mapa,VGB,1970,66.4075
wpp2024-esperanza-de-vida-mapa,VGB,1971,66.6649
wpp2024-esperanza-de-vida-mapa,VGB,1972,66.8986
wpp2024-esperanza-de-vida-mapa,VGB,1973,67.191
wpp2024-esperanza-de-vida-mapa,VGB,1974,67.6524
wpp2024-esperanza-de-vida-mapa,VGB,1975,68.0693
wpp2024-esperanza-de-vida-mapa,VGB,1976,68.408
wpp2024-esperanza-de-vida-mapa,VGB,1977,68.6799
wpp2024-esperanza-de-vida-mapa,VGB,1978,69.0285
wpp2024-esperanza-de-vida-mapa,VGB,1979,69.315
wpp2024-esperanza-de-vida-mapa,VGB,1980,69.6448
wpp2024-esperanza-de-vida-mapa,VGB,1981,69.9062
wpp2024-esperanza-de-vida-mapa,VGB,1982,70.1376
wpp2024-esperanza-de-vida-mapa,VGB,1983,70.3742
wpp2024-esperanza-de-vida-mapa,VGB,1984,70.7114
wpp2024-esperanza-de-vida-mapa,VGB,1985,70.9873
wpp2024-esperanza-de-vida-mapa,VGB,1986,71.2524
wpp2024-esperanza-de-vida-mapa,VGB,1987,71.4921
wpp2024-esperanza-de-vida-mapa,VGB,1988,71.7629
wpp2024-esperanza-de-vida-mapa,VGB,1989,72.0379
wpp2024-esperanza-de-vida-mapa,VGB,1990,72.392
wpp2024-esperanza-de-vida-mapa,VGB,1991,72.7502
wpp2024-esperanza-de-vida-mapa,VGB,1992,73.109
wpp2024-esperanza-de-vida-mapa,VGB,1993,73.4314
wpp2024-esperanza-de-vida-mapa,VGB,1994,73.7938
wpp2024-esperanza-de-vida-mapa,VGB,1995,74.0892
wpp2024-esperanza-de-vida-mapa,VGB,1996,74.3408
wpp2024-esperanza-de-vida-mapa,VGB,1997,74.4693
wpp2024-esperanza-de-vida-mapa,VGB,1998,74.5687
wpp2024-esperanza-de-vida-mapa,VGB,1999,74.6516
wpp2024-esperanza-de-vida-mapa,VGB,2000,74.753
wpp2024-esperanza-de-vida-mapa,VGB,2001,74.8308
wpp2024-esperanza-de-vida-mapa,VGB,2002,74.9708
wpp2024-esperanza-de-vida-mapa,VGB,2003,75.1831
wpp2024-esperanza-de-vida-mapa,VGB,2004,75.4043
wpp2024-esperanza-de-vida-mapa,VGB,2005,75.5694
wpp2024-esperanza-de-vida-mapa,VGB,2006,75.7453
wpp2024-esperanza-de-vida-mapa,VGB,2007,75.8932
wpp2024-esperanza-de-vida-mapa,VGB,2008,76.0696
wpp2024-esperanza-de-vida-mapa,VGB,2009,76.205
wpp2024-esperanza-de-vida-mapa,VGB,2010,76.2892
wpp2024-esperanza-de-vida-mapa,VGB,2011,76.363
wpp2024-esperanza-de-vida-mapa,VGB,2012,76.4335
wpp2024-esperanza-de-vida-mapa,VGB,2013,76.4721
wpp2024-esperanza-de-vida-mapa,VGB,2014,76.5271
wpp2024-esperanza-de-vida-mapa,VGB,2015,76.5582
wpp2024-esperanza-de-vida-mapa,VGB,2016,76.6242
wpp2024-esperanza-de-vida-mapa,VGB,2017,75.6699
wpp2024-esperanza-de-vida-mapa,VGB,2018,76.7281
wpp2024-esperanza-de-vida-mapa,VGB,2019,76.8452
wpp2024-esperanza-de-vida-mapa,VGB,2020,76.8941
wpp2024-esperanza-de-vida-mapa,VGB,2021,75.297
wpp2024-esperanza-de-vida-mapa,VGB,2022,77.177
wpp2024-esperanza-de-vida-mapa,VGB,2023,77.2758
wpp2024-esperanza-de-vida-mapa,CYM,1950,54.005
wpp2024-esperanza-de-vida-mapa,CYM,1951,54.4927
wpp2024-esperanza-de-vida-mapa,CYM,1952,54.964
wpp2024-esperanza-de-vida-mapa,CYM,1953,55.4229
wpp2024-esperanza-de-vida-mapa,CYM,1954,55.883
wpp2024-esperanza-de-vida-mapa,CYM,1955,56.3688
wpp2024-esperanza-de-vida-mapa,CYM,1956,56.8062
wpp2024-esperanza-de-vida-mapa,CYM,1957,57.2612
wpp2024-esperanza-de-vida-mapa,CYM,1958,57.7321
wpp2024-esperanza-de-vida-mapa,CYM,1959,58.238
wpp2024-esperanza-de-vida-mapa,CYM,1960,58.7824
wpp2024-esperanza-de-vida-mapa,CYM,1961,59.4265
wpp2024-esperanza-de-vida-mapa,CYM,1962,60.0896
wpp2024-esperanza-de-vida-mapa,CYM,1963,60.7796
wpp2024-esperanza-de-vida-mapa,CYM,1964,61.4364
wpp2024-esperanza-de-vida-mapa,CYM,1965,62.1863
wpp2024-esperanza-de-vida-mapa,CYM,1966,62.8412
wpp2024-esperanza-de-vida-mapa,CYM,1967,63.2046
wpp2024-esperanza-de-vida-mapa,CYM,1968,63.5971
wpp2024-esperanza-de-vida-mapa,CYM,1969,63.9655
wpp2024-esperanza-de-vida-mapa,CYM,1970,64.3832
wpp2024-esperanza-de-vida-mapa,CYM,1971,64.8266
wpp2024-esperanza-de-vida-mapa,CYM,1972,65.3647
wpp2024-esperanza-de-vida-mapa,CYM,1973,65.8895
wpp2024-esperanza-de-vida-mapa,CYM,1974,66.4887
wpp2024-esperanza-de-vida-mapa,CYM,1975,67.0444
wpp2024-esperanza-de-vida-mapa,CYM,1976,67.5488
wpp2024-esperanza-de-vida-mapa,CYM,1977,68.0803
wpp2024-esperanza-de-vida-mapa,CYM,1978,68.5334
wpp2024-esperanza-de-vida-mapa,CYM,1979,69.02
wpp2024-esperanza-de-vida-mapa,CYM,1980,69.4873
wpp2024-esperanza-de-vida-mapa,CYM,1981,69.9507
wpp2024-esperanza-de-vida-mapa,CYM,1982,70.4068
wpp2024-esperanza-de-vida-mapa,CYM,1983,70.8389
wpp2024-esperanza-de-vida-mapa,CYM,1984,71.1874
wpp2024-esperanza-de-vida-mapa,CYM,1985,71.5575
wpp2024-esperanza-de-vida-mapa,CYM,1986,71.8688
wpp2024-esperanza-de-vida-mapa,CYM,1987,72.13
wpp2024-esperanza-de-vida-mapa,CYM,1988,72.3513
wpp2024-esperanza-de-vida-mapa,CYM,1989,72.5452
wpp2024-esperanza-de-vida-mapa,CYM,1990,72.7439
wpp2024-esperanza-de-vida-mapa,CYM,1991,72.9112
wpp2024-esperanza-de-vida-mapa,CYM,1992,73.0882
wpp2024-esperanza-de-vida-mapa,CYM,1993,73.2499
wpp2024-esperanza-de-vida-mapa,CYM,1994,73.42
wpp2024-esperanza-de-vida-mapa,CYM,1995,73.5972
wpp2024-esperanza-de-vida-mapa,CYM,1996,73.7403
wpp2024-esperanza-de-vida-mapa,CYM,1997,73.9038
wpp2024-esperanza-de-vida-mapa,CYM,1998,74.08
wpp2024-esperanza-de-vida-mapa,CYM,1999,74.2318
wpp2024-esperanza-de-vida-mapa,CYM,2000,74.3779
wpp2024-esperanza-de-vida-mapa,CYM,2001,74.5295
wpp2024-esperanza-de-vida-mapa,CYM,2002,74.6095
wpp2024-esperanza-de-vida-mapa,CYM,2003,74.6388
wpp2024-esperanza-de-vida-mapa,CYM,2004,74.5957
wpp2024-esperanza-de-vida-mapa,CYM,2005,74.8632
wpp2024-esperanza-de-vida-mapa,CYM,2006,75.0002
wpp2024-esperanza-de-vida-mapa,CYM,2007,75.1518
wpp2024-esperanza-de-vida-mapa,CYM,2008,75.3859
wpp2024-esperanza-de-vida-mapa,CYM,2009,75.6706
wpp2024-esperanza-de-vida-mapa,CYM,2010,76.0687
wpp2024-esperanza-de-vida-mapa,CYM,2011,76.5618
wpp2024-esperanza-de-vida-mapa,CYM,2012,77.1205
wpp2024-esperanza-de-vida-mapa,CYM,2013,77.6516
wpp2024-esperanza-de-vida-mapa,CYM,2014,77.8646
wpp2024-esperanza-de-vida-mapa,CYM,2015,78.1191
wpp2024-esperanza-de-vida-mapa,CYM,2016,78.3669
wpp2024-esperanza-de-vida-mapa,CYM,2017,78.6149
wpp2024-esperanza-de-vida-mapa,CYM,2018,78.8355
wpp2024-esperanza-de-vida-mapa,CYM,2019,79.0516
wpp2024-esperanza-de-vida-mapa,CYM,2020,79.2299
wpp2024-esperanza-de-vida-mapa,CYM,2021,79.2996
wpp2024-esperanza-de-vida-mapa,CYM,2022,79.9841
wpp2024-esperanza-de-vida-mapa,CYM,2023,80.3576
wpp2024-esperanza-de-vida-mapa,CUB,1950,58.9889
wpp2024-esperanza-de-vida-mapa,CUB,1951,59.4082
wpp2024-esperanza-de-vida-mapa,CUB,1952,59.8299
wpp2024-esperanza-de-vida-mapa,CUB,1953,60.2446
wpp2024-esperanza-de-vida-mapa,CUB,1954,60.6925
wpp2024-esperanza-de-vida-mapa,CUB,1955,61.1524
wpp2024-esperanza-de-vida-mapa,CUB,1956,61.4837
wpp2024-esperanza-de-vida-mapa,CUB,1957,61.9036
wpp2024-esperanza-de-vida-mapa,CUB,1958,62.3186
wpp2024-esperanza-de-vida-mapa,CUB,1959,62.8294
wpp2024-esperanza-de-vida-mapa,CUB,1960,63.3157
wpp2024-esperanza-de-vida-mapa,CUB,1961,63.7433
wpp2024-esperanza-de-vida-mapa,CUB,1962,64.3743
wpp2024-esperanza-de-vida-mapa,CUB,1963,64.3467
wpp2024-esperanza-de-vida-mapa,CUB,1964,65.2636
wpp2024-esperanza-de-vida-mapa,CUB,1965,65.6364
wpp2024-esperanza-de-vida-mapa,CUB,1966,66.0738
wpp2024-esperanza-de-vida-mapa,CUB,1967,66.5145
wpp2024-esperanza-de-vida-mapa,CUB,1968,66.9439
wpp2024-esperanza-de-vida-mapa,CUB,1969,67.3576
wpp2024-esperanza-de-vida-mapa,CUB,1970,67.9354
wpp2024-esperanza-de-vida-mapa,CUB,1971,68.4318
wpp2024-esperanza-de-vida-mapa,CUB,1972,68.9491
wpp2024-esperanza-de-vida-mapa,CUB,1973,69.3475
wpp2024-esperanza-de-vida-mapa,CUB,1974,69.8674
wpp2024-esperanza-de-vida-mapa,CUB,1975,70.3749
wpp2024-esperanza-de-vida-mapa,CUB,1976,70.8779
wpp2024-esperanza-de-vida-mapa,CUB,1977,71.4113
wpp2024-esperanza-de-vida-mapa,CUB,1978,71.8899
wpp2024-esperanza-de-vida-mapa,CUB,1979,72.272
wpp2024-esperanza-de-vida-mapa,CUB,1980,72.6027
wpp2024-esperanza-de-vida-mapa,CUB,1981,72.9963
wpp2024-esperanza-de-vida-mapa,CUB,1982,73.4393
wpp2024-esperanza-de-vida-mapa,CUB,1983,73.564
wpp2024-esperanza-de-vida-mapa,CUB,1984,73.5515
wpp2024-esperanza-de-vida-mapa,CUB,1985,73.4641
wpp2024-esperanza-de-vida-mapa,CUB,1986,73.5578
wpp2024-esperanza-de-vida-mapa,CUB,1987,73.5956
wpp2024-esperanza-de-vida-mapa,CUB,1988,73.7243
wpp2024-esperanza-de-vida-mapa,CUB,1989,73.6899
wpp2024-esperanza-de-vida-mapa,CUB,1990,73.8228
wpp2024-esperanza-de-vida-mapa,CUB,1991,73.7566
wpp2024-esperanza-de-vida-mapa,CUB,1992,73.8464
wpp2024-esperanza-de-vida-mapa,CUB,1993,73.8735
wpp2024-esperanza-de-vida-mapa,CUB,1994,74.0922
wpp2024-esperanza-de-vida-mapa,CUB,1995,74.3461
wpp2024-esperanza-de-vida-mapa,CUB,1996,74.6904
wpp2024-esperanza-de-vida-mapa,CUB,1997,75.0636
wpp2024-esperanza-de-vida-mapa,CUB,1998,75.4123
wpp2024-esperanza-de-vida-mapa,CUB,1999,75.7191
wpp2024-esperanza-de-vida-mapa,CUB,2000,75.9224
wpp2024-esperanza-de-vida-mapa,CUB,2001,76.4287
wpp2024-esperanza-de-vida-mapa,CUB,2002,76.7655
wpp2024-esperanza-de-vida-mapa,CUB,2003,77.4048
wpp2024-esperanza-de-vida-mapa,CUB,2004,77.3261
wpp2024-esperanza-de-vida-mapa,CUB,2005,77.5401
wpp2024-esperanza-de-vida-mapa,CUB,2006,77.4055
wpp2024-esperanza-de-vida-mapa,CUB,2007,77.5503
wpp2024-esperanza-de-vida-mapa,CUB,2008,77.5891
wpp2024-esperanza-de-vida-mapa,CUB,2009,77.5835
wpp2024-esperanza-de-vida-mapa,CUB,2010,77.8757
wpp2024-esperanza-de-vida-mapa,CUB,2011,78.0506
wpp2024-esperanza-de-vida-mapa,CUB,2012,78.1618
wpp2024-esperanza-de-vida-mapa,CUB,2013,78.0279
wpp2024-esperanza-de-vida-mapa,CUB,2014,77.8245
wpp2024-esperanza-de-vida-mapa,CUB,2015,77.7453
wpp2024-esperanza-de-vida-mapa,CUB,2016,77.5706
wpp2024-esperanza-de-vida-mapa,CUB,2017,77.3003
wpp2024-esperanza-de-vida-mapa,CUB,2018,77.4259
wpp2024-esperanza-de-vida-mapa,CUB,2019,77.4133
wpp2024-esperanza-de-vida-mapa,CUB,2020,77.4075
wpp2024-esperanza-de-vida-mapa,CUB,2021,73.2006
wpp2024-esperanza-de-vida-mapa,CUB,2022,77.6291
wpp2024-esperanza-de-vida-mapa,CUB,2023,78.0855
wpp2024-esperanza-de-vida-mapa,CUW,1950,60.2906
wpp2024-esperanza-de-vida-mapa,CUW,1951,60.9666
wpp2024-esperanza-de-vida-mapa,CUW,1952,61.5868
wpp2024-esperanza-de-vida-mapa,CUW,1953,62.1379
wpp2024-esperanza-de-vida-mapa,CUW,1954,62.7141
wpp2024-esperanza-de-vida-mapa,CUW,1955,63.2611
wpp2024-esperanza-de-vida-mapa,CUW,1956,63.7617
wpp2024-esperanza-de-vida-mapa,CUW,1957,64.2472
wpp2024-esperanza-de-vida-mapa,CUW,1958,64.6557
wpp2024-esperanza-de-vida-mapa,CUW,1959,65.0801
wpp2024-esperanza-de-vida-mapa,CUW,1960,65.4064
wpp2024-esperanza-de-vida-mapa,CUW,1961,65.745
wpp2024-esperanza-de-vida-mapa,CUW,1962,66.0269
wpp2024-esperanza-de-vida-mapa,CUW,1963,66.3116
wpp2024-esperanza-de-vida-mapa,CUW,1964,66.5904
wpp2024-esperanza-de-vida-mapa,CUW,1965,66.8618
wpp2024-esperanza-de-vida-mapa,CUW,1966,67.1357
wpp2024-esperanza-de-vida-mapa,CUW,1967,67.4047
wpp2024-esperanza-de-vida-mapa,CUW,1968,67.6697
wpp2024-esperanza-de-vida-mapa,CUW,1969,67.9286
wpp2024-esperanza-de-vida-mapa,CUW,1970,68.2303
wpp2024-esperanza-de-vida-mapa,CUW,1971,68.5055
wpp2024-esperanza-de-vida-mapa,CUW,1972,68.8111
wpp2024-esperanza-de-vida-mapa,CUW,1973,69.0924
wpp2024-esperanza-de-vida-mapa,CUW,1974,69.3938
wpp2024-esperanza-de-vida-mapa,CUW,1975,69.6718
wpp2024-esperanza-de-vida-mapa,CUW,1976,69.9507
wpp2024-esperanza-de-vida-mapa,CUW,1977,70.2023
wpp2024-esperanza-de-vida-mapa,CUW,1978,70.4453
wpp2024-esperanza-de-vida-mapa,CUW,1979,70.716
wpp2024-esperanza-de-vida-mapa,CUW,1980,70.9511
wpp2024-esperanza-de-vida-mapa,CUW,1981,71.1746
wpp2024-esperanza-de-vida-mapa,CUW,1982,71.3775
wpp2024-esperanza-de-vida-mapa,CUW,1983,71.5343
wpp2024-esperanza-de-vida-mapa,CUW,1984,71.7147
wpp2024-esperanza-de-vida-mapa,CUW,1985,71.8674
wpp2024-esperanza-de-vida-mapa,CUW,1986,71.9957
wpp2024-esperanza-de-vida-mapa,CUW,1987,72.1389
wpp2024-esperanza-de-vida-mapa,CUW,1988,72.2303
wpp2024-esperanza-de-vida-mapa,CUW,1989,72.1513
wpp2024-esperanza-de-vida-mapa,CUW,1990,72.4386
wpp2024-esperanza-de-vida-mapa,CUW,1991,72.5356
wpp2024-esperanza-de-vida-mapa,CUW,1992,72.65
wpp2024-esperanza-de-vida-mapa,CUW,1993,72.7027
wpp2024-esperanza-de-vida-mapa,CUW,1994,72.7911
wpp2024-esperanza-de-vida-mapa,CUW,1995,72.8305
wpp2024-esperanza-de-vida-mapa,CUW,1996,72.9449
wpp2024-esperanza-de-vida-mapa,CUW,1997,73.0349
wpp2024-esperanza-de-vida-mapa,CUW,1998,73.0839
wpp2024-esperanza-de-vida-mapa,CUW,1999,73.174
wpp2024-esperanza-de-vida-mapa,CUW,2000,73.2829
wpp2024-esperanza-de-vida-mapa,CUW,2001,73.3602
wpp2024-esperanza-de-vida-mapa,CUW,2002,73.4722
wpp2024-esperanza-de-vida-mapa,CUW,2003,73.6031
wpp2024-esperanza-de-vida-mapa,CUW,2004,73.7354
wpp2024-esperanza-de-vida-mapa,CUW,2005,73.8731
wpp2024-esperanza-de-vida-mapa,CUW,2006,73.9777
wpp2024-esperanza-de-vida-mapa,CUW,2007,74.1368
wpp2024-esperanza-de-vida-mapa,CUW,2008,74.3137
wpp2024-esperanza-de-vida-mapa,CUW,2009,74.4853
wpp2024-esperanza-de-vida-mapa,CUW,2010,75.1167
wpp2024-esperanza-de-vida-mapa,CUW,2011,75.5757
wpp2024-esperanza-de-vida-mapa,CUW,2012,75.9604
wpp2024-esperanza-de-vida-mapa,CUW,2013,76.2386
wpp2024-esperanza-de-vida-mapa,CUW,2014,76.3837
wpp2024-esperanza-de-vida-mapa,CUW,2015,76.4823
wpp2024-esperanza-de-vida-mapa,CUW,2016,76.3222
wpp2024-esperanza-de-vida-mapa,CUW,2017,76.4226
wpp2024-esperanza-de-vida-mapa,CUW,2018,76.4929
wpp2024-esperanza-de-vida-mapa,CUW,2019,76.4917
wpp2024-esperanza-de-vida-mapa,CUW,2020,76.5011
wpp2024-esperanza-de-vida-mapa,CUW,2021,75.6857
wpp2024-esperanza-de-vida-mapa,CUW,2022,76.7287
wpp2024-esperanza-de-vida-mapa,CUW,2023,76.7996
wpp2024-esperanza-de-vida-mapa,DMA,1950,44.4897
wpp2024-esperanza-de-vida-mapa,DMA,1951,46.3171
wpp2024-esperanza-de-vida-mapa,DMA,1952,48.1599
wpp2024-esperanza-de-vida-mapa,DMA,1953,49.9925
wpp2024-esperanza-de-vida-mapa,DMA,1954,51.6705
wpp2024-esperanza-de-vida-mapa,DMA,1955,53.4083
wpp2024-esperanza-de-vida-mapa,DMA,1956,55.0378
wpp2024-esperanza-de-vida-mapa,DMA,1957,56.5388
wpp2024-esperanza-de-vida-mapa,DMA,1958,57.9047
wpp2024-esperanza-de-vida-mapa,DMA,1959,59.1203
wpp2024-esperanza-de-vida-mapa,DMA,1960,60.0757
wpp2024-esperanza-de-vida-mapa,DMA,1961,61.0224
wpp2024-esperanza-de-vida-mapa,DMA,1962,61.8936
wpp2024-esperanza-de-vida-mapa,DMA,1963,62.6123
wpp2024-esperanza-de-vida-mapa,DMA,1964,63.2778
wpp2024-esperanza-de-vida-mapa,DMA,1965,63.9132
wpp2024-esperanza-de-vida-mapa,DMA,1966,64.457
wpp2024-esperanza-de-vida-mapa,DMA,1967,64.856
wpp2024-esperanza-de-vida-mapa,DMA,1968,65.2771
wpp2024-esperanza-de-vida-mapa,DMA,1969,65.7036
wpp2024-esperanza-de-vida-mapa,DMA,1970,66.2084
wpp2024-esperanza-de-vida-mapa,DMA,1971,66.7626
wpp2024-esperanza-de-vida-mapa,DMA,1972,67.468
wpp2024-esperanza-de-vida-mapa,DMA,1973,68.0971
wpp2024-esperanza-de-vida-mapa,DMA,1974,68.5847
wpp2024-esperanza-de-vida-mapa,DMA,1975,69.0595
wpp2024-esperanza-de-vida-mapa,DMA,1976,69.4108
wpp2024-esperanza-de-vida-mapa,DMA,1977,69.7153
wpp2024-esperanza-de-vida-mapa,DMA,1978,70.1146
wpp2024-esperanza-de-vida-mapa,DMA,1979,69.1948
wpp2024-esperanza-de-vida-mapa,DMA,1980,71.0125
wpp2024-esperanza-de-vida-mapa,DMA,1981,71.4595
wpp2024-esperanza-de-vida-mapa,DMA,1982,71.7485
wpp2024-esperanza-de-vida-mapa,DMA,1983,72.0047
wpp2024-esperanza-de-vida-mapa,DMA,1984,71.9135
wpp2024-esperanza-de-vida-mapa,DMA,1985,71.9177
wpp2024-esperanza-de-vida-mapa,DMA,1986,71.6705
wpp2024-esperanza-de-vida-mapa,DMA,1987,71.3682
wpp2024-esperanza-de-vida-mapa,DMA,1988,70.9743
wpp2024-esperanza-de-vida-mapa,DMA,1989,70.6629
wpp2024-esperanza-de-vida-mapa,DMA,1990,70.4712
wpp2024-esperanza-de-vida-mapa,DMA,1991,70.3977
wpp2024-esperanza-de-vida-mapa,DMA,1992,70.4726
wpp2024-esperanza-de-vida-mapa,DMA,1993,70.6121
wpp2024-esperanza-de-vida-mapa,DMA,1994,70.7766
wpp2024-esperanza-de-vida-mapa,DMA,1995,70.8316
wpp2024-esperanza-de-vida-mapa,DMA,1996,71.0394
wpp2024-esperanza-de-vida-mapa,DMA,1997,71.1955
wpp2024-esperanza-de-vida-mapa,DMA,1998,71.3524
wpp2024-esperanza-de-vida-mapa,DMA,1999,71.5274
wpp2024-esperanza-de-vida-mapa,DMA,2000,71.7154
wpp2024-esperanza-de-vida-mapa,DMA,2001,71.8624
wpp2024-esperanza-de-vida-mapa,DMA,2002,71.9275
wpp2024-esperanza-de-vida-mapa,DMA,2003,71.9423
wpp2024-esperanza-de-vida-mapa,DMA,2004,71.9865
wpp2024-esperanza-de-vida-mapa,DMA,2005,72.0161
wpp2024-esperanza-de-vida-mapa,DMA,2006,72.0071
wpp2024-esperanza-de-vida-mapa,DMA,2007,71.9008
wpp2024-esperanza-de-vida-mapa,DMA,2008,71.9446
wpp2024-esperanza-de-vida-mapa,DMA,2009,71.8353
wpp2024-esperanza-de-vida-mapa,DMA,2010,71.6797
wpp2024-esperanza-de-vida-mapa,DMA,2011,71.5167
wpp2024-esperanza-de-vida-mapa,DMA,2012,71.3909
wpp2024-esperanza-de-vida-mapa,DMA,2013,71.2283
wpp2024-esperanza-de-vida-mapa,DMA,2014,71.1892
wpp2024-esperanza-de-vida-mapa,DMA,2015,69.9683
wpp2024-esperanza-de-vida-mapa,DMA,2016,71.1889
wpp2024-esperanza-de-vida-mapa,DMA,2017,68.6199
wpp2024-esperanza-de-vida-mapa,DMA,2018,71.3779
wpp2024-esperanza-de-vida-mapa,DMA,2019,71.3052
wpp2024-esperanza-de-vida-mapa,DMA,2020,71.2693
wpp2024-esperanza-de-vida-mapa,DMA,2021,69.8318
wpp2024-esperanza-de-vida-mapa,DMA,2022,71.0806
wpp2024-esperanza-de-vida-mapa,DMA,2023,71.1325
wpp2024-esperanza-de-vida-mapa,DOM,1950,44.0649
wpp2024-esperanza-de-vida-mapa,DOM,1951,44.8254
wpp2024-esperanza-de-vida-mapa,DOM,1952,45.5713
wpp2024-esperanza-de-vida-mapa,DOM,1953,46.3497
wpp2024-esperanza-de-vida-mapa,DOM,1954,47.1234
wpp2024-esperanza-de-vida-mapa,DOM,1955,47.925
wpp2024-esperanza-de-vida-mapa,DOM,1956,48.71
wpp2024-esperanza-de-vida-mapa,DOM,1957,49.4703
wpp2024-esperanza-de-vida-mapa,DOM,1958,50.2108
wpp2024-esperanza-de-vida-mapa,DOM,1959,50.9525
wpp2024-esperanza-de-vida-mapa,DOM,1960,51.7048
wpp2024-esperanza-de-vida-mapa,DOM,1961,52.4472
wpp2024-esperanza-de-vida-mapa,DOM,1962,53.1987
wpp2024-esperanza-de-vida-mapa,DOM,1963,53.7536
wpp2024-esperanza-de-vida-mapa,DOM,1964,54.6529
wpp2024-esperanza-de-vida-mapa,DOM,1965,52.8424
wpp2024-esperanza-de-vida-mapa,DOM,1966,55.965
wpp2024-esperanza-de-vida-mapa,DOM,1967,56.6458
wpp2024-esperanza-de-vida-mapa,DOM,1968,57.2723
wpp2024-esperanza-de-vida-mapa,DOM,1969,57.886
wpp2024-esperanza-de-vida-mapa,DOM,1970,58.4931
wpp2024-esperanza-de-vida-mapa,DOM,1971,59.0897
wpp2024-esperanza-de-vida-mapa,DOM,1972,59.6615
wpp2024-esperanza-de-vida-mapa,DOM,1973,60.2284
wpp2024-esperanza-de-vida-mapa,DOM,1974,60.757
wpp2024-esperanza-de-vida-mapa,DOM,1975,61.2538
wpp2024-esperanza-de-vida-mapa,DOM,1976,61.7394
wpp2024-esperanza-de-vida-mapa,DOM,1977,62.1995
wpp2024-esperanza-de-vida-mapa,DOM,1978,62.6236
wpp2024-esperanza-de-vida-mapa,DOM,1979,62.4251
wpp2024-esperanza-de-vida-mapa,DOM,1980,63.3913
wpp2024-esperanza-de-vida-mapa,DOM,1981,63.7757
wpp2024-esperanza-de-vida-mapa,DOM,1982,64.1978
wpp2024-esperanza-de-vida-mapa,DOM,1983,64.63
wpp2024-esperanza-de-vida-mapa,DOM,1984,65.1339
wpp2024-esperanza-de-vida-mapa,DOM,1985,65.6139
wpp2024-esperanza-de-vida-mapa,DOM,1986,66.0594
wpp2024-esperanza-de-vida-mapa,DOM,1987,66.4897
wpp2024-esperanza-de-vida-mapa,DOM,1988,66.9144
wpp2024-esperanza-de-vida-mapa,DOM,1989,67.3312
wpp2024-esperanza-de-vida-mapa,DOM,1990,67.7459
wpp2024-esperanza-de-vida-mapa,DOM,1991,68.1543
wpp2024-esperanza-de-vida-mapa,DOM,1992,68.5251
wpp2024-esperanza-de-vida-mapa,DOM,1993,68.8601
wpp2024-esperanza-de-vida-mapa,DOM,1994,69.1597
wpp2024-esperanza-de-vida-mapa,DOM,1995,69.3937
wpp2024-esperanza-de-vida-mapa,DOM,1996,69.5951
wpp2024-esperanza-de-vida-mapa,DOM,1997,69.8089
wpp2024-esperanza-de-vida-mapa,DOM,1998,69.8754
wpp2024-esperanza-de-vida-mapa,DOM,1999,70.1781
wpp2024-esperanza-de-vida-mapa,DOM,2000,70.3647
wpp2024-esperanza-de-vida-mapa,DOM,2001,70.5531
wpp2024-esperanza-de-vida-mapa,DOM,2002,70.7193
wpp2024-esperanza-de-vida-mapa,DOM,2003,70.8562
wpp2024-esperanza-de-vida-mapa,DOM,2004,70.7303
wpp2024-esperanza-de-vida-mapa,DOM,2005,71.0435
wpp2024-esperanza-de-vida-mapa,DOM,2006,71.0542
wpp2024-esperanza-de-vida-mapa,DOM,2007,71.0973
wpp2024-esperanza-de-vida-mapa,DOM,2008,71.3307
wpp2024-esperanza-de-vida-mapa,DOM,2009,71.5866
wpp2024-esperanza-de-vida-mapa,DOM,2010,72.0393
wpp2024-esperanza-de-vida-mapa,DOM,2011,72.4958
wpp2024-esperanza-de-vida-mapa,DOM,2012,72.8165
wpp2024-esperanza-de-vida-mapa,DOM,2013,73.0383
wpp2024-esperanza-de-vida-mapa,DOM,2014,73.1449
wpp2024-esperanza-de-vida-mapa,DOM,2015,72.9821
wpp2024-esperanza-de-vida-mapa,DOM,2016,72.8894
wpp2024-esperanza-de-vida-mapa,DOM,2017,73.3702
wpp2024-esperanza-de-vida-mapa,DOM,2018,73.5553
wpp2024-esperanza-de-vida-mapa,DOM,2019,73.1119
wpp2024-esperanza-de-vida-mapa,DOM,2020,72.6358
wpp2024-esperanza-de-vida-mapa,DOM,2021,71.7575
wpp2024-esperanza-de-vida-mapa,DOM,2022,74.2108
wpp2024-esperanza-de-vida-mapa,DOM,2023,73.7201
wpp2024-esperanza-de-vida-mapa,GRD,1950,52.7215
wpp2024-esperanza-de-vida-mapa,GRD,1951,53.8309
wpp2024-esperanza-de-vida-mapa,GRD,1952,54.8063
wpp2024-esperanza-de-vida-mapa,GRD,1953,55.731
wpp2024-esperanza-de-vida-mapa,GRD,1954,56.6966
wpp2024-esperanza-de-vida-mapa,GRD,1955,57.7942
wpp2024-esperanza-de-vida-mapa,GRD,1956,59.0204
wpp2024-esperanza-de-vida-mapa,GRD,1957,60.2626
wpp2024-esperanza-de-vida-mapa,GRD,1958,61.4231
wpp2024-esperanza-de-vida-mapa,GRD,1959,62.4154
wpp2024-esperanza-de-vida-mapa,GRD,1960,63.1436
wpp2024-esperanza-de-vida-mapa,GRD,1961,63.5528
wpp2024-esperanza-de-vida-mapa,GRD,1962,63.752
wpp2024-esperanza-de-vida-mapa,GRD,1963,63.7829
wpp2024-esperanza-de-vida-mapa,GRD,1964,64.1986
wpp2024-esperanza-de-vida-mapa,GRD,1965,64.7804
wpp2024-esperanza-de-vida-mapa,GRD,1966,65.6488
wpp2024-esperanza-de-vida-mapa,GRD,1967,66.4597
wpp2024-esperanza-de-vida-mapa,GRD,1968,66.9117
wpp2024-esperanza-de-vida-mapa,GRD,1969,66.9747
wpp2024-esperanza-de-vida-mapa,GRD,1970,66.856
wpp2024-esperanza-de-vida-mapa,GRD,1971,66.8735
wpp2024-esperanza-de-vida-mapa,GRD,1972,67.1506
wpp2024-esperanza-de-vida-mapa,GRD,1973,67.5572
wpp2024-esperanza-de-vida-mapa,GRD,1974,67.8842
wpp2024-esperanza-de-vida-mapa,GRD,1975,68.0044
wpp2024-esperanza-de-vida-mapa,GRD,1976,67.9487
wpp2024-esperanza-de-vida-mapa,GRD,1977,67.8688
wpp2024-esperanza-de-vida-mapa,GRD,1978,67.8563
wpp2024-esperanza-de-vida-mapa,GRD,1979,67.9413
wpp2024-esperanza-de-vida-mapa,GRD,1980,68.1169
wpp2024-esperanza-de-vida-mapa,GRD,1981,68.3481
wpp2024-esperanza-de-vida-mapa,GRD,1982,68.5968
wpp2024-esperanza-de-vida-mapa,GRD,1983,64.3326
wpp2024-esperanza-de-vida-mapa,GRD,1984,69.0947
wpp2024-esperanza-de-vida-mapa,GRD,1985,69.3378
wpp2024-esperanza-de-vida-mapa,GRD,1986,69.5741
wpp2024-esperanza-de-vida-mapa,GRD,1987,69.8084
wpp2024-esperanza-de-vida-mapa,GRD,1988,70.0449
wpp2024-esperanza-de-vida-mapa,GRD,1989,70.2889
wpp2024-esperanza-de-vida-mapa,GRD,1990,70.5464
wpp2024-esperanza-de-vida-mapa,GRD,1991,70.8233
wpp2024-esperanza-de-vida-mapa,GRD,1992,71.1249
wpp2024-esperanza-de-vida-mapa,GRD,1993,71.45
wpp2024-esperanza-de-vida-mapa,GRD,1994,71.78
wpp2024-esperanza-de-vida-mapa,GRD,1995,72.0936
wpp2024-esperanza-de-vida-mapa,GRD,1996,72.373
wpp2024-esperanza-de-vida-mapa,GRD,1997,72.6004
wpp2024-esperanza-de-vida-mapa,GRD,1998,72.7622
wpp2024-esperanza-de-vida-mapa,GRD,1999,72.8725
wpp2024-esperanza-de-vida-mapa,GRD,2000,72.9547
wpp2024-esperanza-de-vida-mapa,GRD,2001,73.0336
wpp2024-esperanza-de-vida-mapa,GRD,2002,73.1424
wpp2024-esperanza-de-vida-mapa,GRD,2003,73.2907
wpp2024-esperanza-de-vida-mapa,GRD,2004,72.4468
wpp2024-esperanza-de-vida-mapa,GRD,2005,73.7003
wpp2024-esperanza-de-vida-mapa,GRD,2006,73.9302
wpp2024-esperanza-de-vida-mapa,GRD,2007,74.1588
wpp2024-esperanza-de-vida-mapa,GRD,2008,74.3745
wpp2024-esperanza-de-vida-mapa,GRD,2009,74.567
wpp2024-esperanza-de-vida-mapa,GRD,2010,74.7308
wpp2024-esperanza-de-vida-mapa,GRD,2011,74.8608
wpp2024-esperanza-de-vida-mapa,GRD,2012,74.9607
wpp2024-esperanza-de-vida-mapa,GRD,2013,75.0221
wpp2024-esperanza-de-vida-mapa,GRD,2014,75.0449
wpp2024-esperanza-de-vida-mapa,GRD,2015,75.0375
wpp2024-esperanza-de-vida-mapa,GRD,2016,75.0099
wpp2024-esperanza-de-vida-mapa,GRD,2017,74.9766
wpp2024-esperanza-de-vida-mapa,GRD,2018,74.9569
wpp2024-esperanza-de-vida-mapa,GRD,2019,74.9711
wpp2024-esperanza-de-vida-mapa,GRD,2020,75.019
wpp2024-esperanza-de-vida-mapa,GRD,2021,74.5221
wpp2024-esperanza-de-vida-mapa,GRD,2022,75.1508
wpp2024-esperanza-de-vida-mapa,GRD,2023,75.2052
wpp2024-esperanza-de-vida-mapa,GLP,1950,53.0985
wpp2024-esperanza-de-vida-mapa,GLP,1951,53.8282
wpp2024-esperanza-de-vida-mapa,GLP,1952,54.1753
wpp2024-esperanza-de-vida-mapa,GLP,1953,54.9993
wpp2024-esperanza-de-vida-mapa,GLP,1954,56.0921
wpp2024-esperanza-de-vida-mapa,GLP,1955,57.2713
wpp2024-esperanza-de-vida-mapa,GLP,1956,57.5851
wpp2024-esperanza-de-vida-mapa,GLP,1957,58.3925
wpp2024-esperanza-de-vida-mapa,GLP,1958,59.3033
wpp2024-esperanza-de-vida-mapa,GLP,1959,60.2696
wpp2024-esperanza-de-vida-mapa,GLP,1960,61.058
wpp2024-esperanza-de-vida-mapa,GLP,1961,61.5704
wpp2024-esperanza-de-vida-mapa,GLP,1962,62.263
wpp2024-esperanza-de-vida-mapa,GLP,1963,62.6842
wpp2024-esperanza-de-vida-mapa,GLP,1964,62.6415
wpp2024-esperanza-de-vida-mapa,GLP,1965,63.1674
wpp2024-esperanza-de-vida-mapa,GLP,1966,63.0663
wpp2024-esperanza-de-vida-mapa,GLP,1967,63.4114
wpp2024-esperanza-de-vida-mapa,GLP,1968,63.6038
wpp2024-esperanza-de-vida-mapa,GLP,1969,64.1964
wpp2024-esperanza-de-vida-mapa,GLP,1970,64.6923
wpp2024-esperanza-de-vida-mapa,GLP,1971,65.1486
wpp2024-esperanza-de-vida-mapa,GLP,1972,65.5783
wpp2024-esperanza-de-vida-mapa,GLP,1973,66.0776
wpp2024-esperanza-de-vida-mapa,GLP,1974,66.6521
wpp2024-esperanza-de-vida-mapa,GLP,1975,67.1572
wpp2024-esperanza-de-vida-mapa,GLP,1976,67.8057
wpp2024-esperanza-de-vida-mapa,GLP,1977,68.4501
wpp2024-esperanza-de-vida-mapa,GLP,1978,68.9237
wpp2024-esperanza-de-vida-mapa,GLP,1979,69.4315
wpp2024-esperanza-de-vida-mapa,GLP,1980,69.9245
wpp2024-esperanza-de-vida-mapa,GLP,1981,70.4364
wpp2024-esperanza-de-vida-mapa,GLP,1982,70.9206
wpp2024-esperanza-de-vida-mapa,GLP,1983,71.3782
wpp2024-esperanza-de-vida-mapa,GLP,1984,71.8336
wpp2024-esperanza-de-vida-mapa,GLP,1985,72.2345
wpp2024-esperanza-de-vida-mapa,GLP,1986,72.6307
wpp2024-esperanza-de-vida-mapa,GLP,1987,72.958
wpp2024-esperanza-de-vida-mapa,GLP,1988,73.2828
wpp2024-esperanza-de-vida-mapa,GLP,1989,73.6005
wpp2024-esperanza-de-vida-mapa,GLP,1990,73.9321
wpp2024-esperanza-de-vida-mapa,GLP,1991,74.2668
wpp2024-esperanza-de-vida-mapa,GLP,1992,74.6192
wpp2024-esperanza-de-vida-mapa,GLP,1993,74.8951
wpp2024-esperanza-de-vida-mapa,GLP,1994,75.2063
wpp2024-esperanza-de-vida-mapa,GLP,1995,75.5334
wpp2024-esperanza-de-vida-mapa,GLP,1996,75.8501
wpp2024-esperanza-de-vida-mapa,GLP,1997,76.1559
wpp2024-esperanza-de-vida-mapa,GLP,1998,76.4287
wpp2024-esperanza-de-vida-mapa,GLP,1999,76.7438
wpp2024-esperanza-de-vida-mapa,GLP,2000,77.08
wpp2024-esperanza-de-vida-mapa,GLP,2001,77.2667
wpp2024-esperanza-de-vida-mapa,GLP,2002,77.8108
wpp2024-esperanza-de-vida-mapa,GLP,2003,78.1707
wpp2024-esperanza-de-vida-mapa,GLP,2004,78.3494
wpp2024-esperanza-de-vida-mapa,GLP,2005,78.1836
wpp2024-esperanza-de-vida-mapa,GLP,2006,78.4279
wpp2024-esperanza-de-vida-mapa,GLP,2007,79.054
wpp2024-esperanza-de-vida-mapa,GLP,2008,79.6593
wpp2024-esperanza-de-vida-mapa,GLP,2009,79.7474
wpp2024-esperanza-de-vida-mapa,GLP,2010,80.12
wpp2024-esperanza-de-vida-mapa,GLP,2011,80.4527
wpp2024-esperanza-de-vida-mapa,GLP,2012,80.9718
wpp2024-esperanza-de-vida-mapa,GLP,2013,80.7917
wpp2024-esperanza-de-vida-mapa,GLP,2014,81.1854
wpp2024-esperanza-de-vida-mapa,GLP,2015,81.2679
wpp2024-esperanza-de-vida-mapa,GLP,2016,81.6403
wpp2024-esperanza-de-vida-mapa,GLP,2017,81.7544
wpp2024-esperanza-de-vida-mapa,GLP,2018,81.3819
wpp2024-esperanza-de-vida-mapa,GLP,2019,81.3922
wpp2024-esperanza-de-vida-mapa,GLP,2020,80.6481
wpp2024-esperanza-de-vida-mapa,GLP,2021,78.2108
wpp2024-esperanza-de-vida-mapa,GLP,2022,80.9054
wpp2024-esperanza-de-vida-mapa,GLP,2023,82.0503
wpp2024-esperanza-de-vida-mapa,HTI,1950,37.2445
wpp2024-esperanza-de-vida-mapa,HTI,1951,38.0817
wpp2024-esperanza-de-vida-mapa,HTI,1952,38.7781
wpp2024-esperanza-de-vida-mapa,HTI,1953,39.5265
wpp2024-esperanza-de-vida-mapa,HTI,1954,40.0517
wpp2024-esperanza-de-vida-mapa,HTI,1955,40.9503
wpp2024-esperanza-de-vida-mapa,HTI,1956,41.5987
wpp2024-esperanza-de-vida-mapa,HTI,1957,42.1465
wpp2024-esperanza-de-vida-mapa,HTI,1958,42.6207
wpp2024-esperanza-de-vida-mapa,HTI,1959,43.0225
wpp2024-esperanza-de-vida-mapa,HTI,1960,43.44
wpp2024-esperanza-de-vida-mapa,HTI,1961,43.8248
wpp2024-esperanza-de-vida-mapa,HTI,1962,44.1962
wpp2024-esperanza-de-vida-mapa,HTI,1963,42.724
wpp2024-esperanza-de-vida-mapa,HTI,1964,44.9281
wpp2024-esperanza-de-vida-mapa,HTI,1965,45.3714
wpp2024-esperanza-de-vida-mapa,HTI,1966,45.5651
wpp2024-esperanza-de-vida-mapa,HTI,1967,46.1354
wpp2024-esperanza-de-vida-mapa,HTI,1968,46.5217
wpp2024-esperanza-de-vida-mapa,HTI,1969,46.9025
wpp2024-esperanza-de-vida-mapa,HTI,1970,47.2647
wpp2024-esperanza-de-vida-mapa,HTI,1971,47.6187
wpp2024-esperanza-de-vida-mapa,HTI,1972,47.8842
wpp2024-esperanza-de-vida-mapa,HTI,1973,48.1944
wpp2024-esperanza-de-vida-mapa,HTI,1974,48.4583
wpp2024-esperanza-de-vida-mapa,HTI,1975,48.7201
wpp2024-esperanza-de-vida-mapa,HTI,1976,48.9719
wpp2024-esperanza-de-vida-mapa,HTI,1977,49.2258
wpp2024-esperanza-de-vida-mapa,HTI,1978,49.4839
wpp2024-esperanza-de-vida-mapa,HTI,1979,49.7492
wpp2024-esperanza-de-vida-mapa,HTI,1980,49.9714
wpp2024-esperanza-de-vida-mapa,HTI,1981,50.3097
wpp2024-esperanza-de-vida-mapa,HTI,1982,50.6257
wpp2024-esperanza-de-vida-mapa,HTI,1983,50.9461
wpp2024-esperanza-de-vida-mapa,HTI,1984,51.2537
wpp2024-esperanza-de-vida-mapa,HTI,1985,51.5832
wpp2024-esperanza-de-vida-mapa,HTI,1986,51.8739
wpp2024-esperanza-de-vida-mapa,HTI,1987,52.2452
wpp2024-esperanza-de-vida-mapa,HTI,1988,52.5537
wpp2024-esperanza-de-vida-mapa,HTI,1989,52.8802
wpp2024-esperanza-de-vida-mapa,HTI,1990,53.2154
wpp2024-esperanza-de-vida-mapa,HTI,1991,53.5241
wpp2024-esperanza-de-vida-mapa,HTI,1992,54.0414
wpp2024-esperanza-de-vida-mapa,HTI,1993,54.4779
wpp2024-esperanza-de-vida-mapa,HTI,1994,54.7312
wpp2024-esperanza-de-vida-mapa,HTI,1995,55.5816
wpp2024-esperanza-de-vida-mapa,HTI,1996,56.1112
wpp2024-esperanza-de-vida-mapa,HTI,1997,56.6749
wpp2024-esperanza-de-vida-mapa,HTI,1998,57.1373
wpp2024-esperanza-de-vida-mapa,HTI,1999,57.6923
wpp2024-esperanza-de-vida-mapa,HTI,2000,58.1749
wpp2024-esperanza-de-vida-mapa,HTI,2001,58.5914
wpp2024-esperanza-de-vida-mapa,HTI,2002,59.0411
wpp2024-esperanza-de-vida-mapa,HTI,2003,59.4398
wpp2024-esperanza-de-vida-mapa,HTI,2004,58.5165
wpp2024-esperanza-de-vida-mapa,HTI,2005,60.3182
wpp2024-esperanza-de-vida-mapa,HTI,2006,60.7404
wpp2024-esperanza-de-vida-mapa,HTI,2007,61.0902
wpp2024-esperanza-de-vida-mapa,HTI,2008,61.2801
wpp2024-esperanza-de-vida-mapa,HTI,2009,61.6945
wpp2024-esperanza-de-vida-mapa,HTI,2010,45.5768
wpp2024-esperanza-de-vida-mapa,HTI,2011,61.5812
wpp2024-esperanza-de-vida-mapa,HTI,2012,62.2735
wpp2024-esperanza-de-vida-mapa,HTI,2013,62.6245
wpp2024-esperanza-de-vida-mapa,HTI,2014,62.9689
wpp2024-esperanza-de-vida-mapa,HTI,2015,63.2239
wpp2024-esperanza-de-vida-mapa,HTI,2016,63.3247
wpp2024-esperanza-de-vida-mapa,HTI,2017,63.8323
wpp2024-esperanza-de-vida-mapa,HTI,2018,64.0766
wpp2024-esperanza-de-vida-mapa,HTI,2019,64.3281
wpp2024-esperanza-de-vida-mapa,HTI,2020,63.773
wpp2024-esperanza-de-vida-mapa,HTI,2021,62.613
wpp2024-esperanza-de-vida-mapa,HTI,2022,63.9483
wpp2024-esperanza-de-vida-mapa,HTI,2023,64.9356
wpp2024-esperanza-de-vida-mapa,JAM,1950,56.5614
wpp2024-esperanza-de-vida-mapa,JAM,1951,57.1329
wpp2024-esperanza-de-vida-mapa,JAM,1952,58.1103
wpp2024-esperanza-de-vida-mapa,JAM,1953,58.8746
wpp2024-esperanza-de-vida-mapa,JAM,1954,59.6356
wpp2024-esperanza-de-vida-mapa,JAM,1955,60.4032
wpp2024-esperanza-de-vida-mapa,JAM,1956,61.1634
wpp2024-esperanza-de-vida-mapa,JAM,1957,61.9476
wpp2024-esperanza-de-vida-mapa,JAM,1958,62.6479
wpp2024-esperanza-de-vida-mapa,JAM,1959,63.2483
wpp2024-esperanza-de-vida-mapa,JAM,1960,63.8275
wpp2024-esperanza-de-vida-mapa,JAM,1961,64.257
wpp2024-esperanza-de-vida-mapa,JAM,1962,64.6193
wpp2024-esperanza-de-vida-mapa,JAM,1963,64.9986
wpp2024-esperanza-de-vida-mapa,JAM,1964,65.3466
wpp2024-esperanza-de-vida-mapa,JAM,1965,65.6633
wpp2024-esperanza-de-vida-mapa,JAM,1966,65.9279
wpp2024-esperanza-de-vida-mapa,JAM,1967,66.0861
wpp2024-esperanza-de-vida-mapa,JAM,1968,66.3189
wpp2024-esperanza-de-vida-mapa,JAM,1969,66.5164
wpp2024-esperanza-de-vida-mapa,JAM,1970,66.7307
wpp2024-esperanza-de-vida-mapa,JAM,1971,66.9966
wpp2024-esperanza-de-vida-mapa,JAM,1972,67.304
wpp2024-esperanza-de-vida-mapa,JAM,1973,67.6072
wpp2024-esperanza-de-vida-mapa,JAM,1974,67.9133
wpp2024-esperanza-de-vida-mapa,JAM,1975,68.1681
wpp2024-esperanza-de-vida-mapa,JAM,1976,68.4121
wpp2024-esperanza-de-vida-mapa,JAM,1977,68.5864
wpp2024-esperanza-de-vida-mapa,JAM,1978,68.7387
wpp2024-esperanza-de-vida-mapa,JAM,1979,68.8126
wpp2024-esperanza-de-vida-mapa,JAM,1980,68.9916
wpp2024-esperanza-de-vida-mapa,JAM,1981,69.1197
wpp2024-esperanza-de-vida-mapa,JAM,1982,69.2526
wpp2024-esperanza-de-vida-mapa,JAM,1983,69.5464
wpp2024-esperanza-de-vida-mapa,JAM,1984,69.8093
wpp2024-esperanza-de-vida-mapa,JAM,1985,70.1008
wpp2024-esperanza-de-vida-mapa,JAM,1986,70.4461
wpp2024-esperanza-de-vida-mapa,JAM,1987,70.8697
wpp2024-esperanza-de-vida-mapa,JAM,1988,71.1609
wpp2024-esperanza-de-vida-mapa,JAM,1989,71.5119
wpp2024-esperanza-de-vida-mapa,JAM,1990,71.7047
wpp2024-esperanza-de-vida-mapa,JAM,1991,71.7867
wpp2024-esperanza-de-vida-mapa,JAM,1992,71.8163
wpp2024-esperanza-de-vida-mapa,JAM,1993,71.7577
wpp2024-esperanza-de-vida-mapa,JAM,1994,71.6244
wpp2024-esperanza-de-vida-mapa,JAM,1995,71.4881
wpp2024-esperanza-de-vida-mapa,JAM,1996,71.3277
wpp2024-esperanza-de-vida-mapa,JAM,1997,71.2161
wpp2024-esperanza-de-vida-mapa,JAM,1998,71.1697
wpp2024-esperanza-de-vida-mapa,JAM,1999,71.1885
wpp2024-esperanza-de-vida-mapa,JAM,2000,71.2814
wpp2024-esperanza-de-vida-mapa,JAM,2001,71.2872
wpp2024-esperanza-de-vida-mapa,JAM,2002,71.478
wpp2024-esperanza-de-vida-mapa,JAM,2003,71.5846
wpp2024-esperanza-de-vida-mapa,JAM,2004,71.542
wpp2024-esperanza-de-vida-mapa,JAM,2005,71.4929
wpp2024-esperanza-de-vida-mapa,JAM,2006,71.3946
wpp2024-esperanza-de-vida-mapa,JAM,2007,71.4046
wpp2024-esperanza-de-vida-mapa,JAM,2008,71.5021
wpp2024-esperanza-de-vida-mapa,JAM,2009,71.7174
wpp2024-esperanza-de-vida-mapa,JAM,2010,71.9789
wpp2024-esperanza-de-vida-mapa,JAM,2011,72.245
wpp2024-esperanza-de-vida-mapa,JAM,2012,72.4047
wpp2024-esperanza-de-vida-mapa,JAM,2013,72.4352
wpp2024-esperanza-de-vida-mapa,JAM,2014,72.3572
wpp2024-esperanza-de-vida-mapa,JAM,2015,72.2144
wpp2024-esperanza-de-vida-mapa,JAM,2016,72.0522
wpp2024-esperanza-de-vida-mapa,JAM,2017,71.8789
wpp2024-esperanza-de-vida-mapa,JAM,2018,71.6062
wpp2024-esperanza-de-vida-mapa,JAM,2019,71.5316
wpp2024-esperanza-de-vida-mapa,JAM,2020,71.4519
wpp2024-esperanza-de-vida-mapa,JAM,2021,69.0846
wpp2024-esperanza-de-vida-mapa,JAM,2022,71.4809
wpp2024-esperanza-de-vida-mapa,JAM,2023,71.4789
wpp2024-esperanza-de-vida-mapa,MTQ,1950,54.9522
wpp2024-esperanza-de-vida-mapa,MTQ,1951,54.2114
wpp2024-esperanza-de-vida-mapa,MTQ,1952,54.8901
wpp2024-esperanza-de-vida-mapa,MTQ,1953,57.6327
wpp2024-esperanza-de-vida-mapa,MTQ,1954,58.5144
wpp2024-esperanza-de-vida-mapa,MTQ,1955,58.7539
wpp2024-esperanza-de-vida-mapa,MTQ,1956,59.574
wpp2024-esperanza-de-vida-mapa,MTQ,1957,60.058
wpp2024-esperanza-de-vida-mapa,MTQ,1958,60.0737
wpp2024-esperanza-de-vida-mapa,MTQ,1959,61.5057
wpp2024-esperanza-de-vida-mapa,MTQ,1960,61.6061
wpp2024-esperanza-de-vida-mapa,MTQ,1961,62.8923
wpp2024-esperanza-de-vida-mapa,MTQ,1962,62.2727
wpp2024-esperanza-de-vida-mapa,MTQ,1963,62.6348
wpp2024-esperanza-de-vida-mapa,MTQ,1964,63.1557
wpp2024-esperanza-de-vida-mapa,MTQ,1965,64.1553
wpp2024-esperanza-de-vida-mapa,MTQ,1966,64.4475
wpp2024-esperanza-de-vida-mapa,MTQ,1967,65.1403
wpp2024-esperanza-de-vida-mapa,MTQ,1968,65.393
wpp2024-esperanza-de-vida-mapa,MTQ,1969,65.4431
wpp2024-esperanza-de-vida-mapa,MTQ,1970,65.0525
wpp2024-esperanza-de-vida-mapa,MTQ,1971,67.3493
wpp2024-esperanza-de-vida-mapa,MTQ,1972,67.6135
wpp2024-esperanza-de-vida-mapa,MTQ,1973,68.0206
wpp2024-esperanza-de-vida-mapa,MTQ,1974,68.156
wpp2024-esperanza-de-vida-mapa,MTQ,1975,69.006
wpp2024-esperanza-de-vida-mapa,MTQ,1976,69.7109
wpp2024-esperanza-de-vida-mapa,MTQ,1977,70.2607
wpp2024-esperanza-de-vida-mapa,MTQ,1978,70.8249
wpp2024-esperanza-de-vida-mapa,MTQ,1979,71.3756
wpp2024-esperanza-de-vida-mapa,MTQ,1980,71.9047
wpp2024-esperanza-de-vida-mapa,MTQ,1981,72.4253
wpp2024-esperanza-de-vida-mapa,MTQ,1982,72.9753
wpp2024-esperanza-de-vida-mapa,MTQ,1983,73.5161
wpp2024-esperanza-de-vida-mapa,MTQ,1984,74.0292
wpp2024-esperanza-de-vida-mapa,MTQ,1985,74.3964
wpp2024-esperanza-de-vida-mapa,MTQ,1986,74.4755
wpp2024-esperanza-de-vida-mapa,MTQ,1987,74.8997
wpp2024-esperanza-de-vida-mapa,MTQ,1988,75.3082
wpp2024-esperanza-de-vida-mapa,MTQ,1989,75.7805
wpp2024-esperanza-de-vida-mapa,MTQ,1990,75.8572
wpp2024-esperanza-de-vida-mapa,MTQ,1991,76.4347
wpp2024-esperanza-de-vida-mapa,MTQ,1992,76.6254
wpp2024-esperanza-de-vida-mapa,MTQ,1993,76.8155
wpp2024-esperanza-de-vida-mapa,MTQ,1994,77.0176
wpp2024-esperanza-de-vida-mapa,MTQ,1995,77.201
wpp2024-esperanza-de-vida-mapa,MTQ,1996,77.4153
wpp2024-esperanza-de-vida-mapa,MTQ,1997,77.6312
wpp2024-esperanza-de-vida-mapa,MTQ,1998,77.8386
wpp2024-esperanza-de-vida-mapa,MTQ,1999,78.0811
wpp2024-esperanza-de-vida-mapa,MTQ,2000,78.4973
wpp2024-esperanza-de-vida-mapa,MTQ,2001,78.4308
wpp2024-esperanza-de-vida-mapa,MTQ,2002,78.8801
wpp2024-esperanza-de-vida-mapa,MTQ,2003,79.6288
wpp2024-esperanza-de-vida-mapa,MTQ,2004,79.5927
wpp2024-esperanza-de-vida-mapa,MTQ,2005,80.2172
wpp2024-esperanza-de-vida-mapa,MTQ,2006,80.4301
wpp2024-esperanza-de-vida-mapa,MTQ,2007,80.0575
wpp2024-esperanza-de-vida-mapa,MTQ,2008,80.6944
wpp2024-esperanza-de-vida-mapa,MTQ,2009,81.2408
wpp2024-esperanza-de-vida-mapa,MTQ,2010,81.1379
wpp2024-esperanza-de-vida-mapa,MTQ,2011,81.6168
wpp2024-esperanza-de-vida-mapa,MTQ,2012,81.788
wpp2024-esperanza-de-vida-mapa,MTQ,2013,81.9017
wpp2024-esperanza-de-vida-mapa,MTQ,2014,81.9365
wpp2024-esperanza-de-vida-mapa,MTQ,2015,82.0308
wpp2024-esperanza-de-vida-mapa,MTQ,2016,81.8052
wpp2024-esperanza-de-vida-mapa,MTQ,2017,81.9879
wpp2024-esperanza-de-vida-mapa,MTQ,2018,82.0935
wpp2024-esperanza-de-vida-mapa,MTQ,2019,82.0734
wpp2024-esperanza-de-vida-mapa,MTQ,2020,80.2672
wpp2024-esperanza-de-vida-mapa,MTQ,2021,77.7403
wpp2024-esperanza-de-vida-mapa,MTQ,2022,80.8364
wpp2024-esperanza-de-vida-mapa,MTQ,2023,82.5651
wpp2024-esperanza-de-vida-mapa,MSR,1950,48.5869
wpp2024-esperanza-de-vida-mapa,MSR,1951,49.6499
wpp2024-esperanza-de-vida-mapa,MSR,1952,50.6922
wpp2024-esperanza-de-vida-mapa,MSR,1953,51.7129
wpp2024-esperanza-de-vida-mapa,MSR,1954,52.712
wpp2024-esperanza-de-vida-mapa,MSR,1955,53.6713
wpp2024-esperanza-de-vida-mapa,MSR,1956,54.6265
wpp2024-esperanza-de-vida-mapa,MSR,1957,55.5939
wpp2024-esperanza-de-vida-mapa,MSR,1958,56.5801
wpp2024-esperanza-de-vida-mapa,MSR,1959,57.5862
wpp2024-esperanza-de-vida-mapa,MSR,1960,58.6373
wpp2024-esperanza-de-vida-mapa,MSR,1961,59.4797
wpp2024-esperanza-de-vida-mapa,MSR,1962,60.2893
wpp2024-esperanza-de-vida-mapa,MSR,1963,61.0069
wpp2024-esperanza-de-vida-mapa,MSR,1964,61.6708
wpp2024-esperanza-de-vida-mapa,MSR,1965,62.2702
wpp2024-esperanza-de-vida-mapa,MSR,1966,62.8555
wpp2024-esperanza-de-vida-mapa,MSR,1967,63.4492
wpp2024-esperanza-de-vida-mapa,MSR,1968,64.0649
wpp2024-esperanza-de-vida-mapa,MSR,1969,64.6695
wpp2024-esperanza-de-vida-mapa,MSR,1970,65.2902
wpp2024-esperanza-de-vida-mapa,MSR,1971,65.8546
wpp2024-esperanza-de-vida-mapa,MSR,1972,66.4235
wpp2024-esperanza-de-vida-mapa,MSR,1973,66.9467
wpp2024-esperanza-de-vida-mapa,MSR,1974,67.4139
wpp2024-esperanza-de-vida-mapa,MSR,1975,67.8502
wpp2024-esperanza-de-vida-mapa,MSR,1976,68.225
wpp2024-esperanza-de-vida-mapa,MSR,1977,68.5559
wpp2024-esperanza-de-vida-mapa,MSR,1978,68.8583
wpp2024-esperanza-de-vida-mapa,MSR,1979,69.1149
wpp2024-esperanza-de-vida-mapa,MSR,1980,69.3273
wpp2024-esperanza-de-vida-mapa,MSR,1981,69.5341
wpp2024-esperanza-de-vida-mapa,MSR,1982,69.7057
wpp2024-esperanza-de-vida-mapa,MSR,1983,69.8674
wpp2024-esperanza-de-vida-mapa,MSR,1984,70.0239
wpp2024-esperanza-de-vida-mapa,MSR,1985,70.1645
wpp2024-esperanza-de-vida-mapa,MSR,1986,70.3171
wpp2024-esperanza-de-vida-mapa,MSR,1987,70.454
wpp2024-esperanza-de-vida-mapa,MSR,1988,70.6068
wpp2024-esperanza-de-vida-mapa,MSR,1989,68.2617
wpp2024-esperanza-de-vida-mapa,MSR,1990,70.9395
wpp2024-esperanza-de-vida-mapa,MSR,1991,71.1414
wpp2024-esperanza-de-vida-mapa,MSR,1992,71.3995
wpp2024-esperanza-de-vida-mapa,MSR,1993,71.6541
wpp2024-esperanza-de-vida-mapa,MSR,1994,71.9123
wpp2024-esperanza-de-vida-mapa,MSR,1995,72.1731
wpp2024-esperanza-de-vida-mapa,MSR,1996,72.415
wpp2024-esperanza-de-vida-mapa,MSR,1997,63.2197
wpp2024-esperanza-de-vida-mapa,MSR,1998,72.8449
wpp2024-esperanza-de-vida-mapa,MSR,1999,72.9668
wpp2024-esperanza-de-vida-mapa,MSR,2000,73.1501
wpp2024-esperanza-de-vida-mapa,MSR,2001,73.331
wpp2024-esperanza-de-vida-mapa,MSR,2002,73.5523
wpp2024-esperanza-de-vida-mapa,MSR,2003,73.7886
wpp2024-esperanza-de-vida-mapa,MSR,2004,74.0006
wpp2024-esperanza-de-vida-mapa,MSR,2005,74.1851
wpp2024-esperanza-de-vida-mapa,MSR,2006,74.3424
wpp2024-esperanza-de-vida-mapa,MSR,2007,74.4499
wpp2024-esperanza-de-vida-mapa,MSR,2008,74.5334
wpp2024-esperanza-de-vida-mapa,MSR,2009,74.6229
wpp2024-esperanza-de-vida-mapa,MSR,2010,74.6831
wpp2024-esperanza-de-vida-mapa,MSR,2011,74.7673
wpp2024-esperanza-de-vida-mapa,MSR,2012,74.8496
wpp2024-esperanza-de-vida-mapa,MSR,2013,74.9333
wpp2024-esperanza-de-vida-mapa,MSR,2014,75.0332
wpp2024-esperanza-de-vida-mapa,MSR,2015,75.1277
wpp2024-esperanza-de-vida-mapa,MSR,2016,75.228
wpp2024-esperanza-de-vida-mapa,MSR,2017,75.3312
wpp2024-esperanza-de-vida-mapa,MSR,2018,75.4559
wpp2024-esperanza-de-vida-mapa,MSR,2019,75.6002
wpp2024-esperanza-de-vida-mapa,MSR,2020,75.5677
wpp2024-esperanza-de-vida-mapa,MSR,2021,75.8958
wpp2024-esperanza-de-vida-mapa,MSR,2022,76.0377
wpp2024-esperanza-de-vida-mapa,MSR,2023,76.1857
wpp2024-esperanza-de-vida-mapa,PRI,1950,60.3681
wpp2024-esperanza-de-vida-mapa,PRI,1951,60.2649
wpp2024-esperanza-de-vida-mapa,PRI,1952,61.7906
wpp2024-esperanza-de-vida-mapa,PRI,1953,64.4748
wpp2024-esperanza-de-vida-mapa,PRI,1954,65.596
wpp2024-esperanza-de-vida-mapa,PRI,1955,66.2747
wpp2024-esperanza-de-vida-mapa,PRI,1956,66.3697
wpp2024-esperanza-de-vida-mapa,PRI,1957,67.1085
wpp2024-esperanza-de-vida-mapa,PRI,1958,67.2417
wpp2024-esperanza-de-vida-mapa,PRI,1959,68.0662
wpp2024-esperanza-de-vida-mapa,PRI,1960,68.6272
wpp2024-esperanza-de-vida-mapa,PRI,1961,68.5277
wpp2024-esperanza-de-vida-mapa,PRI,1962,68.8632
wpp2024-esperanza-de-vida-mapa,PRI,1963,68.7265
wpp2024-esperanza-de-vida-mapa,PRI,1964,68.2417
wpp2024-esperanza-de-vida-mapa,PRI,1965,69.2892
wpp2024-esperanza-de-vida-mapa,PRI,1966,70.223
wpp2024-esperanza-de-vida-mapa,PRI,1967,70.6987
wpp2024-esperanza-de-vida-mapa,PRI,1968,70.566
wpp2024-esperanza-de-vida-mapa,PRI,1969,70.5107
wpp2024-esperanza-de-vida-mapa,PRI,1970,70.3515
wpp2024-esperanza-de-vida-mapa,PRI,1971,71.084
wpp2024-esperanza-de-vida-mapa,PRI,1972,70.813
wpp2024-esperanza-de-vida-mapa,PRI,1973,70.9492
wpp2024-esperanza-de-vida-mapa,PRI,1974,71.3236
wpp2024-esperanza-de-vida-mapa,PRI,1975,71.9634
wpp2024-esperanza-de-vida-mapa,PRI,1976,72.0802
wpp2024-esperanza-de-vida-mapa,PRI,1977,72.4013
wpp2024-esperanza-de-vida-mapa,PRI,1978,72.5279
wpp2024-esperanza-de-vida-mapa,PRI,1979,72.7183
wpp2024-esperanza-de-vida-mapa,PRI,1980,73.1014
wpp2024-esperanza-de-vida-mapa,PRI,1981,72.9813
wpp2024-esperanza-de-vida-mapa,PRI,1982,72.9494
wpp2024-esperanza-de-vida-mapa,PRI,1983,73.3748
wpp2024-esperanza-de-vida-mapa,PRI,1984,73.4271
wpp2024-esperanza-de-vida-mapa,PRI,1985,72.6333
wpp2024-esperanza-de-vida-mapa,PRI,1986,73.2715
wpp2024-esperanza-de-vida-mapa,PRI,1987,73.4021
wpp2024-esperanza-de-vida-mapa,PRI,1988,73.1528
wpp2024-esperanza-de-vida-mapa,PRI,1989,72.4793
wpp2024-esperanza-de-vida-mapa,PRI,1990,72.8274
wpp2024-esperanza-de-vida-mapa,PRI,1991,73.8766
wpp2024-esperanza-de-vida-mapa,PRI,1992,73.3872
wpp2024-esperanza-de-vida-mapa,PRI,1993,73.309
wpp2024-esperanza-de-vida-mapa,PRI,1994,73.6218
wpp2024-esperanza-de-vida-mapa,PRI,1995,73.5707
wpp2024-esperanza-de-vida-mapa,PRI,1996,73.9948
wpp2024-esperanza-de-vida-mapa,PRI,1997,74.6738
wpp2024-esperanza-de-vida-mapa,PRI,1998,74.5557
wpp2024-esperanza-de-vida-mapa,PRI,1999,75.2783
wpp2024-esperanza-de-vida-mapa,PRI,2000,75.5141
wpp2024-esperanza-de-vida-mapa,PRI,2001,75.9715
wpp2024-esperanza-de-vida-mapa,PRI,2002,76.8192
wpp2024-esperanza-de-vida-mapa,PRI,2003,76.9406
wpp2024-esperanza-de-vida-mapa,PRI,2004,76.9129
wpp2024-esperanza-de-vida-mapa,PRI,2005,76.7028
wpp2024-esperanza-de-vida-mapa,PRI,2006,77.5612
wpp2024-esperanza-de-vida-mapa,PRI,2007,77.6595
wpp2024-esperanza-de-vida-mapa,PRI,2008,78.1105
wpp2024-esperanza-de-vida-mapa,PRI,2009,78.3772
wpp2024-esperanza-de-vida-mapa,PRI,2010,78.7174
wpp2024-esperanza-de-vida-mapa,PRI,2011,78.7656
wpp2024-esperanza-de-vida-mapa,PRI,2012,79.2584
wpp2024-esperanza-de-vida-mapa,PRI,2013,80.3181
wpp2024-esperanza-de-vida-mapa,PRI,2014,80.0391
wpp2024-esperanza-de-vida-mapa,PRI,2015,80.6775
wpp2024-esperanza-de-vida-mapa,PRI,2016,80.3547
wpp2024-esperanza-de-vida-mapa,PRI,2017,79.07
wpp2024-esperanza-de-vida-mapa,PRI,2018,81.0859
wpp2024-esperanza-de-vida-mapa,PRI,2019,81.4383
wpp2024-esperanza-de-vida-mapa,PRI,2020,80.009
wpp2024-esperanza-de-vida-mapa,PRI,2021,79.7698
wpp2024-esperanza-de-vida-mapa,PRI,2022,79.4269
wpp2024-esperanza-de-vida-mapa,PRI,2023,81.6902
wpp2024-esperanza-de-vida-mapa,BLM,1950,53.9687
wpp2024-esperanza-de-vida-mapa,BLM,1951,55.0341
wpp2024-esperanza-de-vida-mapa,BLM,1952,56.5937
wpp2024-esperanza-de-vida-mapa,BLM,1953,57.5689
wpp2024-esperanza-de-vida-mapa,BLM,1954,58.2126
wpp2024-esperanza-de-vida-mapa,BLM,1955,58.5238
wpp2024-esperanza-de-vida-mapa,BLM,1956,58.9889
wpp2024-esperanza-de-vida-mapa,BLM,1957,59.328
wpp2024-esperanza-de-vida-mapa,BLM,1958,59.6111
wpp2024-esperanza-de-vida-mapa,BLM,1959,59.8912
wpp2024-esperanza-de-vida-mapa,BLM,1960,60.1187
wpp2024-esperanza-de-vida-mapa,BLM,1961,60.5622
wpp2024-esperanza-de-vida-mapa,BLM,1962,61.0169
wpp2024-esperanza-de-vida-mapa,BLM,1963,61.0555
wpp2024-esperanza-de-vida-mapa,BLM,1964,61.5373
wpp2024-esperanza-de-vida-mapa,BLM,1965,61.9873
wpp2024-esperanza-de-vida-mapa,BLM,1966,62.1196
wpp2024-esperanza-de-vida-mapa,BLM,1967,62.5325
wpp2024-esperanza-de-vida-mapa,BLM,1968,63.676
wpp2024-esperanza-de-vida-mapa,BLM,1969,64.5014
wpp2024-esperanza-de-vida-mapa,BLM,1970,65.2829
wpp2024-esperanza-de-vida-mapa,BLM,1971,66.164
wpp2024-esperanza-de-vida-mapa,BLM,1972,66.8728
wpp2024-esperanza-de-vida-mapa,BLM,1973,67.4138
wpp2024-esperanza-de-vida-mapa,BLM,1974,68.142
wpp2024-esperanza-de-vida-mapa,BLM,1975,68.9253
wpp2024-esperanza-de-vida-mapa,BLM,1976,69.688
wpp2024-esperanza-de-vida-mapa,BLM,1977,70.4242
wpp2024-esperanza-de-vida-mapa,BLM,1978,71.1197
wpp2024-esperanza-de-vida-mapa,BLM,1979,71.6961
wpp2024-esperanza-de-vida-mapa,BLM,1980,72.3633
wpp2024-esperanza-de-vida-mapa,BLM,1981,72.8697
wpp2024-esperanza-de-vida-mapa,BLM,1982,73.3258
wpp2024-esperanza-de-vida-mapa,BLM,1983,73.5247
wpp2024-esperanza-de-vida-mapa,BLM,1984,73.8306
wpp2024-esperanza-de-vida-mapa,BLM,1985,74.0083
wpp2024-esperanza-de-vida-mapa,BLM,1986,74.342
wpp2024-esperanza-de-vida-mapa,BLM,1987,74.6669
wpp2024-esperanza-de-vida-mapa,BLM,1988,75.011
wpp2024-esperanza-de-vida-mapa,BLM,1989,75.3428
wpp2024-esperanza-de-vida-mapa,BLM,1990,75.7064
wpp2024-esperanza-de-vida-mapa,BLM,1991,76.1721
wpp2024-esperanza-de-vida-mapa,BLM,1992,76.6235
wpp2024-esperanza-de-vida-mapa,BLM,1993,77.0924
wpp2024-esperanza-de-vida-mapa,BLM,1994,77.455
wpp2024-esperanza-de-vida-mapa,BLM,1995,77.782
wpp2024-esperanza-de-vida-mapa,BLM,1996,78.0629
wpp2024-esperanza-de-vida-mapa,BLM,1997,78.3875
wpp2024-esperanza-de-vida-mapa,BLM,1998,78.7251
wpp2024-esperanza-de-vida-mapa,BLM,1999,79.0707
wpp2024-esperanza-de-vida-mapa,BLM,2000,79.3411
wpp2024-esperanza-de-vida-mapa,BLM,2001,79.6228
wpp2024-esperanza-de-vida-mapa,BLM,2002,79.9035
wpp2024-esperanza-de-vida-mapa,BLM,2003,80.1795
wpp2024-esperanza-de-vida-mapa,BLM,2004,80.5027
wpp2024-esperanza-de-vida-mapa,BLM,2005,80.8214
wpp2024-esperanza-de-vida-mapa,BLM,2006,81.1316
wpp2024-esperanza-de-vida-mapa,BLM,2007,81.4245
wpp2024-esperanza-de-vida-mapa,BLM,2008,81.6605
wpp2024-esperanza-de-vida-mapa,BLM,2009,81.7567
wpp2024-esperanza-de-vida-mapa,BLM,2010,81.8807
wpp2024-esperanza-de-vida-mapa,BLM,2011,82.0693
wpp2024-esperanza-de-vida-mapa,BLM,2012,82.3231
wpp2024-esperanza-de-vida-mapa,BLM,2013,82.4823
wpp2024-esperanza-de-vida-mapa,BLM,2014,82.7933
wpp2024-esperanza-de-vida-mapa,BLM,2015,82.9707
wpp2024-esperanza-de-vida-mapa,BLM,2016,83.1544
wpp2024-esperanza-de-vida-mapa,BLM,2017,81.7559
wpp2024-esperanza-de-vida-mapa,BLM,2018,83.6036
wpp2024-esperanza-de-vida-mapa,BLM,2019,83.8237
wpp2024-esperanza-de-vida-mapa,BLM,2020,84.0707
wpp2024-esperanza-de-vida-mapa,BLM,2021,84.1875
wpp2024-esperanza-de-vida-mapa,BLM,2022,84.2805
wpp2024-esperanza-de-vida-mapa,BLM,2023,84.2901
wpp2024-esperanza-de-vida-mapa,KNA,1950,54.7822
wpp2024-esperanza-de-vida-mapa,KNA,1951,55.2266
wpp2024-esperanza-de-vida-mapa,KNA,1952,55.6627
wpp2024-esperanza-de-vida-mapa,KNA,1953,56.0432
wpp2024-esperanza-de-vida-mapa,KNA,1954,56.2694
wpp2024-esperanza-de-vida-mapa,KNA,1955,56.3741
wpp2024-esperanza-de-vida-mapa,KNA,1956,56.386
wpp2024-esperanza-de-vida-mapa,KNA,1957,56.3767
wpp2024-esperanza-de-vida-mapa,KNA,1958,56.4068
wpp2024-esperanza-de-vida-mapa,KNA,1959,56.5548
wpp2024-esperanza-de-vida-mapa,KNA,1960,56.8404
wpp2024-esperanza-de-vida-mapa,KNA,1961,57.3379
wpp2024-esperanza-de-vida-mapa,KNA,1962,57.8399
wpp2024-esperanza-de-vida-mapa,KNA,1963,58.4296
wpp2024-esperanza-de-vida-mapa,KNA,1964,59.0399
wpp2024-esperanza-de-vida-mapa,KNA,1965,59.5953
wpp2024-esperanza-de-vida-mapa,KNA,1966,60.0809
wpp2024-esperanza-de-vida-mapa,KNA,1967,60.4453
wpp2024-esperanza-de-vida-mapa,KNA,1968,60.7762
wpp2024-esperanza-de-vida-mapa,KNA,1969,61.0789
wpp2024-esperanza-de-vida-mapa,KNA,1970,61.3716
wpp2024-esperanza-de-vida-mapa,KNA,1971,61.7404
wpp2024-esperanza-de-vida-mapa,KNA,1972,62.1368
wpp2024-esperanza-de-vida-mapa,KNA,1973,62.5167
wpp2024-esperanza-de-vida-mapa,KNA,1974,62.8881
wpp2024-esperanza-de-vida-mapa,KNA,1975,63.1915
wpp2024-esperanza-de-vida-mapa,KNA,1976,63.4896
wpp2024-esperanza-de-vida-mapa,KNA,1977,63.7301
wpp2024-esperanza-de-vida-mapa,KNA,1978,63.9952
wpp2024-esperanza-de-vida-mapa,KNA,1979,64.1978
wpp2024-esperanza-de-vida-mapa,KNA,1980,64.3848
wpp2024-esperanza-de-vida-mapa,KNA,1981,64.6195
wpp2024-esperanza-de-vida-mapa,KNA,1982,64.8685
wpp2024-esperanza-de-vida-mapa,KNA,1983,65.1183
wpp2024-esperanza-de-vida-mapa,KNA,1984,65.3344
wpp2024-esperanza-de-vida-mapa,KNA,1985,65.4819
wpp2024-esperanza-de-vida-mapa,KNA,1986,65.5543
wpp2024-esperanza-de-vida-mapa,KNA,1987,65.5161
wpp2024-esperanza-de-vida-mapa,KNA,1988,65.4509
wpp2024-esperanza-de-vida-mapa,KNA,1989,65.4496
wpp2024-esperanza-de-vida-mapa,KNA,1990,65.6415
wpp2024-esperanza-de-vida-mapa,KNA,1991,65.9578
wpp2024-esperanza-de-vida-mapa,KNA,1992,66.3393
wpp2024-esperanza-de-vida-mapa,KNA,1993,66.7081
wpp2024-esperanza-de-vida-mapa,KNA,1994,67.0018
wpp2024-esperanza-de-vida-mapa,KNA,1995,67.2304
wpp2024-esperanza-de-vida-mapa,KNA,1996,67.4878
wpp2024-esperanza-de-vida-mapa,KNA,1997,67.8107
wpp2024-esperanza-de-vida-mapa,KNA,1998,67.8906
wpp2024-esperanza-de-vida-mapa,KNA,1999,68.7251
wpp2024-esperanza-de-vida-mapa,KNA,2000,69.2488
wpp2024-esperanza-de-vida-mapa,KNA,2001,69.7671
wpp2024-esperanza-de-vida-mapa,KNA,2002,70.1939
wpp2024-esperanza-de-vida-mapa,KNA,2003,70.6142
wpp2024-esperanza-de-vida-mapa,KNA,2004,70.9198
wpp2024-esperanza-de-vida-mapa,KNA,2005,71.151
wpp2024-esperanza-de-vida-mapa,KNA,2006,71.3557
wpp2024-esperanza-de-vida-mapa,KNA,2007,71.4372
wpp2024-esperanza-de-vida-mapa,KNA,2008,71.4786
wpp2024-esperanza-de-vida-mapa,KNA,2009,71.4884
wpp2024-esperanza-de-vida-mapa,KNA,2010,71.4516
wpp2024-esperanza-de-vida-mapa,KNA,2011,71.4
wpp2024-esperanza-de-vida-mapa,KNA,2012,71.3619
wpp2024-esperanza-de-vida-mapa,KNA,2013,71.2903
wpp2024-esperanza-de-vida-mapa,KNA,2014,71.2275
wpp2024-esperanza-de-vida-mapa,KNA,2015,71.2112
wpp2024-esperanza-de-vida-mapa,KNA,2016,71.2269
wpp2024-esperanza-de-vida-mapa,KNA,2017,71.284
wpp2024-esperanza-de-vida-mapa,KNA,2018,71.3362
wpp2024-esperanza-de-vida-mapa,KNA,2019,71.5399
wpp2024-esperanza-de-vida-mapa,KNA,2020,71.1814
wpp2024-esperanza-de-vida-mapa,KNA,2021,69.2709
wpp2024-esperanza-de-vida-mapa,KNA,2022,70.3131
wpp2024-esperanza-de-vida-mapa,KNA,2023,72.1447
wpp2024-esperanza-de-vida-mapa,LCA,1950,48.2891
wpp2024-esperanza-de-vida-mapa,LCA,1951,49.8156
wpp2024-esperanza-de-vida-mapa,LCA,1952,52.431
wpp2024-esperanza-de-vida-mapa,LCA,1953,53.2207
wpp2024-esperanza-de-vida-mapa,LCA,1954,54.5339
wpp2024-esperanza-de-vida-mapa,LCA,1955,55.4111
wpp2024-esperanza-de-vida-mapa,LCA,1956,55.8883
wpp2024-esperanza-de-vida-mapa,LCA,1957,55.8754
wpp2024-esperanza-de-vida-mapa,LCA,1958,56.5623
wpp2024-esperanza-de-vida-mapa,LCA,1959,57.3223
wpp2024-esperanza-de-vida-mapa,LCA,1960,57.865
wpp2024-esperanza-de-vida-mapa,LCA,1961,59.095
wpp2024-esperanza-de-vida-mapa,LCA,1962,59.8765
wpp2024-esperanza-de-vida-mapa,LCA,1963,60.5379
wpp2024-esperanza-de-vida-mapa,LCA,1964,61.3393
wpp2024-esperanza-de-vida-mapa,LCA,1965,61.9243
wpp2024-esperanza-de-vida-mapa,LCA,1966,62.5331
wpp2024-esperanza-de-vida-mapa,LCA,1967,63.1609
wpp2024-esperanza-de-vida-mapa,LCA,1968,63.7494
wpp2024-esperanza-de-vida-mapa,LCA,1969,64.0262
wpp2024-esperanza-de-vida-mapa,LCA,1970,64.2904
wpp2024-esperanza-de-vida-mapa,LCA,1971,64.4916
wpp2024-esperanza-de-vida-mapa,LCA,1972,64.6449
wpp2024-esperanza-de-vida-mapa,LCA,1973,64.5725
wpp2024-esperanza-de-vida-mapa,LCA,1974,65.4193
wpp2024-esperanza-de-vida-mapa,LCA,1975,65.9095
wpp2024-esperanza-de-vida-mapa,LCA,1976,66.1983
wpp2024-esperanza-de-vida-mapa,LCA,1977,66.9572
wpp2024-esperanza-de-vida-mapa,LCA,1978,67.3799
wpp2024-esperanza-de-vida-mapa,LCA,1979,67.3641
wpp2024-esperanza-de-vida-mapa,LCA,1980,67.8006
wpp2024-esperanza-de-vida-mapa,LCA,1981,68.6876
wpp2024-esperanza-de-vida-mapa,LCA,1982,68.9773
wpp2024-esperanza-de-vida-mapa,LCA,1983,69.9872
wpp2024-esperanza-de-vida-mapa,LCA,1984,70.5222
wpp2024-esperanza-de-vida-mapa,LCA,1985,70.3078
wpp2024-esperanza-de-vida-mapa,LCA,1986,70.229
wpp2024-esperanza-de-vida-mapa,LCA,1987,69.6711
wpp2024-esperanza-de-vida-mapa,LCA,1988,69.7361
wpp2024-esperanza-de-vida-mapa,LCA,1989,70.028
wpp2024-esperanza-de-vida-mapa,LCA,1990,70.0082
wpp2024-esperanza-de-vida-mapa,LCA,1991,70.3089
wpp2024-esperanza-de-vida-mapa,LCA,1992,70.7339
wpp2024-esperanza-de-vida-mapa,LCA,1993,71.0499
wpp2024-esperanza-de-vida-mapa,LCA,1994,71.0758
wpp2024-esperanza-de-vida-mapa,LCA,1995,71.1725
wpp2024-esperanza-de-vida-mapa,LCA,1996,70.9627
wpp2024-esperanza-de-vida-mapa,LCA,1997,70.7782
wpp2024-esperanza-de-vida-mapa,LCA,1998,70.6798
wpp2024-esperanza-de-vida-mapa,LCA,1999,70.6917
wpp2024-esperanza-de-vida-mapa,LCA,2000,70.7791
wpp2024-esperanza-de-vida-mapa,LCA,2001,71.3671
wpp2024-esperanza-de-vida-mapa,LCA,2002,71.7065
wpp2024-esperanza-de-vida-mapa,LCA,2003,72.1883
wpp2024-esperanza-de-vida-mapa,LCA,2004,72.4527
wpp2024-esperanza-de-vida-mapa,LCA,2005,72.5437
wpp2024-esperanza-de-vida-mapa,LCA,2006,72.794
wpp2024-esperanza-de-vida-mapa,LCA,2007,72.8598
wpp2024-esperanza-de-vida-mapa,LCA,2008,72.9635
wpp2024-esperanza-de-vida-mapa,LCA,2009,72.9459
wpp2024-esperanza-de-vida-mapa,LCA,2010,72.7676
wpp2024-esperanza-de-vida-mapa,LCA,2011,72.9617
wpp2024-esperanza-de-vida-mapa,LCA,2012,72.86
wpp2024-esperanza-de-vida-mapa,LCA,2013,72.6872
wpp2024-esperanza-de-vida-mapa,LCA,2014,72.6764
wpp2024-esperanza-de-vida-mapa,LCA,2015,72.9319
wpp2024-esperanza-de-vida-mapa,LCA,2016,72.5515
wpp2024-esperanza-de-vida-mapa,LCA,2017,72.5218
wpp2024-esperanza-de-vida-mapa,LCA,2018,72.6546
wpp2024-esperanza-de-vida-mapa,LCA,2019,72.249
wpp2024-esperanza-de-vida-mapa,LCA,2020,72.3077
wpp2024-esperanza-de-vida-mapa,LCA,2021,69.1194
wpp2024-esperanza-de-vida-mapa,LCA,2022,72.6699
wpp2024-esperanza-de-vida-mapa,LCA,2023,72.6968
wpp2024-esperanza-de-vida-mapa,MAF,1950,65.1184
wpp2024-esperanza-de-vida-mapa,MAF,1951,65.3528
wpp2024-esperanza-de-vida-mapa,MAF,1952,65.3606
wpp2024-esperanza-de-vida-mapa,MAF,1953,65.6243
wpp2024-esperanza-de-vida-mapa,MAF,1954,65.894
wpp2024-esperanza-de-vida-mapa,MAF,1955,66.2141
wpp2024-esperanza-de-vida-mapa,MAF,1956,66.511
wpp2024-esperanza-de-vida-mapa,MAF,1957,66.812
wpp2024-esperanza-de-vida-mapa,MAF,1958,67.0966
wpp2024-esperanza-de-vida-mapa,MAF,1959,67.3677
wpp2024-esperanza-de-vida-mapa,MAF,1960,67.6485
wpp2024-esperanza-de-vida-mapa,MAF,1961,67.9121
wpp2024-esperanza-de-vida-mapa,MAF,1962,68.1942
wpp2024-esperanza-de-vida-mapa,MAF,1963,68.4867
wpp2024-esperanza-de-vida-mapa,MAF,1964,68.7569
wpp2024-esperanza-de-vida-mapa,MAF,1965,69.0344
wpp2024-esperanza-de-vida-mapa,MAF,1966,69.4007
wpp2024-esperanza-de-vida-mapa,MAF,1967,69.7755
wpp2024-esperanza-de-vida-mapa,MAF,1968,70.1503
wpp2024-esperanza-de-vida-mapa,MAF,1969,70.559
wpp2024-esperanza-de-vida-mapa,MAF,1970,70.982
wpp2024-esperanza-de-vida-mapa,MAF,1971,71.3046
wpp2024-esperanza-de-vida-mapa,MAF,1972,71.5681
wpp2024-esperanza-de-vida-mapa,MAF,1973,71.7799
wpp2024-esperanza-de-vida-mapa,MAF,1974,71.9325
wpp2024-esperanza-de-vida-mapa,MAF,1975,72.0457
wpp2024-esperanza-de-vida-mapa,MAF,1976,72.116
wpp2024-esperanza-de-vida-mapa,MAF,1977,72.1739
wpp2024-esperanza-de-vida-mapa,MAF,1978,72.2378
wpp2024-esperanza-de-vida-mapa,MAF,1979,72.2958
wpp2024-esperanza-de-vida-mapa,MAF,1980,72.3472
wpp2024-esperanza-de-vida-mapa,MAF,1981,72.3842
wpp2024-esperanza-de-vida-mapa,MAF,1982,72.4193
wpp2024-esperanza-de-vida-mapa,MAF,1983,72.55
wpp2024-esperanza-de-vida-mapa,MAF,1984,72.7342
wpp2024-esperanza-de-vida-mapa,MAF,1985,72.9431
wpp2024-esperanza-de-vida-mapa,MAF,1986,73.2015
wpp2024-esperanza-de-vida-mapa,MAF,1987,73.5185
wpp2024-esperanza-de-vida-mapa,MAF,1988,73.8577
wpp2024-esperanza-de-vida-mapa,MAF,1989,74.2049
wpp2024-esperanza-de-vida-mapa,MAF,1990,74.5646
wpp2024-esperanza-de-vida-mapa,MAF,1991,74.9252
wpp2024-esperanza-de-vida-mapa,MAF,1992,75.1502
wpp2024-esperanza-de-vida-mapa,MAF,1993,75.3488
wpp2024-esperanza-de-vida-mapa,MAF,1994,75.5334
wpp2024-esperanza-de-vida-mapa,MAF,1995,75.7139
wpp2024-esperanza-de-vida-mapa,MAF,1996,75.8855
wpp2024-esperanza-de-vida-mapa,MAF,1997,76.1047
wpp2024-esperanza-de-vida-mapa,MAF,1998,76.338
wpp2024-esperanza-de-vida-mapa,MAF,1999,76.5654
wpp2024-esperanza-de-vida-mapa,MAF,2000,76.7932
wpp2024-esperanza-de-vida-mapa,MAF,2001,77.0093
wpp2024-esperanza-de-vida-mapa,MAF,2002,77.2189
wpp2024-esperanza-de-vida-mapa,MAF,2003,77.4194
wpp2024-esperanza-de-vida-mapa,MAF,2004,77.6122
wpp2024-esperanza-de-vida-mapa,MAF,2005,77.8018
wpp2024-esperanza-de-vida-mapa,MAF,2006,77.9885
wpp2024-esperanza-de-vida-mapa,MAF,2007,78.1596
wpp2024-esperanza-de-vida-mapa,MAF,2008,78.3263
wpp2024-esperanza-de-vida-mapa,MAF,2009,78.5132
wpp2024-esperanza-de-vida-mapa,MAF,2010,78.7523
wpp2024-esperanza-de-vida-mapa,MAF,2011,79.0164
wpp2024-esperanza-de-vida-mapa,MAF,2012,79.3023
wpp2024-esperanza-de-vida-mapa,MAF,2013,79.5281
wpp2024-esperanza-de-vida-mapa,MAF,2014,79.7269
wpp2024-esperanza-de-vida-mapa,MAF,2015,79.8295
wpp2024-esperanza-de-vida-mapa,MAF,2016,79.8852
wpp2024-esperanza-de-vida-mapa,MAF,2017,78.7621
wpp2024-esperanza-de-vida-mapa,MAF,2018,80.029
wpp2024-esperanza-de-vida-mapa,MAF,2019,80.0784
wpp2024-esperanza-de-vida-mapa,MAF,2020,80.0848
wpp2024-esperanza-de-vida-mapa,MAF,2021,80.206
wpp2024-esperanza-de-vida-mapa,MAF,2022,80.2355
wpp2024-esperanza-de-vida-mapa,MAF,2023,80.2238
wpp2024-esperanza-de-vida-mapa,VCT,1950,46.8972
wpp2024-esperanza-de-vida-mapa,VCT,1951,48.584
wpp2024-esperanza-de-vida-mapa,VCT,1952,49.518
wpp2024-esperanza-de-vida-mapa,VCT,1953,51.1003
wpp2024-esperanza-de-vida-mapa,VCT,1954,52.7282
wpp2024-esperanza-de-vida-mapa,VCT,1955,54.2612
wpp2024-esperanza-de-vida-mapa,VCT,1956,54.9379
wpp2024-esperanza-de-vida-mapa,VCT,1957,55.9085
wpp2024-esperanza-de-vida-mapa,VCT,1958,57.0709
wpp2024-esperanza-de-vida-mapa,VCT,1959,57.77
wpp2024-esperanza-de-vida-mapa,VCT,1960,58.5665
wpp2024-esperanza-de-vida-mapa,VCT,1961,59.2719
wpp2024-esperanza-de-vida-mapa,VCT,1962,59.9243
wpp2024-esperanza-de-vida-mapa,VCT,1963,60.5212
wpp2024-esperanza-de-vida-mapa,VCT,1964,61.0708
wpp2024-esperanza-de-vida-mapa,VCT,1965,61.6096
wpp2024-esperanza-de-vida-mapa,VCT,1966,62.1015
wpp2024-esperanza-de-vida-mapa,VCT,1967,62.5406
wpp2024-esperanza-de-vida-mapa,VCT,1968,63.0644
wpp2024-esperanza-de-vida-mapa,VCT,1969,63.5288
wpp2024-esperanza-de-vida-mapa,VCT,1970,64.0289
wpp2024-esperanza-de-vida-mapa,VCT,1971,64.4318
wpp2024-esperanza-de-vida-mapa,VCT,1972,64.7525
wpp2024-esperanza-de-vida-mapa,VCT,1973,65.0951
wpp2024-esperanza-de-vida-mapa,VCT,1974,65.4223
wpp2024-esperanza-de-vida-mapa,VCT,1975,65.8732
wpp2024-esperanza-de-vida-mapa,VCT,1976,66.4655
wpp2024-esperanza-de-vida-mapa,VCT,1977,66.883
wpp2024-esperanza-de-vida-mapa,VCT,1978,67.2729
wpp2024-esperanza-de-vida-mapa,VCT,1979,69.3447
wpp2024-esperanza-de-vida-mapa,VCT,1980,67.9766
wpp2024-esperanza-de-vida-mapa,VCT,1981,68.2916
wpp2024-esperanza-de-vida-mapa,VCT,1982,68.5841
wpp2024-esperanza-de-vida-mapa,VCT,1983,68.7965
wpp2024-esperanza-de-vida-mapa,VCT,1984,69.2441
wpp2024-esperanza-de-vida-mapa,VCT,1985,69.7712
wpp2024-esperanza-de-vida-mapa,VCT,1986,70.1044
wpp2024-esperanza-de-vida-mapa,VCT,1987,70.4276
wpp2024-esperanza-de-vida-mapa,VCT,1988,70.6074
wpp2024-esperanza-de-vida-mapa,VCT,1989,70.6472
wpp2024-esperanza-de-vida-mapa,VCT,1990,70.6468
wpp2024-esperanza-de-vida-mapa,VCT,1991,70.6402
wpp2024-esperanza-de-vida-mapa,VCT,1992,70.7448
wpp2024-esperanza-de-vida-mapa,VCT,1993,70.621
wpp2024-esperanza-de-vida-mapa,VCT,1994,70.6018
wpp2024-esperanza-de-vida-mapa,VCT,1995,70.5748
wpp2024-esperanza-de-vida-mapa,VCT,1996,70.4662
wpp2024-esperanza-de-vida-mapa,VCT,1997,70.3817
wpp2024-esperanza-de-vida-mapa,VCT,1998,70.2629
wpp2024-esperanza-de-vida-mapa,VCT,1999,70.312
wpp2024-esperanza-de-vida-mapa,VCT,2000,70.3498
wpp2024-esperanza-de-vida-mapa,VCT,2001,70.3817
wpp2024-esperanza-de-vida-mapa,VCT,2002,70.6579
wpp2024-esperanza-de-vida-mapa,VCT,2003,70.4302
wpp2024-esperanza-de-vida-mapa,VCT,2004,70.4452
wpp2024-esperanza-de-vida-mapa,VCT,2005,70.4538
wpp2024-esperanza-de-vida-mapa,VCT,2006,70.4342
wpp2024-esperanza-de-vida-mapa,VCT,2007,70.446
wpp2024-esperanza-de-vida-mapa,VCT,2008,70.6113
wpp2024-esperanza-de-vida-mapa,VCT,2009,70.7119
wpp2024-esperanza-de-vida-mapa,VCT,2010,70.66
wpp2024-esperanza-de-vida-mapa,VCT,2011,70.6094
wpp2024-esperanza-de-vida-mapa,VCT,2012,70.5386
wpp2024-esperanza-de-vida-mapa,VCT,2013,70.0912
wpp2024-esperanza-de-vida-mapa,VCT,2014,70.3548
wpp2024-esperanza-de-vida-mapa,VCT,2015,70.4626
wpp2024-esperanza-de-vida-mapa,VCT,2016,70.6997
wpp2024-esperanza-de-vida-mapa,VCT,2017,71.0126
wpp2024-esperanza-de-vida-mapa,VCT,2018,71.0174
wpp2024-esperanza-de-vida-mapa,VCT,2019,70.9944
wpp2024-esperanza-de-vida-mapa,VCT,2020,69.6051
wpp2024-esperanza-de-vida-mapa,VCT,2021,69.132
wpp2024-esperanza-de-vida-mapa,VCT,2022,71.1906
wpp2024-esperanza-de-vida-mapa,VCT,2023,71.2301
wpp2024-esperanza-de-vida-mapa,SXM,1950,62.4331
wpp2024-esperanza-de-vida-mapa,SXM,1951,63.1264
wpp2024-esperanza-de-vida-mapa,SXM,1952,63.08
wpp2024-esperanza-de-vida-mapa,SXM,1953,63.6883
wpp2024-esperanza-de-vida-mapa,SXM,1954,64.1268
wpp2024-esperanza-de-vida-mapa,SXM,1955,64.7539
wpp2024-esperanza-de-vida-mapa,SXM,1956,65.1638
wpp2024-esperanza-de-vida-mapa,SXM,1957,65.4841
wpp2024-esperanza-de-vida-mapa,SXM,1958,65.7734
wpp2024-esperanza-de-vida-mapa,SXM,1959,66.0483
wpp2024-esperanza-de-vida-mapa,SXM,1960,66.3507
wpp2024-esperanza-de-vida-mapa,SXM,1961,66.6781
wpp2024-esperanza-de-vida-mapa,SXM,1962,67.0538
wpp2024-esperanza-de-vida-mapa,SXM,1963,67.4668
wpp2024-esperanza-de-vida-mapa,SXM,1964,67.7816
wpp2024-esperanza-de-vida-mapa,SXM,1965,68.0477
wpp2024-esperanza-de-vida-mapa,SXM,1966,68.5055
wpp2024-esperanza-de-vida-mapa,SXM,1967,69.0241
wpp2024-esperanza-de-vida-mapa,SXM,1968,69.5514
wpp2024-esperanza-de-vida-mapa,SXM,1969,70.2076
wpp2024-esperanza-de-vida-mapa,SXM,1970,70.8556
wpp2024-esperanza-de-vida-mapa,SXM,1971,71.3093
wpp2024-esperanza-de-vida-mapa,SXM,1972,71.7294
wpp2024-esperanza-de-vida-mapa,SXM,1973,72.0607
wpp2024-esperanza-de-vida-mapa,SXM,1974,72.2434
wpp2024-esperanza-de-vida-mapa,SXM,1975,72.3076
wpp2024-esperanza-de-vida-mapa,SXM,1976,72.2763
wpp2024-esperanza-de-vida-mapa,SXM,1977,72.1327
wpp2024-esperanza-de-vida-mapa,SXM,1978,71.9709
wpp2024-esperanza-de-vida-mapa,SXM,1979,71.839
wpp2024-esperanza-de-vida-mapa,SXM,1980,71.7905
wpp2024-esperanza-de-vida-mapa,SXM,1981,71.8637
wpp2024-esperanza-de-vida-mapa,SXM,1982,72.0096
wpp2024-esperanza-de-vida-mapa,SXM,1983,72.1458
wpp2024-esperanza-de-vida-mapa,SXM,1984,72.2802
wpp2024-esperanza-de-vida-mapa,SXM,1985,72.3854
wpp2024-esperanza-de-vida-mapa,SXM,1986,72.4359
wpp2024-esperanza-de-vida-mapa,SXM,1987,72.4352
wpp2024-esperanza-de-vida-mapa,SXM,1988,72.4563
wpp2024-esperanza-de-vida-mapa,SXM,1989,72.4411
wpp2024-esperanza-de-vida-mapa,SXM,1990,72.4137
wpp2024-esperanza-de-vida-mapa,SXM,1991,72.384
wpp2024-esperanza-de-vida-mapa,SXM,1992,72.4022
wpp2024-esperanza-de-vida-mapa,SXM,1993,72.462
wpp2024-esperanza-de-vida-mapa,SXM,1994,72.5975
wpp2024-esperanza-de-vida-mapa,SXM,1995,72.8492
wpp2024-esperanza-de-vida-mapa,SXM,1996,73.1877
wpp2024-esperanza-de-vida-mapa,SXM,1997,73.5508
wpp2024-esperanza-de-vida-mapa,SXM,1998,73.9001
wpp2024-esperanza-de-vida-mapa,SXM,1999,74.2222
wpp2024-esperanza-de-vida-mapa,SXM,2000,74.4091
wpp2024-esperanza-de-vida-mapa,SXM,2001,74.5246
wpp2024-esperanza-de-vida-mapa,SXM,2002,74.5847
wpp2024-esperanza-de-vida-mapa,SXM,2003,74.5879
wpp2024-esperanza-de-vida-mapa,SXM,2004,74.6175
wpp2024-esperanza-de-vida-mapa,SXM,2005,74.6812
wpp2024-esperanza-de-vida-mapa,SXM,2006,74.7786
wpp2024-esperanza-de-vida-mapa,SXM,2007,74.8123
wpp2024-esperanza-de-vida-mapa,SXM,2008,74.8522
wpp2024-esperanza-de-vida-mapa,SXM,2009,74.7963
wpp2024-esperanza-de-vida-mapa,SXM,2010,74.8212
wpp2024-esperanza-de-vida-mapa,SXM,2011,74.8684
wpp2024-esperanza-de-vida-mapa,SXM,2012,75.1253
wpp2024-esperanza-de-vida-mapa,SXM,2013,75.3913
wpp2024-esperanza-de-vida-mapa,SXM,2014,75.7346
wpp2024-esperanza-de-vida-mapa,SXM,2015,75.8992
wpp2024-esperanza-de-vida-mapa,SXM,2016,75.9518
wpp2024-esperanza-de-vida-mapa,SXM,2017,75.4551
wpp2024-esperanza-de-vida-mapa,SXM,2018,75.6932
wpp2024-esperanza-de-vida-mapa,SXM,2019,75.6796
wpp2024-esperanza-de-vida-mapa,SXM,2020,75.0023
wpp2024-esperanza-de-vida-mapa,SXM,2021,74.5049
wpp2024-esperanza-de-vida-mapa,SXM,2022,76.1804
wpp2024-esperanza-de-vida-mapa,SXM,2023,76.371
wpp2024-esperanza-de-vida-mapa,TTO,1950,56.9789
wpp2024-esperanza-de-vida-mapa,TTO,1951,57.3334
wpp2024-esperanza-de-vida-mapa,TTO,1952,57.6841
wpp2024-esperanza-de-vida-mapa,TTO,1953,58.2512
wpp2024-esperanza-de-vida-mapa,TTO,1954,59.0761
wpp2024-esperanza-de-vida-mapa,TTO,1955,59.7174
wpp2024-esperanza-de-vida-mapa,TTO,1956,60.3431
wpp2024-esperanza-de-vida-mapa,TTO,1957,60.748
wpp2024-esperanza-de-vida-mapa,TTO,1958,61.4204
wpp2024-esperanza-de-vida-mapa,TTO,1959,61.8923
wpp2024-esperanza-de-vida-mapa,TTO,1960,62.5048
wpp2024-esperanza-de-vida-mapa,TTO,1961,62.9652
wpp2024-esperanza-de-vida-mapa,TTO,1962,63.4294
wpp2024-esperanza-de-vida-mapa,TTO,1963,63.6326
wpp2024-esperanza-de-vida-mapa,TTO,1964,63.978
wpp2024-esperanza-de-vida-mapa,TTO,1965,64.1952
wpp2024-esperanza-de-vida-mapa,TTO,1966,64.3156
wpp2024-esperanza-de-vida-mapa,TTO,1967,64.4712
wpp2024-esperanza-de-vida-mapa,TTO,1968,64.6255
wpp2024-esperanza-de-vida-mapa,TTO,1969,64.7534
wpp2024-esperanza-de-vida-mapa,TTO,1970,64.8689
wpp2024-esperanza-de-vida-mapa,TTO,1971,64.9342
wpp2024-esperanza-de-vida-mapa,TTO,1972,65.1835
wpp2024-esperanza-de-vida-mapa,TTO,1973,65.412
wpp2024-esperanza-de-vida-mapa,TTO,1974,65.5117
wpp2024-esperanza-de-vida-mapa,TTO,1975,65.6471
wpp2024-esperanza-de-vida-mapa,TTO,1976,66.0321
wpp2024-esperanza-de-vida-mapa,TTO,1977,66.1698
wpp2024-esperanza-de-vida-mapa,TTO,1978,66.1976
wpp2024-esperanza-de-vida-mapa,TTO,1979,66.4224
wpp2024-esperanza-de-vida-mapa,TTO,1980,66.5066
wpp2024-esperanza-de-vida-mapa,TTO,1981,66.4587
wpp2024-esperanza-de-vida-mapa,TTO,1982,66.3825
wpp2024-esperanza-de-vida-mapa,TTO,1983,66.4401
wpp2024-esperanza-de-vida-mapa,TTO,1984,66.5556
wpp2024-esperanza-de-vida-mapa,TTO,1985,66.7475
wpp2024-esperanza-de-vida-mapa,TTO,1986,66.9028
wpp2024-esperanza-de-vida-mapa,TTO,1987,67.1345
wpp2024-esperanza-de-vida-mapa,TTO,1988,67.3786
wpp2024-esperanza-de-vida-mapa,TTO,1989,67.5178
wpp2024-esperanza-de-vida-mapa,TTO,1990,67.5905
wpp2024-esperanza-de-vida-mapa,TTO,1991,67.7817
wpp2024-esperanza-de-vida-mapa,TTO,1992,67.7798
wpp2024-esperanza-de-vida-mapa,TTO,1993,67.8246
wpp2024-esperanza-de-vida-mapa,TTO,1994,67.8368
wpp2024-esperanza-de-vida-mapa,TTO,1995,67.9952
wpp2024-esperanza-de-vida-mapa,TTO,1996,68.0386
wpp2024-esperanza-de-vida-mapa,TTO,1997,68.1434
wpp2024-esperanza-de-vida-mapa,TTO,1998,68.3306
wpp2024-esperanza-de-vida-mapa,TTO,1999,68.5087
wpp2024-esperanza-de-vida-mapa,TTO,2000,68.6288
wpp2024-esperanza-de-vida-mapa,TTO,2001,68.8744
wpp2024-esperanza-de-vida-mapa,TTO,2002,69.2322
wpp2024-esperanza-de-vida-mapa,TTO,2003,69.4536
wpp2024-esperanza-de-vida-mapa,TTO,2004,69.8791
wpp2024-esperanza-de-vida-mapa,TTO,2005,70.1847
wpp2024-esperanza-de-vida-mapa,TTO,2006,70.4367
wpp2024-esperanza-de-vida-mapa,TTO,2007,70.7973
wpp2024-esperanza-de-vida-mapa,TTO,2008,71.1171
wpp2024-esperanza-de-vida-mapa,TTO,2009,71.4042
wpp2024-esperanza-de-vida-mapa,TTO,2010,71.809
wpp2024-esperanza-de-vida-mapa,TTO,2011,72.2323
wpp2024-esperanza-de-vida-mapa,TTO,2012,72.513
wpp2024-esperanza-de-vida-mapa,TTO,2013,72.7855
wpp2024-esperanza-de-vida-mapa,TTO,2014,72.8984
wpp2024-esperanza-de-vida-mapa,TTO,2015,72.8817
wpp2024-esperanza-de-vida-mapa,TTO,2016,72.9348
wpp2024-esperanza-de-vida-mapa,TTO,2017,72.9844
wpp2024-esperanza-de-vida-mapa,TTO,2018,72.6582
wpp2024-esperanza-de-vida-mapa,TTO,2019,72.8357
wpp2024-esperanza-de-vida-mapa,TTO,2020,72.645
wpp2024-esperanza-de-vida-mapa,TTO,2021,71.1114
wpp2024-esperanza-de-vida-mapa,TTO,2022,73.3308
wpp2024-esperanza-de-vida-mapa,TTO,2023,73.4896
wpp2024-esperanza-de-vida-mapa,TCA,1950,48.5669
wpp2024-esperanza-de-vida-mapa,TCA,1951,49.4441
wpp2024-esperanza-de-vida-mapa,TCA,1952,50.2995
wpp2024-esperanza-de-vida-mapa,TCA,1953,51.13
wpp2024-esperanza-de-vida-mapa,TCA,1954,51.9
wpp2024-esperanza-de-vida-mapa,TCA,1955,52.673
wpp2024-esperanza-de-vida-mapa,TCA,1956,53.3312
wpp2024-esperanza-de-vida-mapa,TCA,1957,54.0564
wpp2024-esperanza-de-vida-mapa,TCA,1958,54.7961
wpp2024-esperanza-de-vida-mapa,TCA,1959,55.5607
wpp2024-esperanza-de-vida-mapa,TCA,1960,56.2925
wpp2024-esperanza-de-vida-mapa,TCA,1961,57.0865
wpp2024-esperanza-de-vida-mapa,TCA,1962,57.7417
wpp2024-esperanza-de-vida-mapa,TCA,1963,58.4265
wpp2024-esperanza-de-vida-mapa,TCA,1964,59.1188
wpp2024-esperanza-de-vida-mapa,TCA,1965,59.8059
wpp2024-esperanza-de-vida-mapa,TCA,1966,60.4407
wpp2024-esperanza-de-vida-mapa,TCA,1967,61.0389
wpp2024-esperanza-de-vida-mapa,TCA,1968,61.5862
wpp2024-esperanza-de-vida-mapa,TCA,1969,62.1349
wpp2024-esperanza-de-vida-mapa,TCA,1970,62.6887
wpp2024-esperanza-de-vida-mapa,TCA,1971,63.2558
wpp2024-esperanza-de-vida-mapa,TCA,1972,63.7604
wpp2024-esperanza-de-vida-mapa,TCA,1973,64.2277
wpp2024-esperanza-de-vida-mapa,TCA,1974,64.7305
wpp2024-esperanza-de-vida-mapa,TCA,1975,65.2015
wpp2024-esperanza-de-vida-mapa,TCA,1976,65.607
wpp2024-esperanza-de-vida-mapa,TCA,1977,66.0254
wpp2024-esperanza-de-vida-mapa,TCA,1978,66.4321
wpp2024-esperanza-de-vida-mapa,TCA,1979,66.7721
wpp2024-esperanza-de-vida-mapa,TCA,1980,67.1083
wpp2024-esperanza-de-vida-mapa,TCA,1981,67.4386
wpp2024-esperanza-de-vida-mapa,TCA,1982,67.7469
wpp2024-esperanza-de-vida-mapa,TCA,1983,68.0688
wpp2024-esperanza-de-vida-mapa,TCA,1984,68.3863
wpp2024-esperanza-de-vida-mapa,TCA,1985,68.6686
wpp2024-esperanza-de-vida-mapa,TCA,1986,68.9897
wpp2024-esperanza-de-vida-mapa,TCA,1987,69.3
wpp2024-esperanza-de-vida-mapa,TCA,1988,69.6194
wpp2024-esperanza-de-vida-mapa,TCA,1989,69.9163
wpp2024-esperanza-de-vida-mapa,TCA,1990,70.2177
wpp2024-esperanza-de-vida-mapa,TCA,1991,70.5396
wpp2024-esperanza-de-vida-mapa,TCA,1992,70.887
wpp2024-esperanza-de-vida-mapa,TCA,1993,71.1937
wpp2024-esperanza-de-vida-mapa,TCA,1994,71.5754
wpp2024-esperanza-de-vida-mapa,TCA,1995,71.9485
wpp2024-esperanza-de-vida-mapa,TCA,1996,72.328
wpp2024-esperanza-de-vida-mapa,TCA,1997,72.7134
wpp2024-esperanza-de-vida-mapa,TCA,1998,73.1126
wpp2024-esperanza-de-vida-mapa,TCA,1999,73.5309
wpp2024-esperanza-de-vida-mapa,TCA,2000,73.9715
wpp2024-esperanza-de-vida-mapa,TCA,2001,74.4085
wpp2024-esperanza-de-vida-mapa,TCA,2002,74.8434
wpp2024-esperanza-de-vida-mapa,TCA,2003,75.2624
wpp2024-esperanza-de-vida-mapa,TCA,2004,75.6305
wpp2024-esperanza-de-vida-mapa,TCA,2005,75.9539
wpp2024-esperanza-de-vida-mapa,TCA,2006,76.1965
wpp2024-esperanza-de-vida-mapa,TCA,2007,76.4267
wpp2024-esperanza-de-vida-mapa,TCA,2008,76.0839
wpp2024-esperanza-de-vida-mapa,TCA,2009,76.672
wpp2024-esperanza-de-vida-mapa,TCA,2010,76.784
wpp2024-esperanza-de-vida-mapa,TCA,2011,76.8697
wpp2024-esperanza-de-vida-mapa,TCA,2012,76.9694
wpp2024-esperanza-de-vida-mapa,TCA,2013,77.0998
wpp2024-esperanza-de-vida-mapa,TCA,2014,77.2116
wpp2024-esperanza-de-vida-mapa,TCA,2015,77.3211
wpp2024-esperanza-de-vida-mapa,TCA,2016,77.4372
wpp2024-esperanza-de-vida-mapa,TCA,2017,77.5051
wpp2024-esperanza-de-vida-mapa,TCA,2018,77.5957
wpp2024-esperanza-de-vida-mapa,TCA,2019,77.691
wpp2024-esperanza-de-vida-mapa,TCA,2020,77.4989
wpp2024-esperanza-de-vida-mapa,TCA,2021,77.2342
wpp2024-esperanza-de-vida-mapa,TCA,2022,77.9176
wpp2024-esperanza-de-vida-mapa,TCA,2023,78.0077
wpp2024-esperanza-de-vida-mapa,VIR,1950,59.9024
wpp2024-esperanza-de-vida-mapa,VIR,1951,57.1111
wpp2024-esperanza-de-vida-mapa,VIR,1952,58.8824
wpp2024-esperanza-de-vida-mapa,VIR,1953,61.453
wpp2024-esperanza-de-vida-mapa,VIR,1954,63.8139
wpp2024-esperanza-de-vida-mapa,VIR,1955,62.9391
wpp2024-esperanza-de-vida-mapa,VIR,1956,60.9461
wpp2024-esperanza-de-vida-mapa,VIR,1957,61.8425
wpp2024-esperanza-de-vida-mapa,VIR,1958,64.5667
wpp2024-esperanza-de-vida-mapa,VIR,1959,61.8101
wpp2024-esperanza-de-vida-mapa,VIR,1960,62.6517
wpp2024-esperanza-de-vida-mapa,VIR,1961,63.2255
wpp2024-esperanza-de-vida-mapa,VIR,1962,62.7765
wpp2024-esperanza-de-vida-mapa,VIR,1963,61.5222
wpp2024-esperanza-de-vida-mapa,VIR,1964,64.2198
wpp2024-esperanza-de-vida-mapa,VIR,1965,64.7696
wpp2024-esperanza-de-vida-mapa,VIR,1966,63.7289
wpp2024-esperanza-de-vida-mapa,VIR,1967,64.4508
wpp2024-esperanza-de-vida-mapa,VIR,1968,65.168
wpp2024-esperanza-de-vida-mapa,VIR,1969,65.8072
wpp2024-esperanza-de-vida-mapa,VIR,1970,66.4292
wpp2024-esperanza-de-vida-mapa,VIR,1971,67.0188
wpp2024-esperanza-de-vida-mapa,VIR,1972,65.5463
wpp2024-esperanza-de-vida-mapa,VIR,1973,67.0394
wpp2024-esperanza-de-vida-mapa,VIR,1974,67.3399
wpp2024-esperanza-de-vida-mapa,VIR,1975,67.6372
wpp2024-esperanza-de-vida-mapa,VIR,1976,67.8527
wpp2024-esperanza-de-vida-mapa,VIR,1977,68.0744
wpp2024-esperanza-de-vida-mapa,VIR,1978,68.2854
wpp2024-esperanza-de-vida-mapa,VIR,1979,68.5062
wpp2024-esperanza-de-vida-mapa,VIR,1980,68.7439
wpp2024-esperanza-de-vida-mapa,VIR,1981,68.9204
wpp2024-esperanza-de-vida-mapa,VIR,1982,69.1267
wpp2024-esperanza-de-vida-mapa,VIR,1983,69.3544
wpp2024-esperanza-de-vida-mapa,VIR,1984,69.5394
wpp2024-esperanza-de-vida-mapa,VIR,1985,69.6823
wpp2024-esperanza-de-vida-mapa,VIR,1986,69.9651
wpp2024-esperanza-de-vida-mapa,VIR,1987,70.1944
wpp2024-esperanza-de-vida-mapa,VIR,1988,70.3999
wpp2024-esperanza-de-vida-mapa,VIR,1989,70.53
wpp2024-esperanza-de-vida-mapa,VIR,1990,70.6806
wpp2024-esperanza-de-vida-mapa,VIR,1991,70.8089
wpp2024-esperanza-de-vida-mapa,VIR,1992,70.9693
wpp2024-esperanza-de-vida-mapa,VIR,1993,71.0895
wpp2024-esperanza-de-vida-mapa,VIR,1994,71.2404
wpp2024-esperanza-de-vida-mapa,VIR,1995,71.1893
wpp2024-esperanza-de-vida-mapa,VIR,1996,71.6013
wpp2024-esperanza-de-vida-mapa,VIR,1997,70.9082
wpp2024-esperanza-de-vida-mapa,VIR,1998,71.2644
wpp2024-esperanza-de-vida-mapa,VIR,1999,71.1089
wpp2024-esperanza-de-vida-mapa,VIR,2000,71.8046
wpp2024-esperanza-de-vida-mapa,VIR,2001,72.2175
wpp2024-esperanza-de-vida-mapa,VIR,2002,72.0544
wpp2024-esperanza-de-vida-mapa,VIR,2003,72.0065
wpp2024-esperanza-de-vida-mapa,VIR,2004,71.8287
wpp2024-esperanza-de-vida-mapa,VIR,2005,72.2349
wpp2024-esperanza-de-vida-mapa,VIR,2006,72.4788
wpp2024-esperanza-de-vida-mapa,VIR,2007,72.5874
wpp2024-esperanza-de-vida-mapa,VIR,2008,72.6575
wpp2024-esperanza-de-vida-mapa,VIR,2009,72.9192
wpp2024-esperanza-de-vida-mapa,VIR,2010,73.235
wpp2024-esperanza-de-vida-mapa,VIR,2011,73.4027
wpp2024-esperanza-de-vida-mapa,VIR,2012,73.6956
wpp2024-esperanza-de-vida-mapa,VIR,2013,73.9471
wpp2024-esperanza-de-vida-mapa,VIR,2014,74.1975
wpp2024-esperanza-de-vida-mapa,VIR,2015,74.3104
wpp2024-esperanza-de-vida-mapa,VIR,2016,74.4236
wpp2024-esperanza-de-vida-mapa,VIR,2017,74.3721
wpp2024-esperanza-de-vida-mapa,VIR,2018,74.6823
wpp2024-esperanza-de-vida-mapa,VIR,2019,74.8761
wpp2024-esperanza-de-vida-mapa,VIR,2020,74.7137
wpp2024-esperanza-de-vida-mapa,VIR,2021,74.6132
wpp2024-esperanza-de-vida-mapa,VIR,2022,75.0449
wpp2024-esperanza-de-vida-mapa,VIR,2023,75.4724
wpp2024-esperanza-de-vida-mapa,BLZ,1950,49.205
wpp2024-esperanza-de-vida-mapa,BLZ,1951,49.9327
wpp2024-esperanza-de-vida-mapa,BLZ,1952,50.6587
wpp2024-esperanza-de-vida-mapa,BLZ,1953,51.3821
wpp2024-esperanza-de-vida-mapa,BLZ,1954,52.1772
wpp2024-esperanza-de-vida-mapa,BLZ,1955,52.6683
wpp2024-esperanza-de-vida-mapa,BLZ,1956,53.8712
wpp2024-esperanza-de-vida-mapa,BLZ,1957,54.7847
wpp2024-esperanza-de-vida-mapa,BLZ,1958,55.7045
wpp2024-esperanza-de-vida-mapa,BLZ,1959,56.5842
wpp2024-esperanza-de-vida-mapa,BLZ,1960,57.3886
wpp2024-esperanza-de-vida-mapa,BLZ,1961,52.9437
wpp2024-esperanza-de-vida-mapa,BLZ,1962,58.7407
wpp2024-esperanza-de-vida-mapa,BLZ,1963,59.3162
wpp2024-esperanza-de-vida-mapa,BLZ,1964,59.8402
wpp2024-esperanza-de-vida-mapa,BLZ,1965,60.3559
wpp2024-esperanza-de-vida-mapa,BLZ,1966,60.8596
wpp2024-esperanza-de-vida-mapa,BLZ,1967,61.4367
wpp2024-esperanza-de-vida-mapa,BLZ,1968,61.961
wpp2024-esperanza-de-vida-mapa,BLZ,1969,62.4966
wpp2024-esperanza-de-vida-mapa,BLZ,1970,63.0436
wpp2024-esperanza-de-vida-mapa,BLZ,1971,63.5459
wpp2024-esperanza-de-vida-mapa,BLZ,1972,64.0254
wpp2024-esperanza-de-vida-mapa,BLZ,1973,64.4869
wpp2024-esperanza-de-vida-mapa,BLZ,1974,64.9355
wpp2024-esperanza-de-vida-mapa,BLZ,1975,65.3769
wpp2024-esperanza-de-vida-mapa,BLZ,1976,65.7649
wpp2024-esperanza-de-vida-mapa,BLZ,1977,66.1347
wpp2024-esperanza-de-vida-mapa,BLZ,1978,66.3384
wpp2024-esperanza-de-vida-mapa,BLZ,1979,66.6769
wpp2024-esperanza-de-vida-mapa,BLZ,1980,66.8841
wpp2024-esperanza-de-vida-mapa,BLZ,1981,67.095
wpp2024-esperanza-de-vida-mapa,BLZ,1982,67.3391
wpp2024-esperanza-de-vida-mapa,BLZ,1983,67.6007
wpp2024-esperanza-de-vida-mapa,BLZ,1984,67.9521
wpp2024-esperanza-de-vida-mapa,BLZ,1985,68.3474
wpp2024-esperanza-de-vida-mapa,BLZ,1986,68.7426
wpp2024-esperanza-de-vida-mapa,BLZ,1987,69.1076
wpp2024-esperanza-de-vida-mapa,BLZ,1988,69.4015
wpp2024-esperanza-de-vida-mapa,BLZ,1989,69.5342
wpp2024-esperanza-de-vida-mapa,BLZ,1990,69.5692
wpp2024-esperanza-de-vida-mapa,BLZ,1991,69.645
wpp2024-esperanza-de-vida-mapa,BLZ,1992,69.6012
wpp2024-esperanza-de-vida-mapa,BLZ,1993,69.5946
wpp2024-esperanza-de-vida-mapa,BLZ,1994,69.5846
wpp2024-esperanza-de-vida-mapa,BLZ,1995,69.4839
wpp2024-esperanza-de-vida-mapa,BLZ,1996,69.3627
wpp2024-esperanza-de-vida-mapa,BLZ,1997,69.1828
wpp2024-esperanza-de-vida-mapa,BLZ,1998,68.9063
wpp2024-esperanza-de-vida-mapa,BLZ,1999,68.9764
wpp2024-esperanza-de-vida-mapa,BLZ,2000,68.9108
wpp2024-esperanza-de-vida-mapa,BLZ,2001,68.944
wpp2024-esperanza-de-vida-mapa,BLZ,2002,69.5285
wpp2024-esperanza-de-vida-mapa,BLZ,2003,69.8185
wpp2024-esperanza-de-vida-mapa,BLZ,2004,70.1521
wpp2024-esperanza-de-vida-mapa,BLZ,2005,70.3347
wpp2024-esperanza-de-vida-mapa,BLZ,2006,70.5352
wpp2024-esperanza-de-vida-mapa,BLZ,2007,70.6524
wpp2024-esperanza-de-vida-mapa,BLZ,2008,70.6651
wpp2024-esperanza-de-vida-mapa,BLZ,2009,70.8058
wpp2024-esperanza-de-vida-mapa,BLZ,2010,70.8753
wpp2024-esperanza-de-vida-mapa,BLZ,2011,70.9755
wpp2024-esperanza-de-vida-mapa,BLZ,2012,71.1342
wpp2024-esperanza-de-vida-mapa,BLZ,2013,71.2757
wpp2024-esperanza-de-vida-mapa,BLZ,2014,71.4372
wpp2024-esperanza-de-vida-mapa,BLZ,2015,71.6467
wpp2024-esperanza-de-vida-mapa,BLZ,2016,71.8433
wpp2024-esperanza-de-vida-mapa,BLZ,2017,72.062
wpp2024-esperanza-de-vida-mapa,BLZ,2018,72.3215
wpp2024-esperanza-de-vida-mapa,BLZ,2019,72.5766
wpp2024-esperanza-de-vida-mapa,BLZ,2020,71.5801
wpp2024-esperanza-de-vida-mapa,BLZ,2021,70.917
wpp2024-esperanza-de-vida-mapa,BLZ,2022,72.1904
wpp2024-esperanza-de-vida-mapa,BLZ,2023,73.5656
wpp2024-esperanza-de-vida-mapa,CRI,1950,57.4605
wpp2024-esperanza-de-vida-mapa,CRI,1951,57.8193
wpp2024-esperanza-de-vida-mapa,CRI,1952,58.1135
wpp2024-esperanza-de-vida-mapa,CRI,1953,59.0586
wpp2024-esperanza-de-vida-mapa,CRI,1954,59.8546
wpp2024-esperanza-de-vida-mapa,CRI,1955,60.4535
wpp2024-esperanza-de-vida-mapa,CRI,1956,61.2019
wpp2024-esperanza-de-vida-mapa,CRI,1957,61.5816
wpp2024-esperanza-de-vida-mapa,CRI,1958,62.2617
wpp2024-esperanza-de-vida-mapa,CRI,1959,62.9054
wpp2024-esperanza-de-vida-mapa,CRI,1960,63.4634
wpp2024-esperanza-de-vida-mapa,CRI,1961,63.8599
wpp2024-esperanza-de-vida-mapa,CRI,1962,64.2317
wpp2024-esperanza-de-vida-mapa,CRI,1963,64.3258
wpp2024-esperanza-de-vida-mapa,CRI,1964,64.4931
wpp2024-esperanza-de-vida-mapa,CRI,1965,64.76
wpp2024-esperanza-de-vida-mapa,CRI,1966,65.0958
wpp2024-esperanza-de-vida-mapa,CRI,1967,65.5516
wpp2024-esperanza-de-vida-mapa,CRI,1968,65.7796
wpp2024-esperanza-de-vida-mapa,CRI,1969,66.3628
wpp2024-esperanza-de-vida-mapa,CRI,1970,66.7871
wpp2024-esperanza-de-vida-mapa,CRI,1971,67.4131
wpp2024-esperanza-de-vida-mapa,CRI,1972,68.014
wpp2024-esperanza-de-vida-mapa,CRI,1973,68.7309
wpp2024-esperanza-de-vida-mapa,CRI,1974,69.4456
wpp2024-esperanza-de-vida-mapa,CRI,1975,70.2527
wpp2024-esperanza-de-vida-mapa,CRI,1976,70.9456
wpp2024-esperanza-de-vida-mapa,CRI,1977,71.5194
wpp2024-esperanza-de-vida-mapa,CRI,1978,72.0286
wpp2024-esperanza-de-vida-mapa,CRI,1979,72.5373
wpp2024-esperanza-de-vida-mapa,CRI,1980,73.0337
wpp2024-esperanza-de-vida-mapa,CRI,1981,73.441
wpp2024-esperanza-de-vida-mapa,CRI,1982,73.8646
wpp2024-esperanza-de-vida-mapa,CRI,1983,74.2454
wpp2024-esperanza-de-vida-mapa,CRI,1984,74.5809
wpp2024-esperanza-de-vida-mapa,CRI,1985,74.7648
wpp2024-esperanza-de-vida-mapa,CRI,1986,74.9488
wpp2024-esperanza-de-vida-mapa,CRI,1987,75.2236
wpp2024-esperanza-de-vida-mapa,CRI,1988,75.5459
wpp2024-esperanza-de-vida-mapa,CRI,1989,75.8502
wpp2024-esperanza-de-vida-mapa,CRI,1990,76.0936
wpp2024-esperanza-de-vida-mapa,CRI,1991,76.2375
wpp2024-esperanza-de-vida-mapa,CRI,1992,76.3849
wpp2024-esperanza-de-vida-mapa,CRI,1993,76.3153
wpp2024-esperanza-de-vida-mapa,CRI,1994,76.3287
wpp2024-esperanza-de-vida-mapa,CRI,1995,76.44
wpp2024-esperanza-de-vida-mapa,CRI,1996,76.4276
wpp2024-esperanza-de-vida-mapa,CRI,1997,76.6035
wpp2024-esperanza-de-vida-mapa,CRI,1998,76.8686
wpp2024-esperanza-de-vida-mapa,CRI,1999,77.0581
wpp2024-esperanza-de-vida-mapa,CRI,2000,77.3175
wpp2024-esperanza-de-vida-mapa,CRI,2001,77.609
wpp2024-esperanza-de-vida-mapa,CRI,2002,77.9394
wpp2024-esperanza-de-vida-mapa,CRI,2003,78.2142
wpp2024-esperanza-de-vida-mapa,CRI,2004,78.5116
wpp2024-esperanza-de-vida-mapa,CRI,2005,78.8766
wpp2024-esperanza-de-vida-mapa,CRI,2006,79.049
wpp2024-esperanza-de-vida-mapa,CRI,2007,79.0981
wpp2024-esperanza-de-vida-mapa,CRI,2008,79.1802
wpp2024-esperanza-de-vida-mapa,CRI,2009,79.3718
wpp2024-esperanza-de-vida-mapa,CRI,2010,79.354
wpp2024-esperanza-de-vida-mapa,CRI,2011,79.624
wpp2024-esperanza-de-vida-mapa,CRI,2012,79.925
wpp2024-esperanza-de-vida-mapa,CRI,2013,80.1892
wpp2024-esperanza-de-vida-mapa,CRI,2014,80.2313
wpp2024-esperanza-de-vida-mapa,CRI,2015,80.4069
wpp2024-esperanza-de-vida-mapa,CRI,2016,79.9879
wpp2024-esperanza-de-vida-mapa,CRI,2017,79.9944
wpp2024-esperanza-de-vida-mapa,CRI,2018,80.0896
wpp2024-esperanza-de-vida-mapa,CRI,2019,80.2963
wpp2024-esperanza-de-vida-mapa,CRI,2020,79.7252
wpp2024-esperanza-de-vida-mapa,CRI,2021,78.0501
wpp2024-esperanza-de-vida-mapa,CRI,2022,79.3164
wpp2024-esperanza-de-vida-mapa,CRI,2023,80.7995
wpp2024-esperanza-de-vida-mapa,SLV,1950,44.195
wpp2024-esperanza-de-vida-mapa,SLV,1951,43.81
wpp2024-esperanza-de-vida-mapa,SLV,1952,44.7525
wpp2024-esperanza-de-vida-mapa,SLV,1953,44.9885
wpp2024-esperanza-de-vida-mapa,SLV,1954,45.5112
wpp2024-esperanza-de-vida-mapa,SLV,1955,46.0333
wpp2024-esperanza-de-vida-mapa,SLV,1956,46.5608
wpp2024-esperanza-de-vida-mapa,SLV,1957,47.1171
wpp2024-esperanza-de-vida-mapa,SLV,1958,47.6866
wpp2024-esperanza-de-vida-mapa,SLV,1959,47.9708
wpp2024-esperanza-de-vida-mapa,SLV,1960,48.2923
wpp2024-esperanza-de-vida-mapa,SLV,1961,48.6332
wpp2024-esperanza-de-vida-mapa,SLV,1962,49.0013
wpp2024-esperanza-de-vida-mapa,SLV,1963,49.3803
wpp2024-esperanza-de-vida-mapa,SLV,1964,49.7498
wpp2024-esperanza-de-vida-mapa,SLV,1965,50.2076
wpp2024-esperanza-de-vida-mapa,SLV,1966,50.6715
wpp2024-esperanza-de-vida-mapa,SLV,1967,50.8441
wpp2024-esperanza-de-vida-mapa,SLV,1968,50.8368
wpp2024-esperanza-de-vida-mapa,SLV,1969,51.2788
wpp2024-esperanza-de-vida-mapa,SLV,1970,51.3643
wpp2024-esperanza-de-vida-mapa,SLV,1971,51.6651
wpp2024-esperanza-de-vida-mapa,SLV,1972,51.9564
wpp2024-esperanza-de-vida-mapa,SLV,1973,52.7817
wpp2024-esperanza-de-vida-mapa,SLV,1974,52.8912
wpp2024-esperanza-de-vida-mapa,SLV,1975,53.4217
wpp2024-esperanza-de-vida-mapa,SLV,1976,54.375
wpp2024-esperanza-de-vida-mapa,SLV,1977,54.0472
wpp2024-esperanza-de-vida-mapa,SLV,1978,54.7087
wpp2024-esperanza-de-vida-mapa,SLV,1979,53.8047
wpp2024-esperanza-de-vida-mapa,SLV,1980,48.5892
wpp2024-esperanza-de-vida-mapa,SLV,1981,50.8887
wpp2024-esperanza-de-vida-mapa,SLV,1982,53.3423
wpp2024-esperanza-de-vida-mapa,SLV,1983,54.3735
wpp2024-esperanza-de-vida-mapa,SLV,1984,56.5713
wpp2024-esperanza-de-vida-mapa,SLV,1985,58.0306
wpp2024-esperanza-de-vida-mapa,SLV,1986,59.3292
wpp2024-esperanza-de-vida-mapa,SLV,1987,59.4024
wpp2024-esperanza-de-vida-mapa,SLV,1988,59.9769
wpp2024-esperanza-de-vida-mapa,SLV,1989,61.2536
wpp2024-esperanza-de-vida-mapa,SLV,1990,61.981
wpp2024-esperanza-de-vida-mapa,SLV,1991,62.5423
wpp2024-esperanza-de-vida-mapa,SLV,1992,62.9439
wpp2024-esperanza-de-vida-mapa,SLV,1993,63.9976
wpp2024-esperanza-de-vida-mapa,SLV,1994,64.47
wpp2024-esperanza-de-vida-mapa,SLV,1995,64.9031
wpp2024-esperanza-de-vida-mapa,SLV,1996,65.4804
wpp2024-esperanza-de-vida-mapa,SLV,1997,66.2484
wpp2024-esperanza-de-vida-mapa,SLV,1998,66.6548
wpp2024-esperanza-de-vida-mapa,SLV,1999,67.2851
wpp2024-esperanza-de-vida-mapa,SLV,2000,67.7114
wpp2024-esperanza-de-vida-mapa,SLV,2001,67.9645
wpp2024-esperanza-de-vida-mapa,SLV,2002,68.5264
wpp2024-esperanza-de-vida-mapa,SLV,2003,68.7918
wpp2024-esperanza-de-vida-mapa,SLV,2004,69.2948
wpp2024-esperanza-de-vida-mapa,SLV,2005,69.3356
wpp2024-esperanza-de-vida-mapa,SLV,2006,69.6123
wpp2024-esperanza-de-vida-mapa,SLV,2007,69.8195
wpp2024-esperanza-de-vida-mapa,SLV,2008,70.1378
wpp2024-esperanza-de-vida-mapa,SLV,2009,70.3586
wpp2024-esperanza-de-vida-mapa,SLV,2010,70.9088
wpp2024-esperanza-de-vida-mapa,SLV,2011,71.1918
wpp2024-esperanza-de-vida-mapa,SLV,2012,71.4201
wpp2024-esperanza-de-vida-mapa,SLV,2013,71.2251
wpp2024-esperanza-de-vida-mapa,SLV,2014,71.1442
wpp2024-esperanza-de-vida-mapa,SLV,2015,70.9524
wpp2024-esperanza-de-vida-mapa,SLV,2016,70.9081
wpp2024-esperanza-de-vida-mapa,SLV,2017,71.0074
wpp2024-esperanza-de-vida-mapa,SLV,2018,71.3836
wpp2024-esperanza-de-vida-mapa,SLV,2019,71.7253
wpp2024-esperanza-de-vida-mapa,SLV,2020,70.2436
wpp2024-esperanza-de-vida-mapa,SLV,2021,69.9414
wpp2024-esperanza-de-vida-mapa,SLV,2022,71.9695
wpp2024-esperanza-de-vida-mapa,SLV,2023,72.0993
wpp2024-esperanza-de-vida-mapa,GTM,1950,37.7986
wpp2024-esperanza-de-vida-mapa,GTM,1951,38.344
wpp2024-esperanza-de-vida-mapa,GTM,1952,38.9168
wpp2024-esperanza-de-vida-mapa,GTM,1953,39.499
wpp2024-esperanza-de-vida-mapa,GTM,1954,40.0651
wpp2024-esperanza-de-vida-mapa,GTM,1955,40.6828
wpp2024-esperanza-de-vida-mapa,GTM,1956,41.2911
wpp2024-esperanza-de-vida-mapa,GTM,1957,41.9162
wpp2024-esperanza-de-vida-mapa,GTM,1958,43.1375
wpp2024-esperanza-de-vida-mapa,GTM,1959,44.3313
wpp2024-esperanza-de-vida-mapa,GTM,1960,45.7598
wpp2024-esperanza-de-vida-mapa,GTM,1961,46.1201
wpp2024-esperanza-de-vida-mapa,GTM,1962,46.4917
wpp2024-esperanza-de-vida-mapa,GTM,1963,46.6218
wpp2024-esperanza-de-vida-mapa,GTM,1964,47.0552
wpp2024-esperanza-de-vida-mapa,GTM,1965,47.1855
wpp2024-esperanza-de-vida-mapa,GTM,1966,47.5114
wpp2024-esperanza-de-vida-mapa,GTM,1967,47.7273
wpp2024-esperanza-de-vida-mapa,GTM,1968,47.7575
wpp2024-esperanza-de-vida-mapa,GTM,1969,47.5207
wpp2024-esperanza-de-vida-mapa,GTM,1970,48.5065
wpp2024-esperanza-de-vida-mapa,GTM,1971,50.2762
wpp2024-esperanza-de-vida-mapa,GTM,1972,51.8172
wpp2024-esperanza-de-vida-mapa,GTM,1973,52.8481
wpp2024-esperanza-de-vida-mapa,GTM,1974,53.023
wpp2024-esperanza-de-vida-mapa,GTM,1975,52.8323
wpp2024-esperanza-de-vida-mapa,GTM,1976,47.6172
wpp2024-esperanza-de-vida-mapa,GTM,1977,55.1845
wpp2024-esperanza-de-vida-mapa,GTM,1978,56.4117
wpp2024-esperanza-de-vida-mapa,GTM,1979,56.5996
wpp2024-esperanza-de-vida-mapa,GTM,1980,55.2968
wpp2024-esperanza-de-vida-mapa,GTM,1981,54.7095
wpp2024-esperanza-de-vida-mapa,GTM,1982,48.8627
wpp2024-esperanza-de-vida-mapa,GTM,1983,57.9127
wpp2024-esperanza-de-vida-mapa,GTM,1984,59.0735
wpp2024-esperanza-de-vida-mapa,GTM,1985,59.7884
wpp2024-esperanza-de-vida-mapa,GTM,1986,60.3412
wpp2024-esperanza-de-vida-mapa,GTM,1987,60.9913
wpp2024-esperanza-de-vida-mapa,GTM,1988,61.5379
wpp2024-esperanza-de-vida-mapa,GTM,1989,61.7454
wpp2024-esperanza-de-vida-mapa,GTM,1990,61.7673
wpp2024-esperanza-de-vida-mapa,GTM,1991,61.9256
wpp2024-esperanza-de-vida-mapa,GTM,1992,61.9922
wpp2024-esperanza-de-vida-mapa,GTM,1993,62.4421
wpp2024-esperanza-de-vida-mapa,GTM,1994,63.0264
wpp2024-esperanza-de-vida-mapa,GTM,1995,63.6619
wpp2024-esperanza-de-vida-mapa,GTM,1996,64.5396
wpp2024-esperanza-de-vida-mapa,GTM,1997,65.2489
wpp2024-esperanza-de-vida-mapa,GTM,1998,65.9688
wpp2024-esperanza-de-vida-mapa,GTM,1999,66.6342
wpp2024-esperanza-de-vida-mapa,GTM,2000,67.1018
wpp2024-esperanza-de-vida-mapa,GTM,2001,67.4365
wpp2024-esperanza-de-vida-mapa,GTM,2002,67.8345
wpp2024-esperanza-de-vida-mapa,GTM,2003,68.2041
wpp2024-esperanza-de-vida-mapa,GTM,2004,68.2448
wpp2024-esperanza-de-vida-mapa,GTM,2005,68.167
wpp2024-esperanza-de-vida-mapa,GTM,2006,68.7902
wpp2024-esperanza-de-vida-mapa,GTM,2007,69.2993
wpp2024-esperanza-de-vida-mapa,GTM,2008,69.4929
wpp2024-esperanza-de-vida-mapa,GTM,2009,69.6764
wpp2024-esperanza-de-vida-mapa,GTM,2010,69.885
wpp2024-esperanza-de-vida-mapa,GTM,2011,70.3214
wpp2024-esperanza-de-vida-mapa,GTM,2012,70.7225
wpp2024-esperanza-de-vida-mapa,GTM,2013,70.878
wpp2024-esperanza-de-vida-mapa,GTM,2014,70.9424
wpp2024-esperanza-de-vida-mapa,GTM,2015,70.9148
wpp2024-esperanza-de-vida-mapa,GTM,2016,71.215
wpp2024-esperanza-de-vida-mapa,GTM,2017,71.5829
wpp2024-esperanza-de-vida-mapa,GTM,2018,71.4964
wpp2024-esperanza-de-vida-mapa,GTM,2019,71.6394
wpp2024-esperanza-de-vida-mapa,GTM,2020,69.9707
wpp2024-esperanza-de-vida-mapa,GTM,2021,67.8582
wpp2024-esperanza-de-vida-mapa,GTM,2022,71.2064
wpp2024-esperanza-de-vida-mapa,GTM,2023,72.6023
wpp2024-esperanza-de-vida-mapa,HND,1950,41.0494
wpp2024-esperanza-de-vida-mapa,HND,1951,41.59
wpp2024-esperanza-de-vida-mapa,HND,1952,42.0228
wpp2024-esperanza-de-vida-mapa,HND,1953,42.529
wpp2024-esperanza-de-vida-mapa,HND,1954,43.0377
wpp2024-esperanza-de-vida-mapa,HND,1955,43.6711
wpp2024-esperanza-de-vida-mapa,HND,1956,44.2472
wpp2024-esperanza-de-vida-mapa,HND,1957,44.9322
wpp2024-esperanza-de-vida-mapa,HND,1958,45.6269
wpp2024-esperanza-de-vida-mapa,HND,1959,46.3792
wpp2024-esperanza-de-vida-mapa,HND,1960,47.1491
wpp2024-esperanza-de-vida-mapa,HND,1961,47.71
wpp2024-esperanza-de-vida-mapa,HND,1962,48.647
wpp2024-esperanza-de-vida-mapa,HND,1963,49.3847
wpp2024-esperanza-de-vida-mapa,HND,1964,50.1975
wpp2024-esperanza-de-vida-mapa,HND,1965,50.8627
wpp2024-esperanza-de-vida-mapa,HND,1966,51.588
wpp2024-esperanza-de-vida-mapa,HND,1967,52.3313
wpp2024-esperanza-de-vida-mapa,HND,1968,53.0415
wpp2024-esperanza-de-vida-mapa,HND,1969,53.7123
wpp2024-esperanza-de-vida-mapa,HND,1970,54.3603
wpp2024-esperanza-de-vida-mapa,HND,1971,55.0121
wpp2024-esperanza-de-vida-mapa,HND,1972,55.6886
wpp2024-esperanza-de-vida-mapa,HND,1973,54.5647
wpp2024-esperanza-de-vida-mapa,HND,1974,52.5188
wpp2024-esperanza-de-vida-mapa,HND,1975,57.5234
wpp2024-esperanza-de-vida-mapa,HND,1976,58.1514
wpp2024-esperanza-de-vida-mapa,HND,1977,58.7044
wpp2024-esperanza-de-vida-mapa,HND,1978,59.2481
wpp2024-esperanza-de-vida-mapa,HND,1979,59.8287
wpp2024-esperanza-de-vida-mapa,HND,1980,60.3876
wpp2024-esperanza-de-vida-mapa,HND,1981,61.033
wpp2024-esperanza-de-vida-mapa,HND,1982,61.6879
wpp2024-esperanza-de-vida-mapa,HND,1983,62.4079
wpp2024-esperanza-de-vida-mapa,HND,1984,62.8191
wpp2024-esperanza-de-vida-mapa,HND,1985,63.2229
wpp2024-esperanza-de-vida-mapa,HND,1986,63.6509
wpp2024-esperanza-de-vida-mapa,HND,1987,64.0659
wpp2024-esperanza-de-vida-mapa,HND,1988,64.3928
wpp2024-esperanza-de-vida-mapa,HND,1989,64.7816
wpp2024-esperanza-de-vida-mapa,HND,1990,65.1825
wpp2024-esperanza-de-vida-mapa,HND,1991,65.5842
wpp2024-esperanza-de-vida-mapa,HND,1992,65.9078
wpp2024-esperanza-de-vida-mapa,HND,1993,66.0744
wpp2024-esperanza-de-vida-mapa,HND,1994,66.5234
wpp2024-esperanza-de-vida-mapa,HND,1995,66.919
wpp2024-esperanza-de-vida-mapa,HND,1996,67.2627
wpp2024-esperanza-de-vida-mapa,HND,1997,67.5418
wpp2024-esperanza-de-vida-mapa,HND,1998,62.4316
wpp2024-esperanza-de-vida-mapa,HND,1999,68.0049
wpp2024-esperanza-de-vida-mapa,HND,2000,68.3018
wpp2024-esperanza-de-vida-mapa,HND,2001,68.4906
wpp2024-esperanza-de-vida-mapa,HND,2002,68.7141
wpp2024-esperanza-de-vida-mapa,HND,2003,68.8741
wpp2024-esperanza-de-vida-mapa,HND,2004,69.0498
wpp2024-esperanza-de-vida-mapa,HND,2005,69.1982
wpp2024-esperanza-de-vida-mapa,HND,2006,69.3641
wpp2024-esperanza-de-vida-mapa,HND,2007,69.5388
wpp2024-esperanza-de-vida-mapa,HND,2008,69.6572
wpp2024-esperanza-de-vida-mapa,HND,2009,69.8234
wpp2024-esperanza-de-vida-mapa,HND,2010,69.7697
wpp2024-esperanza-de-vida-mapa,HND,2011,70.116
wpp2024-esperanza-de-vida-mapa,HND,2012,70.4605
wpp2024-esperanza-de-vida-mapa,HND,2013,70.7648
wpp2024-esperanza-de-vida-mapa,HND,2014,71.0316
wpp2024-esperanza-de-vida-mapa,HND,2015,71.323
wpp2024-esperanza-de-vida-mapa,HND,2016,71.6152
wpp2024-esperanza-de-vida-mapa,HND,2017,71.8046
wpp2024-esperanza-de-vida-mapa,HND,2018,72.0005
wpp2024-esperanza-de-vida-mapa,HND,2019,72.1238
wpp2024-esperanza-de-vida-mapa,HND,2020,70.864
wpp2024-esperanza-de-vida-mapa,HND,2021,69.4924
wpp2024-esperanza-de-vida-mapa,HND,2022,72.7151
wpp2024-esperanza-de-vida-mapa,HND,2023,72.8842
wpp2024-esperanza-de-vida-mapa,MEX,1950,43.8357
wpp2024-esperanza-de-vida-mapa,MEX,1951,44.7707
wpp2024-esperanza-de-vida-mapa,MEX,1952,45.6679
wpp2024-esperanza-de-vida-mapa,MEX,1953,47.0446
wpp2024-esperanza-de-vida-mapa,MEX,1954,48.2999
wpp2024-esperanza-de-vida-mapa,MEX,1955,49.5978
wpp2024-esperanza-de-vida-mapa,MEX,1956,50.3553
wpp2024-esperanza-de-vida-mapa,MEX,1957,51.1148
wpp2024-esperanza-de-vida-mapa,MEX,1958,51.8354
wpp2024-esperanza-de-vida-mapa,MEX,1959,52.6611
wpp2024-esperanza-de-vida-mapa,MEX,1960,53.5732
wpp2024-esperanza-de-vida-mapa,MEX,1961,54.4218
wpp2024-esperanza-de-vida-mapa,MEX,1962,55.0573
wpp2024-esperanza-de-vida-mapa,MEX,1963,55.501
wpp2024-esperanza-de-vida-mapa,MEX,1964,55.9164
wpp2024-esperanza-de-vida-mapa,MEX,1965,56.6876
wpp2024-esperanza-de-vida-mapa,MEX,1966,57.3552
wpp2024-esperanza-de-vida-mapa,MEX,1967,57.9592
wpp2024-esperanza-de-vida-mapa,MEX,1968,58.2202
wpp2024-esperanza-de-vida-mapa,MEX,1969,58.4128
wpp2024-esperanza-de-vida-mapa,MEX,1970,58.8934
wpp2024-esperanza-de-vida-mapa,MEX,1971,59.4148
wpp2024-esperanza-de-vida-mapa,MEX,1972,60.0514
wpp2024-esperanza-de-vida-mapa,MEX,1973,60.5177
wpp2024-esperanza-de-vida-mapa,MEX,1974,61.1799
wpp2024-esperanza-de-vida-mapa,MEX,1975,61.8832
wpp2024-esperanza-de-vida-mapa,MEX,1976,62.4748
wpp2024-esperanza-de-vida-mapa,MEX,1977,62.9879
wpp2024-esperanza-de-vida-mapa,MEX,1978,63.4347
wpp2024-esperanza-de-vida-mapa,MEX,1979,63.8618
wpp2024-esperanza-de-vida-mapa,MEX,1980,64.2819
wpp2024-esperanza-de-vida-mapa,MEX,1981,64.7219
wpp2024-esperanza-de-vida-mapa,MEX,1982,65.2561
wpp2024-esperanza-de-vida-mapa,MEX,1983,65.7563
wpp2024-esperanza-de-vida-mapa,MEX,1984,66.2145
wpp2024-esperanza-de-vida-mapa,MEX,1985,66.7745
wpp2024-esperanza-de-vida-mapa,MEX,1986,67.3767
wpp2024-esperanza-de-vida-mapa,MEX,1987,67.9037
wpp2024-esperanza-de-vida-mapa,MEX,1988,68.2994
wpp2024-esperanza-de-vida-mapa,MEX,1989,68.6209
wpp2024-esperanza-de-vida-mapa,MEX,1990,69.0342
wpp2024-esperanza-de-vida-mapa,MEX,1991,69.3683
wpp2024-esperanza-de-vida-mapa,MEX,1992,69.6633
wpp2024-esperanza-de-vida-mapa,MEX,1993,69.9607
wpp2024-esperanza-de-vida-mapa,MEX,1994,70.3017
wpp2024-esperanza-de-vida-mapa,MEX,1995,70.703
wpp2024-esperanza-de-vida-mapa,MEX,1996,71.0876
wpp2024-esperanza-de-vida-mapa,MEX,1997,71.4723
wpp2024-esperanza-de-vida-mapa,MEX,1998,71.7924
wpp2024-esperanza-de-vida-mapa,MEX,1999,72.2034
wpp2024-esperanza-de-vida-mapa,MEX,2000,72.5621
wpp2024-esperanza-de-vida-mapa,MEX,2001,72.9118
wpp2024-esperanza-de-vida-mapa,MEX,2002,73.1056
wpp2024-esperanza-de-vida-mapa,MEX,2003,73.308
wpp2024-esperanza-de-vida-mapa,MEX,2004,73.4324
wpp2024-esperanza-de-vida-mapa,MEX,2005,73.6267
wpp2024-esperanza-de-vida-mapa,MEX,2006,73.7457
wpp2024-esperanza-de-vida-mapa,MEX,2007,73.7955
wpp2024-esperanza-de-vida-mapa,MEX,2008,73.6949
wpp2024-esperanza-de-vida-mapa,MEX,2009,73.6281
wpp2024-esperanza-de-vida-mapa,MEX,2010,73.7181
wpp2024-esperanza-de-vida-mapa,MEX,2011,73.9209
wpp2024-esperanza-de-vida-mapa,MEX,2012,74.1278
wpp2024-esperanza-de-vida-mapa,MEX,2013,74.289
wpp2024-esperanza-de-vida-mapa,MEX,2014,74.4044
wpp2024-esperanza-de-vida-mapa,MEX,2015,74.4315
wpp2024-esperanza-de-vida-mapa,MEX,2016,74.3763
wpp2024-esperanza-de-vida-mapa,MEX,2017,74.2609
wpp2024-esperanza-de-vida-mapa,MEX,2018,74.3009
wpp2024-esperanza-de-vida-mapa,MEX,2019,74.5302
wpp2024-esperanza-de-vida-mapa,MEX,2020,70.4492
wpp2024-esperanza-de-vida-mapa,MEX,2021,69.7499
wpp2024-esperanza-de-vida-mapa,MEX,2022,73.9731
wpp2024-esperanza-de-vida-mapa,MEX,2023,75.069
wpp2024-esperanza-de-vida-mapa,NIC,1950,40.6302
wpp2024-esperanza-de-vida-mapa,NIC,1951,40.8046
wpp2024-esperanza-de-vida-mapa,NIC,1952,41.8605
wpp2024-esperanza-de-vida-mapa,NIC,1953,42.4472
wpp2024-esperanza-de-vida-mapa,NIC,1954,43.0637
wpp2024-esperanza-de-vida-mapa,NIC,1955,43.6583
wpp2024-esperanza-de-vida-mapa,NIC,1956,44.2772
wpp2024-esperanza-de-vida-mapa,NIC,1957,44.8762
wpp2024-esperanza-de-vida-mapa,NIC,1958,45.477
wpp2024-esperanza-de-vida-mapa,NIC,1959,46.0588
wpp2024-esperanza-de-vida-mapa,NIC,1960,46.3994
wpp2024-esperanza-de-vida-mapa,NIC,1961,47.2893
wpp2024-esperanza-de-vida-mapa,NIC,1962,47.9808
wpp2024-esperanza-de-vida-mapa,NIC,1963,48.7522
wpp2024-esperanza-de-vida-mapa,NIC,1964,49.5863
wpp2024-esperanza-de-vida-mapa,NIC,1965,50.6467
wpp2024-esperanza-de-vida-mapa,NIC,1966,51.5788
wpp2024-esperanza-de-vida-mapa,NIC,1967,52.3483
wpp2024-esperanza-de-vida-mapa,NIC,1968,52.8653
wpp2024-esperanza-de-vida-mapa,NIC,1969,53.3505
wpp2024-esperanza-de-vida-mapa,NIC,1970,53.8153
wpp2024-esperanza-de-vida-mapa,NIC,1971,54.2195
wpp2024-esperanza-de-vida-mapa,NIC,1972,47.957
wpp2024-esperanza-de-vida-mapa,NIC,1973,55.0225
wpp2024-esperanza-de-vida-mapa,NIC,1974,55.4013
wpp2024-esperanza-de-vida-mapa,NIC,1975,55.7738
wpp2024-esperanza-de-vida-mapa,NIC,1976,56.1177
wpp2024-esperanza-de-vida-mapa,NIC,1977,56.1255
wpp2024-esperanza-de-vida-mapa,NIC,1978,53.5335
wpp2024-esperanza-de-vida-mapa,NIC,1979,50.8285
wpp2024-esperanza-de-vida-mapa,NIC,1980,57.9528
wpp2024-esperanza-de-vida-mapa,NIC,1981,58.2784
wpp2024-esperanza-de-vida-mapa,NIC,1982,58.6854
wpp2024-esperanza-de-vida-mapa,NIC,1983,56.8509
wpp2024-esperanza-de-vida-mapa,NIC,1984,56.1261
wpp2024-esperanza-de-vida-mapa,NIC,1985,56.3995
wpp2024-esperanza-de-vida-mapa,NIC,1986,57.5581
wpp2024-esperanza-de-vida-mapa,NIC,1987,57.3291
wpp2024-esperanza-de-vida-mapa,NIC,1988,59.8332
wpp2024-esperanza-de-vida-mapa,NIC,1989,61.884
wpp2024-esperanza-de-vida-mapa,NIC,1990,62.4729
wpp2024-esperanza-de-vida-mapa,NIC,1991,63.3096
wpp2024-esperanza-de-vida-mapa,NIC,1992,63.6717
wpp2024-esperanza-de-vida-mapa,NIC,1993,64.0928
wpp2024-esperanza-de-vida-mapa,NIC,1994,64.549
wpp2024-esperanza-de-vida-mapa,NIC,1995,64.8693
wpp2024-esperanza-de-vida-mapa,NIC,1996,65.2148
wpp2024-esperanza-de-vida-mapa,NIC,1997,65.5231
wpp2024-esperanza-de-vida-mapa,NIC,1998,64.1109
wpp2024-esperanza-de-vida-mapa,NIC,1999,65.8924
wpp2024-esperanza-de-vida-mapa,NIC,2000,66.3601
wpp2024-esperanza-de-vida-mapa,NIC,2001,67.0281
wpp2024-esperanza-de-vida-mapa,NIC,2002,67.9504
wpp2024-esperanza-de-vida-mapa,NIC,2003,68.7487
wpp2024-esperanza-de-vida-mapa,NIC,2004,69.5101
wpp2024-esperanza-de-vida-mapa,NIC,2005,70.3745
wpp2024-esperanza-de-vida-mapa,NIC,2006,70.9578
wpp2024-esperanza-de-vida-mapa,NIC,2007,71.1973
wpp2024-esperanza-de-vida-mapa,NIC,2008,71.4043
wpp2024-esperanza-de-vida-mapa,NIC,2009,71.4986
wpp2024-esperanza-de-vida-mapa,NIC,2010,71.7608
wpp2024-esperanza-de-vida-mapa,NIC,2011,72.0329
wpp2024-esperanza-de-vida-mapa,NIC,2012,72.4346
wpp2024-esperanza-de-vida-mapa,NIC,2013,72.5513
wpp2024-esperanza-de-vida-mapa,NIC,2014,72.792
wpp2024-esperanza-de-vida-mapa,NIC,2015,72.8989
wpp2024-esperanza-de-vida-mapa,NIC,2016,73.1803
wpp2024-esperanza-de-vida-mapa,NIC,2017,73.3892
wpp2024-esperanza-de-vida-mapa,NIC,2018,73.8787
wpp2024-esperanza-de-vida-mapa,NIC,2019,73.7637
wpp2024-esperanza-de-vida-mapa,NIC,2020,70.7662
wpp2024-esperanza-de-vida-mapa,NIC,2021,70.4777
wpp2024-esperanza-de-vida-mapa,NIC,2022,74.4626
wpp2024-esperanza-de-vida-mapa,NIC,2023,74.9468
wpp2024-esperanza-de-vida-mapa,PAN,1950,55.399
wpp2024-esperanza-de-vida-mapa,PAN,1951,55.8829
wpp2024-esperanza-de-vida-mapa,PAN,1952,56.3627
wpp2024-esperanza-de-vida-mapa,PAN,1953,56.8348
wpp2024-esperanza-de-vida-mapa,PAN,1954,57.234
wpp2024-esperanza-de-vida-mapa,PAN,1955,57.4841
wpp2024-esperanza-de-vida-mapa,PAN,1956,57.8767
wpp2024-esperanza-de-vida-mapa,PAN,1957,58.2788
wpp2024-esperanza-de-vida-mapa,PAN,1958,58.9471
wpp2024-esperanza-de-vida-mapa,PAN,1959,59.5674
wpp2024-esperanza-de-vida-mapa,PAN,1960,60.2783
wpp2024-esperanza-de-vida-mapa,PAN,1961,60.9138
wpp2024-esperanza-de-vida-mapa,PAN,1962,61.4278
wpp2024-esperanza-de-vida-mapa,PAN,1963,61.8137
wpp2024-esperanza-de-vida-mapa,PAN,1964,62.1006
wpp2024-esperanza-de-vida-mapa,PAN,1965,62.3375
wpp2024-esperanza-de-vida-mapa,PAN,1966,62.6288
wpp2024-esperanza-de-vida-mapa,PAN,1967,62.8872
wpp2024-esperanza-de-vida-mapa,PAN,1968,63.2424
wpp2024-esperanza-de-vida-mapa,PAN,1969,63.6596
wpp2024-esperanza-de-vida-mapa,PAN,1970,64.0684
wpp2024-esperanza-de-vida-mapa,PAN,1971,64.6656
wpp2024-esperanza-de-vida-mapa,PAN,1972,65.1832
wpp2024-esperanza-de-vida-mapa,PAN,1973,65.7827
wpp2024-esperanza-de-vida-mapa,PAN,1974,66.5523
wpp2024-esperanza-de-vida-mapa,PAN,1975,67.243
wpp2024-esperanza-de-vida-mapa,PAN,1976,67.794
wpp2024-esperanza-de-vida-mapa,PAN,1977,68.2516
wpp2024-esperanza-de-vida-mapa,PAN,1978,68.6867
wpp2024-esperanza-de-vida-mapa,PAN,1979,69.0902
wpp2024-esperanza-de-vida-mapa,PAN,1980,69.4506
wpp2024-esperanza-de-vida-mapa,PAN,1981,69.7896
wpp2024-esperanza-de-vida-mapa,PAN,1982,69.8997
wpp2024-esperanza-de-vida-mapa,PAN,1983,70.1335
wpp2024-esperanza-de-vida-mapa,PAN,1984,70.4025
wpp2024-esperanza-de-vida-mapa,PAN,1985,70.5437
wpp2024-esperanza-de-vida-mapa,PAN,1986,70.6686
wpp2024-esperanza-de-vida-mapa,PAN,1987,70.8113
wpp2024-esperanza-de-vida-mapa,PAN,1988,70.945
wpp2024-esperanza-de-vida-mapa,PAN,1989,70.137
wpp2024-esperanza-de-vida-mapa,PAN,1990,71.2655
wpp2024-esperanza-de-vida-mapa,PAN,1991,71.331
wpp2024-esperanza-de-vida-mapa,PAN,1992,71.4613
wpp2024-esperanza-de-vida-mapa,PAN,1993,71.8046
wpp2024-esperanza-de-vida-mapa,PAN,1994,71.9429
wpp2024-esperanza-de-vida-mapa,PAN,1995,71.9944
wpp2024-esperanza-de-vida-mapa,PAN,1996,72.199
wpp2024-esperanza-de-vida-mapa,PAN,1997,72.5415
wpp2024-esperanza-de-vida-mapa,PAN,1998,72.7846
wpp2024-esperanza-de-vida-mapa,PAN,1999,73.1239
wpp2024-esperanza-de-vida-mapa,PAN,2000,73.4432
wpp2024-esperanza-de-vida-mapa,PAN,2001,73.8197
wpp2024-esperanza-de-vida-mapa,PAN,2002,74.1947
wpp2024-esperanza-de-vida-mapa,PAN,2003,74.5671
wpp2024-esperanza-de-vida-mapa,PAN,2004,74.8453
wpp2024-esperanza-de-vida-mapa,PAN,2005,75.1604
wpp2024-esperanza-de-vida-mapa,PAN,2006,75.4291
wpp2024-esperanza-de-vida-mapa,PAN,2007,75.6751
wpp2024-esperanza-de-vida-mapa,PAN,2008,75.937
wpp2024-esperanza-de-vida-mapa,PAN,2009,76.2283
wpp2024-esperanza-de-vida-mapa,PAN,2010,76.417
wpp2024-esperanza-de-vida-mapa,PAN,2011,76.6594
wpp2024-esperanza-de-vida-mapa,PAN,2012,76.8767
wpp2024-esperanza-de-vida-mapa,PAN,2013,77.1292
wpp2024-esperanza-de-vida-mapa,PAN,2014,77.3645
wpp2024-esperanza-de-vida-mapa,PAN,2015,77.5827
wpp2024-esperanza-de-vida-mapa,PAN,2016,77.7724
wpp2024-esperanza-de-vida-mapa,PAN,2017,77.9011
wpp2024-esperanza-de-vida-mapa,PAN,2018,78.2656
wpp2024-esperanza-de-vida-mapa,PAN,2019,78.5145
wpp2024-esperanza-de-vida-mapa,PAN,2020,76.3302
wpp2024-esperanza-de-vida-mapa,PAN,2021,77.0037
wpp2024-esperanza-de-vida-mapa,PAN,2022,79.3241
wpp2024-esperanza-de-vida-mapa,PAN,2023,79.5937
wpp2024-esperanza-de-vida-mapa,ARG,1950,61.2746
wpp2024-esperanza-de-vida-mapa,ARG,1951,61.7087
wpp2024-esperanza-de-vida-mapa,ARG,1952,62.4656
wpp2024-esperanza-de-vida-mapa,ARG,1953,62.4599
wpp2024-esperanza-de-vida-mapa,ARG,1954,63.0694
wpp2024-esperanza-de-vida-mapa,ARG,1955,62.7026
wpp2024-esperanza-de-vida-mapa,ARG,1956,63.5774
wpp2024-esperanza-de-vida-mapa,ARG,1957,63.22
wpp2024-esperanza-de-vida-mapa,ARG,1958,64.2017
wpp2024-esperanza-de-vida-mapa,ARG,1959,64.0997
wpp2024-esperanza-de-vida-mapa,ARG,1960,64.2423
wpp2024-esperanza-de-vida-mapa,ARG,1961,64.6314
wpp2024-esperanza-de-vida-mapa,ARG,1962,64.6184
wpp2024-esperanza-de-vida-mapa,ARG,1963,64.8554
wpp2024-esperanza-de-vida-mapa,ARG,1964,64.8161
wpp2024-esperanza-de-vida-mapa,ARG,1965,65.0531
wpp2024-esperanza-de-vida-mapa,ARG,1966,65.3976
wpp2024-esperanza-de-vida-mapa,ARG,1967,65.4672
wpp2024-esperanza-de-vida-mapa,ARG,1968,65.234
wpp2024-esperanza-de-vida-mapa,ARG,1969,65.0853
wpp2024-esperanza-de-vida-mapa,ARG,1970,65.6474
wpp2024-esperanza-de-vida-mapa,ARG,1971,65.6193
wpp2024-esperanza-de-vida-mapa,ARG,1972,65.953
wpp2024-esperanza-de-vida-mapa,ARG,1973,66.186
wpp2024-esperanza-de-vida-mapa,ARG,1974,66.4053
wpp2024-esperanza-de-vida-mapa,ARG,1975,66.9647
wpp2024-esperanza-de-vida-mapa,ARG,1976,67.0299
wpp2024-esperanza-de-vida-mapa,ARG,1977,67.5946
wpp2024-esperanza-de-vida-mapa,ARG,1978,67.9989
wpp2024-esperanza-de-vida-mapa,ARG,1979,68.4341
wpp2024-esperanza-de-vida-mapa,ARG,1980,68.5761
wpp2024-esperanza-de-vida-mapa,ARG,1981,68.8576
wpp2024-esperanza-de-vida-mapa,ARG,1982,68.9728
wpp2024-esperanza-de-vida-mapa,ARG,1983,69.2905
wpp2024-esperanza-de-vida-mapa,ARG,1984,69.3533
wpp2024-esperanza-de-vida-mapa,ARG,1985,69.8793
wpp2024-esperanza-de-vida-mapa,ARG,1986,70.2812
wpp2024-esperanza-de-vida-mapa,ARG,1987,70.6989
wpp2024-esperanza-de-vida-mapa,ARG,1988,71.0973
wpp2024-esperanza-de-vida-mapa,ARG,1989,71.5019
wpp2024-esperanza-de-vida-mapa,ARG,1990,71.6145
wpp2024-esperanza-de-vida-mapa,ARG,1991,72.0204
wpp2024-esperanza-de-vida-mapa,ARG,1992,72.0958
wpp2024-esperanza-de-vida-mapa,ARG,1993,72.3033
wpp2024-esperanza-de-vida-mapa,ARG,1994,72.7317
wpp2024-esperanza-de-vida-mapa,ARG,1995,72.8644
wpp2024-esperanza-de-vida-mapa,ARG,1996,73.0565
wpp2024-esperanza-de-vida-mapa,ARG,1997,73.4071
wpp2024-esperanza-de-vida-mapa,ARG,1998,73.4121
wpp2024-esperanza-de-vida-mapa,ARG,1999,73.6833
wpp2024-esperanza-de-vida-mapa,ARG,2000,73.91
wpp2024-esperanza-de-vida-mapa,ARG,2001,74.1542
wpp2024-esperanza-de-vida-mapa,ARG,2002,74.3122
wpp2024-esperanza-de-vida-mapa,ARG,2003,74.3073
wpp2024-esperanza-de-vida-mapa,ARG,2004,74.8713
wpp2024-esperanza-de-vida-mapa,ARG,2005,75.2306
wpp2024-esperanza-de-vida-mapa,ARG,2006,75.2791
wpp2024-esperanza-de-vida-mapa,ARG,2007,74.7827
wpp2024-esperanza-de-vida-mapa,ARG,2008,75.4281
wpp2024-esperanza-de-vida-mapa,ARG,2009,75.5773
wpp2024-esperanza-de-vida-mapa,ARG,2010,75.68
wpp2024-esperanza-de-vida-mapa,ARG,2011,76.0998
wpp2024-esperanza-de-vida-mapa,ARG,2012,75.8024
wpp2024-esperanza-de-vida-mapa,ARG,2013,75.8292
wpp2024-esperanza-de-vida-mapa,ARG,2014,76.2678
wpp2024-esperanza-de-vida-mapa,ARG,2015,76.5995
wpp2024-esperanza-de-vida-mapa,ARG,2016,76.105
wpp2024-esperanza-de-vida-mapa,ARG,2017,76.5434
wpp2024-esperanza-de-vida-mapa,ARG,2018,76.7698
wpp2024-esperanza-de-vida-mapa,ARG,2019,76.8475
wpp2024-esperanza-de-vida-mapa,ARG,2020,75.8781
wpp2024-esperanza-de-vida-mapa,ARG,2021,73.9485
wpp2024-esperanza-de-vida-mapa,ARG,2022,75.8061
wpp2024-esperanza-de-vida-mapa,ARG,2023,77.3947
wpp2024-esperanza-de-vida-mapa,BOL,1950,40.7034
wpp2024-esperanza-de-vida-mapa,BOL,1951,40.9288
wpp2024-esperanza-de-vida-mapa,BOL,1952,41.0405
wpp2024-esperanza-de-vida-mapa,BOL,1953,41.4209
wpp2024-esperanza-de-vida-mapa,BOL,1954,41.6891
wpp2024-esperanza-de-vida-mapa,BOL,1955,41.9303
wpp2024-esperanza-de-vida-mapa,BOL,1956,42.1966
wpp2024-esperanza-de-vida-mapa,BOL,1957,42.4284
wpp2024-esperanza-de-vida-mapa,BOL,1958,42.7205
wpp2024-esperanza-de-vida-mapa,BOL,1959,43.0097
wpp2024-esperanza-de-vida-mapa,BOL,1960,43.3382
wpp2024-esperanza-de-vida-mapa,BOL,1961,43.6283
wpp2024-esperanza-de-vida-mapa,BOL,1962,44.0025
wpp2024-esperanza-de-vida-mapa,BOL,1963,44.3348
wpp2024-esperanza-de-vida-mapa,BOL,1964,44.6739
wpp2024-esperanza-de-vida-mapa,BOL,1965,45.09
wpp2024-esperanza-de-vida-mapa,BOL,1966,45.4788
wpp2024-esperanza-de-vida-mapa,BOL,1967,45.9044
wpp2024-esperanza-de-vida-mapa,BOL,1968,46.342
wpp2024-esperanza-de-vida-mapa,BOL,1969,46.7053
wpp2024-esperanza-de-vida-mapa,BOL,1970,47.1027
wpp2024-esperanza-de-vida-mapa,BOL,1971,47.4826
wpp2024-esperanza-de-vida-mapa,BOL,1972,47.8291
wpp2024-esperanza-de-vida-mapa,BOL,1973,48.2818
wpp2024-esperanza-de-vida-mapa,BOL,1974,48.7521
wpp2024-esperanza-de-vida-mapa,BOL,1975,49.336
wpp2024-esperanza-de-vida-mapa,BOL,1976,49.9707
wpp2024-esperanza-de-vida-mapa,BOL,1977,50.387
wpp2024-esperanza-de-vida-mapa,BOL,1978,50.8379
wpp2024-esperanza-de-vida-mapa,BOL,1979,51.3527
wpp2024-esperanza-de-vida-mapa,BOL,1980,51.8285
wpp2024-esperanza-de-vida-mapa,BOL,1981,52.2593
wpp2024-esperanza-de-vida-mapa,BOL,1982,52.5108
wpp2024-esperanza-de-vida-mapa,BOL,1983,52.8608
wpp2024-esperanza-de-vida-mapa,BOL,1984,53.3832
wpp2024-esperanza-de-vida-mapa,BOL,1985,53.7774
wpp2024-esperanza-de-vida-mapa,BOL,1986,54.2467
wpp2024-esperanza-de-vida-mapa,BOL,1987,54.9012
wpp2024-esperanza-de-vida-mapa,BOL,1988,55.5046
wpp2024-esperanza-de-vida-mapa,BOL,1989,56.1463
wpp2024-esperanza-de-vida-mapa,BOL,1990,56.7967
wpp2024-esperanza-de-vida-mapa,BOL,1991,57.4388
wpp2024-esperanza-de-vida-mapa,BOL,1992,57.9227
wpp2024-esperanza-de-vida-mapa,BOL,1993,58.6598
wpp2024-esperanza-de-vida-mapa,BOL,1994,59.2821
wpp2024-esperanza-de-vida-mapa,BOL,1995,59.7873
wpp2024-esperanza-de-vida-mapa,BOL,1996,60.2866
wpp2024-esperanza-de-vida-mapa,BOL,1997,60.745
wpp2024-esperanza-de-vida-mapa,BOL,1998,61.2274
wpp2024-esperanza-de-vida-mapa,BOL,1999,61.6551
wpp2024-esperanza-de-vida-mapa,BOL,2000,62.0572
wpp2024-esperanza-de-vida-mapa,BOL,2001,62.5381
wpp2024-esperanza-de-vida-mapa,BOL,2002,63.0676
wpp2024-esperanza-de-vida-mapa,BOL,2003,63.4553
wpp2024-esperanza-de-vida-mapa,BOL,2004,63.8186
wpp2024-esperanza-de-vida-mapa,BOL,2005,64.1822
wpp2024-esperanza-de-vida-mapa,BOL,2006,64.529
wpp2024-esperanza-de-vida-mapa,BOL,2007,64.9386
wpp2024-esperanza-de-vida-mapa,BOL,2008,65.2987
wpp2024-esperanza-de-vida-mapa,BOL,2009,65.6555
wpp2024-esperanza-de-vida-mapa,BOL,2010,66.0033
wpp2024-esperanza-de-vida-mapa,BOL,2011,66.2816
wpp2024-esperanza-de-vida-mapa,BOL,2012,66.5858
wpp2024-esperanza-de-vida-mapa,BOL,2013,66.7773
wpp2024-esperanza-de-vida-mapa,BOL,2014,66.9697
wpp2024-esperanza-de-vida-mapa,BOL,2015,67.2052
wpp2024-esperanza-de-vida-mapa,BOL,2016,67.3925
wpp2024-esperanza-de-vida-mapa,BOL,2017,67.5357
wpp2024-esperanza-de-vida-mapa,BOL,2018,67.6992
wpp2024-esperanza-de-vida-mapa,BOL,2019,67.8198
wpp2024-esperanza-de-vida-mapa,BOL,2020,62.906
wpp2024-esperanza-de-vida-mapa,BOL,2021,61.4268
wpp2024-esperanza-de-vida-mapa,BOL,2022,67.4342
wpp2024-esperanza-de-vida-mapa,BOL,2023,68.5814
wpp2024-esperanza-de-vida-mapa,BRA,1950,48.5286
wpp2024-esperanza-de-vida-mapa,BRA,1951,49.0447
wpp2024-esperanza-de-vida-mapa,BRA,1952,49.5531
wpp2024-esperanza-de-vida-mapa,BRA,1953,49.9883
wpp2024-esperanza-de-vida-mapa,BRA,1954,50.4339
wpp2024-esperanza-de-vida-mapa,BRA,1955,50.8866
wpp2024-esperanza-de-vida-mapa,BRA,1956,51.3433
wpp2024-esperanza-de-vida-mapa,BRA,1957,51.8056
wpp2024-esperanza-de-vida-mapa,BRA,1958,52.2487
wpp2024-esperanza-de-vida-mapa,BRA,1959,52.7043
wpp2024-esperanza-de-vida-mapa,BRA,1960,53.1624
wpp2024-esperanza-de-vida-mapa,BRA,1961,53.5944
wpp2024-esperanza-de-vida-mapa,BRA,1962,54.0165
wpp2024-esperanza-de-vida-mapa,BRA,1963,54.4516
wpp2024-esperanza-de-vida-mapa,BRA,1964,54.8483
wpp2024-esperanza-de-vida-mapa,BRA,1965,55.2429
wpp2024-esperanza-de-vida-mapa,BRA,1966,55.6252
wpp2024-esperanza-de-vida-mapa,BRA,1967,56.0157
wpp2024-esperanza-de-vida-mapa,BRA,1968,56.4704
wpp2024-esperanza-de-vida-mapa,BRA,1969,56.8978
wpp2024-esperanza-de-vida-mapa,BRA,1970,57.338
wpp2024-esperanza-de-vida-mapa,BRA,1971,57.7857
wpp2024-esperanza-de-vida-mapa,BRA,1972,58.2553
wpp2024-esperanza-de-vida-mapa,BRA,1973,58.6812
wpp2024-esperanza-de-vida-mapa,BRA,1974,59.0812
wpp2024-esperanza-de-vida-mapa,BRA,1975,59.5561
wpp2024-esperanza-de-vida-mapa,BRA,1976,60.0072
wpp2024-esperanza-de-vida-mapa,BRA,1977,60.4612
wpp2024-esperanza-de-vida-mapa,BRA,1978,60.9215
wpp2024-esperanza-de-vida-mapa,BRA,1979,61.3654
wpp2024-esperanza-de-vida-mapa,BRA,1980,61.8195
wpp2024-esperanza-de-vida-mapa,BRA,1981,62.2672
wpp2024-esperanza-de-vida-mapa,BRA,1982,62.7083
wpp2024-esperanza-de-vida-mapa,BRA,1983,63.1329
wpp2024-esperanza-de-vida-mapa,BRA,1984,63.5532
wpp2024-esperanza-de-vida-mapa,BRA,1985,63.9795
wpp2024-esperanza-de-vida-mapa,BRA,1986,64.3887
wpp2024-esperanza-de-vida-mapa,BRA,1987,64.7849
wpp2024-esperanza-de-vida-mapa,BRA,1988,65.1613
wpp2024-esperanza-de-vida-mapa,BRA,1989,65.5141
wpp2024-esperanza-de-vida-mapa,BRA,1990,65.8624
wpp2024-esperanza-de-vida-mapa,BRA,1991,66.203
wpp2024-esperanza-de-vida-mapa,BRA,1992,66.5393
wpp2024-esperanza-de-vida-mapa,BRA,1993,66.8923
wpp2024-esperanza-de-vida-mapa,BRA,1994,67.2934
wpp2024-esperanza-de-vida-mapa,BRA,1995,67.7006
wpp2024-esperanza-de-vida-mapa,BRA,1996,68.1084
wpp2024-esperanza-de-vida-mapa,BRA,1997,68.505
wpp2024-esperanza-de-vida-mapa,BRA,1998,68.8482
wpp2024-esperanza-de-vida-mapa,BRA,1999,69.2111
wpp2024-esperanza-de-vida-mapa,BRA,2000,69.5842
wpp2024-esperanza-de-vida-mapa,BRA,2001,69.98
wpp2024-esperanza-de-vida-mapa,BRA,2002,70.3958
wpp2024-esperanza-de-vida-mapa,BRA,2003,70.8841
wpp2024-esperanza-de-vida-mapa,BRA,2004,71.3611
wpp2024-esperanza-de-vida-mapa,BRA,2005,71.8319
wpp2024-esperanza-de-vida-mapa,BRA,2006,72.2963
wpp2024-esperanza-de-vida-mapa,BRA,2007,72.7297
wpp2024-esperanza-de-vida-mapa,BRA,2008,73.1109
wpp2024-esperanza-de-vida-mapa,BRA,2009,73.4569
wpp2024-esperanza-de-vida-mapa,BRA,2010,73.779
wpp2024-esperanza-de-vida-mapa,BRA,2011,74.0473
wpp2024-esperanza-de-vida-mapa,BRA,2012,74.3346
wpp2024-esperanza-de-vida-mapa,BRA,2013,74.6093
wpp2024-esperanza-de-vida-mapa,BRA,2014,74.8225
wpp2024-esperanza-de-vida-mapa,BRA,2015,75.1064
wpp2024-esperanza-de-vida-mapa,BRA,2016,75.0805
wpp2024-esperanza-de-vida-mapa,BRA,2017,75.3835
wpp2024-esperanza-de-vida-mapa,BRA,2018,75.6335
wpp2024-esperanza-de-vida-mapa,BRA,2019,75.8093
wpp2024-esperanza-de-vida-mapa,BRA,2020,74.5058
wpp2024-esperanza-de-vida-mapa,BRA,2021,73.0377
wpp2024-esperanza-de-vida-mapa,BRA,2022,74.8719
wpp2024-esperanza-de-vida-mapa,BRA,2023,75.8482
wpp2024-esperanza-de-vida-mapa,CHL,1950,53.1513
wpp2024-esperanza-de-vida-mapa,CHL,1951,53.5373
wpp2024-esperanza-de-vida-mapa,CHL,1952,53.929
wpp2024-esperanza-de-vida-mapa,CHL,1953,54.3125
wpp2024-esperanza-de-vida-mapa,CHL,1954,54.7141
wpp2024-esperanza-de-vida-mapa,CHL,1955,54.9278
wpp2024-esperanza-de-vida-mapa,CHL,1956,55.4818
wpp2024-esperanza-de-vida-mapa,CHL,1957,55.7734
wpp2024-esperanza-de-vida-mapa,CHL,1958,56.2881
wpp2024-esperanza-de-vida-mapa,CHL,1959,56.6425
wpp2024-esperanza-de-vida-mapa,CHL,1960,57.2163
wpp2024-esperanza-de-vida-mapa,CHL,1961,57.3091
wpp2024-esperanza-de-vida-mapa,CHL,1962,57.8108
wpp2024-esperanza-de-vida-mapa,CHL,1963,58.3487
wpp2024-esperanza-de-vida-mapa,CHL,1964,58.8118
wpp2024-esperanza-de-vida-mapa,CHL,1965,59.4726
wpp2024-esperanza-de-vida-mapa,CHL,1966,60.3733
wpp2024-esperanza-de-vida-mapa,CHL,1967,61.0536
wpp2024-esperanza-de-vida-mapa,CHL,1968,61.6798
wpp2024-esperanza-de-vida-mapa,CHL,1969,62.341
wpp2024-esperanza-de-vida-mapa,CHL,1970,62.6344
wpp2024-esperanza-de-vida-mapa,CHL,1971,63.0715
wpp2024-esperanza-de-vida-mapa,CHL,1972,63.717
wpp2024-esperanza-de-vida-mapa,CHL,1973,64.42
wpp2024-esperanza-de-vida-mapa,CHL,1974,65.0853
wpp2024-esperanza-de-vida-mapa,CHL,1975,66.0374
wpp2024-esperanza-de-vida-mapa,CHL,1976,66.8193
wpp2024-esperanza-de-vida-mapa,CHL,1977,67.5294
wpp2024-esperanza-de-vida-mapa,CHL,1978,68.0421
wpp2024-esperanza-de-vida-mapa,CHL,1979,68.8581
wpp2024-esperanza-de-vida-mapa,CHL,1980,69.4748
wpp2024-esperanza-de-vida-mapa,CHL,1981,69.8222
wpp2024-esperanza-de-vida-mapa,CHL,1982,70.291
wpp2024-esperanza-de-vida-mapa,CHL,1983,70.8302
wpp2024-esperanza-de-vida-mapa,CHL,1984,71.2153
wpp2024-esperanza-de-vida-mapa,CHL,1985,71.6153
wpp2024-esperanza-de-vida-mapa,CHL,1986,72.0606
wpp2024-esperanza-de-vida-mapa,CHL,1987,72.4662
wpp2024-esperanza-de-vida-mapa,CHL,1988,72.7881
wpp2024-esperanza-de-vida-mapa,CHL,1989,73.1876
wpp2024-esperanza-de-vida-mapa,CHL,1990,73.6752
wpp2024-esperanza-de-vida-mapa,CHL,1991,74.0824
wpp2024-esperanza-de-vida-mapa,CHL,1992,74.3673
wpp2024-esperanza-de-vida-mapa,CHL,1993,74.6793
wpp2024-esperanza-de-vida-mapa,CHL,1994,74.973
wpp2024-esperanza-de-vida-mapa,CHL,1995,75.2984
wpp2024-esperanza-de-vida-mapa,CHL,1996,75.5548
wpp2024-esperanza-de-vida-mapa,CHL,1997,75.8262
wpp2024-esperanza-de-vida-mapa,CHL,1998,76.3241
wpp2024-esperanza-de-vida-mapa,CHL,1999,76.7382
wpp2024-esperanza-de-vida-mapa,CHL,2000,77.1276
wpp2024-esperanza-de-vida-mapa,CHL,2001,77.5798
wpp2024-esperanza-de-vida-mapa,CHL,2002,77.8397
wpp2024-esperanza-de-vida-mapa,CHL,2003,77.8841
wpp2024-esperanza-de-vida-mapa,CHL,2004,78.2765
wpp2024-esperanza-de-vida-mapa,CHL,2005,78.4589
wpp2024-esperanza-de-vida-mapa,CHL,2006,78.5328
wpp2024-esperanza-de-vida-mapa,CHL,2007,78.6519
wpp2024-esperanza-de-vida-mapa,CHL,2008,78.7518
wpp2024-esperanza-de-vida-mapa,CHL,2009,78.8901
wpp2024-esperanza-de-vida-mapa,CHL,2010,79.0954
wpp2024-esperanza-de-vida-mapa,CHL,2011,79.2357
wpp2024-esperanza-de-vida-mapa,CHL,2012,79.2211
wpp2024-esperanza-de-vida-mapa,CHL,2013,79.5509
wpp2024-esperanza-de-vida-mapa,CHL,2014,79.7137
wpp2024-esperanza-de-vida-mapa,CHL,2015,80.0079
wpp2024-esperanza-de-vida-mapa,CHL,2016,80.2949
wpp2024-esperanza-de-vida-mapa,CHL,2017,80.6096
wpp2024-esperanza-de-vida-mapa,CHL,2018,80.5594
wpp2024-esperanza-de-vida-mapa,CHL,2019,80.3243
wpp2024-esperanza-de-vida-mapa,CHL,2020,79.3488
wpp2024-esperanza-de-vida-mapa,CHL,2021,78.8764
wpp2024-esperanza-de-vida-mapa,CHL,2022,79.1762
wpp2024-esperanza-de-vida-mapa,CHL,2023,81.1667
wpp2024-esperanza-de-vida-mapa,COL,1950,48.285
wpp2024-esperanza-de-vida-mapa,COL,1951,48.9623
wpp2024-esperanza-de-vida-mapa,COL,1952,49.8149
wpp2024-esperanza-de-vida-mapa,COL,1953,50.6142
wpp2024-esperanza-de-vida-mapa,COL,1954,51.2783
wpp2024-esperanza-de-vida-mapa,COL,1955,51.9303
wpp2024-esperanza-de-vida-mapa,COL,1956,52.5246
wpp2024-esperanza-de-vida-mapa,COL,1957,54.081
wpp2024-esperanza-de-vida-mapa,COL,1958,54.7166
wpp2024-esperanza-de-vida-mapa,COL,1959,55.8631
wpp2024-esperanza-de-vida-mapa,COL,1960,56.6086
wpp2024-esperanza-de-vida-mapa,COL,1961,57.2025
wpp2024-esperanza-de-vida-mapa,COL,1962,57.7368
wpp2024-esperanza-de-vida-mapa,COL,1963,58.2961
wpp2024-esperanza-de-vida-mapa,COL,1964,58.7695
wpp2024-esperanza-de-vida-mapa,COL,1965,59.2469
wpp2024-esperanza-de-vida-mapa,COL,1966,59.7126
wpp2024-esperanza-de-vida-mapa,COL,1967,60.1495
wpp2024-esperanza-de-vida-mapa,COL,1968,60.5723
wpp2024-esperanza-de-vida-mapa,COL,1969,61.031
wpp2024-esperanza-de-vida-mapa,COL,1970,61.4646
wpp2024-esperanza-de-vida-mapa,COL,1971,62.0051
wpp2024-esperanza-de-vida-mapa,COL,1972,62.5304
wpp2024-esperanza-de-vida-mapa,COL,1973,62.9911
wpp2024-esperanza-de-vida-mapa,COL,1974,63.4971
wpp2024-esperanza-de-vida-mapa,COL,1975,64.0117
wpp2024-esperanza-de-vida-mapa,COL,1976,64.6421
wpp2024-esperanza-de-vida-mapa,COL,1977,65.2366
wpp2024-esperanza-de-vida-mapa,COL,1978,65.8268
wpp2024-esperanza-de-vida-mapa,COL,1979,66.1616
wpp2024-esperanza-de-vida-mapa,COL,1980,66.6932
wpp2024-esperanza-de-vida-mapa,COL,1981,67.1895
wpp2024-esperanza-de-vida-mapa,COL,1982,67.8614
wpp2024-esperanza-de-vida-mapa,COL,1983,68.1211
wpp2024-esperanza-de-vida-mapa,COL,1984,68.3081
wpp2024-esperanza-de-vida-mapa,COL,1985,65.3591
wpp2024-esperanza-de-vida-mapa,COL,1986,68.3034
wpp2024-esperanza-de-vida-mapa,COL,1987,68.1659
wpp2024-esperanza-de-vida-mapa,COL,1988,68.3012
wpp2024-esperanza-de-vida-mapa,COL,1989,68.6156
wpp2024-esperanza-de-vida-mapa,COL,1990,68.7008
wpp2024-esperanza-de-vida-mapa,COL,1991,68.7719
wpp2024-esperanza-de-vida-mapa,COL,1992,68.7643
wpp2024-esperanza-de-vida-mapa,COL,1993,69.0831
wpp2024-esperanza-de-vida-mapa,COL,1994,69.4223
wpp2024-esperanza-de-vida-mapa,COL,1995,69.8096
wpp2024-esperanza-de-vida-mapa,COL,1996,70.2085
wpp2024-esperanza-de-vida-mapa,COL,1997,70.632
wpp2024-esperanza-de-vida-mapa,COL,1998,70.9236
wpp2024-esperanza-de-vida-mapa,COL,1999,70.9131
wpp2024-esperanza-de-vida-mapa,COL,2000,70.905
wpp2024-esperanza-de-vida-mapa,COL,2001,71.1853
wpp2024-esperanza-de-vida-mapa,COL,2002,71.5366
wpp2024-esperanza-de-vida-mapa,COL,2003,72.3086
wpp2024-esperanza-de-vida-mapa,COL,2004,72.7605
wpp2024-esperanza-de-vida-mapa,COL,2005,73.1557
wpp2024-esperanza-de-vida-mapa,COL,2006,73.4974
wpp2024-esperanza-de-vida-mapa,COL,2007,73.7509
wpp2024-esperanza-de-vida-mapa,COL,2008,74.2057
wpp2024-esperanza-de-vida-mapa,COL,2009,74.5306
wpp2024-esperanza-de-vida-mapa,COL,2010,74.8757
wpp2024-esperanza-de-vida-mapa,COL,2011,75.1803
wpp2024-esperanza-de-vida-mapa,COL,2012,75.6106
wpp2024-esperanza-de-vida-mapa,COL,2013,75.8343
wpp2024-esperanza-de-vida-mapa,COL,2014,75.9497
wpp2024-esperanza-de-vida-mapa,COL,2015,76.0665
wpp2024-esperanza-de-vida-mapa,COL,2016,76.2285
wpp2024-esperanza-de-vida-mapa,COL,2017,76.4178
wpp2024-esperanza-de-vida-mapa,COL,2018,76.5791
wpp2024-esperanza-de-vida-mapa,COL,2019,76.7927
wpp2024-esperanza-de-vida-mapa,COL,2020,74.7565
wpp2024-esperanza-de-vida-mapa,COL,2021,72.6983
wpp2024-esperanza-de-vida-mapa,COL,2022,76.5081
wpp2024-esperanza-de-vida-mapa,COL,2023,77.7246
wpp2024-esperanza-de-vida-mapa,ECU,1950,48.4493
wpp2024-esperanza-de-vida-mapa,ECU,1951,48.8974
wpp2024-esperanza-de-vida-mapa,ECU,1952,49.2348
wpp2024-esperanza-de-vida-mapa,ECU,1953,49.562
wpp2024-esperanza-de-vida-mapa,ECU,1954,49.962
wpp2024-esperanza-de-vida-mapa,ECU,1955,50.3928
wpp2024-esperanza-de-vida-mapa,ECU,1956,50.8827
wpp2024-esperanza-de-vida-mapa,ECU,1957,51.4548
wpp2024-esperanza-de-vida-mapa,ECU,1958,52.0726
wpp2024-esperanza-de-vida-mapa,ECU,1959,52.736
wpp2024-esperanza-de-vida-mapa,ECU,1960,53.3961
wpp2024-esperanza-de-vida-mapa,ECU,1961,54.052
wpp2024-esperanza-de-vida-mapa,ECU,1962,54.6815
wpp2024-esperanza-de-vida-mapa,ECU,1963,55.3222
wpp2024-esperanza-de-vida-mapa,ECU,1964,55.9501
wpp2024-esperanza-de-vida-mapa,ECU,1965,56.5243
wpp2024-esperanza-de-vida-mapa,ECU,1966,57.0189
wpp2024-esperanza-de-vida-mapa,ECU,1967,57.4817
wpp2024-esperanza-de-vida-mapa,ECU,1968,57.9458
wpp2024-esperanza-de-vida-mapa,ECU,1969,58.2671
wpp2024-esperanza-de-vida-mapa,ECU,1970,58.8496
wpp2024-esperanza-de-vida-mapa,ECU,1971,59.3426
wpp2024-esperanza-de-vida-mapa,ECU,1972,59.8165
wpp2024-esperanza-de-vida-mapa,ECU,1973,60.3061
wpp2024-esperanza-de-vida-mapa,ECU,1974,60.7
wpp2024-esperanza-de-vida-mapa,ECU,1975,61.0849
wpp2024-esperanza-de-vida-mapa,ECU,1976,61.4251
wpp2024-esperanza-de-vida-mapa,ECU,1977,61.9347
wpp2024-esperanza-de-vida-mapa,ECU,1978,62.3972
wpp2024-esperanza-de-vida-mapa,ECU,1979,62.8541
wpp2024-esperanza-de-vida-mapa,ECU,1980,63.3261
wpp2024-esperanza-de-vida-mapa,ECU,1981,63.8092
wpp2024-esperanza-de-vida-mapa,ECU,1982,64.2712
wpp2024-esperanza-de-vida-mapa,ECU,1983,64.6593
wpp2024-esperanza-de-vida-mapa,ECU,1984,65.2016
wpp2024-esperanza-de-vida-mapa,ECU,1985,65.6253
wpp2024-esperanza-de-vida-mapa,ECU,1986,66.1225
wpp2024-esperanza-de-vida-mapa,ECU,1987,66.5868
wpp2024-esperanza-de-vida-mapa,ECU,1988,67.0383
wpp2024-esperanza-de-vida-mapa,ECU,1989,67.8172
wpp2024-esperanza-de-vida-mapa,ECU,1990,68.445
wpp2024-esperanza-de-vida-mapa,ECU,1991,69.0402
wpp2024-esperanza-de-vida-mapa,ECU,1992,69.4678
wpp2024-esperanza-de-vida-mapa,ECU,1993,70.0695
wpp2024-esperanza-de-vida-mapa,ECU,1994,70.8759
wpp2024-esperanza-de-vida-mapa,ECU,1995,71.3485
wpp2024-esperanza-de-vida-mapa,ECU,1996,71.8201
wpp2024-esperanza-de-vida-mapa,ECU,1997,72.007
wpp2024-esperanza-de-vida-mapa,ECU,1998,71.9493
wpp2024-esperanza-de-vida-mapa,ECU,1999,71.9198
wpp2024-esperanza-de-vida-mapa,ECU,2000,72.0896
wpp2024-esperanza-de-vida-mapa,ECU,2001,72.5709
wpp2024-esperanza-de-vida-mapa,ECU,2002,73.1643
wpp2024-esperanza-de-vida-mapa,ECU,2003,73.632
wpp2024-esperanza-de-vida-mapa,ECU,2004,73.8676
wpp2024-esperanza-de-vida-mapa,ECU,2005,73.9092
wpp2024-esperanza-de-vida-mapa,ECU,2006,74.0104
wpp2024-esperanza-de-vida-mapa,ECU,2007,74.2259
wpp2024-esperanza-de-vida-mapa,ECU,2008,74.7085
wpp2024-esperanza-de-vida-mapa,ECU,2009,74.9011
wpp2024-esperanza-de-vida-mapa,ECU,2010,75.1876
wpp2024-esperanza-de-vida-mapa,ECU,2011,75.1794
wpp2024-esperanza-de-vida-mapa,ECU,2012,75.4857
wpp2024-esperanza-de-vida-mapa,ECU,2013,75.8322
wpp2024-esperanza-de-vida-mapa,ECU,2014,76.1409
wpp2024-esperanza-de-vida-mapa,ECU,2015,76.2219
wpp2024-esperanza-de-vida-mapa,ECU,2016,76.0942
wpp2024-esperanza-de-vida-mapa,ECU,2017,76.2197
wpp2024-esperanza-de-vida-mapa,ECU,2018,77.2484
wpp2024-esperanza-de-vida-mapa,ECU,2019,77.2862
wpp2024-esperanza-de-vida-mapa,ECU,2020,72.0036
wpp2024-esperanza-de-vida-mapa,ECU,2021,72.7465
wpp2024-esperanza-de-vida-mapa,ECU,2022,76.5767
wpp2024-esperanza-de-vida-mapa,ECU,2023,77.3924
wpp2024-esperanza-de-vida-mapa,FLK,1950,49.4809
wpp2024-esperanza-de-vida-mapa,FLK,1951,49.682
wpp2024-esperanza-de-vida-mapa,FLK,1952,49.8895
wpp2024-esperanza-de-vida-mapa,FLK,1953,50.3205
wpp2024-esperanza-de-vida-mapa,FLK,1954,50.8616
wpp2024-esperanza-de-vida-mapa,FLK,1955,51.3309
wpp2024-esperanza-de-vida-mapa,FLK,1956,51.8095
wpp2024-esperanza-de-vida-mapa,FLK,1957,52.2943
wpp2024-esperanza-de-vida-mapa,FLK,1958,52.7777
wpp2024-esperanza-de-vida-mapa,FLK,1959,53.1904
wpp2024-esperanza-de-vida-mapa,FLK,1960,53.539
wpp2024-esperanza-de-vida-mapa,FLK,1961,53.7998
wpp2024-esperanza-de-vida-mapa,FLK,1962,54.0428
wpp2024-esperanza-de-vida-mapa,FLK,1963,54.1847
wpp2024-esperanza-de-vida-mapa,FLK,1964,54.3337
wpp2024-esperanza-de-vida-mapa,FLK,1965,54.5297
wpp2024-esperanza-de-vida-mapa,FLK,1966,54.7158
wpp2024-esperanza-de-vida-mapa,FLK,1967,54.8473
wpp2024-esperanza-de-vida-mapa,FLK,1968,55.0126
wpp2024-esperanza-de-vida-mapa,FLK,1969,55.2205
wpp2024-esperanza-de-vida-mapa,FLK,1970,55.3789
wpp2024-esperanza-de-vida-mapa,FLK,1971,55.5865
wpp2024-esperanza-de-vida-mapa,FLK,1972,55.8015
wpp2024-esperanza-de-vida-mapa,FLK,1973,55.9873
wpp2024-esperanza-de-vida-mapa,FLK,1974,56.0938
wpp2024-esperanza-de-vida-mapa,FLK,1975,56.1777
wpp2024-esperanza-de-vida-mapa,FLK,1976,56.1069
wpp2024-esperanza-de-vida-mapa,FLK,1977,55.8384
wpp2024-esperanza-de-vida-mapa,FLK,1978,55.3613
wpp2024-esperanza-de-vida-mapa,FLK,1979,54.7322
wpp2024-esperanza-de-vida-mapa,FLK,1980,53.9358
wpp2024-esperanza-de-vida-mapa,FLK,1981,53.1164
wpp2024-esperanza-de-vida-mapa,FLK,1982,52.3895
wpp2024-esperanza-de-vida-mapa,FLK,1983,51.7956
wpp2024-esperanza-de-vida-mapa,FLK,1984,51.3779
wpp2024-esperanza-de-vida-mapa,FLK,1985,51.1647
wpp2024-esperanza-de-vida-mapa,FLK,1986,51.1537
wpp2024-esperanza-de-vida-mapa,FLK,1987,51.337
wpp2024-esperanza-de-vida-mapa,FLK,1988,51.6967
wpp2024-esperanza-de-vida-mapa,FLK,1989,52.3585
wpp2024-esperanza-de-vida-mapa,FLK,1990,53.336
wpp2024-esperanza-de-vida-mapa,FLK,1991,54.6171
wpp2024-esperanza-de-vida-mapa,FLK,1992,56.2832
wpp2024-esperanza-de-vida-mapa,FLK,1993,58.1758
wpp2024-esperanza-de-vida-mapa,FLK,1994,60.2304
wpp2024-esperanza-de-vida-mapa,FLK,1995,62.3609
wpp2024-esperanza-de-vida-mapa,FLK,1996,64.4358
wpp2024-esperanza-de-vida-mapa,FLK,1997,66.3869
wpp2024-esperanza-de-vida-mapa,FLK,1998,68.1614
wpp2024-esperanza-de-vida-mapa,FLK,1999,69.7716
wpp2024-esperanza-de-vida-mapa,FLK,2000,71.1332
wpp2024-esperanza-de-vida-mapa,FLK,2001,72.2665
wpp2024-esperanza-de-vida-mapa,FLK,2002,73.2425
wpp2024-esperanza-de-vida-mapa,FLK,2003,74.0341
wpp2024-esperanza-de-vida-mapa,FLK,2004,74.7009
wpp2024-esperanza-de-vida-mapa,FLK,2005,75.341
wpp2024-esperanza-de-vida-mapa,FLK,2006,75.9414
wpp2024-esperanza-de-vida-mapa,FLK,2007,76.4897
wpp2024-esperanza-de-vida-mapa,FLK,2008,76.9519
wpp2024-esperanza-de-vida-mapa,FLK,2009,77.3941
wpp2024-esperanza-de-vida-mapa,FLK,2010,77.7285
wpp2024-esperanza-de-vida-mapa,FLK,2011,77.98
wpp2024-esperanza-de-vida-mapa,FLK,2012,78.1911
wpp2024-esperanza-de-vida-mapa,FLK,2013,78.2954
wpp2024-esperanza-de-vida-mapa,FLK,2014,78.3551
wpp2024-esperanza-de-vida-mapa,FLK,2015,78.4296
wpp2024-esperanza-de-vida-mapa,FLK,2016,78.4831
wpp2024-esperanza-de-vida-mapa,FLK,2017,78.5113
wpp2024-esperanza-de-vida-mapa,FLK,2018,78.5577
wpp2024-esperanza-de-vida-mapa,FLK,2019,78.6131
wpp2024-esperanza-de-vida-mapa,FLK,2020,78.7753
wpp2024-esperanza-de-vida-mapa,FLK,2021,78.9882
wpp2024-esperanza-de-vida-mapa,FLK,2022,79.0448
wpp2024-esperanza-de-vida-mapa,FLK,2023,79.2132
wpp2024-esperanza-de-vida-mapa,GUF,1950,47.7369
wpp2024-esperanza-de-vida-mapa,GUF,1951,48.424
wpp2024-esperanza-de-vida-mapa,GUF,1952,48.9894
wpp2024-esperanza-de-vida-mapa,GUF,1953,49.5375
wpp2024-esperanza-de-vida-mapa,GUF,1954,50.0981
wpp2024-esperanza-de-vida-mapa,GUF,1955,50.7427
wpp2024-esperanza-de-vida-mapa,GUF,1956,51.5508
wpp2024-esperanza-de-vida-mapa,GUF,1957,52.5549
wpp2024-esperanza-de-vida-mapa,GUF,1958,53.6356
wpp2024-esperanza-de-vida-mapa,GUF,1959,54.7426
wpp2024-esperanza-de-vida-mapa,GUF,1960,55.8157
wpp2024-esperanza-de-vida-mapa,GUF,1961,56.8919
wpp2024-esperanza-de-vida-mapa,GUF,1962,57.9202
wpp2024-esperanza-de-vida-mapa,GUF,1963,58.8599
wpp2024-esperanza-de-vida-mapa,GUF,1964,59.7396
wpp2024-esperanza-de-vida-mapa,GUF,1965,60.5477
wpp2024-esperanza-de-vida-mapa,GUF,1966,61.2722
wpp2024-esperanza-de-vida-mapa,GUF,1967,61.8905
wpp2024-esperanza-de-vida-mapa,GUF,1968,62.4141
wpp2024-esperanza-de-vida-mapa,GUF,1969,62.8784
wpp2024-esperanza-de-vida-mapa,GUF,1970,63.2738
wpp2024-esperanza-de-vida-mapa,GUF,1971,63.6547
wpp2024-esperanza-de-vida-mapa,GUF,1972,64.0398
wpp2024-esperanza-de-vida-mapa,GUF,1973,64.4117
wpp2024-esperanza-de-vida-mapa,GUF,1974,64.7384
wpp2024-esperanza-de-vida-mapa,GUF,1975,65.0231
wpp2024-esperanza-de-vida-mapa,GUF,1976,65.2518
wpp2024-esperanza-de-vida-mapa,GUF,1977,65.5495
wpp2024-esperanza-de-vida-mapa,GUF,1978,66.0062
wpp2024-esperanza-de-vida-mapa,GUF,1979,66.5633
wpp2024-esperanza-de-vida-mapa,GUF,1980,67.1353
wpp2024-esperanza-de-vida-mapa,GUF,1981,67.6472
wpp2024-esperanza-de-vida-mapa,GUF,1982,68.1305
wpp2024-esperanza-de-vida-mapa,GUF,1983,68.5921
wpp2024-esperanza-de-vida-mapa,GUF,1984,69.0152
wpp2024-esperanza-de-vida-mapa,GUF,1985,69.3884
wpp2024-esperanza-de-vida-mapa,GUF,1986,69.7173
wpp2024-esperanza-de-vida-mapa,GUF,1987,70.0449
wpp2024-esperanza-de-vida-mapa,GUF,1988,70.3586
wpp2024-esperanza-de-vida-mapa,GUF,1989,70.6336
wpp2024-esperanza-de-vida-mapa,GUF,1990,70.8509
wpp2024-esperanza-de-vida-mapa,GUF,1991,71.0416
wpp2024-esperanza-de-vida-mapa,GUF,1992,71.2419
wpp2024-esperanza-de-vida-mapa,GUF,1993,71.4598
wpp2024-esperanza-de-vida-mapa,GUF,1994,71.6908
wpp2024-esperanza-de-vida-mapa,GUF,1995,71.9176
wpp2024-esperanza-de-vida-mapa,GUF,1996,72.1263
wpp2024-esperanza-de-vida-mapa,GUF,1997,72.2186
wpp2024-esperanza-de-vida-mapa,GUF,1998,72.4918
wpp2024-esperanza-de-vida-mapa,GUF,1999,72.7198
wpp2024-esperanza-de-vida-mapa,GUF,2000,72.9651
wpp2024-esperanza-de-vida-mapa,GUF,2001,73.3225
wpp2024-esperanza-de-vida-mapa,GUF,2002,73.4925
wpp2024-esperanza-de-vida-mapa,GUF,2003,73.5778
wpp2024-esperanza-de-vida-mapa,GUF,2004,73.8038
wpp2024-esperanza-de-vida-mapa,GUF,2005,74.1342
wpp2024-esperanza-de-vida-mapa,GUF,2006,74.5652
wpp2024-esperanza-de-vida-mapa,GUF,2007,74.952
wpp2024-esperanza-de-vida-mapa,GUF,2008,75.3653
wpp2024-esperanza-de-vida-mapa,GUF,2009,75.6351
wpp2024-esperanza-de-vida-mapa,GUF,2010,75.8516
wpp2024-esperanza-de-vida-mapa,GUF,2011,76.0172
wpp2024-esperanza-de-vida-mapa,GUF,2012,76.2166
wpp2024-esperanza-de-vida-mapa,GUF,2013,76.4587
wpp2024-esperanza-de-vida-mapa,GUF,2014,76.6767
wpp2024-esperanza-de-vida-mapa,GUF,2015,76.6314
wpp2024-esperanza-de-vida-mapa,GUF,2016,76.652
wpp2024-esperanza-de-vida-mapa,GUF,2017,76.7994
wpp2024-esperanza-de-vida-mapa,GUF,2018,77.2376
wpp2024-esperanza-de-vida-mapa,GUF,2019,76.5711
wpp2024-esperanza-de-vida-mapa,GUF,2020,77.5067
wpp2024-esperanza-de-vida-mapa,GUF,2021,74.1955
wpp2024-esperanza-de-vida-mapa,GUF,2022,76.7942
wpp2024-esperanza-de-vida-mapa,GUF,2023,76.9781
wpp2024-esperanza-de-vida-mapa,GUY,1950,49.208
wpp2024-esperanza-de-vida-mapa,GUY,1951,50.2329
wpp2024-esperanza-de-vida-mapa,GUY,1952,51.2855
wpp2024-esperanza-de-vida-mapa,GUY,1953,52.3659
wpp2024-esperanza-de-vida-mapa,GUY,1954,53.3208
wpp2024-esperanza-de-vida-mapa,GUY,1955,54.1193
wpp2024-esperanza-de-vida-mapa,GUY,1956,55.1559
wpp2024-esperanza-de-vida-mapa,GUY,1957,56.0975
wpp2024-esperanza-de-vida-mapa,GUY,1958,56.4492
wpp2024-esperanza-de-vida-mapa,GUY,1959,57.0058
wpp2024-esperanza-de-vida-mapa,GUY,1960,57.5097
wpp2024-esperanza-de-vida-mapa,GUY,1961,57.9119
wpp2024-esperanza-de-vida-mapa,GUY,1962,58.3031
wpp2024-esperanza-de-vida-mapa,GUY,1963,58.644
wpp2024-esperanza-de-vida-mapa,GUY,1964,58.958
wpp2024-esperanza-de-vida-mapa,GUY,1965,59.1372
wpp2024-esperanza-de-vida-mapa,GUY,1966,59.3292
wpp2024-esperanza-de-vida-mapa,GUY,1967,59.5297
wpp2024-esperanza-de-vida-mapa,GUY,1968,59.6896
wpp2024-esperanza-de-vida-mapa,GUY,1969,59.8349
wpp2024-esperanza-de-vida-mapa,GUY,1970,59.9608
wpp2024-esperanza-de-vida-mapa,GUY,1971,60.0683
wpp2024-esperanza-de-vida-mapa,GUY,1972,60.1332
wpp2024-esperanza-de-vida-mapa,GUY,1973,60.2105
wpp2024-esperanza-de-vida-mapa,GUY,1974,60.3049
wpp2024-esperanza-de-vida-mapa,GUY,1975,60.3749
wpp2024-esperanza-de-vida-mapa,GUY,1976,60.4485
wpp2024-esperanza-de-vida-mapa,GUY,1977,60.5582
wpp2024-esperanza-de-vida-mapa,GUY,1978,60.6458
wpp2024-esperanza-de-vida-mapa,GUY,1979,60.7349
wpp2024-esperanza-de-vida-mapa,GUY,1980,60.8079
wpp2024-esperanza-de-vida-mapa,GUY,1981,60.9105
wpp2024-esperanza-de-vida-mapa,GUY,1982,61.0099
wpp2024-esperanza-de-vida-mapa,GUY,1983,61.1565
wpp2024-esperanza-de-vida-mapa,GUY,1984,61.2548
wpp2024-esperanza-de-vida-mapa,GUY,1985,61.3791
wpp2024-esperanza-de-vida-mapa,GUY,1986,61.5214
wpp2024-esperanza-de-vida-mapa,GUY,1987,61.6983
wpp2024-esperanza-de-vida-mapa,GUY,1988,61.8493
wpp2024-esperanza-de-vida-mapa,GUY,1989,62.0537
wpp2024-esperanza-de-vida-mapa,GUY,1990,62.2538
wpp2024-esperanza-de-vida-mapa,GUY,1991,62.4632
wpp2024-esperanza-de-vida-mapa,GUY,1992,62.816
wpp2024-esperanza-de-vida-mapa,GUY,1993,63.0161
wpp2024-esperanza-de-vida-mapa,GUY,1994,63.0066
wpp2024-esperanza-de-vida-mapa,GUY,1995,62.668
wpp2024-esperanza-de-vida-mapa,GUY,1996,62.6909
wpp2024-esperanza-de-vida-mapa,GUY,1997,62.8794
wpp2024-esperanza-de-vida-mapa,GUY,1998,63.4292
wpp2024-esperanza-de-vida-mapa,GUY,1999,63.7715
wpp2024-esperanza-de-vida-mapa,GUY,2000,64.0748
wpp2024-esperanza-de-vida-mapa,GUY,2001,64.3804
wpp2024-esperanza-de-vida-mapa,GUY,2002,64.1832
wpp2024-esperanza-de-vida-mapa,GUY,2003,64.1173
wpp2024-esperanza-de-vida-mapa,GUY,2004,64.2138
wpp2024-esperanza-de-vida-mapa,GUY,2005,64.392
wpp2024-esperanza-de-vida-mapa,GUY,2006,64.848
wpp2024-esperanza-de-vida-mapa,GUY,2007,65.4617
wpp2024-esperanza-de-vida-mapa,GUY,2008,65.7211
wpp2024-esperanza-de-vida-mapa,GUY,2009,66.0297
wpp2024-esperanza-de-vida-mapa,GUY,2010,66.2043
wpp2024-esperanza-de-vida-mapa,GUY,2011,66.4688
wpp2024-esperanza-de-vida-mapa,GUY,2012,66.4433
wpp2024-esperanza-de-vida-mapa,GUY,2013,66.7099
wpp2024-esperanza-de-vida-mapa,GUY,2014,67.3343
wpp2024-esperanza-de-vida-mapa,GUY,2015,67.7193
wpp2024-esperanza-de-vida-mapa,GUY,2016,68.0685
wpp2024-esperanza-de-vida-mapa,GUY,2017,68.5431
wpp2024-esperanza-de-vida-mapa,GUY,2018,68.8288
wpp2024-esperanza-de-vida-mapa,GUY,2019,69.0673
wpp2024-esperanza-de-vida-mapa,GUY,2020,67.751
wpp2024-esperanza-de-vida-mapa,GUY,2021,64.3228
wpp2024-esperanza-de-vida-mapa,GUY,2022,69.8885
wpp2024-esperanza-de-vida-mapa,GUY,2023,70.1802
wpp2024-esperanza-de-vida-mapa,PRY,1950,58.0547
wpp2024-esperanza-de-vida-mapa,PRY,1951,58.2632
wpp2024-esperanza-de-vida-mapa,PRY,1952,58.37
wpp2024-esperanza-de-vida-mapa,PRY,1953,58.4903
wpp2024-esperanza-de-vida-mapa,PRY,1954,58.6229
wpp2024-esperanza-de-vida-mapa,PRY,1955,58.8086
wpp2024-esperanza-de-vida-mapa,PRY,1956,59.0146
wpp2024-esperanza-de-vida-mapa,PRY,1957,59.2749
wpp2024-esperanza-de-vida-mapa,PRY,1958,59.564
wpp2024-esperanza-de-vida-mapa,PRY,1959,59.88
wpp2024-esperanza-de-vida-mapa,PRY,1960,60.1971
wpp2024-esperanza-de-vida-mapa,PRY,1961,60.5166
wpp2024-esperanza-de-vida-mapa,PRY,1962,60.8156
wpp2024-esperanza-de-vida-mapa,PRY,1963,61.1009
wpp2024-esperanza-de-vida-mapa,PRY,1964,61.3685
wpp2024-esperanza-de-vida-mapa,PRY,1965,61.6063
wpp2024-esperanza-de-vida-mapa,PRY,1966,61.8321
wpp2024-esperanza-de-vida-mapa,PRY,1967,62.0247
wpp2024-esperanza-de-vida-mapa,PRY,1968,62.2079
wpp2024-esperanza-de-vida-mapa,PRY,1969,62.3847
wpp2024-esperanza-de-vida-mapa,PRY,1970,62.5541
wpp2024-esperanza-de-vida-mapa,PRY,1971,62.726
wpp2024-esperanza-de-vida-mapa,PRY,1972,62.8898
wpp2024-esperanza-de-vida-mapa,PRY,1973,63.0593
wpp2024-esperanza-de-vida-mapa,PRY,1974,63.2309
wpp2024-esperanza-de-vida-mapa,PRY,1975,63.4348
wpp2024-esperanza-de-vida-mapa,PRY,1976,63.6535
wpp2024-esperanza-de-vida-mapa,PRY,1977,63.86
wpp2024-esperanza-de-vida-mapa,PRY,1978,64.078
wpp2024-esperanza-de-vida-mapa,PRY,1979,64.2977
wpp2024-esperanza-de-vida-mapa,PRY,1980,64.5531
wpp2024-esperanza-de-vida-mapa,PRY,1981,64.8111
wpp2024-esperanza-de-vida-mapa,PRY,1982,65.0762
wpp2024-esperanza-de-vida-mapa,PRY,1983,65.2928
wpp2024-esperanza-de-vida-mapa,PRY,1984,65.6089
wpp2024-esperanza-de-vida-mapa,PRY,1985,65.8934
wpp2024-esperanza-de-vida-mapa,PRY,1986,66.1725
wpp2024-esperanza-de-vida-mapa,PRY,1987,66.4545
wpp2024-esperanza-de-vida-mapa,PRY,1988,66.7095
wpp2024-esperanza-de-vida-mapa,PRY,1989,66.9222
wpp2024-esperanza-de-vida-mapa,PRY,1990,67.3405
wpp2024-esperanza-de-vida-mapa,PRY,1991,67.6758
wpp2024-esperanza-de-vida-mapa,PRY,1992,67.9609
wpp2024-esperanza-de-vida-mapa,PRY,1993,68.2336
wpp2024-esperanza-de-vida-mapa,PRY,1994,68.5039
wpp2024-esperanza-de-vida-mapa,PRY,1995,68.7775
wpp2024-esperanza-de-vida-mapa,PRY,1996,69.0504
wpp2024-esperanza-de-vida-mapa,PRY,1997,69.2835
wpp2024-esperanza-de-vida-mapa,PRY,1998,69.5075
wpp2024-esperanza-de-vida-mapa,PRY,1999,69.7739
wpp2024-esperanza-de-vida-mapa,PRY,2000,70.0259
wpp2024-esperanza-de-vida-mapa,PRY,2001,70.2808
wpp2024-esperanza-de-vida-mapa,PRY,2002,70.5393
wpp2024-esperanza-de-vida-mapa,PRY,2003,70.7949
wpp2024-esperanza-de-vida-mapa,PRY,2004,71.054
wpp2024-esperanza-de-vida-mapa,PRY,2005,71.3174
wpp2024-esperanza-de-vida-mapa,PRY,2006,71.5837
wpp2024-esperanza-de-vida-mapa,PRY,2007,71.8173
wpp2024-esperanza-de-vida-mapa,PRY,2008,72.0475
wpp2024-esperanza-de-vida-mapa,PRY,2009,72.2821
wpp2024-esperanza-de-vida-mapa,PRY,2010,72.5506
wpp2024-esperanza-de-vida-mapa,PRY,2011,72.7875
wpp2024-esperanza-de-vida-mapa,PRY,2012,73.1046
wpp2024-esperanza-de-vida-mapa,PRY,2013,73.2916
wpp2024-esperanza-de-vida-mapa,PRY,2014,73.4145
wpp2024-esperanza-de-vida-mapa,PRY,2015,73.4535
wpp2024-esperanza-de-vida-mapa,PRY,2016,73.4865
wpp2024-esperanza-de-vida-mapa,PRY,2017,73.4495
wpp2024-esperanza-de-vida-mapa,PRY,2018,73.6271
wpp2024-esperanza-de-vida-mapa,PRY,2019,73.6681
wpp2024-esperanza-de-vida-mapa,PRY,2020,72.7197
wpp2024-esperanza-de-vida-mapa,PRY,2021,68.1081
wpp2024-esperanza-de-vida-mapa,PRY,2022,72.3185
wpp2024-esperanza-de-vida-mapa,PRY,2023,73.8443
wpp2024-esperanza-de-vida-mapa,PER,1950,46.0317
wpp2024-esperanza-de-vida-mapa,PER,1951,46.4634
wpp2024-esperanza-de-vida-mapa,PER,1952,46.7624
wpp2024-esperanza-de-vida-mapa,PER,1953,47.0997
wpp2024-esperanza-de-vida-mapa,PER,1954,47.4757
wpp2024-esperanza-de-vida-mapa,PER,1955,47.9041
wpp2024-esperanza-de-vida-mapa,PER,1956,48.3821
wpp2024-esperanza-de-vida-mapa,PER,1957,48.922
wpp2024-esperanza-de-vida-mapa,PER,1958,49.4886
wpp2024-esperanza-de-vida-mapa,PER,1959,50.0435
wpp2024-esperanza-de-vida-mapa,PER,1960,50.5966
wpp2024-esperanza-de-vida-mapa,PER,1961,51.1919
wpp2024-esperanza-de-vida-mapa,PER,1962,51.5323
wpp2024-esperanza-de-vida-mapa,PER,1963,52.5971
wpp2024-esperanza-de-vida-mapa,PER,1964,53.3021
wpp2024-esperanza-de-vida-mapa,PER,1965,53.8712
wpp2024-esperanza-de-vida-mapa,PER,1966,54.4004
wpp2024-esperanza-de-vida-mapa,PER,1967,54.8928
wpp2024-esperanza-de-vida-mapa,PER,1968,55.3839
wpp2024-esperanza-de-vida-mapa,PER,1969,55.8155
wpp2024-esperanza-de-vida-mapa,PER,1970,47.7285
wpp2024-esperanza-de-vida-mapa,PER,1971,56.4927
wpp2024-esperanza-de-vida-mapa,PER,1972,56.9892
wpp2024-esperanza-de-vida-mapa,PER,1973,57.3326
wpp2024-esperanza-de-vida-mapa,PER,1974,57.7688
wpp2024-esperanza-de-vida-mapa,PER,1975,58.2048
wpp2024-esperanza-de-vida-mapa,PER,1976,58.57
wpp2024-esperanza-de-vida-mapa,PER,1977,58.895
wpp2024-esperanza-de-vida-mapa,PER,1978,59.2606
wpp2024-esperanza-de-vida-mapa,PER,1979,59.6245
wpp2024-esperanza-de-vida-mapa,PER,1980,59.9817
wpp2024-esperanza-de-vida-mapa,PER,1981,60.3252
wpp2024-esperanza-de-vida-mapa,PER,1982,60.5592
wpp2024-esperanza-de-vida-mapa,PER,1983,60.7642
wpp2024-esperanza-de-vida-mapa,PER,1984,61.0658
wpp2024-esperanza-de-vida-mapa,PER,1985,61.7103
wpp2024-esperanza-de-vida-mapa,PER,1986,62.1542
wpp2024-esperanza-de-vida-mapa,PER,1987,62.5443
wpp2024-esperanza-de-vida-mapa,PER,1988,62.9946
wpp2024-esperanza-de-vida-mapa,PER,1989,63.4049
wpp2024-esperanza-de-vida-mapa,PER,1990,63.9791
wpp2024-esperanza-de-vida-mapa,PER,1991,64.248
wpp2024-esperanza-de-vida-mapa,PER,1992,65.0311
wpp2024-esperanza-de-vida-mapa,PER,1993,65.7319
wpp2024-esperanza-de-vida-mapa,PER,1994,66.5439
wpp2024-esperanza-de-vida-mapa,PER,1995,67.2196
wpp2024-esperanza-de-vida-mapa,PER,1996,67.8499
wpp2024-esperanza-de-vida-mapa,PER,1997,68.3241
wpp2024-esperanza-de-vida-mapa,PER,1998,68.724
wpp2024-esperanza-de-vida-mapa,PER,1999,69.302
wpp2024-esperanza-de-vida-mapa,PER,2000,69.821
wpp2024-esperanza-de-vida-mapa,PER,2001,70.315
wpp2024-esperanza-de-vida-mapa,PER,2002,70.8147
wpp2024-esperanza-de-vida-mapa,PER,2003,71.2777
wpp2024-esperanza-de-vida-mapa,PER,2004,71.4467
wpp2024-esperanza-de-vida-mapa,PER,2005,71.9882
wpp2024-esperanza-de-vida-mapa,PER,2006,72.3365
wpp2024-esperanza-de-vida-mapa,PER,2007,72.7463
wpp2024-esperanza-de-vida-mapa,PER,2008,72.7426
wpp2024-esperanza-de-vida-mapa,PER,2009,72.6311
wpp2024-esperanza-de-vida-mapa,PER,2010,72.8858
wpp2024-esperanza-de-vida-mapa,PER,2011,73.327
wpp2024-esperanza-de-vida-mapa,PER,2012,73.9792
wpp2024-esperanza-de-vida-mapa,PER,2013,74.5905
wpp2024-esperanza-de-vida-mapa,PER,2014,75.26
wpp2024-esperanza-de-vida-mapa,PER,2015,75.7316
wpp2024-esperanza-de-vida-mapa,PER,2016,75.9508
wpp2024-esperanza-de-vida-mapa,PER,2017,75.9576
wpp2024-esperanza-de-vida-mapa,PER,2018,76.018
wpp2024-esperanza-de-vida-mapa,PER,2019,76.2749
wpp2024-esperanza-de-vida-mapa,PER,2020,73.8315
wpp2024-esperanza-de-vida-mapa,PER,2021,71.5962
wpp2024-esperanza-de-vida-mapa,PER,2022,76.834
wpp2024-esperanza-de-vida-mapa,PER,2023,77.7401
wpp2024-esperanza-de-vida-mapa,SUR,1950,50.7024
wpp2024-esperanza-de-vida-mapa,SUR,1951,51.0736
wpp2024-esperanza-de-vida-mapa,SUR,1952,51.4014
wpp2024-esperanza-de-vida-mapa,SUR,1953,52.1019
wpp2024-esperanza-de-vida-mapa,SUR,1954,52.7862
wpp2024-esperanza-de-vida-mapa,SUR,1955,53.45
wpp2024-esperanza-de-vida-mapa,SUR,1956,54.1029
wpp2024-esperanza-de-vida-mapa,SUR,1957,54.7426
wpp2024-esperanza-de-vida-mapa,SUR,1958,55.3586
wpp2024-esperanza-de-vida-mapa,SUR,1959,55.9366
wpp2024-esperanza-de-vida-mapa,SUR,1960,56.5953
wpp2024-esperanza-de-vida-mapa,SUR,1961,57.29
wpp2024-esperanza-de-vida-mapa,SUR,1962,58.0229
wpp2024-esperanza-de-vida-mapa,SUR,1963,58.4958
wpp2024-esperanza-de-vida-mapa,SUR,1964,58.9081
wpp2024-esperanza-de-vida-mapa,SUR,1965,59.1368
wpp2024-esperanza-de-vida-mapa,SUR,1966,59.2316
wpp2024-esperanza-de-vida-mapa,SUR,1967,59.1716
wpp2024-esperanza-de-vida-mapa,SUR,1968,59.2916
wpp2024-esperanza-de-vida-mapa,SUR,1969,59.3942
wpp2024-esperanza-de-vida-mapa,SUR,1970,59.4939
wpp2024-esperanza-de-vida-mapa,SUR,1971,59.5895
wpp2024-esperanza-de-vida-mapa,SUR,1972,59.6852
wpp2024-esperanza-de-vida-mapa,SUR,1973,59.7932
wpp2024-esperanza-de-vida-mapa,SUR,1974,59.914
wpp2024-esperanza-de-vida-mapa,SUR,1975,60.0347
wpp2024-esperanza-de-vida-mapa,SUR,1976,60.1548
wpp2024-esperanza-de-vida-mapa,SUR,1977,60.2769
wpp2024-esperanza-de-vida-mapa,SUR,1978,60.4011
wpp2024-esperanza-de-vida-mapa,SUR,1979,60.5267
wpp2024-esperanza-de-vida-mapa,SUR,1980,60.6539
wpp2024-esperanza-de-vida-mapa,SUR,1981,60.795
wpp2024-esperanza-de-vida-mapa,SUR,1982,60.9343
wpp2024-esperanza-de-vida-mapa,SUR,1983,61.0718
wpp2024-esperanza-de-vida-mapa,SUR,1984,61.2105
wpp2024-esperanza-de-vida-mapa,SUR,1985,61.3575
wpp2024-esperanza-de-vida-mapa,SUR,1986,61.1589
wpp2024-esperanza-de-vida-mapa,SUR,1987,61.3143
wpp2024-esperanza-de-vida-mapa,SUR,1988,61.4774
wpp2024-esperanza-de-vida-mapa,SUR,1989,61.9816
wpp2024-esperanza-de-vida-mapa,SUR,1990,62.0878
wpp2024-esperanza-de-vida-mapa,SUR,1991,62.1512
wpp2024-esperanza-de-vida-mapa,SUR,1992,62.2456
wpp2024-esperanza-de-vida-mapa,SUR,1993,62.3817
wpp2024-esperanza-de-vida-mapa,SUR,1994,62.542
wpp2024-esperanza-de-vida-mapa,SUR,1995,62.7792
wpp2024-esperanza-de-vida-mapa,SUR,1996,63.0786
wpp2024-esperanza-de-vida-mapa,SUR,1997,63.3853
wpp2024-esperanza-de-vida-mapa,SUR,1998,63.706
wpp2024-esperanza-de-vida-mapa,SUR,1999,64.0353
wpp2024-esperanza-de-vida-mapa,SUR,2000,64.4089
wpp2024-esperanza-de-vida-mapa,SUR,2001,64.8201
wpp2024-esperanza-de-vida-mapa,SUR,2002,65.2744
wpp2024-esperanza-de-vida-mapa,SUR,2003,65.7785
wpp2024-esperanza-de-vida-mapa,SUR,2004,66.3615
wpp2024-esperanza-de-vida-mapa,SUR,2005,66.9974
wpp2024-esperanza-de-vida-mapa,SUR,2006,67.6431
wpp2024-esperanza-de-vida-mapa,SUR,2007,68.3071
wpp2024-esperanza-de-vida-mapa,SUR,2008,68.8732
wpp2024-esperanza-de-vida-mapa,SUR,2009,69.3231
wpp2024-esperanza-de-vida-mapa,SUR,2010,69.6262
wpp2024-esperanza-de-vida-mapa,SUR,2011,69.8203
wpp2024-esperanza-de-vida-mapa,SUR,2012,69.9568
wpp2024-esperanza-de-vida-mapa,SUR,2013,70.1101
wpp2024-esperanza-de-vida-mapa,SUR,2014,70.33
wpp2024-esperanza-de-vida-mapa,SUR,2015,70.5671
wpp2024-esperanza-de-vida-mapa,SUR,2016,70.9786
wpp2024-esperanza-de-vida-mapa,SUR,2017,71.2474
wpp2024-esperanza-de-vida-mapa,SUR,2018,71.4679
wpp2024-esperanza-de-vida-mapa,SUR,2019,71.7734
wpp2024-esperanza-de-vida-mapa,SUR,2020,72.3208
wpp2024-esperanza-de-vida-mapa,SUR,2021,68.9427
wpp2024-esperanza-de-vida-mapa,SUR,2022,73.2538
wpp2024-esperanza-de-vida-mapa,SUR,2023,73.631
wpp2024-esperanza-de-vida-mapa,URY,1950,65.5744
wpp2024-esperanza-de-vida-mapa,URY,1951,65.8415
wpp2024-esperanza-de-vida-mapa,URY,1952,66.0557
wpp2024-esperanza-de-vida-mapa,URY,1953,66.2601
wpp2024-esperanza-de-vida-mapa,URY,1954,66.4753
wpp2024-esperanza-de-vida-mapa,URY,1955,66.6906
wpp2024-esperanza-de-vida-mapa,URY,1956,66.9073
wpp2024-esperanza-de-vida-mapa,URY,1957,67.1179
wpp2024-esperanza-de-vida-mapa,URY,1958,67.3287
wpp2024-esperanza-de-vida-mapa,URY,1959,67.5297
wpp2024-esperanza-de-vida-mapa,URY,1960,67.683
wpp2024-esperanza-de-vida-mapa,URY,1961,67.8104
wpp2024-esperanza-de-vida-mapa,URY,1962,67.9114
wpp2024-esperanza-de-vida-mapa,URY,1963,68.0226
wpp2024-esperanza-de-vida-mapa,URY,1964,68.1115
wpp2024-esperanza-de-vida-mapa,URY,1965,68.2003
wpp2024-esperanza-de-vida-mapa,URY,1966,68.3017
wpp2024-esperanza-de-vida-mapa,URY,1967,68.4071
wpp2024-esperanza-de-vida-mapa,URY,1968,68.5144
wpp2024-esperanza-de-vida-mapa,URY,1969,68.5813
wpp2024-esperanza-de-vida-mapa,URY,1970,68.7336
wpp2024-esperanza-de-vida-mapa,URY,1971,68.9262
wpp2024-esperanza-de-vida-mapa,URY,1972,69.1694
wpp2024-esperanza-de-vida-mapa,URY,1973,69.3476
wpp2024-esperanza-de-vida-mapa,URY,1974,69.5244
wpp2024-esperanza-de-vida-mapa,URY,1975,69.7054
wpp2024-esperanza-de-vida-mapa,URY,1976,69.8873
wpp2024-esperanza-de-vida-mapa,URY,1977,70.0807
wpp2024-esperanza-de-vida-mapa,URY,1978,70.2646
wpp2024-esperanza-de-vida-mapa,URY,1979,70.2554
wpp2024-esperanza-de-vida-mapa,URY,1980,70.5054
wpp2024-esperanza-de-vida-mapa,URY,1981,70.9519
wpp2024-esperanza-de-vida-mapa,URY,1982,71.5279
wpp2024-esperanza-de-vida-mapa,URY,1983,71.5954
wpp2024-esperanza-de-vida-mapa,URY,1984,71.708
wpp2024-esperanza-de-vida-mapa,URY,1985,71.8608
wpp2024-esperanza-de-vida-mapa,URY,1986,72.1868
wpp2024-esperanza-de-vida-mapa,URY,1987,72.1961
wpp2024-esperanza-de-vida-mapa,URY,1988,72.4079
wpp2024-esperanza-de-vida-mapa,URY,1989,72.6281
wpp2024-esperanza-de-vida-mapa,URY,1990,72.9937
wpp2024-esperanza-de-vida-mapa,URY,1991,73.1982
wpp2024-esperanza-de-vida-mapa,URY,1992,73.1853
wpp2024-esperanza-de-vida-mapa,URY,1993,73.1466
wpp2024-esperanza-de-vida-mapa,URY,1994,73.1616
wpp2024-esperanza-de-vida-mapa,URY,1995,73.4927
wpp2024-esperanza-de-vida-mapa,URY,1996,73.8121
wpp2024-esperanza-de-vida-mapa,URY,1997,73.9199
wpp2024-esperanza-de-vida-mapa,URY,1998,74.0293
wpp2024-esperanza-de-vida-mapa,URY,1999,74.2926
wpp2024-esperanza-de-vida-mapa,URY,2000,74.6929
wpp2024-esperanza-de-vida-mapa,URY,2001,74.9865
wpp2024-esperanza-de-vida-mapa,URY,2002,74.9788
wpp2024-esperanza-de-vida-mapa,URY,2003,75.0858
wpp2024-esperanza-de-vida-mapa,URY,2004,75.3194
wpp2024-esperanza-de-vida-mapa,URY,2005,75.8286
wpp2024-esperanza-de-vida-mapa,URY,2006,75.8884
wpp2024-esperanza-de-vida-mapa,URY,2007,76.1502
wpp2024-esperanza-de-vida-mapa,URY,2008,76.2746
wpp2024-esperanza-de-vida-mapa,URY,2009,76.67
wpp2024-esperanza-de-vida-mapa,URY,2010,76.6911
wpp2024-esperanza-de-vida-mapa,URY,2011,76.6141
wpp2024-esperanza-de-vida-mapa,URY,2012,76.6914
wpp2024-esperanza-de-vida-mapa,URY,2013,76.9531
wpp2024-esperanza-de-vida-mapa,URY,2014,77.1941
wpp2024-esperanza-de-vida-mapa,URY,2015,77.2847
wpp2024-esperanza-de-vida-mapa,URY,2016,77.3511
wpp2024-esperanza-de-vida-mapa,URY,2017,77.618
wpp2024-esperanza-de-vida-mapa,URY,2018,77.5273
wpp2024-esperanza-de-vida-mapa,URY,2019,77.5028
wpp2024-esperanza-de-vida-mapa,URY,2020,78.3811
wpp2024-esperanza-de-vida-mapa,URY,2021,75.4345
wpp2024-esperanza-de-vida-mapa,URY,2022,76.4682
wpp2024-esperanza-de-vida-mapa,URY,2023,78.1385
wpp2024-esperanza-de-vida-mapa,VEN,1950,51.1425
wpp2024-esperanza-de-vida-mapa,VEN,1951,51.9889
wpp2024-esperanza-de-vida-mapa,VEN,1952,52.6918
wpp2024-esperanza-de-vida-mapa,VEN,1953,53.3997
wpp2024-esperanza-de-vida-mapa,VEN,1954,54.1019
wpp2024-esperanza-de-vida-mapa,VEN,1955,54.7782
wpp2024-esperanza-de-vida-mapa,VEN,1956,55.5051
wpp2024-esperanza-de-vida-mapa,VEN,1957,56.2185
wpp2024-esperanza-de-vida-mapa,VEN,1958,56.9438
wpp2024-esperanza-de-vida-mapa,VEN,1959,57.6846
wpp2024-esperanza-de-vida-mapa,VEN,1960,58.3759
wpp2024-esperanza-de-vida-mapa,VEN,1961,59.1149
wpp2024-esperanza-de-vida-mapa,VEN,1962,59.6675
wpp2024-esperanza-de-vida-mapa,VEN,1963,60.5018
wpp2024-esperanza-de-vida-mapa,VEN,1964,61.1677
wpp2024-esperanza-de-vida-mapa,VEN,1965,61.9088
wpp2024-esperanza-de-vida-mapa,VEN,1966,62.8941
wpp2024-esperanza-de-vida-mapa,VEN,1967,63.5502
wpp2024-esperanza-de-vida-mapa,VEN,1968,63.9084
wpp2024-esperanza-de-vida-mapa,VEN,1969,63.8402
wpp2024-esperanza-de-vida-mapa,VEN,1970,64.8162
wpp2024-esperanza-de-vida-mapa,VEN,1971,65.1836
wpp2024-esperanza-de-vida-mapa,VEN,1972,65.5549
wpp2024-esperanza-de-vida-mapa,VEN,1973,65.7395
wpp2024-esperanza-de-vida-mapa,VEN,1974,66.2231
wpp2024-esperanza-de-vida-mapa,VEN,1975,66.6855
wpp2024-esperanza-de-vida-mapa,VEN,1976,67.2664
wpp2024-esperanza-de-vida-mapa,VEN,1977,67.7263
wpp2024-esperanza-de-vida-mapa,VEN,1978,68.1082
wpp2024-esperanza-de-vida-mapa,VEN,1979,68.2261
wpp2024-esperanza-de-vida-mapa,VEN,1980,68.179
wpp2024-esperanza-de-vida-mapa,VEN,1981,68.6967
wpp2024-esperanza-de-vida-mapa,VEN,1982,68.9848
wpp2024-esperanza-de-vida-mapa,VEN,1983,69.5413
wpp2024-esperanza-de-vida-mapa,VEN,1984,69.6721
wpp2024-esperanza-de-vida-mapa,VEN,1985,69.9611
wpp2024-esperanza-de-vida-mapa,VEN,1986,70.5285
wpp2024-esperanza-de-vida-mapa,VEN,1987,70.6727
wpp2024-esperanza-de-vida-mapa,VEN,1988,70.7619
wpp2024-esperanza-de-vida-mapa,VEN,1989,70.8051
wpp2024-esperanza-de-vida-mapa,VEN,1990,70.9641
wpp2024-esperanza-de-vida-mapa,VEN,1991,71.1719
wpp2024-esperanza-de-vida-mapa,VEN,1992,71.1766
wpp2024-esperanza-de-vida-mapa,VEN,1993,71.3849
wpp2024-esperanza-de-vida-mapa,VEN,1994,71.2826
wpp2024-esperanza-de-vida-mapa,VEN,1995,71.7138
wpp2024-esperanza-de-vida-mapa,VEN,1996,71.9196
wpp2024-esperanza-de-vida-mapa,VEN,1997,72.5598
wpp2024-esperanza-de-vida-mapa,VEN,1998,72.446
wpp2024-esperanza-de-vida-mapa,VEN,1999,72.0883
wpp2024-esperanza-de-vida-mapa,VEN,2000,72.3876
wpp2024-esperanza-de-vida-mapa,VEN,2001,71.0189
wpp2024-esperanza-de-vida-mapa,VEN,2002,72.8225
wpp2024-esperanza-de-vida-mapa,VEN,2003,72.0556
wpp2024-esperanza-de-vida-mapa,VEN,2004,72.7523
wpp2024-esperanza-de-vida-mapa,VEN,2005,73.0752
wpp2024-esperanza-de-vida-mapa,VEN,2006,72.9724
wpp2024-esperanza-de-vida-mapa,VEN,2007,73.3478
wpp2024-esperanza-de-vida-mapa,VEN,2008,72.5776
wpp2024-esperanza-de-vida-mapa,VEN,2009,72.7852
wpp2024-esperanza-de-vida-mapa,VEN,2010,73.0922
wpp2024-esperanza-de-vida-mapa,VEN,2011,73.0895
wpp2024-esperanza-de-vida-mapa,VEN,2012,73.0858
wpp2024-esperanza-de-vida-mapa,VEN,2013,73.0765
wpp2024-esperanza-de-vida-mapa,VEN,2014,72.8371
wpp2024-esperanza-de-vida-mapa,VEN,2015,73.0044
wpp2024-esperanza-de-vida-mapa,VEN,2016,72.0019
wpp2024-esperanza-de-vida-mapa,VEN,2017,71.9026
wpp2024-esperanza-de-vida-mapa,VEN,2018,72.6415
wpp2024-esperanza-de-vida-mapa,VEN,2019,72.7664
wpp2024-esperanza-de-vida-mapa,VEN,2020,72.3693
wpp2024-esperanza-de-vida-mapa,VEN,2021,71.5364
wpp2024-esperanza-de-vida-mapa,VEN,2022,72.5656
wpp2024-esperanza-de-vida-mapa,VEN,2023,72.5142
wpp2024-esperanza-de-vida-mapa,BMU,1950,60.3573
wpp2024-esperanza-de-vida-mapa,BMU,1951,60.6121
wpp2024-esperanza-de-vida-mapa,BMU,1952,61.0705
wpp2024-esperanza-de-vida-mapa,BMU,1953,61.8184
wpp2024-esperanza-de-vida-mapa,BMU,1954,62.4758
wpp2024-esperanza-de-vida-mapa,BMU,1955,63.0578
wpp2024-esperanza-de-vida-mapa,BMU,1956,64.2401
wpp2024-esperanza-de-vida-mapa,BMU,1957,64.7769
wpp2024-esperanza-de-vida-mapa,BMU,1958,65.206
wpp2024-esperanza-de-vida-mapa,BMU,1959,65.692
wpp2024-esperanza-de-vida-mapa,BMU,1960,66.4822
wpp2024-esperanza-de-vida-mapa,BMU,1961,67.5282
wpp2024-esperanza-de-vida-mapa,BMU,1962,67.8839
wpp2024-esperanza-de-vida-mapa,BMU,1963,67.6894
wpp2024-esperanza-de-vida-mapa,BMU,1964,67.5
wpp2024-esperanza-de-vida-mapa,BMU,1965,67.5816
wpp2024-esperanza-de-vida-mapa,BMU,1966,67.718
wpp2024-esperanza-de-vida-mapa,BMU,1967,67.7924
wpp2024-esperanza-de-vida-mapa,BMU,1968,67.8979
wpp2024-esperanza-de-vida-mapa,BMU,1969,68.0877
wpp2024-esperanza-de-vida-mapa,BMU,1970,68.4038
wpp2024-esperanza-de-vida-mapa,BMU,1971,68.9804
wpp2024-esperanza-de-vida-mapa,BMU,1972,69.6428
wpp2024-esperanza-de-vida-mapa,BMU,1973,70.3738
wpp2024-esperanza-de-vida-mapa,BMU,1974,70.8639
wpp2024-esperanza-de-vida-mapa,BMU,1975,71.1707
wpp2024-esperanza-de-vida-mapa,BMU,1976,71.3313
wpp2024-esperanza-de-vida-mapa,BMU,1977,71.6156
wpp2024-esperanza-de-vida-mapa,BMU,1978,71.9675
wpp2024-esperanza-de-vida-mapa,BMU,1979,72.4018
wpp2024-esperanza-de-vida-mapa,BMU,1980,72.6659
wpp2024-esperanza-de-vida-mapa,BMU,1981,72.8921
wpp2024-esperanza-de-vida-mapa,BMU,1982,73.0406
wpp2024-esperanza-de-vida-mapa,BMU,1983,73.2399
wpp2024-esperanza-de-vida-mapa,BMU,1984,73.3646
wpp2024-esperanza-de-vida-mapa,BMU,1985,73.3733
wpp2024-esperanza-de-vida-mapa,BMU,1986,73.3678
wpp2024-esperanza-de-vida-mapa,BMU,1987,73.4538
wpp2024-esperanza-de-vida-mapa,BMU,1988,73.5551
wpp2024-esperanza-de-vida-mapa,BMU,1989,73.7326
wpp2024-esperanza-de-vida-mapa,BMU,1990,73.9523
wpp2024-esperanza-de-vida-mapa,BMU,1991,74.2043
wpp2024-esperanza-de-vida-mapa,BMU,1992,74.446
wpp2024-esperanza-de-vida-mapa,BMU,1993,74.7659
wpp2024-esperanza-de-vida-mapa,BMU,1994,75.2756
wpp2024-esperanza-de-vida-mapa,BMU,1995,75.9203
wpp2024-esperanza-de-vida-mapa,BMU,1996,76.52
wpp2024-esperanza-de-vida-mapa,BMU,1997,76.9717
wpp2024-esperanza-de-vida-mapa,BMU,1998,77.389
wpp2024-esperanza-de-vida-mapa,BMU,1999,77.8537
wpp2024-esperanza-de-vida-mapa,BMU,2000,78.2508
wpp2024-esperanza-de-vida-mapa,BMU,2001,78.6366
wpp2024-esperanza-de-vida-mapa,BMU,2002,78.8406
wpp2024-esperanza-de-vida-mapa,BMU,2003,78.7147
wpp2024-esperanza-de-vida-mapa,BMU,2004,78.8981
wpp2024-esperanza-de-vida-mapa,BMU,2005,78.8737
wpp2024-esperanza-de-vida-mapa,BMU,2006,78.8695
wpp2024-esperanza-de-vida-mapa,BMU,2007,79.0056
wpp2024-esperanza-de-vida-mapa,BMU,2008,79.1011
wpp2024-esperanza-de-vida-mapa,BMU,2009,79.2293
wpp2024-esperanza-de-vida-mapa,BMU,2010,79.4139
wpp2024-esperanza-de-vida-mapa,BMU,2011,79.6515
wpp2024-esperanza-de-vida-mapa,BMU,2012,79.8475
wpp2024-esperanza-de-vida-mapa,BMU,2013,80.0156
wpp2024-esperanza-de-vida-mapa,BMU,2014,80.1986
wpp2024-esperanza-de-vida-mapa,BMU,2015,80.3378
wpp2024-esperanza-de-vida-mapa,BMU,2016,80.4761
wpp2024-esperanza-de-vida-mapa,BMU,2017,80.6861
wpp2024-esperanza-de-vida-mapa,BMU,2018,80.9856
wpp2024-esperanza-de-vida-mapa,BMU,2019,81.2507
wpp2024-esperanza-de-vida-mapa,BMU,2020,81.4562
wpp2024-esperanza-de-vida-mapa,BMU,2021,81.7451
wpp2024-esperanza-de-vida-mapa,BMU,2022,82.0616
wpp2024-esperanza-de-vida-mapa,BMU,2023,82.3089
wpp2024-esperanza-de-vida-mapa,CAN,1950,68.2146
wpp2024-esperanza-de-vida-mapa,CAN,1951,68.5075
wpp2024-esperanza-de-vida-mapa,CAN,1952,68.6817
wpp2024-esperanza-de-vida-mapa,CAN,1953,69.067
wpp2024-esperanza-de-vida-mapa,CAN,1954,69.9377
wpp2024-esperanza-de-vida-mapa,CAN,1955,69.9974
wpp2024-esperanza-de-vida-mapa,CAN,1956,69.9698
wpp2024-esperanza-de-vida-mapa,CAN,1957,69.9152
wpp2024-esperanza-de-vida-mapa,CAN,1958,70.572
wpp2024-esperanza-de-vida-mapa,CAN,1959,70.6124
wpp2024-esperanza-de-vida-mapa,CAN,1960,70.9728
wpp2024-esperanza-de-vida-mapa,CAN,1961,71.2153
wpp2024-esperanza-de-vida-mapa,CAN,1962,71.2363
wpp2024-esperanza-de-vida-mapa,CAN,1963,71.266
wpp2024-esperanza-de-vida-mapa,CAN,1964,71.6382
wpp2024-esperanza-de-vida-mapa,CAN,1965,71.7479
wpp2024-esperanza-de-vida-mapa,CAN,1966,71.8676
wpp2024-esperanza-de-vida-mapa,CAN,1967,72.0808
wpp2024-esperanza-de-vida-mapa,CAN,1968,72.2375
wpp2024-esperanza-de-vida-mapa,CAN,1969,72.3957
wpp2024-esperanza-de-vida-mapa,CAN,1970,72.6092
wpp2024-esperanza-de-vida-mapa,CAN,1971,72.9489
wpp2024-esperanza-de-vida-mapa,CAN,1972,72.8259
wpp2024-esperanza-de-vida-mapa,CAN,1973,73.0691
wpp2024-esperanza-de-vida-mapa,CAN,1974,73.1423
wpp2024-esperanza-de-vida-mapa,CAN,1975,73.4485
wpp2024-esperanza-de-vida-mapa,CAN,1976,73.87
wpp2024-esperanza-de-vida-mapa,CAN,1977,74.1536
wpp2024-esperanza-de-vida-mapa,CAN,1978,74.4822
wpp2024-esperanza-de-vida-mapa,CAN,1979,74.8362
wpp2024-esperanza-de-vida-mapa,CAN,1980,75.0612
wpp2024-esperanza-de-vida-mapa,CAN,1981,75.4816
wpp2024-esperanza-de-vida-mapa,CAN,1982,75.6923
wpp2024-esperanza-de-vida-mapa,CAN,1983,76.0662
wpp2024-esperanza-de-vida-mapa,CAN,1984,76.3553
wpp2024-esperanza-de-vida-mapa,CAN,1985,76.3479
wpp2024-esperanza-de-vida-mapa,CAN,1986,76.4911
wpp2024-esperanza-de-vida-mapa,CAN,1987,76.7975
wpp2024-esperanza-de-vida-mapa,CAN,1988,76.8618
wpp2024-esperanza-de-vida-mapa,CAN,1989,77.1239
wpp2024-esperanza-de-vida-mapa,CAN,1990,77.4333
wpp2024-esperanza-de-vida-mapa,CAN,1991,77.5939
wpp2024-esperanza-de-vida-mapa,CAN,1992,77.8525
wpp2024-esperanza-de-vida-mapa,CAN,1993,77.7251
wpp2024-esperanza-de-vida-mapa,CAN,1994,77.9007
wpp2024-esperanza-de-vida-mapa,CAN,1995,78.0206
wpp2024-esperanza-de-vida-mapa,CAN,1996,78.272
wpp2024-esperanza-de-vida-mapa,CAN,1997,78.4649
wpp2024-esperanza-de-vida-mapa,CAN,1998,78.6741
wpp2024-esperanza-de-vida-mapa,CAN,1999,78.8851
wpp2024-esperanza-de-vida-mapa,CAN,2000,79.233
wpp2024-esperanza-de-vida-mapa,CAN,2001,79.4494
wpp2024-esperanza-de-vida-mapa,CAN,2002,79.5658
wpp2024-esperanza-de-vida-mapa,CAN,2003,79.7363
wpp2024-esperanza-de-vida-mapa,CAN,2004,80.029
wpp2024-esperanza-de-vida-mapa,CAN,2005,80.131
wpp2024-esperanza-de-vida-mapa,CAN,2006,80.5398
wpp2024-esperanza-de-vida-mapa,CAN,2007,80.5422
wpp2024-esperanza-de-vida-mapa,CAN,2008,80.7304
wpp2024-esperanza-de-vida-mapa,CAN,2009,81.0648
wpp2024-esperanza-de-vida-mapa,CAN,2010,81.3363
wpp2024-esperanza-de-vida-mapa,CAN,2011,81.5133
wpp2024-esperanza-de-vida-mapa,CAN,2012,81.7037
wpp2024-esperanza-de-vida-mapa,CAN,2013,81.7852
wpp2024-esperanza-de-vida-mapa,CAN,2014,81.8373
wpp2024-esperanza-de-vida-mapa,CAN,2015,81.9084
wpp2024-esperanza-de-vida-mapa,CAN,2016,82.0301
wpp2024-esperanza-de-vida-mapa,CAN,2017,81.9195
wpp2024-esperanza-de-vida-mapa,CAN,2018,81.9247
wpp2024-esperanza-de-vida-mapa,CAN,2019,82.2848
wpp2024-esperanza-de-vida-mapa,CAN,2020,81.6536
wpp2024-esperanza-de-vida-mapa,CAN,2021,81.976
wpp2024-esperanza-de-vida-mapa,CAN,2022,81.2493
wpp2024-esperanza-de-vida-mapa,CAN,2023,82.6302
wpp2024-esperanza-de-vida-mapa,GRL,1950,39.5027
wpp2024-esperanza-de-vida-mapa,GRL,1951,41.0852
wpp2024-esperanza-de-vida-mapa,GRL,1952,42.848
wpp2024-esperanza-de-vida-mapa,GRL,1953,44.6545
wpp2024-esperanza-de-vida-mapa,GRL,1954,46.6507
wpp2024-esperanza-de-vida-mapa,GRL,1955,48.7947
wpp2024-esperanza-de-vida-mapa,GRL,1956,51.104
wpp2024-esperanza-de-vida-mapa,GRL,1957,53.5307
wpp2024-esperanza-de-vida-mapa,GRL,1958,55.559
wpp2024-esperanza-de-vida-mapa,GRL,1959,57.2494
wpp2024-esperanza-de-vida-mapa,GRL,1960,58.5461
wpp2024-esperanza-de-vida-mapa,GRL,1961,59.3855
wpp2024-esperanza-de-vida-mapa,GRL,1962,59.9195
wpp2024-esperanza-de-vida-mapa,GRL,1963,60.2809
wpp2024-esperanza-de-vida-mapa,GRL,1964,60.6938
wpp2024-esperanza-de-vida-mapa,GRL,1965,61.2235
wpp2024-esperanza-de-vida-mapa,GRL,1966,61.6513
wpp2024-esperanza-de-vida-mapa,GRL,1967,62.223
wpp2024-esperanza-de-vida-mapa,GRL,1968,62.66
wpp2024-esperanza-de-vida-mapa,GRL,1969,63.033
wpp2024-esperanza-de-vida-mapa,GRL,1970,63.0296
wpp2024-esperanza-de-vida-mapa,GRL,1971,62.9733
wpp2024-esperanza-de-vida-mapa,GRL,1972,62.7342
wpp2024-esperanza-de-vida-mapa,GRL,1973,62.3944
wpp2024-esperanza-de-vida-mapa,GRL,1974,61.9639
wpp2024-esperanza-de-vida-mapa,GRL,1975,61.7461
wpp2024-esperanza-de-vida-mapa,GRL,1976,61.6715
wpp2024-esperanza-de-vida-mapa,GRL,1977,61.6505
wpp2024-esperanza-de-vida-mapa,GRL,1978,61.7667
wpp2024-esperanza-de-vida-mapa,GRL,1979,61.9804
wpp2024-esperanza-de-vida-mapa,GRL,1980,62.16
wpp2024-esperanza-de-vida-mapa,GRL,1981,62.3315
wpp2024-esperanza-de-vida-mapa,GRL,1982,62.5072
wpp2024-esperanza-de-vida-mapa,GRL,1983,62.6433
wpp2024-esperanza-de-vida-mapa,GRL,1984,62.746
wpp2024-esperanza-de-vida-mapa,GRL,1985,62.8242
wpp2024-esperanza-de-vida-mapa,GRL,1986,62.8715
wpp2024-esperanza-de-vida-mapa,GRL,1987,62.9136
wpp2024-esperanza-de-vida-mapa,GRL,1988,62.9852
wpp2024-esperanza-de-vida-mapa,GRL,1989,63.094
wpp2024-esperanza-de-vida-mapa,GRL,1990,63.2397
wpp2024-esperanza-de-vida-mapa,GRL,1991,63.5142
wpp2024-esperanza-de-vida-mapa,GRL,1992,63.7924
wpp2024-esperanza-de-vida-mapa,GRL,1993,64.0794
wpp2024-esperanza-de-vida-mapa,GRL,1994,63.9129
wpp2024-esperanza-de-vida-mapa,GRL,1995,64.1569
wpp2024-esperanza-de-vida-mapa,GRL,1996,64.3306
wpp2024-esperanza-de-vida-mapa,GRL,1997,64.4872
wpp2024-esperanza-de-vida-mapa,GRL,1998,64.6589
wpp2024-esperanza-de-vida-mapa,GRL,1999,65.1213
wpp2024-esperanza-de-vida-mapa,GRL,2000,65.6313
wpp2024-esperanza-de-vida-mapa,GRL,2001,66.2727
wpp2024-esperanza-de-vida-mapa,GRL,2002,67.0072
wpp2024-esperanza-de-vida-mapa,GRL,2003,67.6174
wpp2024-esperanza-de-vida-mapa,GRL,2004,67.5455
wpp2024-esperanza-de-vida-mapa,GRL,2005,67.7693
wpp2024-esperanza-de-vida-mapa,GRL,2006,68.1436
wpp2024-esperanza-de-vida-mapa,GRL,2007,68.3385
wpp2024-esperanza-de-vida-mapa,GRL,2008,68.4002
wpp2024-esperanza-de-vida-mapa,GRL,2009,68.3786
wpp2024-esperanza-de-vida-mapa,GRL,2010,68.4548
wpp2024-esperanza-de-vida-mapa,GRL,2011,68.7938
wpp2024-esperanza-de-vida-mapa,GRL,2012,69.3516
wpp2024-esperanza-de-vida-mapa,GRL,2013,69.8014
wpp2024-esperanza-de-vida-mapa,GRL,2014,70.0861
wpp2024-esperanza-de-vida-mapa,GRL,2015,70.2341
wpp2024-esperanza-de-vida-mapa,GRL,2016,70.3866
wpp2024-esperanza-de-vida-mapa,GRL,2017,70.3861
wpp2024-esperanza-de-vida-mapa,GRL,2018,70.354
wpp2024-esperanza-de-vida-mapa,GRL,2019,70.2573
wpp2024-esperanza-de-vida-mapa,GRL,2020,70.1558
wpp2024-esperanza-de-vida-mapa,GRL,2021,70.0489
wpp2024-esperanza-de-vida-mapa,GRL,2022,70.0519
wpp2024-esperanza-de-vida-mapa,GRL,2023,70.055
wpp2024-esperanza-de-vida-mapa,SPM,1950,62.9446
wpp2024-esperanza-de-vida-mapa,SPM,1951,63.298
wpp2024-esperanza-de-vida-mapa,SPM,1952,63.624
wpp2024-esperanza-de-vida-mapa,SPM,1953,63.9499
wpp2024-esperanza-de-vida-mapa,SPM,1954,64.3239
wpp2024-esperanza-de-vida-mapa,SPM,1955,64.6679
wpp2024-esperanza-de-vida-mapa,SPM,1956,65.004
wpp2024-esperanza-de-vida-mapa,SPM,1957,65.3021
wpp2024-esperanza-de-vida-mapa,SPM,1958,65.6358
wpp2024-esperanza-de-vida-mapa,SPM,1959,65.9439
wpp2024-esperanza-de-vida-mapa,SPM,1960,66.2562
wpp2024-esperanza-de-vida-mapa,SPM,1961,66.4469
wpp2024-esperanza-de-vida-mapa,SPM,1962,66.6512
wpp2024-esperanza-de-vida-mapa,SPM,1963,66.7782
wpp2024-esperanza-de-vida-mapa,SPM,1964,66.8457
wpp2024-esperanza-de-vida-mapa,SPM,1965,66.8649
wpp2024-esperanza-de-vida-mapa,SPM,1966,66.8795
wpp2024-esperanza-de-vida-mapa,SPM,1967,66.9046
wpp2024-esperanza-de-vida-mapa,SPM,1968,66.9883
wpp2024-esperanza-de-vida-mapa,SPM,1969,67.1951
wpp2024-esperanza-de-vida-mapa,SPM,1970,67.5005
wpp2024-esperanza-de-vida-mapa,SPM,1971,67.8898
wpp2024-esperanza-de-vida-mapa,SPM,1972,68.3414
wpp2024-esperanza-de-vida-mapa,SPM,1973,68.821
wpp2024-esperanza-de-vida-mapa,SPM,1974,69.2218
wpp2024-esperanza-de-vida-mapa,SPM,1975,69.5152
wpp2024-esperanza-de-vida-mapa,SPM,1976,69.7128
wpp2024-esperanza-de-vida-mapa,SPM,1977,69.834
wpp2024-esperanza-de-vida-mapa,SPM,1978,69.9207
wpp2024-esperanza-de-vida-mapa,SPM,1979,70.0409
wpp2024-esperanza-de-vida-mapa,SPM,1980,70.1837
wpp2024-esperanza-de-vida-mapa,SPM,1981,70.424
wpp2024-esperanza-de-vida-mapa,SPM,1982,70.7126
wpp2024-esperanza-de-vida-mapa,SPM,1983,71.1138
wpp2024-esperanza-de-vida-mapa,SPM,1984,71.4675
wpp2024-esperanza-de-vida-mapa,SPM,1985,71.7834
wpp2024-esperanza-de-vida-mapa,SPM,1986,72.1273
wpp2024-esperanza-de-vida-mapa,SPM,1987,72.4539
wpp2024-esperanza-de-vida-mapa,SPM,1988,72.7492
wpp2024-esperanza-de-vida-mapa,SPM,1989,72.9685
wpp2024-esperanza-de-vida-mapa,SPM,1990,73.1602
wpp2024-esperanza-de-vida-mapa,SPM,1991,73.3449
wpp2024-esperanza-de-vida-mapa,SPM,1992,73.4045
wpp2024-esperanza-de-vida-mapa,SPM,1993,73.5239
wpp2024-esperanza-de-vida-mapa,SPM,1994,73.6622
wpp2024-esperanza-de-vida-mapa,SPM,1995,73.8039
wpp2024-esperanza-de-vida-mapa,SPM,1996,73.9726
wpp2024-esperanza-de-vida-mapa,SPM,1997,74.1812
wpp2024-esperanza-de-vida-mapa,SPM,1998,74.405
wpp2024-esperanza-de-vida-mapa,SPM,1999,74.6456
wpp2024-esperanza-de-vida-mapa,SPM,2000,74.8809
wpp2024-esperanza-de-vida-mapa,SPM,2001,75.1069
wpp2024-esperanza-de-vida-mapa,SPM,2002,75.3259
wpp2024-esperanza-de-vida-mapa,SPM,2003,75.4997
wpp2024-esperanza-de-vida-mapa,SPM,2004,75.6804
wpp2024-esperanza-de-vida-mapa,SPM,2005,75.8029
wpp2024-esperanza-de-vida-mapa,SPM,2006,75.9194
wpp2024-esperanza-de-vida-mapa,SPM,2007,76.0503
wpp2024-esperanza-de-vida-mapa,SPM,2008,76.1767
wpp2024-esperanza-de-vida-mapa,SPM,2009,76.2723
wpp2024-esperanza-de-vida-mapa,SPM,2010,76.3546
wpp2024-esperanza-de-vida-mapa,SPM,2011,76.4099
wpp2024-esperanza-de-vida-mapa,SPM,2012,76.4635
wpp2024-esperanza-de-vida-mapa,SPM,2013,76.481
wpp2024-esperanza-de-vida-mapa,SPM,2014,76.4747
wpp2024-esperanza-de-vida-mapa,SPM,2015,76.4825
wpp2024-esperanza-de-vida-mapa,SPM,2016,76.509
wpp2024-esperanza-de-vida-mapa,SPM,2017,76.5456
wpp2024-esperanza-de-vida-mapa,SPM,2018,76.5851
wpp2024-esperanza-de-vida-mapa,SPM,2019,76.6094
wpp2024-esperanza-de-vida-mapa,SPM,2020,76.6183
wpp2024-esperanza-de-vida-mapa,SPM,2021,76.6661
wpp2024-esperanza-de-vida-mapa,SPM,2022,76.6987
wpp2024-esperanza-de-vida-mapa,SPM,2023,76.7578
wpp2024-esperanza-de-vida-mapa,USA,1950,68.0669
wpp2024-esperanza-de-vida-mapa,USA,1951,68.1743
wpp2024-esperanza-de-vida-mapa,USA,1952,68.38
wpp2024-esperanza-de-vida-mapa,USA,1953,68.7112
wpp2024-esperanza-de-vida-mapa,USA,1954,69.4996
wpp2024-esperanza-de-vida-mapa,USA,1955,69.5573
wpp2024-esperanza-de-vida-mapa,USA,1956,69.643
wpp2024-esperanza-de-vida-mapa,USA,1957,69.4183
wpp2024-esperanza-de-vida-mapa,USA,1958,69.6733
wpp2024-esperanza-de-vida-mapa,USA,1959,69.9044
wpp2024-esperanza-de-vida-mapa,USA,1960,69.8293
wpp2024-esperanza-de-vida-mapa,USA,1961,70.2536
wpp2024-esperanza-de-vida-mapa,USA,1962,70.1162
wpp2024-esperanza-de-vida-mapa,USA,1963,69.9428
wpp2024-esperanza-de-vida-mapa,USA,1964,70.1993
wpp2024-esperanza-de-vida-mapa,USA,1965,70.2495
wpp2024-esperanza-de-vida-mapa,USA,1966,70.21
wpp2024-esperanza-de-vida-mapa,USA,1967,70.5202
wpp2024-esperanza-de-vida-mapa,USA,1968,70.2004
wpp2024-esperanza-de-vida-mapa,USA,1969,70.4763
wpp2024-esperanza-de-vida-mapa,USA,1970,70.7343
wpp2024-esperanza-de-vida-mapa,USA,1971,71.0979
wpp2024-esperanza-de-vida-mapa,USA,1972,71.1779
wpp2024-esperanza-de-vida-mapa,USA,1973,71.3966
wpp2024-esperanza-de-vida-mapa,USA,1974,71.9592
wpp2024-esperanza-de-vida-mapa,USA,1975,72.5434
wpp2024-esperanza-de-vida-mapa,USA,1976,72.8448
wpp2024-esperanza-de-vida-mapa,USA,1977,73.2267
wpp2024-esperanza-de-vida-mapa,USA,1978,73.4091
wpp2024-esperanza-de-vida-mapa,USA,1979,73.8331
wpp2024-esperanza-de-vida-mapa,USA,1980,73.73
wpp2024-esperanza-de-vida-mapa,USA,1981,74.1174
wpp2024-esperanza-de-vida-mapa,USA,1982,74.4635
wpp2024-esperanza-de-vida-mapa,USA,1983,74.5528
wpp2024-esperanza-de-vida-mapa,USA,1984,74.6747
wpp2024-esperanza-de-vida-mapa,USA,1985,74.65
wpp2024-esperanza-de-vida-mapa,USA,1986,74.7284
wpp2024-esperanza-de-vida-mapa,USA,1987,74.8599
wpp2024-esperanza-de-vida-mapa,USA,1988,74.8333
wpp2024-esperanza-de-vida-mapa,USA,1989,75.1091
wpp2024-esperanza-de-vida-mapa,USA,1990,75.3743
wpp2024-esperanza-de-vida-mapa,USA,1991,75.5243
wpp2024-esperanza-de-vida-mapa,USA,1992,75.779
wpp2024-esperanza-de-vida-mapa,USA,1993,75.5677
wpp2024-esperanza-de-vida-mapa,USA,1994,75.7381
wpp2024-esperanza-de-vida-mapa,USA,1995,75.8522
wpp2024-esperanza-de-vida-mapa,USA,1996,76.1749
wpp2024-esperanza-de-vida-mapa,USA,1997,76.4981
wpp2024-esperanza-de-vida-mapa,USA,1998,76.6592
wpp2024-esperanza-de-vida-mapa,USA,1999,76.6691
wpp2024-esperanza-de-vida-mapa,USA,2000,76.8058
wpp2024-esperanza-de-vida-mapa,USA,2001,76.9194
wpp2024-esperanza-de-vida-mapa,USA,2002,76.9883
wpp2024-esperanza-de-vida-mapa,USA,2003,77.1369
wpp2024-esperanza-de-vida-mapa,USA,2004,77.535
wpp2024-esperanza-de-vida-mapa,USA,2005,77.5264
wpp2024-esperanza-de-vida-mapa,USA,2006,77.7976
wpp2024-esperanza-de-vida-mapa,USA,2007,78.0471
wpp2024-esperanza-de-vida-mapa,USA,2008,78.1273
wpp2024-esperanza-de-vida-mapa,USA,2009,78.4758
wpp2024-esperanza-de-vida-mapa,USA,2010,78.6681
wpp2024-esperanza-de-vida-mapa,USA,2011,78.7023
wpp2024-esperanza-de-vida-mapa,USA,2012,78.8169
wpp2024-esperanza-de-vida-mapa,USA,2013,78.8175
wpp2024-esperanza-de-vida-mapa,USA,2014,78.8785
wpp2024-esperanza-de-vida-mapa,USA,2015,78.7219
wpp2024-esperanza-de-vida-mapa,USA,2016,78.686
wpp2024-esperanza-de-vida-mapa,USA,2017,78.6483
wpp2024-esperanza-de-vida-mapa,USA,2018,78.7997
wpp2024-esperanza-de-vida-mapa,USA,2019,78.916
wpp2024-esperanza-de-vida-mapa,USA,2020,77.0115
wpp2024-esperanza-de-vida-mapa,USA,2021,76.3836
wpp2024-esperanza-de-vida-mapa,USA,2022,77.9789
wpp2024-esperanza-de-vida-mapa,USA,2023,79.3043
wpp2024-esperanza-de-vida-mapa,AUS,1950,69
wpp2024-esperanza-de-vida-mapa,AUS,1951,68.6995
wpp2024-esperanza-de-vida-mapa,AUS,1952,69.1125
wpp2024-esperanza-de-vida-mapa,AUS,1953,69.6911
wpp2024-esperanza-de-vida-mapa,AUS,1954,69.8595
wpp2024-esperanza-de-vida-mapa,AUS,1955,70.1564
wpp2024-esperanza-de-vida-mapa,AUS,1956,70.0366
wpp2024-esperanza-de-vida-mapa,AUS,1957,70.3168
wpp2024-esperanza-de-vida-mapa,AUS,1958,70.8606
wpp2024-esperanza-de-vida-mapa,AUS,1959,70.445
wpp2024-esperanza-de-vida-mapa,AUS,1960,70.8652
wpp2024-esperanza-de-vida-mapa,AUS,1961,71.1348
wpp2024-esperanza-de-vida-mapa,AUS,1962,70.9059
wpp2024-esperanza-de-vida-mapa,AUS,1963,70.9606
wpp2024-esperanza-de-vida-mapa,AUS,1964,70.5715
wpp2024-esperanza-de-vida-mapa,AUS,1965,70.8021
wpp2024-esperanza-de-vida-mapa,AUS,1966,70.6776
wpp2024-esperanza-de-vida-mapa,AUS,1967,71.0472
wpp2024-esperanza-de-vida-mapa,AUS,1968,70.6807
wpp2024-esperanza-de-vida-mapa,AUS,1969,71.0719
wpp2024-esperanza-de-vida-mapa,AUS,1970,70.6534
wpp2024-esperanza-de-vida-mapa,AUS,1971,71.451
wpp2024-esperanza-de-vida-mapa,AUS,1972,71.7682
wpp2024-esperanza-de-vida-mapa,AUS,1973,72.0579
wpp2024-esperanza-de-vida-mapa,AUS,1974,71.8491
wpp2024-esperanza-de-vida-mapa,AUS,1975,72.7834
wpp2024-esperanza-de-vida-mapa,AUS,1976,72.7871
wpp2024-esperanza-de-vida-mapa,AUS,1977,73.4719
wpp2024-esperanza-de-vida-mapa,AUS,1978,73.7403
wpp2024-esperanza-de-vida-mapa,AUS,1979,74.327
wpp2024-esperanza-de-vida-mapa,AUS,1980,74.5655
wpp2024-esperanza-de-vida-mapa,AUS,1981,74.7827
wpp2024-esperanza-de-vida-mapa,AUS,1982,74.7192
wpp2024-esperanza-de-vida-mapa,AUS,1983,75.4402
wpp2024-esperanza-de-vida-mapa,AUS,1984,75.5099
wpp2024-esperanza-de-vida-mapa,AUS,1985,75.4303
wpp2024-esperanza-de-vida-mapa,AUS,1986,76.0716
wpp2024-esperanza-de-vida-mapa,AUS,1987,76.083
wpp2024-esperanza-de-vida-mapa,AUS,1988,76.3443
wpp2024-esperanza-de-vida-mapa,AUS,1989,76.1973
wpp2024-esperanza-de-vida-mapa,AUS,1990,77.0414
wpp2024-esperanza-de-vida-mapa,AUS,1991,77.4806
wpp2024-esperanza-de-vida-mapa,AUS,1992,77.4731
wpp2024-esperanza-de-vida-mapa,AUS,1993,78.006
wpp2024-esperanza-de-vida-mapa,AUS,1994,77.8515
wpp2024-esperanza-de-vida-mapa,AUS,1995,78.2569
wpp2024-esperanza-de-vida-mapa,AUS,1996,78.3436
wpp2024-esperanza-de-vida-mapa,AUS,1997,78.6256
wpp2024-esperanza-de-vida-mapa,AUS,1998,79.0202
wpp2024-esperanza-de-vida-mapa,AUS,1999,79.2769
wpp2024-esperanza-de-vida-mapa,AUS,2000,79.6207
wpp2024-esperanza-de-vida-mapa,AUS,2001,80.006
wpp2024-esperanza-de-vida-mapa,AUS,2002,80.0515
wpp2024-esperanza-de-vida-mapa,AUS,2003,80.4396
wpp2024-esperanza-de-vida-mapa,AUS,2004,80.7334
wpp2024-esperanza-de-vida-mapa,AUS,2005,81.0923
wpp2024-esperanza-de-vida-mapa,AUS,2006,81.2581
wpp2024-esperanza-de-vida-mapa,AUS,2007,81.2324
wpp2024-esperanza-de-vida-mapa,AUS,2008,81.4267
wpp2024-esperanza-de-vida-mapa,AUS,2009,81.7283
wpp2024-esperanza-de-vida-mapa,AUS,2010,82.0132
wpp2024-esperanza-de-vida-mapa,AUS,2011,82.0911
wpp2024-esperanza-de-vida-mapa,AUS,2012,82.2966
wpp2024-esperanza-de-vida-mapa,AUS,2013,82.5511
wpp2024-esperanza-de-vida-mapa,AUS,2014,82.5182
wpp2024-esperanza-de-vida-mapa,AUS,2015,82.605
wpp2024-esperanza-de-vida-mapa,AUS,2016,82.8014
wpp2024-esperanza-de-vida-mapa,AUS,2017,82.7184
wpp2024-esperanza-de-vida-mapa,AUS,2018,83.2582
wpp2024-esperanza-de-vida-mapa,AUS,2019,83.2412
wpp2024-esperanza-de-vida-mapa,AUS,2020,83.6639
wpp2024-esperanza-de-vida-mapa,AUS,2021,83.564
wpp2024-esperanza-de-vida-mapa,AUS,2022,82.7662
wpp2024-esperanza-de-vida-mapa,AUS,2023,83.9228
wpp2024-esperanza-de-vida-mapa,NZL,1950,69.2532
wpp2024-esperanza-de-vida-mapa,NZL,1951,69.1286
wpp2024-esperanza-de-vida-mapa,NZL,1952,69.3765
wpp2024-esperanza-de-vida-mapa,NZL,1953,70.2136
wpp2024-esperanza-de-vida-mapa,NZL,1954,70.3348
wpp2024-esperanza-de-vida-mapa,NZL,1955,70.4792
wpp2024-esperanza-de-vida-mapa,NZL,1956,70.7216
wpp2024-esperanza-de-vida-mapa,NZL,1957,70.2553
wpp2024-esperanza-de-vida-mapa,NZL,1958,70.8768
wpp2024-esperanza-de-vida-mapa,NZL,1959,70.774
wpp2024-esperanza-de-vida-mapa,NZL,1960,71.2235
wpp2024-esperanza-de-vida-mapa,NZL,1961,70.9345
wpp2024-esperanza-de-vida-mapa,NZL,1962,71.1997
wpp2024-esperanza-de-vida-mapa,NZL,1963,71.2666
wpp2024-esperanza-de-vida-mapa,NZL,1964,71.2952
wpp2024-esperanza-de-vida-mapa,NZL,1965,71.2151
wpp2024-esperanza-de-vida-mapa,NZL,1966,71.073
wpp2024-esperanza-de-vida-mapa,NZL,1967,71.4375
wpp2024-esperanza-de-vida-mapa,NZL,1968,71.088
wpp2024-esperanza-de-vida-mapa,NZL,1969,71.475
wpp2024-esperanza-de-vida-mapa,NZL,1970,71.2192
wpp2024-esperanza-de-vida-mapa,NZL,1971,71.7167
wpp2024-esperanza-de-vida-mapa,NZL,1972,71.8235
wpp2024-esperanza-de-vida-mapa,NZL,1973,71.6751
wpp2024-esperanza-de-vida-mapa,NZL,1974,71.9405
wpp2024-esperanza-de-vida-mapa,NZL,1975,72.2002
wpp2024-esperanza-de-vida-mapa,NZL,1976,72.3966
wpp2024-esperanza-de-vida-mapa,NZL,1977,72.1345
wpp2024-esperanza-de-vida-mapa,NZL,1978,73.0094
wpp2024-esperanza-de-vida-mapa,NZL,1979,73.0509
wpp2024-esperanza-de-vida-mapa,NZL,1980,72.8619
wpp2024-esperanza-de-vida-mapa,NZL,1981,73.6324
wpp2024-esperanza-de-vida-mapa,NZL,1982,73.7237
wpp2024-esperanza-de-vida-mapa,NZL,1983,73.8291
wpp2024-esperanza-de-vida-mapa,NZL,1984,74.3668
wpp2024-esperanza-de-vida-mapa,NZL,1985,73.8761
wpp2024-esperanza-de-vida-mapa,NZL,1986,74.1192
wpp2024-esperanza-de-vida-mapa,NZL,1987,74.2074
wpp2024-esperanza-de-vida-mapa,NZL,1988,74.4784
wpp2024-esperanza-de-vida-mapa,NZL,1989,74.8878
wpp2024-esperanza-de-vida-mapa,NZL,1990,75.4252
wpp2024-esperanza-de-vida-mapa,NZL,1991,76.0789
wpp2024-esperanza-de-vida-mapa,NZL,1992,76.1907
wpp2024-esperanza-de-vida-mapa,NZL,1993,76.4987
wpp2024-esperanza-de-vida-mapa,NZL,1994,76.9178
wpp2024-esperanza-de-vida-mapa,NZL,1995,76.7853
wpp2024-esperanza-de-vida-mapa,NZL,1996,76.8069
wpp2024-esperanza-de-vida-mapa,NZL,1997,77.3441
wpp2024-esperanza-de-vida-mapa,NZL,1998,78.1667
wpp2024-esperanza-de-vida-mapa,NZL,1999,77.9107
wpp2024-esperanza-de-vida-mapa,NZL,2000,78.6681
wpp2024-esperanza-de-vida-mapa,NZL,2001,78.6615
wpp2024-esperanza-de-vida-mapa,NZL,2002,78.8659
wpp2024-esperanza-de-vida-mapa,NZL,2003,79.1414
wpp2024-esperanza-de-vida-mapa,NZL,2004,79.3548
wpp2024-esperanza-de-vida-mapa,NZL,2005,80.0308
wpp2024-esperanza-de-vida-mapa,NZL,2006,80.0152
wpp2024-esperanza-de-vida-mapa,NZL,2007,80.122
wpp2024-esperanza-de-vida-mapa,NZL,2008,80.2457
wpp2024-esperanza-de-vida-mapa,NZL,2009,80.545
wpp2024-esperanza-de-vida-mapa,NZL,2010,81.0517
wpp2024-esperanza-de-vida-mapa,NZL,2011,80.8422
wpp2024-esperanza-de-vida-mapa,NZL,2012,81.1668
wpp2024-esperanza-de-vida-mapa,NZL,2013,81.6119
wpp2024-esperanza-de-vida-mapa,NZL,2014,81.4106
wpp2024-esperanza-de-vida-mapa,NZL,2015,81.5866
wpp2024-esperanza-de-vida-mapa,NZL,2016,82.0027
wpp2024-esperanza-de-vida-mapa,NZL,2017,81.6053
wpp2024-esperanza-de-vida-mapa,NZL,2018,81.8838
wpp2024-esperanza-de-vida-mapa,NZL,2019,81.8322
wpp2024-esperanza-de-vida-mapa,NZL,2020,82.6628
wpp2024-esperanza-de-vida-mapa,NZL,2021,82.3003
wpp2024-esperanza-de-vida-mapa,NZL,2022,81.0061
wpp2024-esperanza-de-vida-mapa,NZL,2023,82.088
wpp2024-esperanza-de-vida-mapa,FJI,1950,51.7077
wpp2024-esperanza-de-vida-mapa,FJI,1951,52.2033
wpp2024-esperanza-de-vida-mapa,FJI,1952,52.6019
wpp2024-esperanza-de-vida-mapa,FJI,1953,53.3539
wpp2024-esperanza-de-vida-mapa,FJI,1954,54.214
wpp2024-esperanza-de-vida-mapa,FJI,1955,55.3057
wpp2024-esperanza-de-vida-mapa,FJI,1956,56.1583
wpp2024-esperanza-de-vida-mapa,FJI,1957,57.0686
wpp2024-esperanza-de-vida-mapa,FJI,1958,57.8284
wpp2024-esperanza-de-vida-mapa,FJI,1959,58.1586
wpp2024-esperanza-de-vida-mapa,FJI,1960,58.6024
wpp2024-esperanza-de-vida-mapa,FJI,1961,59.1019
wpp2024-esperanza-de-vida-mapa,FJI,1962,59.6535
wpp2024-esperanza-de-vida-mapa,FJI,1963,60.1554
wpp2024-esperanza-de-vida-mapa,FJI,1964,60.714
wpp2024-esperanza-de-vida-mapa,FJI,1965,61.4126
wpp2024-esperanza-de-vida-mapa,FJI,1966,61.5654
wpp2024-esperanza-de-vida-mapa,FJI,1967,61.442
wpp2024-esperanza-de-vida-mapa,FJI,1968,61.7187
wpp2024-esperanza-de-vida-mapa,FJI,1969,61.3974
wpp2024-esperanza-de-vida-mapa,FJI,1970,61.6519
wpp2024-esperanza-de-vida-mapa,FJI,1971,61.7396
wpp2024-esperanza-de-vida-mapa,FJI,1972,61.6301
wpp2024-esperanza-de-vida-mapa,FJI,1973,60.6493
wpp2024-esperanza-de-vida-mapa,FJI,1974,61.1945
wpp2024-esperanza-de-vida-mapa,FJI,1975,61.6888
wpp2024-esperanza-de-vida-mapa,FJI,1976,62.0996
wpp2024-esperanza-de-vida-mapa,FJI,1977,62.6912
wpp2024-esperanza-de-vida-mapa,FJI,1978,63.0652
wpp2024-esperanza-de-vida-mapa,FJI,1979,62.3053
wpp2024-esperanza-de-vida-mapa,FJI,1980,62.4058
wpp2024-esperanza-de-vida-mapa,FJI,1981,62.2552
wpp2024-esperanza-de-vida-mapa,FJI,1982,62.1953
wpp2024-esperanza-de-vida-mapa,FJI,1983,62.9156
wpp2024-esperanza-de-vida-mapa,FJI,1984,63.2381
wpp2024-esperanza-de-vida-mapa,FJI,1985,63.9982
wpp2024-esperanza-de-vida-mapa,FJI,1986,63.9614
wpp2024-esperanza-de-vida-mapa,FJI,1987,64.2778
wpp2024-esperanza-de-vida-mapa,FJI,1988,64.9506
wpp2024-esperanza-de-vida-mapa,FJI,1989,65.3856
wpp2024-esperanza-de-vida-mapa,FJI,1990,65.056
wpp2024-esperanza-de-vida-mapa,FJI,1991,65.4568
wpp2024-esperanza-de-vida-mapa,FJI,1992,65.4074
wpp2024-esperanza-de-vida-mapa,FJI,1993,65.5103
wpp2024-esperanza-de-vida-mapa,FJI,1994,65.7958
wpp2024-esperanza-de-vida-mapa,FJI,1995,66.007
wpp2024-esperanza-de-vida-mapa,FJI,1996,66.2018
wpp2024-esperanza-de-vida-mapa,FJI,1997,66.2927
wpp2024-esperanza-de-vida-mapa,FJI,1998,66.5364
wpp2024-esperanza-de-vida-mapa,FJI,1999,66.728
wpp2024-esperanza-de-vida-mapa,FJI,2000,66.1937
wpp2024-esperanza-de-vida-mapa,FJI,2001,66.2047
wpp2024-esperanza-de-vida-mapa,FJI,2002,65.4923
wpp2024-esperanza-de-vida-mapa,FJI,2003,65.6531
wpp2024-esperanza-de-vida-mapa,FJI,2004,65.8405
wpp2024-esperanza-de-vida-mapa,FJI,2005,65.9826
wpp2024-esperanza-de-vida-mapa,FJI,2006,66.1258
wpp2024-esperanza-de-vida-mapa,FJI,2007,66.1612
wpp2024-esperanza-de-vida-mapa,FJI,2008,66.3199
wpp2024-esperanza-de-vida-mapa,FJI,2009,66.3466
wpp2024-esperanza-de-vida-mapa,FJI,2010,66.7782
wpp2024-esperanza-de-vida-mapa,FJI,2011,66.8803
wpp2024-esperanza-de-vida-mapa,FJI,2012,65.8121
wpp2024-esperanza-de-vida-mapa,FJI,2013,66.5446
wpp2024-esperanza-de-vida-mapa,FJI,2014,66.5808
wpp2024-esperanza-de-vida-mapa,FJI,2015,66.4798
wpp2024-esperanza-de-vida-mapa,FJI,2016,66.657
wpp2024-esperanza-de-vida-mapa,FJI,2017,67.0596
wpp2024-esperanza-de-vida-mapa,FJI,2018,66.9645
wpp2024-esperanza-de-vida-mapa,FJI,2019,67.0088
wpp2024-esperanza-de-vida-mapa,FJI,2020,66.924
wpp2024-esperanza-de-vida-mapa,FJI,2021,64.9039
wpp2024-esperanza-de-vida-mapa,FJI,2022,67.1481
wpp2024-esperanza-de-vida-mapa,FJI,2023,67.3157
wpp2024-esperanza-de-vida-mapa,NCL,1950,45.0952
wpp2024-esperanza-de-vida-mapa,NCL,1951,45.7237
wpp2024-esperanza-de-vida-mapa,NCL,1952,46.4602
wpp2024-esperanza-de-vida-mapa,NCL,1953,47.1701
wpp2024-esperanza-de-vida-mapa,NCL,1954,47.8945
wpp2024-esperanza-de-vida-mapa,NCL,1955,48.6078
wpp2024-esperanza-de-vida-mapa,NCL,1956,49.374
wpp2024-esperanza-de-vida-mapa,NCL,1957,50.1203
wpp2024-esperanza-de-vida-mapa,NCL,1958,50.8645
wpp2024-esperanza-de-vida-mapa,NCL,1959,51.5849
wpp2024-esperanza-de-vida-mapa,NCL,1960,52.3411
wpp2024-esperanza-de-vida-mapa,NCL,1961,53.0683
wpp2024-esperanza-de-vida-mapa,NCL,1962,53.795
wpp2024-esperanza-de-vida-mapa,NCL,1963,54.5314
wpp2024-esperanza-de-vida-mapa,NCL,1964,55.2871
wpp2024-esperanza-de-vida-mapa,NCL,1965,56.0663
wpp2024-esperanza-de-vida-mapa,NCL,1966,56.8711
wpp2024-esperanza-de-vida-mapa,NCL,1967,57.6885
wpp2024-esperanza-de-vida-mapa,NCL,1968,58.5033
wpp2024-esperanza-de-vida-mapa,NCL,1969,59.2997
wpp2024-esperanza-de-vida-mapa,NCL,1970,60.0575
wpp2024-esperanza-de-vida-mapa,NCL,1971,60.7845
wpp2024-esperanza-de-vida-mapa,NCL,1972,61.4132
wpp2024-esperanza-de-vida-mapa,NCL,1973,62.0997
wpp2024-esperanza-de-vida-mapa,NCL,1974,62.6904
wpp2024-esperanza-de-vida-mapa,NCL,1975,63.2394
wpp2024-esperanza-de-vida-mapa,NCL,1976,63.7507
wpp2024-esperanza-de-vida-mapa,NCL,1977,64.2362
wpp2024-esperanza-de-vida-mapa,NCL,1978,64.7019
wpp2024-esperanza-de-vida-mapa,NCL,1979,65.1539
wpp2024-esperanza-de-vida-mapa,NCL,1980,65.6008
wpp2024-esperanza-de-vida-mapa,NCL,1981,65.9865
wpp2024-esperanza-de-vida-mapa,NCL,1982,66.5105
wpp2024-esperanza-de-vida-mapa,NCL,1983,66.9715
wpp2024-esperanza-de-vida-mapa,NCL,1984,67.4188
wpp2024-esperanza-de-vida-mapa,NCL,1985,67.8432
wpp2024-esperanza-de-vida-mapa,NCL,1986,68.2385
wpp2024-esperanza-de-vida-mapa,NCL,1987,68.5974
wpp2024-esperanza-de-vida-mapa,NCL,1988,68.9204
wpp2024-esperanza-de-vida-mapa,NCL,1989,69.2205
wpp2024-esperanza-de-vida-mapa,NCL,1990,69.5259
wpp2024-esperanza-de-vida-mapa,NCL,1991,69.8205
wpp2024-esperanza-de-vida-mapa,NCL,1992,70.1431
wpp2024-esperanza-de-vida-mapa,NCL,1993,70.5038
wpp2024-esperanza-de-vida-mapa,NCL,1994,70.8967
wpp2024-esperanza-de-vida-mapa,NCL,1995,71.3138
wpp2024-esperanza-de-vida-mapa,NCL,1996,71.7497
wpp2024-esperanza-de-vida-mapa,NCL,1997,72.2035
wpp2024-esperanza-de-vida-mapa,NCL,1998,72.6766
wpp2024-esperanza-de-vida-mapa,NCL,1999,73.1407
wpp2024-esperanza-de-vida-mapa,NCL,2000,73.5737
wpp2024-esperanza-de-vida-mapa,NCL,2001,73.9577
wpp2024-esperanza-de-vida-mapa,NCL,2002,74.2781
wpp2024-esperanza-de-vida-mapa,NCL,2003,74.4996
wpp2024-esperanza-de-vida-mapa,NCL,2004,74.7131
wpp2024-esperanza-de-vida-mapa,NCL,2005,74.8671
wpp2024-esperanza-de-vida-mapa,NCL,2006,75.0163
wpp2024-esperanza-de-vida-mapa,NCL,2007,75.1812
wpp2024-esperanza-de-vida-mapa,NCL,2008,75.3981
wpp2024-esperanza-de-vida-mapa,NCL,2009,75.676
wpp2024-esperanza-de-vida-mapa,NCL,2010,75.9915
wpp2024-esperanza-de-vida-mapa,NCL,2011,76.3151
wpp2024-esperanza-de-vida-mapa,NCL,2012,76.6153
wpp2024-esperanza-de-vida-mapa,NCL,2013,76.8666
wpp2024-esperanza-de-vida-mapa,NCL,2014,77.0529
wpp2024-esperanza-de-vida-mapa,NCL,2015,77.2055
wpp2024-esperanza-de-vida-mapa,NCL,2016,77.3589
wpp2024-esperanza-de-vida-mapa,NCL,2017,77.5036
wpp2024-esperanza-de-vida-mapa,NCL,2018,77.5567
wpp2024-esperanza-de-vida-mapa,NCL,2019,77.2623
wpp2024-esperanza-de-vida-mapa,NCL,2020,77.0494
wpp2024-esperanza-de-vida-mapa,NCL,2021,77.1134
wpp2024-esperanza-de-vida-mapa,NCL,2022,77.6983
wpp2024-esperanza-de-vida-mapa,NCL,2023,78.7658
wpp2024-esperanza-de-vida-mapa,PNG,1950,39.3589
wpp2024-esperanza-de-vida-mapa,PNG,1951,35.4834
wpp2024-esperanza-de-vida-mapa,PNG,1952,40.6763
wpp2024-esperanza-de-vida-mapa,PNG,1953,41.3373
wpp2024-esperanza-de-vida-mapa,PNG,1954,41.9529
wpp2024-esperanza-de-vida-mapa,PNG,1955,42.6241
wpp2024-esperanza-de-vida-mapa,PNG,1956,43.2602
wpp2024-esperanza-de-vida-mapa,PNG,1957,43.9125
wpp2024-esperanza-de-vida-mapa,PNG,1958,44.5576
wpp2024-esperanza-de-vida-mapa,PNG,1959,45.1398
wpp2024-esperanza-de-vida-mapa,PNG,1960,45.8047
wpp2024-esperanza-de-vida-mapa,PNG,1961,46.4247
wpp2024-esperanza-de-vida-mapa,PNG,1962,46.7061
wpp2024-esperanza-de-vida-mapa,PNG,1963,47.6741
wpp2024-esperanza-de-vida-mapa,PNG,1964,48.2946
wpp2024-esperanza-de-vida-mapa,PNG,1965,48.9267
wpp2024-esperanza-de-vida-mapa,PNG,1966,49.5661
wpp2024-esperanza-de-vida-mapa,PNG,1967,50.2466
wpp2024-esperanza-de-vida-mapa,PNG,1968,50.8844
wpp2024-esperanza-de-vida-mapa,PNG,1969,51.5234
wpp2024-esperanza-de-vida-mapa,PNG,1970,52.1436
wpp2024-esperanza-de-vida-mapa,PNG,1971,52.5935
wpp2024-esperanza-de-vida-mapa,PNG,1972,53.2501
wpp2024-esperanza-de-vida-mapa,PNG,1973,53.8527
wpp2024-esperanza-de-vida-mapa,PNG,1974,54.4411
wpp2024-esperanza-de-vida-mapa,PNG,1975,54.9841
wpp2024-esperanza-de-vida-mapa,PNG,1976,55.5299
wpp2024-esperanza-de-vida-mapa,PNG,1977,56.0497
wpp2024-esperanza-de-vida-mapa,PNG,1978,56.5232
wpp2024-esperanza-de-vida-mapa,PNG,1979,56.9674
wpp2024-esperanza-de-vida-mapa,PNG,1980,57.3905
wpp2024-esperanza-de-vida-mapa,PNG,1981,57.7601
wpp2024-esperanza-de-vida-mapa,PNG,1982,58.0745
wpp2024-esperanza-de-vida-mapa,PNG,1983,58.2938
wpp2024-esperanza-de-vida-mapa,PNG,1984,58.5829
wpp2024-esperanza-de-vida-mapa,PNG,1985,58.8039
wpp2024-esperanza-de-vida-mapa,PNG,1986,59.0174
wpp2024-esperanza-de-vida-mapa,PNG,1987,59.2319
wpp2024-esperanza-de-vida-mapa,PNG,1988,59.3806
wpp2024-esperanza-de-vida-mapa,PNG,1989,59.5977
wpp2024-esperanza-de-vida-mapa,PNG,1990,59.778
wpp2024-esperanza-de-vida-mapa,PNG,1991,59.94
wpp2024-esperanza-de-vida-mapa,PNG,1992,60.2603
wpp2024-esperanza-de-vida-mapa,PNG,1993,60.4658
wpp2024-esperanza-de-vida-mapa,PNG,1994,60.7258
wpp2024-esperanza-de-vida-mapa,PNG,1995,60.9288
wpp2024-esperanza-de-vida-mapa,PNG,1996,61.0705
wpp2024-esperanza-de-vida-mapa,PNG,1997,61.2697
wpp2024-esperanza-de-vida-mapa,PNG,1998,60.4348
wpp2024-esperanza-de-vida-mapa,PNG,1999,61.5053
wpp2024-esperanza-de-vida-mapa,PNG,2000,61.6091
wpp2024-esperanza-de-vida-mapa,PNG,2001,61.6465
wpp2024-esperanza-de-vida-mapa,PNG,2002,61.6432
wpp2024-esperanza-de-vida-mapa,PNG,2003,61.741
wpp2024-esperanza-de-vida-mapa,PNG,2004,61.7954
wpp2024-esperanza-de-vida-mapa,PNG,2005,61.8678
wpp2024-esperanza-de-vida-mapa,PNG,2006,62.018
wpp2024-esperanza-de-vida-mapa,PNG,2007,62.2111
wpp2024-esperanza-de-vida-mapa,PNG,2008,62.5106
wpp2024-esperanza-de-vida-mapa,PNG,2009,62.7722
wpp2024-esperanza-de-vida-mapa,PNG,2010,63.0557
wpp2024-esperanza-de-vida-mapa,PNG,2011,63.3819
wpp2024-esperanza-de-vida-mapa,PNG,2012,63.6389
wpp2024-esperanza-de-vida-mapa,PNG,2013,63.9267
wpp2024-esperanza-de-vida-mapa,PNG,2014,64.1977
wpp2024-esperanza-de-vida-mapa,PNG,2015,64.473
wpp2024-esperanza-de-vida-mapa,PNG,2016,64.7
wpp2024-esperanza-de-vida-mapa,PNG,2017,64.9229
wpp2024-esperanza-de-vida-mapa,PNG,2018,65.1139
wpp2024-esperanza-de-vida-mapa,PNG,2019,65.3306
wpp2024-esperanza-de-vida-mapa,PNG,2020,65.075
wpp2024-esperanza-de-vida-mapa,PNG,2021,64.3577
wpp2024-esperanza-de-vida-mapa,PNG,2022,65.2736
wpp2024-esperanza-de-vida-mapa,PNG,2023,66.134
wpp2024-esperanza-de-vida-mapa,SLB,1950,41.429
wpp2024-esperanza-de-vida-mapa,SLB,1951,41.9985
wpp2024-esperanza-de-vida-mapa,SLB,1952,42.6304
wpp2024-esperanza-de-vida-mapa,SLB,1953,43.1602
wpp2024-esperanza-de-vida-mapa,SLB,1954,43.7397
wpp2024-esperanza-de-vida-mapa,SLB,1955,44.3485
wpp2024-esperanza-de-vida-mapa,SLB,1956,42.8325
wpp2024-esperanza-de-vida-mapa,SLB,1957,45.6572
wpp2024-esperanza-de-vida-mapa,SLB,1958,46.3071
wpp2024-esperanza-de-vida-mapa,SLB,1959,47.025
wpp2024-esperanza-de-vida-mapa,SLB,1960,47.6833
wpp2024-esperanza-de-vida-mapa,SLB,1961,48.3357
wpp2024-esperanza-de-vida-mapa,SLB,1962,49.0369
wpp2024-esperanza-de-vida-mapa,SLB,1963,49.815
wpp2024-esperanza-de-vida-mapa,SLB,1964,50.5827
wpp2024-esperanza-de-vida-mapa,SLB,1965,51.4063
wpp2024-esperanza-de-vida-mapa,SLB,1966,52.2562
wpp2024-esperanza-de-vida-mapa,SLB,1967,53.0594
wpp2024-esperanza-de-vida-mapa,SLB,1968,54.1419
wpp2024-esperanza-de-vida-mapa,SLB,1969,55.0992
wpp2024-esperanza-de-vida-mapa,SLB,1970,56.0607
wpp2024-esperanza-de-vida-mapa,SLB,1971,57.0149
wpp2024-esperanza-de-vida-mapa,SLB,1972,57.9134
wpp2024-esperanza-de-vida-mapa,SLB,1973,58.7772
wpp2024-esperanza-de-vida-mapa,SLB,1974,59.6113
wpp2024-esperanza-de-vida-mapa,SLB,1975,58.4043
wpp2024-esperanza-de-vida-mapa,SLB,1976,61.153
wpp2024-esperanza-de-vida-mapa,SLB,1977,61.5277
wpp2024-esperanza-de-vida-mapa,SLB,1978,62.5363
wpp2024-esperanza-de-vida-mapa,SLB,1979,63.1341
wpp2024-esperanza-de-vida-mapa,SLB,1980,63.669
wpp2024-esperanza-de-vida-mapa,SLB,1981,64.0766
wpp2024-esperanza-de-vida-mapa,SLB,1982,64.4563
wpp2024-esperanza-de-vida-mapa,SLB,1983,64.7713
wpp2024-esperanza-de-vida-mapa,SLB,1984,65.049
wpp2024-esperanza-de-vida-mapa,SLB,1985,65.2882
wpp2024-esperanza-de-vida-mapa,SLB,1986,64.7182
wpp2024-esperanza-de-vida-mapa,SLB,1987,65.6832
wpp2024-esperanza-de-vida-mapa,SLB,1988,65.866
wpp2024-esperanza-de-vida-mapa,SLB,1989,66.0511
wpp2024-esperanza-de-vida-mapa,SLB,1990,66.1942
wpp2024-esperanza-de-vida-mapa,SLB,1991,66.3573
wpp2024-esperanza-de-vida-mapa,SLB,1992,66.4709
wpp2024-esperanza-de-vida-mapa,SLB,1993,66.5577
wpp2024-esperanza-de-vida-mapa,SLB,1994,66.6614
wpp2024-esperanza-de-vida-mapa,SLB,1995,66.717
wpp2024-esperanza-de-vida-mapa,SLB,1996,66.7391
wpp2024-esperanza-de-vida-mapa,SLB,1997,66.7678
wpp2024-esperanza-de-vida-mapa,SLB,1998,66.8904
wpp2024-esperanza-de-vida-mapa,SLB,1999,67.001
wpp2024-esperanza-de-vida-mapa,SLB,2000,67.1164
wpp2024-esperanza-de-vida-mapa,SLB,2001,67.2365
wpp2024-esperanza-de-vida-mapa,SLB,2002,67.3501
wpp2024-esperanza-de-vida-mapa,SLB,2003,67.4787
wpp2024-esperanza-de-vida-mapa,SLB,2004,67.6283
wpp2024-esperanza-de-vida-mapa,SLB,2005,67.79
wpp2024-esperanza-de-vida-mapa,SLB,2006,67.9676
wpp2024-esperanza-de-vida-mapa,SLB,2007,67.8451
wpp2024-esperanza-de-vida-mapa,SLB,2008,68.3362
wpp2024-esperanza-de-vida-mapa,SLB,2009,68.3971
wpp2024-esperanza-de-vida-mapa,SLB,2010,68.6694
wpp2024-esperanza-de-vida-mapa,SLB,2011,68.8241
wpp2024-esperanza-de-vida-mapa,SLB,2012,68.9606
wpp2024-esperanza-de-vida-mapa,SLB,2013,69.0072
wpp2024-esperanza-de-vida-mapa,SLB,2014,68.9836
wpp2024-esperanza-de-vida-mapa,SLB,2015,69.3234
wpp2024-esperanza-de-vida-mapa,SLB,2016,69.5012
wpp2024-esperanza-de-vida-mapa,SLB,2017,69.6517
wpp2024-esperanza-de-vida-mapa,SLB,2018,69.8061
wpp2024-esperanza-de-vida-mapa,SLB,2019,69.9807
wpp2024-esperanza-de-vida-mapa,SLB,2020,69.2577
wpp2024-esperanza-de-vida-mapa,SLB,2021,68.8904
wpp2024-esperanza-de-vida-mapa,SLB,2022,70.4086
wpp2024-esperanza-de-vida-mapa,SLB,2023,70.5277
wpp2024-esperanza-de-vida-mapa,VUT,1950,43.9263
wpp2024-esperanza-de-vida-mapa,VUT,1951,42.1889
wpp2024-esperanza-de-vida-mapa,VUT,1952,45.2812
wpp2024-esperanza-de-vida-mapa,VUT,1953,45.8223
wpp2024-esperanza-de-vida-mapa,VUT,1954,46.4791
wpp2024-esperanza-de-vida-mapa,VUT,1955,47.0995
wpp2024-esperanza-de-vida-mapa,VUT,1956,47.6719
wpp2024-esperanza-de-vida-mapa,VUT,1957,48.2017
wpp2024-esperanza-de-vida-mapa,VUT,1958,48.7467
wpp2024-esperanza-de-vida-mapa,VUT,1959,49.2921
wpp2024-esperanza-de-vida-mapa,VUT,1960,49.8407
wpp2024-esperanza-de-vida-mapa,VUT,1961,50.3839
wpp2024-esperanza-de-vida-mapa,VUT,1962,50.9312
wpp2024-esperanza-de-vida-mapa,VUT,1963,51.4847
wpp2024-esperanza-de-vida-mapa,VUT,1964,51.9689
wpp2024-esperanza-de-vida-mapa,VUT,1965,52.5269
wpp2024-esperanza-de-vida-mapa,VUT,1966,53.0903
wpp2024-esperanza-de-vida-mapa,VUT,1967,53.6671
wpp2024-esperanza-de-vida-mapa,VUT,1968,54.2305
wpp2024-esperanza-de-vida-mapa,VUT,1969,54.7613
wpp2024-esperanza-de-vida-mapa,VUT,1970,55.3107
wpp2024-esperanza-de-vida-mapa,VUT,1971,55.8797
wpp2024-esperanza-de-vida-mapa,VUT,1972,56.3724
wpp2024-esperanza-de-vida-mapa,VUT,1973,57.0007
wpp2024-esperanza-de-vida-mapa,VUT,1974,57.5725
wpp2024-esperanza-de-vida-mapa,VUT,1975,58.1333
wpp2024-esperanza-de-vida-mapa,VUT,1976,58.664
wpp2024-esperanza-de-vida-mapa,VUT,1977,59.2467
wpp2024-esperanza-de-vida-mapa,VUT,1978,59.8813
wpp2024-esperanza-de-vida-mapa,VUT,1979,60.8931
wpp2024-esperanza-de-vida-mapa,VUT,1980,61.3222
wpp2024-esperanza-de-vida-mapa,VUT,1981,61.9496
wpp2024-esperanza-de-vida-mapa,VUT,1982,62.5403
wpp2024-esperanza-de-vida-mapa,VUT,1983,63.0755
wpp2024-esperanza-de-vida-mapa,VUT,1984,63.5185
wpp2024-esperanza-de-vida-mapa,VUT,1985,63.9273
wpp2024-esperanza-de-vida-mapa,VUT,1986,64.6178
wpp2024-esperanza-de-vida-mapa,VUT,1987,64.4392
wpp2024-esperanza-de-vida-mapa,VUT,1988,65.6987
wpp2024-esperanza-de-vida-mapa,VUT,1989,66.0234
wpp2024-esperanza-de-vida-mapa,VUT,1990,66.6837
wpp2024-esperanza-de-vida-mapa,VUT,1991,67.114
wpp2024-esperanza-de-vida-mapa,VUT,1992,67.4327
wpp2024-esperanza-de-vida-mapa,VUT,1993,67.7241
wpp2024-esperanza-de-vida-mapa,VUT,1994,67.9842
wpp2024-esperanza-de-vida-mapa,VUT,1995,68.1036
wpp2024-esperanza-de-vida-mapa,VUT,1996,68.1756
wpp2024-esperanza-de-vida-mapa,VUT,1997,68.3087
wpp2024-esperanza-de-vida-mapa,VUT,1998,68.3722
wpp2024-esperanza-de-vida-mapa,VUT,1999,67.9244
wpp2024-esperanza-de-vida-mapa,VUT,2000,68.586
wpp2024-esperanza-de-vida-mapa,VUT,2001,68.722
wpp2024-esperanza-de-vida-mapa,VUT,2002,68.8358
wpp2024-esperanza-de-vida-mapa,VUT,2003,68.9331
wpp2024-esperanza-de-vida-mapa,VUT,2004,68.9847
wpp2024-esperanza-de-vida-mapa,VUT,2005,69.1656
wpp2024-esperanza-de-vida-mapa,VUT,2006,69.1264
wpp2024-esperanza-de-vida-mapa,VUT,2007,69.1439
wpp2024-esperanza-de-vida-mapa,VUT,2008,69.3017
wpp2024-esperanza-de-vida-mapa,VUT,2009,69.422
wpp2024-esperanza-de-vida-mapa,VUT,2010,69.5703
wpp2024-esperanza-de-vida-mapa,VUT,2011,69.7287
wpp2024-esperanza-de-vida-mapa,VUT,2012,69.8983
wpp2024-esperanza-de-vida-mapa,VUT,2013,69.9861
wpp2024-esperanza-de-vida-mapa,VUT,2014,70.0433
wpp2024-esperanza-de-vida-mapa,VUT,2015,70.1632
wpp2024-esperanza-de-vida-mapa,VUT,2016,70.3975
wpp2024-esperanza-de-vida-mapa,VUT,2017,70.4996
wpp2024-esperanza-de-vida-mapa,VUT,2018,70.6259
wpp2024-esperanza-de-vida-mapa,VUT,2019,70.7834
wpp2024-esperanza-de-vida-mapa,VUT,2020,70.3845
wpp2024-esperanza-de-vida-mapa,VUT,2021,69.9518
wpp2024-esperanza-de-vida-mapa,VUT,2022,71.3016
wpp2024-esperanza-de-vida-mapa,VUT,2023,71.4769
wpp2024-esperanza-de-vida-mapa,GUM,1950,59.5685
wpp2024-esperanza-de-vida-mapa,GUM,1951,59.8589
wpp2024-esperanza-de-vida-mapa,GUM,1952,60.2082
wpp2024-esperanza-de-vida-mapa,GUM,1953,60.5372
wpp2024-esperanza-de-vida-mapa,GUM,1954,60.8794
wpp2024-esperanza-de-vida-mapa,GUM,1955,61.2021
wpp2024-esperanza-de-vida-mapa,GUM,1956,61.5361
wpp2024-esperanza-de-vida-mapa,GUM,1957,61.8874
wpp2024-esperanza-de-vida-mapa,GUM,1958,62.2188
wpp2024-esperanza-de-vida-mapa,GUM,1959,62.5664
wpp2024-esperanza-de-vida-mapa,GUM,1960,62.8818
wpp2024-esperanza-de-vida-mapa,GUM,1961,63.2259
wpp2024-esperanza-de-vida-mapa,GUM,1962,63.3486
wpp2024-esperanza-de-vida-mapa,GUM,1963,63.8326
wpp2024-esperanza-de-vida-mapa,GUM,1964,64.1037
wpp2024-esperanza-de-vida-mapa,GUM,1965,64.367
wpp2024-esperanza-de-vida-mapa,GUM,1966,64.6386
wpp2024-esperanza-de-vida-mapa,GUM,1967,64.9162
wpp2024-esperanza-de-vida-mapa,GUM,1968,65.2005
wpp2024-esperanza-de-vida-mapa,GUM,1969,65.4986
wpp2024-esperanza-de-vida-mapa,GUM,1970,65.8109
wpp2024-esperanza-de-vida-mapa,GUM,1971,66.0641
wpp2024-esperanza-de-vida-mapa,GUM,1972,66.4694
wpp2024-esperanza-de-vida-mapa,GUM,1973,66.9301
wpp2024-esperanza-de-vida-mapa,GUM,1974,67.5318
wpp2024-esperanza-de-vida-mapa,GUM,1975,68.0107
wpp2024-esperanza-de-vida-mapa,GUM,1976,68.2747
wpp2024-esperanza-de-vida-mapa,GUM,1977,69.024
wpp2024-esperanza-de-vida-mapa,GUM,1978,69.5705
wpp2024-esperanza-de-vida-mapa,GUM,1979,70.116
wpp2024-esperanza-de-vida-mapa,GUM,1980,70.6742
wpp2024-esperanza-de-vida-mapa,GUM,1981,71.1797
wpp2024-esperanza-de-vida-mapa,GUM,1982,71.6807
wpp2024-esperanza-de-vida-mapa,GUM,1983,72.1411
wpp2024-esperanza-de-vida-mapa,GUM,1984,72.5891
wpp2024-esperanza-de-vida-mapa,GUM,1985,73.0704
wpp2024-esperanza-de-vida-mapa,GUM,1986,73.3244
wpp2024-esperanza-de-vida-mapa,GUM,1987,73.4675
wpp2024-esperanza-de-vida-mapa,GUM,1988,73.4292
wpp2024-esperanza-de-vida-mapa,GUM,1989,73.5031
wpp2024-esperanza-de-vida-mapa,GUM,1990,73.4554
wpp2024-esperanza-de-vida-mapa,GUM,1991,73.5181
wpp2024-esperanza-de-vida-mapa,GUM,1992,73.6322
wpp2024-esperanza-de-vida-mapa,GUM,1993,74.0045
wpp2024-esperanza-de-vida-mapa,GUM,1994,74.3445
wpp2024-esperanza-de-vida-mapa,GUM,1995,74.511
wpp2024-esperanza-de-vida-mapa,GUM,1996,74.6376
wpp2024-esperanza-de-vida-mapa,GUM,1997,74.7004
wpp2024-esperanza-de-vida-mapa,GUM,1998,74.7533
wpp2024-esperanza-de-vida-mapa,GUM,1999,74.7894
wpp2024-esperanza-de-vida-mapa,GUM,2000,74.894
wpp2024-esperanza-de-vida-mapa,GUM,2001,75.1948
wpp2024-esperanza-de-vida-mapa,GUM,2002,75.5056
wpp2024-esperanza-de-vida-mapa,GUM,2003,75.8847
wpp2024-esperanza-de-vida-mapa,GUM,2004,76.1138
wpp2024-esperanza-de-vida-mapa,GUM,2005,76.4271
wpp2024-esperanza-de-vida-mapa,GUM,2006,76.4766
wpp2024-esperanza-de-vida-mapa,GUM,2007,76.3967
wpp2024-esperanza-de-vida-mapa,GUM,2008,76.2332
wpp2024-esperanza-de-vida-mapa,GUM,2009,76.1415
wpp2024-esperanza-de-vida-mapa,GUM,2010,76.0954
wpp2024-esperanza-de-vida-mapa,GUM,2011,76.1529
wpp2024-esperanza-de-vida-mapa,GUM,2012,76.2375
wpp2024-esperanza-de-vida-mapa,GUM,2013,76.361
wpp2024-esperanza-de-vida-mapa,GUM,2014,76.4228
wpp2024-esperanza-de-vida-mapa,GUM,2015,76.4438
wpp2024-esperanza-de-vida-mapa,GUM,2016,76.4487
wpp2024-esperanza-de-vida-mapa,GUM,2017,76.4631
wpp2024-esperanza-de-vida-mapa,GUM,2018,76.5605
wpp2024-esperanza-de-vida-mapa,GUM,2019,76.6453
wpp2024-esperanza-de-vida-mapa,GUM,2020,75.5289
wpp2024-esperanza-de-vida-mapa,GUM,2021,75.4337
wpp2024-esperanza-de-vida-mapa,GUM,2022,77.1015
wpp2024-esperanza-de-vida-mapa,GUM,2023,77.2093
wpp2024-esperanza-de-vida-mapa,KIR,1950,45.7212
wpp2024-esperanza-de-vida-mapa,KIR,1951,45.8083
wpp2024-esperanza-de-vida-mapa,KIR,1952,45.8952
wpp2024-esperanza-de-vida-mapa,KIR,1953,45.9969
wpp2024-esperanza-de-vida-mapa,KIR,1954,46.1239
wpp2024-esperanza-de-vida-mapa,KIR,1955,46.2881
wpp2024-esperanza-de-vida-mapa,KIR,1956,46.505
wpp2024-esperanza-de-vida-mapa,KIR,1957,46.7773
wpp2024-esperanza-de-vida-mapa,KIR,1958,47.1096
wpp2024-esperanza-de-vida-mapa,KIR,1959,47.5039
wpp2024-esperanza-de-vida-mapa,KIR,1960,47.9579
wpp2024-esperanza-de-vida-mapa,KIR,1961,48.4685
wpp2024-esperanza-de-vida-mapa,KIR,1962,49.0418
wpp2024-esperanza-de-vida-mapa,KIR,1963,49.6881
wpp2024-esperanza-de-vida-mapa,KIR,1964,50.3556
wpp2024-esperanza-de-vida-mapa,KIR,1965,51.0282
wpp2024-esperanza-de-vida-mapa,KIR,1966,51.7357
wpp2024-esperanza-de-vida-mapa,KIR,1967,52.4543
wpp2024-esperanza-de-vida-mapa,KIR,1968,53.1288
wpp2024-esperanza-de-vida-mapa,KIR,1969,53.7627
wpp2024-esperanza-de-vida-mapa,KIR,1970,54.3802
wpp2024-esperanza-de-vida-mapa,KIR,1971,54.9339
wpp2024-esperanza-de-vida-mapa,KIR,1972,55.3126
wpp2024-esperanza-de-vida-mapa,KIR,1973,55.7898
wpp2024-esperanza-de-vida-mapa,KIR,1974,56.1024
wpp2024-esperanza-de-vida-mapa,KIR,1975,56.3579
wpp2024-esperanza-de-vida-mapa,KIR,1976,56.562
wpp2024-esperanza-de-vida-mapa,KIR,1977,56.0566
wpp2024-esperanza-de-vida-mapa,KIR,1978,56.9236
wpp2024-esperanza-de-vida-mapa,KIR,1979,57.1065
wpp2024-esperanza-de-vida-mapa,KIR,1980,57.3034
wpp2024-esperanza-de-vida-mapa,KIR,1981,57.5247
wpp2024-esperanza-de-vida-mapa,KIR,1982,57.7732
wpp2024-esperanza-de-vida-mapa,KIR,1983,58.0505
wpp2024-esperanza-de-vida-mapa,KIR,1984,58.3568
wpp2024-esperanza-de-vida-mapa,KIR,1985,58.7195
wpp2024-esperanza-de-vida-mapa,KIR,1986,59.118
wpp2024-esperanza-de-vida-mapa,KIR,1987,59.5756
wpp2024-esperanza-de-vida-mapa,KIR,1988,60.0547
wpp2024-esperanza-de-vida-mapa,KIR,1989,60.5386
wpp2024-esperanza-de-vida-mapa,KIR,1990,61.0184
wpp2024-esperanza-de-vida-mapa,KIR,1991,61.5021
wpp2024-esperanza-de-vida-mapa,KIR,1992,61.9682
wpp2024-esperanza-de-vida-mapa,KIR,1993,62.406
wpp2024-esperanza-de-vida-mapa,KIR,1994,62.7966
wpp2024-esperanza-de-vida-mapa,KIR,1995,63.146
wpp2024-esperanza-de-vida-mapa,KIR,1996,63.4703
wpp2024-esperanza-de-vida-mapa,KIR,1997,63.7971
wpp2024-esperanza-de-vida-mapa,KIR,1998,64.1
wpp2024-esperanza-de-vida-mapa,KIR,1999,64.3933
wpp2024-esperanza-de-vida-mapa,KIR,2000,64.6739
wpp2024-esperanza-de-vida-mapa,KIR,2001,64.9179
wpp2024-esperanza-de-vida-mapa,KIR,2002,65.1233
wpp2024-esperanza-de-vida-mapa,KIR,2003,65.2869
wpp2024-esperanza-de-vida-mapa,KIR,2004,65.4157
wpp2024-esperanza-de-vida-mapa,KIR,2005,65.5174
wpp2024-esperanza-de-vida-mapa,KIR,2006,65.6014
wpp2024-esperanza-de-vida-mapa,KIR,2007,65.6766
wpp2024-esperanza-de-vida-mapa,KIR,2008,65.7455
wpp2024-esperanza-de-vida-mapa,KIR,2009,65.8083
wpp2024-esperanza-de-vida-mapa,KIR,2010,65.8595
wpp2024-esperanza-de-vida-mapa,KIR,2011,65.8958
wpp2024-esperanza-de-vida-mapa,KIR,2012,65.9081
wpp2024-esperanza-de-vida-mapa,KIR,2013,65.8979
wpp2024-esperanza-de-vida-mapa,KIR,2014,65.8687
wpp2024-esperanza-de-vida-mapa,KIR,2015,65.831
wpp2024-esperanza-de-vida-mapa,KIR,2016,65.7991
wpp2024-esperanza-de-vida-mapa,KIR,2017,65.7871
wpp2024-esperanza-de-vida-mapa,KIR,2018,65.8067
wpp2024-esperanza-de-vida-mapa,KIR,2019,65.8663
wpp2024-esperanza-de-vida-mapa,KIR,2020,65.2046
wpp2024-esperanza-de-vida-mapa,KIR,2021,64.1482
wpp2024-esperanza-de-vida-mapa,KIR,2022,66.2687
wpp2024-esperanza-de-vida-mapa,KIR,2023,66.4731
wpp2024-esperanza-de-vida-mapa,MHL,1950,52.6109
wpp2024-esperanza-de-vida-mapa,MHL,1951,52.6716
wpp2024-esperanza-de-vida-mapa,MHL,1952,52.7329
wpp2024-esperanza-de-vida-mapa,MHL,1953,52.805
wpp2024-esperanza-de-vida-mapa,MHL,1954,52.8929
wpp2024-esperanza-de-vida-mapa,MHL,1955,52.9969
wpp2024-esperanza-de-vida-mapa,MHL,1956,53.1574
wpp2024-esperanza-de-vida-mapa,MHL,1957,53.3699
wpp2024-esperanza-de-vida-mapa,MHL,1958,53.6293
wpp2024-esperanza-de-vida-mapa,MHL,1959,53.97
wpp2024-esperanza-de-vida-mapa,MHL,1960,54.3586
wpp2024-esperanza-de-vida-mapa,MHL,1961,54.7252
wpp2024-esperanza-de-vida-mapa,MHL,1962,55.2138
wpp2024-esperanza-de-vida-mapa,MHL,1963,55.7391
wpp2024-esperanza-de-vida-mapa,MHL,1964,56.2649
wpp2024-esperanza-de-vida-mapa,MHL,1965,56.7788
wpp2024-esperanza-de-vida-mapa,MHL,1966,57.2839
wpp2024-esperanza-de-vida-mapa,MHL,1967,57.7644
wpp2024-esperanza-de-vida-mapa,MHL,1968,58.1916
wpp2024-esperanza-de-vida-mapa,MHL,1969,58.5036
wpp2024-esperanza-de-vida-mapa,MHL,1970,58.7978
wpp2024-esperanza-de-vida-mapa,MHL,1971,59.1326
wpp2024-esperanza-de-vida-mapa,MHL,1972,59.4906
wpp2024-esperanza-de-vida-mapa,MHL,1973,59.8327
wpp2024-esperanza-de-vida-mapa,MHL,1974,60.1196
wpp2024-esperanza-de-vida-mapa,MHL,1975,60.2731
wpp2024-esperanza-de-vida-mapa,MHL,1976,60.4156
wpp2024-esperanza-de-vida-mapa,MHL,1977,60.5718
wpp2024-esperanza-de-vida-mapa,MHL,1978,60.7007
wpp2024-esperanza-de-vida-mapa,MHL,1979,60.8447
wpp2024-esperanza-de-vida-mapa,MHL,1980,60.9888
wpp2024-esperanza-de-vida-mapa,MHL,1981,61.1386
wpp2024-esperanza-de-vida-mapa,MHL,1982,61.2933
wpp2024-esperanza-de-vida-mapa,MHL,1983,61.4521
wpp2024-esperanza-de-vida-mapa,MHL,1984,61.6024
wpp2024-esperanza-de-vida-mapa,MHL,1985,61.7115
wpp2024-esperanza-de-vida-mapa,MHL,1986,61.7779
wpp2024-esperanza-de-vida-mapa,MHL,1987,61.8084
wpp2024-esperanza-de-vida-mapa,MHL,1988,61.7781
wpp2024-esperanza-de-vida-mapa,MHL,1989,61.7327
wpp2024-esperanza-de-vida-mapa,MHL,1990,61.7558
wpp2024-esperanza-de-vida-mapa,MHL,1991,61.792
wpp2024-esperanza-de-vida-mapa,MHL,1992,61.8996
wpp2024-esperanza-de-vida-mapa,MHL,1993,62.085
wpp2024-esperanza-de-vida-mapa,MHL,1994,62.3083
wpp2024-esperanza-de-vida-mapa,MHL,1995,62.5147
wpp2024-esperanza-de-vida-mapa,MHL,1996,62.7654
wpp2024-esperanza-de-vida-mapa,MHL,1997,63.0146
wpp2024-esperanza-de-vida-mapa,MHL,1998,63.2175
wpp2024-esperanza-de-vida-mapa,MHL,1999,63.4207
wpp2024-esperanza-de-vida-mapa,MHL,2000,63.3233
wpp2024-esperanza-de-vida-mapa,MHL,2001,63.7347
wpp2024-esperanza-de-vida-mapa,MHL,2002,63.8483
wpp2024-esperanza-de-vida-mapa,MHL,2003,63.9562
wpp2024-esperanza-de-vida-mapa,MHL,2004,64.0442
wpp2024-esperanza-de-vida-mapa,MHL,2005,64.1124
wpp2024-esperanza-de-vida-mapa,MHL,2006,64.2072
wpp2024-esperanza-de-vida-mapa,MHL,2007,64.2594
wpp2024-esperanza-de-vida-mapa,MHL,2008,64.3003
wpp2024-esperanza-de-vida-mapa,MHL,2009,64.3946
wpp2024-esperanza-de-vida-mapa,MHL,2010,64.4977
wpp2024-esperanza-de-vida-mapa,MHL,2011,64.6407
wpp2024-esperanza-de-vida-mapa,MHL,2012,64.7761
wpp2024-esperanza-de-vida-mapa,MHL,2013,64.9545
wpp2024-esperanza-de-vida-mapa,MHL,2014,65.11
wpp2024-esperanza-de-vida-mapa,MHL,2015,65.2922
wpp2024-esperanza-de-vida-mapa,MHL,2016,65.4768
wpp2024-esperanza-de-vida-mapa,MHL,2017,65.6731
wpp2024-esperanza-de-vida-mapa,MHL,2018,65.8703
wpp2024-esperanza-de-vida-mapa,MHL,2019,66.0473
wpp2024-esperanza-de-vida-mapa,MHL,2020,65.3873
wpp2024-esperanza-de-vida-mapa,MHL,2021,65.4209
wpp2024-esperanza-de-vida-mapa,MHL,2022,66.7245
wpp2024-esperanza-de-vida-mapa,MHL,2023,66.9454
wpp2024-esperanza-de-vida-mapa,FSM,1950,48.3555
wpp2024-esperanza-de-vida-mapa,FSM,1951,48.94
wpp2024-esperanza-de-vida-mapa,FSM,1952,49.4735
wpp2024-esperanza-de-vida-mapa,FSM,1953,50.009
wpp2024-esperanza-de-vida-mapa,FSM,1954,50.5769
wpp2024-esperanza-de-vida-mapa,FSM,1955,51.1396
wpp2024-esperanza-de-vida-mapa,FSM,1956,51.7258
wpp2024-esperanza-de-vida-mapa,FSM,1957,52.3097
wpp2024-esperanza-de-vida-mapa,FSM,1958,52.9462
wpp2024-esperanza-de-vida-mapa,FSM,1959,53.5748
wpp2024-esperanza-de-vida-mapa,FSM,1960,54.1947
wpp2024-esperanza-de-vida-mapa,FSM,1961,54.736
wpp2024-esperanza-de-vida-mapa,FSM,1962,55.3929
wpp2024-esperanza-de-vida-mapa,FSM,1963,56.0039
wpp2024-esperanza-de-vida-mapa,FSM,1964,56.655
wpp2024-esperanza-de-vida-mapa,FSM,1965,57.1988
wpp2024-esperanza-de-vida-mapa,FSM,1966,57.7501
wpp2024-esperanza-de-vida-mapa,FSM,1967,58.3049
wpp2024-esperanza-de-vida-mapa,FSM,1968,58.8267
wpp2024-esperanza-de-vida-mapa,FSM,1969,59.3086
wpp2024-esperanza-de-vida-mapa,FSM,1970,59.7741
wpp2024-esperanza-de-vida-mapa,FSM,1971,60.1818
wpp2024-esperanza-de-vida-mapa,FSM,1972,60.6077
wpp2024-esperanza-de-vida-mapa,FSM,1973,60.9553
wpp2024-esperanza-de-vida-mapa,FSM,1974,61.3191
wpp2024-esperanza-de-vida-mapa,FSM,1975,61.6169
wpp2024-esperanza-de-vida-mapa,FSM,1976,61.8846
wpp2024-esperanza-de-vida-mapa,FSM,1977,62.1179
wpp2024-esperanza-de-vida-mapa,FSM,1978,62.3063
wpp2024-esperanza-de-vida-mapa,FSM,1979,62.4598
wpp2024-esperanza-de-vida-mapa,FSM,1980,62.5564
wpp2024-esperanza-de-vida-mapa,FSM,1981,62.6676
wpp2024-esperanza-de-vida-mapa,FSM,1982,62.7471
wpp2024-esperanza-de-vida-mapa,FSM,1983,62.8287
wpp2024-esperanza-de-vida-mapa,FSM,1984,62.9226
wpp2024-esperanza-de-vida-mapa,FSM,1985,63.0284
wpp2024-esperanza-de-vida-mapa,FSM,1986,63.1508
wpp2024-esperanza-de-vida-mapa,FSM,1987,63.2057
wpp2024-esperanza-de-vida-mapa,FSM,1988,63.4607
wpp2024-esperanza-de-vida-mapa,FSM,1989,63.6165
wpp2024-esperanza-de-vida-mapa,FSM,1990,63.7217
wpp2024-esperanza-de-vida-mapa,FSM,1991,63.8813
wpp2024-esperanza-de-vida-mapa,FSM,1992,63.9961
wpp2024-esperanza-de-vida-mapa,FSM,1993,64.041
wpp2024-esperanza-de-vida-mapa,FSM,1994,64.0825
wpp2024-esperanza-de-vida-mapa,FSM,1995,64.1421
wpp2024-esperanza-de-vida-mapa,FSM,1996,64.2534
wpp2024-esperanza-de-vida-mapa,FSM,1997,64.3714
wpp2024-esperanza-de-vida-mapa,FSM,1998,64.5091
wpp2024-esperanza-de-vida-mapa,FSM,1999,64.6261
wpp2024-esperanza-de-vida-mapa,FSM,2000,64.3173
wpp2024-esperanza-de-vida-mapa,FSM,2001,64.8013
wpp2024-esperanza-de-vida-mapa,FSM,2002,63.9075
wpp2024-esperanza-de-vida-mapa,FSM,2003,64.9148
wpp2024-esperanza-de-vida-mapa,FSM,2004,64.8985
wpp2024-esperanza-de-vida-mapa,FSM,2005,64.9065
wpp2024-esperanza-de-vida-mapa,FSM,2006,64.8588
wpp2024-esperanza-de-vida-mapa,FSM,2007,64.8437
wpp2024-esperanza-de-vida-mapa,FSM,2008,64.8489
wpp2024-esperanza-de-vida-mapa,FSM,2009,64.8652
wpp2024-esperanza-de-vida-mapa,FSM,2010,64.8919
wpp2024-esperanza-de-vida-mapa,FSM,2011,64.9685
wpp2024-esperanza-de-vida-mapa,FSM,2012,65.0802
wpp2024-esperanza-de-vida-mapa,FSM,2013,65.1786
wpp2024-esperanza-de-vida-mapa,FSM,2014,65.294
wpp2024-esperanza-de-vida-mapa,FSM,2015,65.3065
wpp2024-esperanza-de-vida-mapa,FSM,2016,65.5757
wpp2024-esperanza-de-vida-mapa,FSM,2017,65.7612
wpp2024-esperanza-de-vida-mapa,FSM,2018,65.9427
wpp2024-esperanza-de-vida-mapa,FSM,2019,66.1957
wpp2024-esperanza-de-vida-mapa,FSM,2020,65.8776
wpp2024-esperanza-de-vida-mapa,FSM,2021,66.1516
wpp2024-esperanza-de-vida-mapa,FSM,2022,66.9606
wpp2024-esperanza-de-vida-mapa,FSM,2023,67.1983
wpp2024-esperanza-de-vida-mapa,NRU,1950,56.6094
wpp2024-esperanza-de-vida-mapa,NRU,1951,56.7633
wpp2024-esperanza-de-vida-mapa,NRU,1952,56.9675
wpp2024-esperanza-de-vida-mapa,NRU,1953,57.1585
wpp2024-esperanza-de-vida-mapa,NRU,1954,57.3787
wpp2024-esperanza-de-vida-mapa,NRU,1955,57.481
wpp2024-esperanza-de-vida-mapa,NRU,1956,57.6047
wpp2024-esperanza-de-vida-mapa,NRU,1957,57.7386
wpp2024-esperanza-de-vida-mapa,NRU,1958,57.7998
wpp2024-esperanza-de-vida-mapa,NRU,1959,57.8718
wpp2024-esperanza-de-vida-mapa,NRU,1960,57.9237
wpp2024-esperanza-de-vida-mapa,NRU,1961,58.0045
wpp2024-esperanza-de-vida-mapa,NRU,1962,58.0234
wpp2024-esperanza-de-vida-mapa,NRU,1963,58.0993
wpp2024-esperanza-de-vida-mapa,NRU,1964,58.1671
wpp2024-esperanza-de-vida-mapa,NRU,1965,58.2547
wpp2024-esperanza-de-vida-mapa,NRU,1966,58.385
wpp2024-esperanza-de-vida-mapa,NRU,1967,58.6203
wpp2024-esperanza-de-vida-mapa,NRU,1968,58.6332
wpp2024-esperanza-de-vida-mapa,NRU,1969,58.408
wpp2024-esperanza-de-vida-mapa,NRU,1970,58.4493
wpp2024-esperanza-de-vida-mapa,NRU,1971,58.427
wpp2024-esperanza-de-vida-mapa,NRU,1972,58.4051
wpp2024-esperanza-de-vida-mapa,NRU,1973,58.3625
wpp2024-esperanza-de-vida-mapa,NRU,1974,58.31
wpp2024-esperanza-de-vida-mapa,NRU,1975,58.2507
wpp2024-esperanza-de-vida-mapa,NRU,1976,58.2146
wpp2024-esperanza-de-vida-mapa,NRU,1977,58.1443
wpp2024-esperanza-de-vida-mapa,NRU,1978,58.2884
wpp2024-esperanza-de-vida-mapa,NRU,1979,58.3742
wpp2024-esperanza-de-vida-mapa,NRU,1980,58.4713
wpp2024-esperanza-de-vida-mapa,NRU,1981,58.5549
wpp2024-esperanza-de-vida-mapa,NRU,1982,58.6351
wpp2024-esperanza-de-vida-mapa,NRU,1983,58.6935
wpp2024-esperanza-de-vida-mapa,NRU,1984,58.6581
wpp2024-esperanza-de-vida-mapa,NRU,1985,58.598
wpp2024-esperanza-de-vida-mapa,NRU,1986,58.5911
wpp2024-esperanza-de-vida-mapa,NRU,1987,58.625
wpp2024-esperanza-de-vida-mapa,NRU,1988,58.7252
wpp2024-esperanza-de-vida-mapa,NRU,1989,58.8996
wpp2024-esperanza-de-vida-mapa,NRU,1990,59.1018
wpp2024-esperanza-de-vida-mapa,NRU,1991,59.3124
wpp2024-esperanza-de-vida-mapa,NRU,1992,59.5184
wpp2024-esperanza-de-vida-mapa,NRU,1993,59.7613
wpp2024-esperanza-de-vida-mapa,NRU,1994,59.9538
wpp2024-esperanza-de-vida-mapa,NRU,1995,60.0627
wpp2024-esperanza-de-vida-mapa,NRU,1996,60.0704
wpp2024-esperanza-de-vida-mapa,NRU,1997,59.9848
wpp2024-esperanza-de-vida-mapa,NRU,1998,59.86
wpp2024-esperanza-de-vida-mapa,NRU,1999,59.7007
wpp2024-esperanza-de-vida-mapa,NRU,2000,59.5743
wpp2024-esperanza-de-vida-mapa,NRU,2001,59.4823
wpp2024-esperanza-de-vida-mapa,NRU,2002,59.427
wpp2024-esperanza-de-vida-mapa,NRU,2003,59.3587
wpp2024-esperanza-de-vida-mapa,NRU,2004,59.3455
wpp2024-esperanza-de-vida-mapa,NRU,2005,59.3608
wpp2024-esperanza-de-vida-mapa,NRU,2006,59.4086
wpp2024-esperanza-de-vida-mapa,NRU,2007,59.4899
wpp2024-esperanza-de-vida-mapa,NRU,2008,59.6754
wpp2024-esperanza-de-vida-mapa,NRU,2009,59.8524
wpp2024-esperanza-de-vida-mapa,NRU,2010,60.0741
wpp2024-esperanza-de-vida-mapa,NRU,2011,60.2868
wpp2024-esperanza-de-vida-mapa,NRU,2012,60.5326
wpp2024-esperanza-de-vida-mapa,NRU,2013,60.7009
wpp2024-esperanza-de-vida-mapa,NRU,2014,60.8335
wpp2024-esperanza-de-vida-mapa,NRU,2015,60.8969
wpp2024-esperanza-de-vida-mapa,NRU,2016,60.9958
wpp2024-esperanza-de-vida-mapa,NRU,2017,61.1011
wpp2024-esperanza-de-vida-mapa,NRU,2018,61.2378
wpp2024-esperanza-de-vida-mapa,NRU,2019,61.3931
wpp2024-esperanza-de-vida-mapa,NRU,2020,61.5271
wpp2024-esperanza-de-vida-mapa,NRU,2021,61.3312
wpp2024-esperanza-de-vida-mapa,NRU,2022,61.9304
wpp2024-esperanza-de-vida-mapa,NRU,2023,62.1094
wpp2024-esperanza-de-vida-mapa,MNP,1950,58.2145
wpp2024-esperanza-de-vida-mapa,MNP,1951,58.5364
wpp2024-esperanza-de-vida-mapa,MNP,1952,58.8271
wpp2024-esperanza-de-vida-mapa,MNP,1953,59.1467
wpp2024-esperanza-de-vida-mapa,MNP,1954,59.4593
wpp2024-esperanza-de-vida-mapa,MNP,1955,59.7703
wpp2024-esperanza-de-vida-mapa,MNP,1956,60.0657
wpp2024-esperanza-de-vida-mapa,MNP,1957,60.3936
wpp2024-esperanza-de-vida-mapa,MNP,1958,60.734
wpp2024-esperanza-de-vida-mapa,MNP,1959,61.0456
wpp2024-esperanza-de-vida-mapa,MNP,1960,61.39
wpp2024-esperanza-de-vida-mapa,MNP,1961,61.6707
wpp2024-esperanza-de-vida-mapa,MNP,1962,61.972
wpp2024-esperanza-de-vida-mapa,MNP,1963,62.3078
wpp2024-esperanza-de-vida-mapa,MNP,1964,62.5917
wpp2024-esperanza-de-vida-mapa,MNP,1965,62.9575
wpp2024-esperanza-de-vida-mapa,MNP,1966,63.3308
wpp2024-esperanza-de-vida-mapa,MNP,1967,63.7114
wpp2024-esperanza-de-vida-mapa,MNP,1968,64.0757
wpp2024-esperanza-de-vida-mapa,MNP,1969,64.4748
wpp2024-esperanza-de-vida-mapa,MNP,1970,64.8311
wpp2024-esperanza-de-vida-mapa,MNP,1971,65.1957
wpp2024-esperanza-de-vida-mapa,MNP,1972,65.557
wpp2024-esperanza-de-vida-mapa,MNP,1973,65.9878
wpp2024-esperanza-de-vida-mapa,MNP,1974,66.4338
wpp2024-esperanza-de-vida-mapa,MNP,1975,66.8499
wpp2024-esperanza-de-vida-mapa,MNP,1976,67.278
wpp2024-esperanza-de-vida-mapa,MNP,1977,67.6526
wpp2024-esperanza-de-vida-mapa,MNP,1978,67.9027
wpp2024-esperanza-de-vida-mapa,MNP,1979,68.1226
wpp2024-esperanza-de-vida-mapa,MNP,1980,68.3019
wpp2024-esperanza-de-vida-mapa,MNP,1981,68.4792
wpp2024-esperanza-de-vida-mapa,MNP,1982,68.6916
wpp2024-esperanza-de-vida-mapa,MNP,1983,68.8583
wpp2024-esperanza-de-vida-mapa,MNP,1984,69.0619
wpp2024-esperanza-de-vida-mapa,MNP,1985,69.2307
wpp2024-esperanza-de-vida-mapa,MNP,1986,69.3568
wpp2024-esperanza-de-vida-mapa,MNP,1987,69.4795
wpp2024-esperanza-de-vida-mapa,MNP,1988,69.6144
wpp2024-esperanza-de-vida-mapa,MNP,1989,69.7842
wpp2024-esperanza-de-vida-mapa,MNP,1990,70.0379
wpp2024-esperanza-de-vida-mapa,MNP,1991,70.3623
wpp2024-esperanza-de-vida-mapa,MNP,1992,70.7618
wpp2024-esperanza-de-vida-mapa,MNP,1993,71.1556
wpp2024-esperanza-de-vida-mapa,MNP,1994,71.533
wpp2024-esperanza-de-vida-mapa,MNP,1995,71.938
wpp2024-esperanza-de-vida-mapa,MNP,1996,72.4416
wpp2024-esperanza-de-vida-mapa,MNP,1997,72.9466
wpp2024-esperanza-de-vida-mapa,MNP,1998,73.5727
wpp2024-esperanza-de-vida-mapa,MNP,1999,74.2624
wpp2024-esperanza-de-vida-mapa,MNP,2000,74.9002
wpp2024-esperanza-de-vida-mapa,MNP,2001,75.4188
wpp2024-esperanza-de-vida-mapa,MNP,2002,75.9336
wpp2024-esperanza-de-vida-mapa,MNP,2003,76.5054
wpp2024-esperanza-de-vida-mapa,MNP,2004,76.7887
wpp2024-esperanza-de-vida-mapa,MNP,2005,77.3067
wpp2024-esperanza-de-vida-mapa,MNP,2006,77.6882
wpp2024-esperanza-de-vida-mapa,MNP,2007,77.8627
wpp2024-esperanza-de-vida-mapa,MNP,2008,77.938
wpp2024-esperanza-de-vida-mapa,MNP,2009,77.9033
wpp2024-esperanza-de-vida-mapa,MNP,2010,77.7996
wpp2024-esperanza-de-vida-mapa,MNP,2011,77.6883
wpp2024-esperanza-de-vida-mapa,MNP,2012,77.5658
wpp2024-esperanza-de-vida-mapa,MNP,2013,77.4519
wpp2024-esperanza-de-vida-mapa,MNP,2014,77.3774
wpp2024-esperanza-de-vida-mapa,MNP,2015,77.3596
wpp2024-esperanza-de-vida-mapa,MNP,2016,77.3916
wpp2024-esperanza-de-vida-mapa,MNP,2017,77.4704
wpp2024-esperanza-de-vida-mapa,MNP,2018,77.51
wpp2024-esperanza-de-vida-mapa,MNP,2019,77.8437
wpp2024-esperanza-de-vida-mapa,MNP,2020,78.03
wpp2024-esperanza-de-vida-mapa,MNP,2021,78.1598
wpp2024-esperanza-de-vida-mapa,MNP,2022,78.5312
wpp2024-esperanza-de-vida-mapa,MNP,2023,78.8075
wpp2024-esperanza-de-vida-mapa,PLW,1950,52.6748
wpp2024-esperanza-de-vida-mapa,PLW,1951,52.868
wpp2024-esperanza-de-vida-mapa,PLW,1952,53.0701
wpp2024-esperanza-de-vida-mapa,PLW,1953,53.2739
wpp2024-esperanza-de-vida-mapa,PLW,1954,53.4777
wpp2024-esperanza-de-vida-mapa,PLW,1955,53.699
wpp2024-esperanza-de-vida-mapa,PLW,1956,53.9163
wpp2024-esperanza-de-vida-mapa,PLW,1957,54.1389
wpp2024-esperanza-de-vida-mapa,PLW,1958,54.3616
wpp2024-esperanza-de-vida-mapa,PLW,1959,54.5931
wpp2024-esperanza-de-vida-mapa,PLW,1960,54.8534
wpp2024-esperanza-de-vida-mapa,PLW,1961,55.0916
wpp2024-esperanza-de-vida-mapa,PLW,1962,55.3782
wpp2024-esperanza-de-vida-mapa,PLW,1963,55.5667
wpp2024-esperanza-de-vida-mapa,PLW,1964,55.7947
wpp2024-esperanza-de-vida-mapa,PLW,1965,55.9383
wpp2024-esperanza-de-vida-mapa,PLW,1966,56.2121
wpp2024-esperanza-de-vida-mapa,PLW,1967,56.5404
wpp2024-esperanza-de-vida-mapa,PLW,1968,56.8864
wpp2024-esperanza-de-vida-mapa,PLW,1969,57.2532
wpp2024-esperanza-de-vida-mapa,PLW,1970,57.6739
wpp2024-esperanza-de-vida-mapa,PLW,1971,58.108
wpp2024-esperanza-de-vida-mapa,PLW,1972,58.5568
wpp2024-esperanza-de-vida-mapa,PLW,1973,59.0236
wpp2024-esperanza-de-vida-mapa,PLW,1974,59.4923
wpp2024-esperanza-de-vida-mapa,PLW,1975,59.9982
wpp2024-esperanza-de-vida-mapa,PLW,1976,60.4688
wpp2024-esperanza-de-vida-mapa,PLW,1977,60.899
wpp2024-esperanza-de-vida-mapa,PLW,1978,61.2941
wpp2024-esperanza-de-vida-mapa,PLW,1979,61.6156
wpp2024-esperanza-de-vida-mapa,PLW,1980,61.9088
wpp2024-esperanza-de-vida-mapa,PLW,1981,62.1425
wpp2024-esperanza-de-vida-mapa,PLW,1982,62.3328
wpp2024-esperanza-de-vida-mapa,PLW,1983,62.4767
wpp2024-esperanza-de-vida-mapa,PLW,1984,62.6377
wpp2024-esperanza-de-vida-mapa,PLW,1985,62.7202
wpp2024-esperanza-de-vida-mapa,PLW,1986,62.7518
wpp2024-esperanza-de-vida-mapa,PLW,1987,62.7709
wpp2024-esperanza-de-vida-mapa,PLW,1988,62.7789
wpp2024-esperanza-de-vida-mapa,PLW,1989,62.7767
wpp2024-esperanza-de-vida-mapa,PLW,1990,62.7904
wpp2024-esperanza-de-vida-mapa,PLW,1991,62.8486
wpp2024-esperanza-de-vida-mapa,PLW,1992,62.9256
wpp2024-esperanza-de-vida-mapa,PLW,1993,62.9796
wpp2024-esperanza-de-vida-mapa,PLW,1994,63.1041
wpp2024-esperanza-de-vida-mapa,PLW,1995,63.2551
wpp2024-esperanza-de-vida-mapa,PLW,1996,63.4551
wpp2024-esperanza-de-vida-mapa,PLW,1997,63.7074
wpp2024-esperanza-de-vida-mapa,PLW,1998,63.9507
wpp2024-esperanza-de-vida-mapa,PLW,1999,64.2298
wpp2024-esperanza-de-vida-mapa,PLW,2000,64.4991
wpp2024-esperanza-de-vida-mapa,PLW,2001,64.8001
wpp2024-esperanza-de-vida-mapa,PLW,2002,65.0756
wpp2024-esperanza-de-vida-mapa,PLW,2003,65.446
wpp2024-esperanza-de-vida-mapa,PLW,2004,65.8158
wpp2024-esperanza-de-vida-mapa,PLW,2005,66.2193
wpp2024-esperanza-de-vida-mapa,PLW,2006,66.6334
wpp2024-esperanza-de-vida-mapa,PLW,2007,67.1128
wpp2024-esperanza-de-vida-mapa,PLW,2008,67.5618
wpp2024-esperanza-de-vida-mapa,PLW,2009,67.9904
wpp2024-esperanza-de-vida-mapa,PLW,2010,68.3473
wpp2024-esperanza-de-vida-mapa,PLW,2011,68.6384
wpp2024-esperanza-de-vida-mapa,PLW,2012,68.8632
wpp2024-esperanza-de-vida-mapa,PLW,2013,68.9805
wpp2024-esperanza-de-vida-mapa,PLW,2014,69.062
wpp2024-esperanza-de-vida-mapa,PLW,2015,69.0702
wpp2024-esperanza-de-vida-mapa,PLW,2016,69.0464
wpp2024-esperanza-de-vida-mapa,PLW,2017,69.0189
wpp2024-esperanza-de-vida-mapa,PLW,2018,68.9885
wpp2024-esperanza-de-vida-mapa,PLW,2019,68.9816
wpp2024-esperanza-de-vida-mapa,PLW,2020,68.6889
wpp2024-esperanza-de-vida-mapa,PLW,2021,68.5629
wpp2024-esperanza-de-vida-mapa,PLW,2022,68.9222
wpp2024-esperanza-de-vida-mapa,PLW,2023,69.269
wpp2024-esperanza-de-vida-mapa,ASM,1950,59.1675
wpp2024-esperanza-de-vida-mapa,ASM,1951,59.6538
wpp2024-esperanza-de-vida-mapa,ASM,1952,60.2294
wpp2024-esperanza-de-vida-mapa,ASM,1953,60.7987
wpp2024-esperanza-de-vida-mapa,ASM,1954,61.3128
wpp2024-esperanza-de-vida-mapa,ASM,1955,61.8271
wpp2024-esperanza-de-vida-mapa,ASM,1956,62.3378
wpp2024-esperanza-de-vida-mapa,ASM,1957,62.8835
wpp2024-esperanza-de-vida-mapa,ASM,1958,63.5517
wpp2024-esperanza-de-vida-mapa,ASM,1959,64.3203
wpp2024-esperanza-de-vida-mapa,ASM,1960,65.0534
wpp2024-esperanza-de-vida-mapa,ASM,1961,65.6476
wpp2024-esperanza-de-vida-mapa,ASM,1962,66.0077
wpp2024-esperanza-de-vida-mapa,ASM,1963,66.1611
wpp2024-esperanza-de-vida-mapa,ASM,1964,66.1349
wpp2024-esperanza-de-vida-mapa,ASM,1965,65.9962
wpp2024-esperanza-de-vida-mapa,ASM,1966,58.2839
wpp2024-esperanza-de-vida-mapa,ASM,1967,65.807
wpp2024-esperanza-de-vida-mapa,ASM,1968,65.8465
wpp2024-esperanza-de-vida-mapa,ASM,1969,66.0499
wpp2024-esperanza-de-vida-mapa,ASM,1970,66.3642
wpp2024-esperanza-de-vida-mapa,ASM,1971,66.7703
wpp2024-esperanza-de-vida-mapa,ASM,1972,67.1856
wpp2024-esperanza-de-vida-mapa,ASM,1973,67.6043
wpp2024-esperanza-de-vida-mapa,ASM,1974,67.9504
wpp2024-esperanza-de-vida-mapa,ASM,1975,68.2563
wpp2024-esperanza-de-vida-mapa,ASM,1976,68.4748
wpp2024-esperanza-de-vida-mapa,ASM,1977,68.7007
wpp2024-esperanza-de-vida-mapa,ASM,1978,68.8807
wpp2024-esperanza-de-vida-mapa,ASM,1979,69.1135
wpp2024-esperanza-de-vida-mapa,ASM,1980,69.4132
wpp2024-esperanza-de-vida-mapa,ASM,1981,69.7307
wpp2024-esperanza-de-vida-mapa,ASM,1982,69.9752
wpp2024-esperanza-de-vida-mapa,ASM,1983,70.1629
wpp2024-esperanza-de-vida-mapa,ASM,1984,70.3261
wpp2024-esperanza-de-vida-mapa,ASM,1985,70.5321
wpp2024-esperanza-de-vida-mapa,ASM,1986,70.7037
wpp2024-esperanza-de-vida-mapa,ASM,1987,70.828
wpp2024-esperanza-de-vida-mapa,ASM,1988,70.8826
wpp2024-esperanza-de-vida-mapa,ASM,1989,70.929
wpp2024-esperanza-de-vida-mapa,ASM,1990,71.1074
wpp2024-esperanza-de-vida-mapa,ASM,1991,71.312
wpp2024-esperanza-de-vida-mapa,ASM,1992,71.5106
wpp2024-esperanza-de-vida-mapa,ASM,1993,71.5399
wpp2024-esperanza-de-vida-mapa,ASM,1994,71.5688
wpp2024-esperanza-de-vida-mapa,ASM,1995,71.5652
wpp2024-esperanza-de-vida-mapa,ASM,1996,71.5763
wpp2024-esperanza-de-vida-mapa,ASM,1997,71.6065
wpp2024-esperanza-de-vida-mapa,ASM,1998,71.5421
wpp2024-esperanza-de-vida-mapa,ASM,1999,71.484
wpp2024-esperanza-de-vida-mapa,ASM,2000,71.4429
wpp2024-esperanza-de-vida-mapa,ASM,2001,71.5734
wpp2024-esperanza-de-vida-mapa,ASM,2002,71.7547
wpp2024-esperanza-de-vida-mapa,ASM,2003,71.6979
wpp2024-esperanza-de-vida-mapa,ASM,2004,72.2768
wpp2024-esperanza-de-vida-mapa,ASM,2005,72.3817
wpp2024-esperanza-de-vida-mapa,ASM,2006,72.3975
wpp2024-esperanza-de-vida-mapa,ASM,2007,72.3649
wpp2024-esperanza-de-vida-mapa,ASM,2008,72.43
wpp2024-esperanza-de-vida-mapa,ASM,2009,70.8391
wpp2024-esperanza-de-vida-mapa,ASM,2010,72.5866
wpp2024-esperanza-de-vida-mapa,ASM,2011,72.6621
wpp2024-esperanza-de-vida-mapa,ASM,2012,72.7093
wpp2024-esperanza-de-vida-mapa,ASM,2013,72.7692
wpp2024-esperanza-de-vida-mapa,ASM,2014,72.6873
wpp2024-esperanza-de-vida-mapa,ASM,2015,72.6543
wpp2024-esperanza-de-vida-mapa,ASM,2016,72.6399
wpp2024-esperanza-de-vida-mapa,ASM,2017,72.8009
wpp2024-esperanza-de-vida-mapa,ASM,2018,72.794
wpp2024-esperanza-de-vida-mapa,ASM,2019,72.7511
wpp2024-esperanza-de-vida-mapa,ASM,2020,72.6717
wpp2024-esperanza-de-vida-mapa,ASM,2021,72.708
wpp2024-esperanza-de-vida-mapa,ASM,2022,72.7521
wpp2024-esperanza-de-vida-mapa,ASM,2023,72.8518
wpp2024-esperanza-de-vida-mapa,COK,1950,37.9498
wpp2024-esperanza-de-vida-mapa,COK,1951,39.5695
wpp2024-esperanza-de-vida-mapa,COK,1952,41.2301
wpp2024-esperanza-de-vida-mapa,COK,1953,42.7726
wpp2024-esperanza-de-vida-mapa,COK,1954,44.2745
wpp2024-esperanza-de-vida-mapa,COK,1955,45.7472
wpp2024-esperanza-de-vida-mapa,COK,1956,47.2596
wpp2024-esperanza-de-vida-mapa,COK,1957,48.5733
wpp2024-esperanza-de-vida-mapa,COK,1958,50.031
wpp2024-esperanza-de-vida-mapa,COK,1959,51.3464
wpp2024-esperanza-de-vida-mapa,COK,1960,52.727
wpp2024-esperanza-de-vida-mapa,COK,1961,54.0835
wpp2024-esperanza-de-vida-mapa,COK,1962,55.4455
wpp2024-esperanza-de-vida-mapa,COK,1963,56.5935
wpp2024-esperanza-de-vida-mapa,COK,1964,57.774
wpp2024-esperanza-de-vida-mapa,COK,1965,58.8391
wpp2024-esperanza-de-vida-mapa,COK,1966,59.7458
wpp2024-esperanza-de-vida-mapa,COK,1967,60.6478
wpp2024-esperanza-de-vida-mapa,COK,1968,61.5431
wpp2024-esperanza-de-vida-mapa,COK,1969,62.5341
wpp2024-esperanza-de-vida-mapa,COK,1970,63.5739
wpp2024-esperanza-de-vida-mapa,COK,1971,64.6207
wpp2024-esperanza-de-vida-mapa,COK,1972,65.5562
wpp2024-esperanza-de-vida-mapa,COK,1973,65.8918
wpp2024-esperanza-de-vida-mapa,COK,1974,65.9261
wpp2024-esperanza-de-vida-mapa,COK,1975,65.7785
wpp2024-esperanza-de-vida-mapa,COK,1976,65.5459
wpp2024-esperanza-de-vida-mapa,COK,1977,65.3488
wpp2024-esperanza-de-vida-mapa,COK,1978,65.4439
wpp2024-esperanza-de-vida-mapa,COK,1979,65.6843
wpp2024-esperanza-de-vida-mapa,COK,1980,65.8828
wpp2024-esperanza-de-vida-mapa,COK,1981,66.0536
wpp2024-esperanza-de-vida-mapa,COK,1982,66.1464
wpp2024-esperanza-de-vida-mapa,COK,1983,66.3201
wpp2024-esperanza-de-vida-mapa,COK,1984,66.5165
wpp2024-esperanza-de-vida-mapa,COK,1985,66.7509
wpp2024-esperanza-de-vida-mapa,COK,1986,67.0043
wpp2024-esperanza-de-vida-mapa,COK,1987,66.4578
wpp2024-esperanza-de-vida-mapa,COK,1988,67.3625
wpp2024-esperanza-de-vida-mapa,COK,1989,67.5095
wpp2024-esperanza-de-vida-mapa,COK,1990,66.4915
wpp2024-esperanza-de-vida-mapa,COK,1991,67.7135
wpp2024-esperanza-de-vida-mapa,COK,1992,67.8393
wpp2024-esperanza-de-vida-mapa,COK,1993,67.9969
wpp2024-esperanza-de-vida-mapa,COK,1994,68.2004
wpp2024-esperanza-de-vida-mapa,COK,1995,68.4562
wpp2024-esperanza-de-vida-mapa,COK,1996,68.7393
wpp2024-esperanza-de-vida-mapa,COK,1997,66.3964
wpp2024-esperanza-de-vida-mapa,COK,1998,69.3244
wpp2024-esperanza-de-vida-mapa,COK,1999,69.585
wpp2024-esperanza-de-vida-mapa,COK,2000,69.8493
wpp2024-esperanza-de-vida-mapa,COK,2001,70.0852
wpp2024-esperanza-de-vida-mapa,COK,2002,70.3447
wpp2024-esperanza-de-vida-mapa,COK,2003,70.5785
wpp2024-esperanza-de-vida-mapa,COK,2004,70.874
wpp2024-esperanza-de-vida-mapa,COK,2005,71.1716
wpp2024-esperanza-de-vida-mapa,COK,2006,71.4493
wpp2024-esperanza-de-vida-mapa,COK,2007,71.7777
wpp2024-esperanza-de-vida-mapa,COK,2008,72.12
wpp2024-esperanza-de-vida-mapa,COK,2009,72.439
wpp2024-esperanza-de-vida-mapa,COK,2010,72.7522
wpp2024-esperanza-de-vida-mapa,COK,2011,73.0452
wpp2024-esperanza-de-vida-mapa,COK,2012,73.3241
wpp2024-esperanza-de-vida-mapa,COK,2013,73.6124
wpp2024-esperanza-de-vida-mapa,COK,2014,73.8314
wpp2024-esperanza-de-vida-mapa,COK,2015,74.0178
wpp2024-esperanza-de-vida-mapa,COK,2016,74.1646
wpp2024-esperanza-de-vida-mapa,COK,2017,74.3162
wpp2024-esperanza-de-vida-mapa,COK,2018,74.4407
wpp2024-esperanza-de-vida-mapa,COK,2019,74.5561
wpp2024-esperanza-de-vida-mapa,COK,2020,74.5139
wpp2024-esperanza-de-vida-mapa,COK,2021,74.5833
wpp2024-esperanza-de-vida-mapa,COK,2022,75.0787
wpp2024-esperanza-de-vida-mapa,COK,2023,75.2818
wpp2024-esperanza-de-vida-mapa,PYF,1950,51.8591
wpp2024-esperanza-de-vida-mapa,PYF,1951,52.8434
wpp2024-esperanza-de-vida-mapa,PYF,1952,53.7748
wpp2024-esperanza-de-vida-mapa,PYF,1953,54.7244
wpp2024-esperanza-de-vida-mapa,PYF,1954,55.5849
wpp2024-esperanza-de-vida-mapa,PYF,1955,56.3959
wpp2024-esperanza-de-vida-mapa,PYF,1956,57.1807
wpp2024-esperanza-de-vida-mapa,PYF,1957,57.8546
wpp2024-esperanza-de-vida-mapa,PYF,1958,58.4251
wpp2024-esperanza-de-vida-mapa,PYF,1959,58.9668
wpp2024-esperanza-de-vida-mapa,PYF,1960,59.445
wpp2024-esperanza-de-vida-mapa,PYF,1961,59.8504
wpp2024-esperanza-de-vida-mapa,PYF,1962,60.2014
wpp2024-esperanza-de-vida-mapa,PYF,1963,60.5135
wpp2024-esperanza-de-vida-mapa,PYF,1964,60.7972
wpp2024-esperanza-de-vida-mapa,PYF,1965,61.0689
wpp2024-esperanza-de-vida-mapa,PYF,1966,61.3529
wpp2024-esperanza-de-vida-mapa,PYF,1967,61.6453
wpp2024-esperanza-de-vida-mapa,PYF,1968,61.9314
wpp2024-esperanza-de-vida-mapa,PYF,1969,62.2135
wpp2024-esperanza-de-vida-mapa,PYF,1970,62.495
wpp2024-esperanza-de-vida-mapa,PYF,1971,62.7817
wpp2024-esperanza-de-vida-mapa,PYF,1972,63.0818
wpp2024-esperanza-de-vida-mapa,PYF,1973,63.4005
wpp2024-esperanza-de-vida-mapa,PYF,1974,63.7778
wpp2024-esperanza-de-vida-mapa,PYF,1975,64.2488
wpp2024-esperanza-de-vida-mapa,PYF,1976,64.7609
wpp2024-esperanza-de-vida-mapa,PYF,1977,65.3099
wpp2024-esperanza-de-vida-mapa,PYF,1978,65.8907
wpp2024-esperanza-de-vida-mapa,PYF,1979,66.6119
wpp2024-esperanza-de-vida-mapa,PYF,1980,67.4054
wpp2024-esperanza-de-vida-mapa,PYF,1981,68.1567
wpp2024-esperanza-de-vida-mapa,PYF,1982,68.9222
wpp2024-esperanza-de-vida-mapa,PYF,1983,69.7018
wpp2024-esperanza-de-vida-mapa,PYF,1984,70.5587
wpp2024-esperanza-de-vida-mapa,PYF,1985,71.2033
wpp2024-esperanza-de-vida-mapa,PYF,1986,71.9674
wpp2024-esperanza-de-vida-mapa,PYF,1987,72.4485
wpp2024-esperanza-de-vida-mapa,PYF,1988,73.0882
wpp2024-esperanza-de-vida-mapa,PYF,1989,73.4944
wpp2024-esperanza-de-vida-mapa,PYF,1990,73.9083
wpp2024-esperanza-de-vida-mapa,PYF,1991,74.295
wpp2024-esperanza-de-vida-mapa,PYF,1992,74.7459
wpp2024-esperanza-de-vida-mapa,PYF,1993,75.1912
wpp2024-esperanza-de-vida-mapa,PYF,1994,75.6504
wpp2024-esperanza-de-vida-mapa,PYF,1995,76.2426
wpp2024-esperanza-de-vida-mapa,PYF,1996,76.8134
wpp2024-esperanza-de-vida-mapa,PYF,1997,77.3803
wpp2024-esperanza-de-vida-mapa,PYF,1998,77.8419
wpp2024-esperanza-de-vida-mapa,PYF,1999,78.5739
wpp2024-esperanza-de-vida-mapa,PYF,2000,79.0001
wpp2024-esperanza-de-vida-mapa,PYF,2001,79.3158
wpp2024-esperanza-de-vida-mapa,PYF,2002,79.5438
wpp2024-esperanza-de-vida-mapa,PYF,2003,79.7103
wpp2024-esperanza-de-vida-mapa,PYF,2004,79.829
wpp2024-esperanza-de-vida-mapa,PYF,2005,79.9511
wpp2024-esperanza-de-vida-mapa,PYF,2006,80.0999
wpp2024-esperanza-de-vida-mapa,PYF,2007,80.3277
wpp2024-esperanza-de-vida-mapa,PYF,2008,80.5874
wpp2024-esperanza-de-vida-mapa,PYF,2009,80.8667
wpp2024-esperanza-de-vida-mapa,PYF,2010,81.1407
wpp2024-esperanza-de-vida-mapa,PYF,2011,81.4341
wpp2024-esperanza-de-vida-mapa,PYF,2012,81.6953
wpp2024-esperanza-de-vida-mapa,PYF,2013,81.9352
wpp2024-esperanza-de-vida-mapa,PYF,2014,82.1514
wpp2024-esperanza-de-vida-mapa,PYF,2015,82.3393
wpp2024-esperanza-de-vida-mapa,PYF,2016,82.5551
wpp2024-esperanza-de-vida-mapa,PYF,2017,82.7741
wpp2024-esperanza-de-vida-mapa,PYF,2018,82.9852
wpp2024-esperanza-de-vida-mapa,PYF,2019,83.1955
wpp2024-esperanza-de-vida-mapa,PYF,2020,82.4588
wpp2024-esperanza-de-vida-mapa,PYF,2021,79.5711
wpp2024-esperanza-de-vida-mapa,PYF,2022,83.8594
wpp2024-esperanza-de-vida-mapa,PYF,2023,84.0698
wpp2024-esperanza-de-vida-mapa,NIU,1950,54.5656
wpp2024-esperanza-de-vida-mapa,NIU,1951,54.9476
wpp2024-esperanza-de-vida-mapa,NIU,1952,55.3607
wpp2024-esperanza-de-vida-mapa,NIU,1953,55.7751
wpp2024-esperanza-de-vida-mapa,NIU,1954,56.2032
wpp2024-esperanza-de-vida-mapa,NIU,1955,56.6687
wpp2024-esperanza-de-vida-mapa,NIU,1956,57.1858
wpp2024-esperanza-de-vida-mapa,NIU,1957,57.7193
wpp2024-esperanza-de-vida-mapa,NIU,1958,58.2782
wpp2024-esperanza-de-vida-mapa,NIU,1959,58.8385
wpp2024-esperanza-de-vida-mapa,NIU,1960,59.3838
wpp2024-esperanza-de-vida-mapa,NIU,1961,59.9508
wpp2024-esperanza-de-vida-mapa,NIU,1962,60.5112
wpp2024-esperanza-de-vida-mapa,NIU,1963,61.0255
wpp2024-esperanza-de-vida-mapa,NIU,1964,61.5326
wpp2024-esperanza-de-vida-mapa,NIU,1965,62.0672
wpp2024-esperanza-de-vida-mapa,NIU,1966,62.5645
wpp2024-esperanza-de-vida-mapa,NIU,1967,63.0581
wpp2024-esperanza-de-vida-mapa,NIU,1968,63.4971
wpp2024-esperanza-de-vida-mapa,NIU,1969,63.9831
wpp2024-esperanza-de-vida-mapa,NIU,1970,64.3668
wpp2024-esperanza-de-vida-mapa,NIU,1971,64.7443
wpp2024-esperanza-de-vida-mapa,NIU,1972,65.0601
wpp2024-esperanza-de-vida-mapa,NIU,1973,65.4002
wpp2024-esperanza-de-vida-mapa,NIU,1974,65.7863
wpp2024-esperanza-de-vida-mapa,NIU,1975,66.1157
wpp2024-esperanza-de-vida-mapa,NIU,1976,66.5055
wpp2024-esperanza-de-vida-mapa,NIU,1977,66.8538
wpp2024-esperanza-de-vida-mapa,NIU,1978,67.1406
wpp2024-esperanza-de-vida-mapa,NIU,1979,67.3796
wpp2024-esperanza-de-vida-mapa,NIU,1980,67.6058
wpp2024-esperanza-de-vida-mapa,NIU,1981,67.8203
wpp2024-esperanza-de-vida-mapa,NIU,1982,67.9592
wpp2024-esperanza-de-vida-mapa,NIU,1983,68.0689
wpp2024-esperanza-de-vida-mapa,NIU,1984,68.0847
wpp2024-esperanza-de-vida-mapa,NIU,1985,68.0511
wpp2024-esperanza-de-vida-mapa,NIU,1986,67.9386
wpp2024-esperanza-de-vida-mapa,NIU,1987,67.7827
wpp2024-esperanza-de-vida-mapa,NIU,1988,67.6097
wpp2024-esperanza-de-vida-mapa,NIU,1989,67.3171
wpp2024-esperanza-de-vida-mapa,NIU,1990,67.0624
wpp2024-esperanza-de-vida-mapa,NIU,1991,66.8168
wpp2024-esperanza-de-vida-mapa,NIU,1992,66.543
wpp2024-esperanza-de-vida-mapa,NIU,1993,66.4086
wpp2024-esperanza-de-vida-mapa,NIU,1994,66.3923
wpp2024-esperanza-de-vida-mapa,NIU,1995,66.3785
wpp2024-esperanza-de-vida-mapa,NIU,1996,66.3903
wpp2024-esperanza-de-vida-mapa,NIU,1997,66.4372
wpp2024-esperanza-de-vida-mapa,NIU,1998,66.5763
wpp2024-esperanza-de-vida-mapa,NIU,1999,65.6411
wpp2024-esperanza-de-vida-mapa,NIU,2000,66.6454
wpp2024-esperanza-de-vida-mapa,NIU,2001,66.7003
wpp2024-esperanza-de-vida-mapa,NIU,2002,66.6898
wpp2024-esperanza-de-vida-mapa,NIU,2003,66.7746
wpp2024-esperanza-de-vida-mapa,NIU,2004,65.6006
wpp2024-esperanza-de-vida-mapa,NIU,2005,66.9773
wpp2024-esperanza-de-vida-mapa,NIU,2006,67.0659
wpp2024-esperanza-de-vida-mapa,NIU,2007,67.1786
wpp2024-esperanza-de-vida-mapa,NIU,2008,67.2502
wpp2024-esperanza-de-vida-mapa,NIU,2009,67.4562
wpp2024-esperanza-de-vida-mapa,NIU,2010,67.6513
wpp2024-esperanza-de-vida-mapa,NIU,2011,67.8254
wpp2024-esperanza-de-vida-mapa,NIU,2012,68.0091
wpp2024-esperanza-de-vida-mapa,NIU,2013,68.2061
wpp2024-esperanza-de-vida-mapa,NIU,2014,68.4181
wpp2024-esperanza-de-vida-mapa,NIU,2015,68.6111
wpp2024-esperanza-de-vida-mapa,NIU,2016,68.7963
wpp2024-esperanza-de-vida-mapa,NIU,2017,68.9833
wpp2024-esperanza-de-vida-mapa,NIU,2018,69.1361
wpp2024-esperanza-de-vida-mapa,NIU,2019,69.2988
wpp2024-esperanza-de-vida-mapa,NIU,2020,69.4704
wpp2024-esperanza-de-vida-mapa,NIU,2021,69.5721
wpp2024-esperanza-de-vida-mapa,NIU,2022,69.8182
wpp2024-esperanza-de-vida-mapa,NIU,2023,69.9778
wpp2024-esperanza-de-vida-mapa,WSM,1950,49.1958
wpp2024-esperanza-de-vida-mapa,WSM,1951,49.8011
wpp2024-esperanza-de-vida-mapa,WSM,1952,50.3844
wpp2024-esperanza-de-vida-mapa,WSM,1953,51.0015
wpp2024-esperanza-de-vida-mapa,WSM,1954,51.5971
wpp2024-esperanza-de-vida-mapa,WSM,1955,52.2074
wpp2024-esperanza-de-vida-mapa,WSM,1956,52.8322
wpp2024-esperanza-de-vida-mapa,WSM,1957,53.3632
wpp2024-esperanza-de-vida-mapa,WSM,1958,53.9593
wpp2024-esperanza-de-vida-mapa,WSM,1959,54.5678
wpp2024-esperanza-de-vida-mapa,WSM,1960,55.1526
wpp2024-esperanza-de-vida-mapa,WSM,1961,55.738
wpp2024-esperanza-de-vida-mapa,WSM,1962,56.3155
wpp2024-esperanza-de-vida-mapa,WSM,1963,56.8606
wpp2024-esperanza-de-vida-mapa,WSM,1964,54.0434
wpp2024-esperanza-de-vida-mapa,WSM,1965,57.8862
wpp2024-esperanza-de-vida-mapa,WSM,1966,58.2249
wpp2024-esperanza-de-vida-mapa,WSM,1967,58.8781
wpp2024-esperanza-de-vida-mapa,WSM,1968,59.381
wpp2024-esperanza-de-vida-mapa,WSM,1969,59.8812
wpp2024-esperanza-de-vida-mapa,WSM,1970,60.3881
wpp2024-esperanza-de-vida-mapa,WSM,1971,60.8787
wpp2024-esperanza-de-vida-mapa,WSM,1972,61.3604
wpp2024-esperanza-de-vida-mapa,WSM,1973,61.8632
wpp2024-esperanza-de-vida-mapa,WSM,1974,62.3398
wpp2024-esperanza-de-vida-mapa,WSM,1975,62.839
wpp2024-esperanza-de-vida-mapa,WSM,1976,63.3014
wpp2024-esperanza-de-vida-mapa,WSM,1977,63.7422
wpp2024-esperanza-de-vida-mapa,WSM,1978,64.1324
wpp2024-esperanza-de-vida-mapa,WSM,1979,64.5429
wpp2024-esperanza-de-vida-mapa,WSM,1980,64.961
wpp2024-esperanza-de-vida-mapa,WSM,1981,65.2956
wpp2024-esperanza-de-vida-mapa,WSM,1982,65.6465
wpp2024-esperanza-de-vida-mapa,WSM,1983,65.9909
wpp2024-esperanza-de-vida-mapa,WSM,1984,66.2841
wpp2024-esperanza-de-vida-mapa,WSM,1985,66.5568
wpp2024-esperanza-de-vida-mapa,WSM,1986,66.8186
wpp2024-esperanza-de-vida-mapa,WSM,1987,67.047
wpp2024-esperanza-de-vida-mapa,WSM,1988,67.3281
wpp2024-esperanza-de-vida-mapa,WSM,1989,67.6071
wpp2024-esperanza-de-vida-mapa,WSM,1990,67.8075
wpp2024-esperanza-de-vida-mapa,WSM,1991,68.0386
wpp2024-esperanza-de-vida-mapa,WSM,1992,68.5319
wpp2024-esperanza-de-vida-mapa,WSM,1993,68.8182
wpp2024-esperanza-de-vida-mapa,WSM,1994,69.1615
wpp2024-esperanza-de-vida-mapa,WSM,1995,69.4695
wpp2024-esperanza-de-vida-mapa,WSM,1996,69.7673
wpp2024-esperanza-de-vida-mapa,WSM,1997,70.0449
wpp2024-esperanza-de-vida-mapa,WSM,1998,70.3077
wpp2024-esperanza-de-vida-mapa,WSM,1999,70.555
wpp2024-esperanza-de-vida-mapa,WSM,2000,70.7906
wpp2024-esperanza-de-vida-mapa,WSM,2001,71.0284
wpp2024-esperanza-de-vida-mapa,WSM,2002,71.2333
wpp2024-esperanza-de-vida-mapa,WSM,2003,71.4406
wpp2024-esperanza-de-vida-mapa,WSM,2004,71.5077
wpp2024-esperanza-de-vida-mapa,WSM,2005,71.4868
wpp2024-esperanza-de-vida-mapa,WSM,2006,71.6199
wpp2024-esperanza-de-vida-mapa,WSM,2007,71.6045
wpp2024-esperanza-de-vida-mapa,WSM,2008,71.5312
wpp2024-esperanza-de-vida-mapa,WSM,2009,69.4858
wpp2024-esperanza-de-vida-mapa,WSM,2010,71.4512
wpp2024-esperanza-de-vida-mapa,WSM,2011,71.393
wpp2024-esperanza-de-vida-mapa,WSM,2012,71.1593
wpp2024-esperanza-de-vida-mapa,WSM,2013,71.2291
wpp2024-esperanza-de-vida-mapa,WSM,2014,71.1416
wpp2024-esperanza-de-vida-mapa,WSM,2015,71.0599
wpp2024-esperanza-de-vida-mapa,WSM,2016,71.0027
wpp2024-esperanza-de-vida-mapa,WSM,2017,70.991
wpp2024-esperanza-de-vida-mapa,WSM,2018,71.0516
wpp2024-esperanza-de-vida-mapa,WSM,2019,70.2695
wpp2024-esperanza-de-vida-mapa,WSM,2020,70.7265
wpp2024-esperanza-de-vida-mapa,WSM,2021,71.0958
wpp2024-esperanza-de-vida-mapa,WSM,2022,71.5503
wpp2024-esperanza-de-vida-mapa,WSM,2023,71.6982
wpp2024-esperanza-de-vida-mapa,TKL,1950,54.6919
wpp2024-esperanza-de-vida-mapa,TKL,1951,55.0554
wpp2024-esperanza-de-vida-mapa,TKL,1952,55.4759
wpp2024-esperanza-de-vida-mapa,TKL,1953,55.7981
wpp2024-esperanza-de-vida-mapa,TKL,1954,56.2074
wpp2024-esperanza-de-vida-mapa,TKL,1955,56.5947
wpp2024-esperanza-de-vida-mapa,TKL,1956,56.9789
wpp2024-esperanza-de-vida-mapa,TKL,1957,57.3787
wpp2024-esperanza-de-vida-mapa,TKL,1958,57.8062
wpp2024-esperanza-de-vida-mapa,TKL,1959,58.2029
wpp2024-esperanza-de-vida-mapa,TKL,1960,58.5976
wpp2024-esperanza-de-vida-mapa,TKL,1961,58.9954
wpp2024-esperanza-de-vida-mapa,TKL,1962,59.3692
wpp2024-esperanza-de-vida-mapa,TKL,1963,59.7584
wpp2024-esperanza-de-vida-mapa,TKL,1964,60.1459
wpp2024-esperanza-de-vida-mapa,TKL,1965,60.4875
wpp2024-esperanza-de-vida-mapa,TKL,1966,60.8914
wpp2024-esperanza-de-vida-mapa,TKL,1967,61.27
wpp2024-esperanza-de-vida-mapa,TKL,1968,61.602
wpp2024-esperanza-de-vida-mapa,TKL,1969,61.9579
wpp2024-esperanza-de-vida-mapa,TKL,1970,62.2986
wpp2024-esperanza-de-vida-mapa,TKL,1971,62.6117
wpp2024-esperanza-de-vida-mapa,TKL,1972,62.8225
wpp2024-esperanza-de-vida-mapa,TKL,1973,63.0389
wpp2024-esperanza-de-vida-mapa,TKL,1974,63.2614
wpp2024-esperanza-de-vida-mapa,TKL,1975,63.4743
wpp2024-esperanza-de-vida-mapa,TKL,1976,63.7163
wpp2024-esperanza-de-vida-mapa,TKL,1977,64.01
wpp2024-esperanza-de-vida-mapa,TKL,1978,64.3617
wpp2024-esperanza-de-vida-mapa,TKL,1979,64.7353
wpp2024-esperanza-de-vida-mapa,TKL,1980,65.1598
wpp2024-esperanza-de-vida-mapa,TKL,1981,65.6179
wpp2024-esperanza-de-vida-mapa,TKL,1982,66.0725
wpp2024-esperanza-de-vida-mapa,TKL,1983,66.5097
wpp2024-esperanza-de-vida-mapa,TKL,1984,66.9132
wpp2024-esperanza-de-vida-mapa,TKL,1985,67.3411
wpp2024-esperanza-de-vida-mapa,TKL,1986,67.7333
wpp2024-esperanza-de-vida-mapa,TKL,1987,68.1392
wpp2024-esperanza-de-vida-mapa,TKL,1988,68.5343
wpp2024-esperanza-de-vida-mapa,TKL,1989,68.9534
wpp2024-esperanza-de-vida-mapa,TKL,1990,69.3765
wpp2024-esperanza-de-vida-mapa,TKL,1991,69.7972
wpp2024-esperanza-de-vida-mapa,TKL,1992,70.2148
wpp2024-esperanza-de-vida-mapa,TKL,1993,70.5855
wpp2024-esperanza-de-vida-mapa,TKL,1994,70.9236
wpp2024-esperanza-de-vida-mapa,TKL,1995,71.2134
wpp2024-esperanza-de-vida-mapa,TKL,1996,71.4674
wpp2024-esperanza-de-vida-mapa,TKL,1997,71.6523
wpp2024-esperanza-de-vida-mapa,TKL,1998,71.8105
wpp2024-esperanza-de-vida-mapa,TKL,1999,71.9999
wpp2024-esperanza-de-vida-mapa,TKL,2000,72.1967
wpp2024-esperanza-de-vida-mapa,TKL,2001,72.4259
wpp2024-esperanza-de-vida-mapa,TKL,2002,72.6536
wpp2024-esperanza-de-vida-mapa,TKL,2003,72.8907
wpp2024-esperanza-de-vida-mapa,TKL,2004,73.1245
wpp2024-esperanza-de-vida-mapa,TKL,2005,73.342
wpp2024-esperanza-de-vida-mapa,TKL,2006,73.555
wpp2024-esperanza-de-vida-mapa,TKL,2007,73.7796
wpp2024-esperanza-de-vida-mapa,TKL,2008,74.0213
wpp2024-esperanza-de-vida-mapa,TKL,2009,74.2712
wpp2024-esperanza-de-vida-mapa,TKL,2010,74.5103
wpp2024-esperanza-de-vida-mapa,TKL,2011,74.7605
wpp2024-esperanza-de-vida-mapa,TKL,2012,75.0127
wpp2024-esperanza-de-vida-mapa,TKL,2013,75.2692
wpp2024-esperanza-de-vida-mapa,TKL,2014,75.4738
wpp2024-esperanza-de-vida-mapa,TKL,2015,75.7071
wpp2024-esperanza-de-vida-mapa,TKL,2016,75.9262
wpp2024-esperanza-de-vida-mapa,TKL,2017,76.0554
wpp2024-esperanza-de-vida-mapa,TKL,2018,76.2435
wpp2024-esperanza-de-vida-mapa,TKL,2019,76.4524
wpp2024-esperanza-de-vida-mapa,TKL,2020,76.6217
wpp2024-esperanza-de-vida-mapa,TKL,2021,76.7183
wpp2024-esperanza-de-vida-mapa,TKL,2022,76.887
wpp2024-esperanza-de-vida-mapa,TKL,2023,77.0512
wpp2024-esperanza-de-vida-mapa,TON,1950,48.3759
wpp2024-esperanza-de-vida-mapa,TON,1951,49.7935
wpp2024-esperanza-de-vida-mapa,TON,1952,51.158
wpp2024-esperanza-de-vida-mapa,TON,1953,52.4497
wpp2024-esperanza-de-vida-mapa,TON,1954,53.5616
wpp2024-esperanza-de-vida-mapa,TON,1955,54.6605
wpp2024-esperanza-de-vida-mapa,TON,1956,55.6628
wpp2024-esperanza-de-vida-mapa,TON,1957,56.5055
wpp2024-esperanza-de-vida-mapa,TON,1958,57.2092
wpp2024-esperanza-de-vida-mapa,TON,1959,57.7655
wpp2024-esperanza-de-vida-mapa,TON,1960,58.3149
wpp2024-esperanza-de-vida-mapa,TON,1961,58.7574
wpp2024-esperanza-de-vida-mapa,TON,1962,59.2976
wpp2024-esperanza-de-vida-mapa,TON,1963,59.7702
wpp2024-esperanza-de-vida-mapa,TON,1964,60.2507
wpp2024-esperanza-de-vida-mapa,TON,1965,60.7198
wpp2024-esperanza-de-vida-mapa,TON,1966,61.2099
wpp2024-esperanza-de-vida-mapa,TON,1967,61.6918
wpp2024-esperanza-de-vida-mapa,TON,1968,62.1609
wpp2024-esperanza-de-vida-mapa,TON,1969,62.6963
wpp2024-esperanza-de-vida-mapa,TON,1970,63.1819
wpp2024-esperanza-de-vida-mapa,TON,1971,63.6074
wpp2024-esperanza-de-vida-mapa,TON,1972,64.0606
wpp2024-esperanza-de-vida-mapa,TON,1973,64.389
wpp2024-esperanza-de-vida-mapa,TON,1974,64.8249
wpp2024-esperanza-de-vida-mapa,TON,1975,65.1216
wpp2024-esperanza-de-vida-mapa,TON,1976,65.4184
wpp2024-esperanza-de-vida-mapa,TON,1977,65.6249
wpp2024-esperanza-de-vida-mapa,TON,1978,65.8538
wpp2024-esperanza-de-vida-mapa,TON,1979,66.0391
wpp2024-esperanza-de-vida-mapa,TON,1980,66.186
wpp2024-esperanza-de-vida-mapa,TON,1981,66.3574
wpp2024-esperanza-de-vida-mapa,TON,1982,66.3269
wpp2024-esperanza-de-vida-mapa,TON,1983,66.6518
wpp2024-esperanza-de-vida-mapa,TON,1984,66.8061
wpp2024-esperanza-de-vida-mapa,TON,1985,66.9282
wpp2024-esperanza-de-vida-mapa,TON,1986,67.0577
wpp2024-esperanza-de-vida-mapa,TON,1987,67.1889
wpp2024-esperanza-de-vida-mapa,TON,1988,67.3208
wpp2024-esperanza-de-vida-mapa,TON,1989,67.4451
wpp2024-esperanza-de-vida-mapa,TON,1990,67.5392
wpp2024-esperanza-de-vida-mapa,TON,1991,67.7487
wpp2024-esperanza-de-vida-mapa,TON,1992,67.9269
wpp2024-esperanza-de-vida-mapa,TON,1993,68.1572
wpp2024-esperanza-de-vida-mapa,TON,1994,68.3705
wpp2024-esperanza-de-vida-mapa,TON,1995,68.592
wpp2024-esperanza-de-vida-mapa,TON,1996,68.8031
wpp2024-esperanza-de-vida-mapa,TON,1997,69.0122
wpp2024-esperanza-de-vida-mapa,TON,1998,69.2244
wpp2024-esperanza-de-vida-mapa,TON,1999,69.4315
wpp2024-esperanza-de-vida-mapa,TON,2000,69.6349
wpp2024-esperanza-de-vida-mapa,TON,2001,69.7998
wpp2024-esperanza-de-vida-mapa,TON,2002,70.0301
wpp2024-esperanza-de-vida-mapa,TON,2003,70.2275
wpp2024-esperanza-de-vida-mapa,TON,2004,70.433
wpp2024-esperanza-de-vida-mapa,TON,2005,70.56
wpp2024-esperanza-de-vida-mapa,TON,2006,70.7098
wpp2024-esperanza-de-vida-mapa,TON,2007,70.8868
wpp2024-esperanza-de-vida-mapa,TON,2008,71.0412
wpp2024-esperanza-de-vida-mapa,TON,2009,70.9489
wpp2024-esperanza-de-vida-mapa,TON,2010,71.3185
wpp2024-esperanza-de-vida-mapa,TON,2011,71.4372
wpp2024-esperanza-de-vida-mapa,TON,2012,71.5461
wpp2024-esperanza-de-vida-mapa,TON,2013,71.6499
wpp2024-esperanza-de-vida-mapa,TON,2014,71.7212
wpp2024-esperanza-de-vida-mapa,TON,2015,71.851
wpp2024-esperanza-de-vida-mapa,TON,2016,71.9505
wpp2024-esperanza-de-vida-mapa,TON,2017,72.0657
wpp2024-esperanza-de-vida-mapa,TON,2018,72.1691
wpp2024-esperanza-de-vida-mapa,TON,2019,72.292
wpp2024-esperanza-de-vida-mapa,TON,2020,72.3787
wpp2024-esperanza-de-vida-mapa,TON,2021,72.1296
wpp2024-esperanza-de-vida-mapa,TON,2022,72.6353
wpp2024-esperanza-de-vida-mapa,TON,2023,72.8947
wpp2024-esperanza-de-vida-mapa,TUV,1950,40.0069
wpp2024-esperanza-de-vida-mapa,TUV,1951,40.8347
wpp2024-esperanza-de-vida-mapa,TUV,1952,41.6565
wpp2024-esperanza-de-vida-mapa,TUV,1953,42.4521
wpp2024-esperanza-de-vida-mapa,TUV,1954,43.3518
wpp2024-esperanza-de-vida-mapa,TUV,1955,44.1749
wpp2024-esperanza-de-vida-mapa,TUV,1956,45.0164
wpp2024-esperanza-de-vida-mapa,TUV,1957,45.8468
wpp2024-esperanza-de-vida-mapa,TUV,1958,46.699
wpp2024-esperanza-de-vida-mapa,TUV,1959,47.4968
wpp2024-esperanza-de-vida-mapa,TUV,1960,48.2611
wpp2024-esperanza-de-vida-mapa,TUV,1961,49.0201
wpp2024-esperanza-de-vida-mapa,TUV,1962,49.7787
wpp2024-esperanza-de-vida-mapa,TUV,1963,50.5803
wpp2024-esperanza-de-vida-mapa,TUV,1964,51.3359
wpp2024-esperanza-de-vida-mapa,TUV,1965,52.0863
wpp2024-esperanza-de-vida-mapa,TUV,1966,52.8092
wpp2024-esperanza-de-vida-mapa,TUV,1967,53.4806
wpp2024-esperanza-de-vida-mapa,TUV,1968,54.0721
wpp2024-esperanza-de-vida-mapa,TUV,1969,54.7296
wpp2024-esperanza-de-vida-mapa,TUV,1970,55.3475
wpp2024-esperanza-de-vida-mapa,TUV,1971,55.9715
wpp2024-esperanza-de-vida-mapa,TUV,1972,54.6942
wpp2024-esperanza-de-vida-mapa,TUV,1973,57.1974
wpp2024-esperanza-de-vida-mapa,TUV,1974,57.6931
wpp2024-esperanza-de-vida-mapa,TUV,1975,58.2532
wpp2024-esperanza-de-vida-mapa,TUV,1976,58.7728
wpp2024-esperanza-de-vida-mapa,TUV,1977,59.2008
wpp2024-esperanza-de-vida-mapa,TUV,1978,59.5707
wpp2024-esperanza-de-vida-mapa,TUV,1979,59.8794
wpp2024-esperanza-de-vida-mapa,TUV,1980,60.2173
wpp2024-esperanza-de-vida-mapa,TUV,1981,60.4889
wpp2024-esperanza-de-vida-mapa,TUV,1982,60.7465
wpp2024-esperanza-de-vida-mapa,TUV,1983,60.9378
wpp2024-esperanza-de-vida-mapa,TUV,1984,61.0521
wpp2024-esperanza-de-vida-mapa,TUV,1985,61.1367
wpp2024-esperanza-de-vida-mapa,TUV,1986,61.2072
wpp2024-esperanza-de-vida-mapa,TUV,1987,61.2863
wpp2024-esperanza-de-vida-mapa,TUV,1988,61.3666
wpp2024-esperanza-de-vida-mapa,TUV,1989,61.506
wpp2024-esperanza-de-vida-mapa,TUV,1990,61.6431
wpp2024-esperanza-de-vida-mapa,TUV,1991,61.8086
wpp2024-esperanza-de-vida-mapa,TUV,1992,60.2896
wpp2024-esperanza-de-vida-mapa,TUV,1993,62.1097
wpp2024-esperanza-de-vida-mapa,TUV,1994,62.317
wpp2024-esperanza-de-vida-mapa,TUV,1995,62.5047
wpp2024-esperanza-de-vida-mapa,TUV,1996,62.7086
wpp2024-esperanza-de-vida-mapa,TUV,1997,62.9417
wpp2024-esperanza-de-vida-mapa,TUV,1998,63.1619
wpp2024-esperanza-de-vida-mapa,TUV,1999,63.3457
wpp2024-esperanza-de-vida-mapa,TUV,2000,63.5356
wpp2024-esperanza-de-vida-mapa,TUV,2001,63.709
wpp2024-esperanza-de-vida-mapa,TUV,2002,63.8246
wpp2024-esperanza-de-vida-mapa,TUV,2003,63.8974
wpp2024-esperanza-de-vida-mapa,TUV,2004,63.9885
wpp2024-esperanza-de-vida-mapa,TUV,2005,64.0962
wpp2024-esperanza-de-vida-mapa,TUV,2006,64.2467
wpp2024-esperanza-de-vida-mapa,TUV,2007,64.4017
wpp2024-esperanza-de-vida-mapa,TUV,2008,64.5162
wpp2024-esperanza-de-vida-mapa,TUV,2009,64.693
wpp2024-esperanza-de-vida-mapa,TUV,2010,64.834
wpp2024-esperanza-de-vida-mapa,TUV,2011,64.9598
wpp2024-esperanza-de-vida-mapa,TUV,2012,65.0792
wpp2024-esperanza-de-vida-mapa,TUV,2013,65.1713
wpp2024-esperanza-de-vida-mapa,TUV,2014,65.2778
wpp2024-esperanza-de-vida-mapa,TUV,2015,65.3652
wpp2024-esperanza-de-vida-mapa,TUV,2016,65.51
wpp2024-esperanza-de-vida-mapa,TUV,2017,65.6826
wpp2024-esperanza-de-vida-mapa,TUV,2018,65.871
wpp2024-esperanza-de-vida-mapa,TUV,2019,66.1085
wpp2024-esperanza-de-vida-mapa,TUV,2020,66.3567
wpp2024-esperanza-de-vida-mapa,TUV,2021,65.8236
wpp2024-esperanza-de-vida-mapa,TUV,2022,66.8516
wpp2024-esperanza-de-vida-mapa,TUV,2023,67.1049
wpp2024-esperanza-de-vida-mapa,WLF,1950,44.1334
wpp2024-esperanza-de-vida-mapa,WLF,1951,44.2549
wpp2024-esperanza-de-vida-mapa,WLF,1952,44.4029
wpp2024-esperanza-de-vida-mapa,WLF,1953,44.6813
wpp2024-esperanza-de-vida-mapa,WLF,1954,45.0068
wpp2024-esperanza-de-vida-mapa,WLF,1955,45.348
wpp2024-esperanza-de-vida-mapa,WLF,1956,45.7186
wpp2024-esperanza-de-vida-mapa,WLF,1957,46.0962
wpp2024-esperanza-de-vida-mapa,WLF,1958,46.4838
wpp2024-esperanza-de-vida-mapa,WLF,1959,46.878
wpp2024-esperanza-de-vida-mapa,WLF,1960,47.2859
wpp2024-esperanza-de-vida-mapa,WLF,1961,47.7118
wpp2024-esperanza-de-vida-mapa,WLF,1962,48.1696
wpp2024-esperanza-de-vida-mapa,WLF,1963,48.6392
wpp2024-esperanza-de-vida-mapa,WLF,1964,49.1137
wpp2024-esperanza-de-vida-mapa,WLF,1965,49.5982
wpp2024-esperanza-de-vida-mapa,WLF,1966,50.0525
wpp2024-esperanza-de-vida-mapa,WLF,1967,50.5677
wpp2024-esperanza-de-vida-mapa,WLF,1968,51.1265
wpp2024-esperanza-de-vida-mapa,WLF,1969,51.7088
wpp2024-esperanza-de-vida-mapa,WLF,1970,52.2997
wpp2024-esperanza-de-vida-mapa,WLF,1971,52.8912
wpp2024-esperanza-de-vida-mapa,WLF,1972,53.4997
wpp2024-esperanza-de-vida-mapa,WLF,1973,54.1373
wpp2024-esperanza-de-vida-mapa,WLF,1974,54.809
wpp2024-esperanza-de-vida-mapa,WLF,1975,55.4896
wpp2024-esperanza-de-vida-mapa,WLF,1976,56.1795
wpp2024-esperanza-de-vida-mapa,WLF,1977,56.9332
wpp2024-esperanza-de-vida-mapa,WLF,1978,57.7031
wpp2024-esperanza-de-vida-mapa,WLF,1979,58.4732
wpp2024-esperanza-de-vida-mapa,WLF,1980,59.2992
wpp2024-esperanza-de-vida-mapa,WLF,1981,60.1435
wpp2024-esperanza-de-vida-mapa,WLF,1982,60.9825
wpp2024-esperanza-de-vida-mapa,WLF,1983,61.8957
wpp2024-esperanza-de-vida-mapa,WLF,1984,62.8967
wpp2024-esperanza-de-vida-mapa,WLF,1985,63.9737
wpp2024-esperanza-de-vida-mapa,WLF,1986,65.0418
wpp2024-esperanza-de-vida-mapa,WLF,1987,66.4764
wpp2024-esperanza-de-vida-mapa,WLF,1988,67.7829
wpp2024-esperanza-de-vida-mapa,WLF,1989,68.944
wpp2024-esperanza-de-vida-mapa,WLF,1990,69.9192
wpp2024-esperanza-de-vida-mapa,WLF,1991,70.5849
wpp2024-esperanza-de-vida-mapa,WLF,1992,71.1318
wpp2024-esperanza-de-vida-mapa,WLF,1993,70.5926
wpp2024-esperanza-de-vida-mapa,WLF,1994,71.9968
wpp2024-esperanza-de-vida-mapa,WLF,1995,72.495
wpp2024-esperanza-de-vida-mapa,WLF,1996,73.1284
wpp2024-esperanza-de-vida-mapa,WLF,1997,73.8346
wpp2024-esperanza-de-vida-mapa,WLF,1998,74.5222
wpp2024-esperanza-de-vida-mapa,WLF,1999,75.0162
wpp2024-esperanza-de-vida-mapa,WLF,2000,75.3901
wpp2024-esperanza-de-vida-mapa,WLF,2001,75.6448
wpp2024-esperanza-de-vida-mapa,WLF,2002,75.7205
wpp2024-esperanza-de-vida-mapa,WLF,2003,75.7606
wpp2024-esperanza-de-vida-mapa,WLF,2004,75.9345
wpp2024-esperanza-de-vida-mapa,WLF,2005,76.1412
wpp2024-esperanza-de-vida-mapa,WLF,2006,76.3171
wpp2024-esperanza-de-vida-mapa,WLF,2007,76.542
wpp2024-esperanza-de-vida-mapa,WLF,2008,76.7181
wpp2024-esperanza-de-vida-mapa,WLF,2009,76.7891
wpp2024-esperanza-de-vida-mapa,WLF,2010,76.8087
wpp2024-esperanza-de-vida-mapa,WLF,2011,76.9293
wpp2024-esperanza-de-vida-mapa,WLF,2012,77.0467
wpp2024-esperanza-de-vida-mapa,WLF,2013,77.1567
wpp2024-esperanza-de-vida-mapa,WLF,2014,77.2859
wpp2024-esperanza-de-vida-mapa,WLF,2015,77.4504
wpp2024-esperanza-de-vida-mapa,WLF,2016,77.5447
wpp2024-esperanza-de-vida-mapa,WLF,2017,77.6279
wpp2024-esperanza-de-vida-mapa,WLF,2018,77.7633
wpp2024-esperanza-de-vida-mapa,WLF,2019,77.9936
wpp2024-esperanza-de-vida-mapa,WLF,2020,78.1637
wpp2024-esperanza-de-vida-mapa,WLF,2021,77.4609
wpp2024-esperanza-de-vida-mapa,WLF,2022,78.5005
wpp2024-esperanza-de-vida-mapa,WLF,2023,78.6286
